{
"type": "FeatureCollection",
"name": "civ_admin0",
"crs": { "type": "name", "properties": { "name": "urn:ogc:def:crs:OGC:1.3:CRS84" } },
"features": [
{ "type": "Feature", "properties": { "iso2": "CI", "iso3": "CIV", "adm0_name": "Côte d'Ivoire", "adm0_name1": null, "adm0_name2": null, "adm0_name3": null, "adm0_pcode": "CI", "valid_on": "2018-07-06", "valid_to": null, "cod_version": "V_01", "area_sqkm": 321608.08757886, "lang": "fr", "lang1": null, "lang2": null, "lang3": null, "adm0_ref_name": "Cote d Ivoire", "center_lat": 7.55301705, "center_lon": -5.56137165 }, "geometry": { "type": "Polygon", "coordinates": [ [ [ -6.233409446999872, 10.732159203000094 ], [ -6.234911481999916, 10.733495914000116 ], [ -6.236438812999893, 10.734875247000105 ], [ -6.238110475999918, 10.736005850000083 ], [ -6.239984526999933, 10.736913079000146 ], [ -6.242014338999979, 10.737386329 ], [ -6.244016605999946, 10.737698429000091 ], [ -6.246023704999971, 10.73827573799997 ], [ -6.247852859999909, 10.739091944 ], [ -6.249658137999972, 10.739982887999986 ], [ -6.25149156699996, 10.740810310000086 ], [ -6.253440438999917, 10.741371238000113 ], [ -6.255402587999981, 10.74189250500018 ], [ -6.257324281999956, 10.742486424000049 ], [ -6.259231054999873, 10.743298347000177 ], [ -6.260980090999908, 10.74442233200017 ], [ -6.262570874999881, 10.745650689000115 ], [ -6.279430328999979, 10.729484914000068 ], [ -6.319610607999948, 10.693391250000047 ], [ -6.325366956999915, 10.689827444000059 ], [ -6.333757880999883, 10.691649954000013 ], [ -6.350206788999913, 10.694338376000076 ], [ -6.376727596999956, 10.705196925000109 ], [ -6.385426557999892, 10.705740209000112 ], [ -6.39156772199982, 10.7079013930001 ], [ -6.403875371999959, 10.714454386000057 ], [ -6.408993691999967, 10.711532734000059 ], [ -6.416047595999885, 10.708908076000171 ], [ -6.42081928499988, 10.703761038999971 ], [ -6.4175248439999, 10.697111141999983 ], [ -6.419388784999853, 10.691040081000097 ], [ -6.419231896999918, 10.677032026000063 ], [ -6.419551828999943, 10.648053003000143 ], [ -6.413775455999939, 10.620732839000084 ], [ -6.411084155999902, 10.610254374000021 ], [ -6.41067789899995, 10.602617822000013 ], [ -6.412265784999875, 10.600688660000117 ], [ -6.416366034999953, 10.595447858000114 ], [ -6.418294910999919, 10.592982265000103 ], [ -6.432902343999842, 10.575310332000129 ], [ -6.440288996999925, 10.573955572000102 ], [ -6.461917845999949, 10.580087407000065 ], [ -6.470273026999962, 10.579040689000124 ], [ -6.484180429999867, 10.58525457200011 ], [ -6.496739852999951, 10.586070096000071 ], [ -6.509270192999963, 10.58433943100016 ], [ -6.51733206199998, 10.585840708000092 ], [ -6.535418950999883, 10.591688066000074 ], [ -6.546227466999881, 10.595462016 ], [ -6.546526728999879, 10.597125433000087 ], [ -6.547665157999916, 10.599382 ], [ -6.548500070999978, 10.601281993999976 ], [ -6.54945709499998, 10.60312417800003 ], [ -6.550526587999968, 10.604913175000149 ], [ -6.55180313999989, 10.606561019000083 ], [ -6.553320409999969, 10.607988332000104 ], [ -6.554850539999904, 10.60928119800019 ], [ -6.556247212999892, 10.610721138000088 ], [ -6.557754057999887, 10.61216207700005 ], [ -6.559462039999971, 10.613356972000076 ], [ -6.561129553999933, 10.614460904999987 ], [ -6.562755573999937, 10.615772937000031 ], [ -6.564243343999976, 10.617113609000114 ], [ -6.565655729999889, 10.618543147000082 ], [ -6.567172050999943, 10.619970364000153 ], [ -6.568978772999969, 10.620986889000164 ], [ -6.570870428999967, 10.621710160000021 ], [ -6.572734855999954, 10.622537546000103 ], [ -6.575087994999876, 10.62309980200007 ], [ -6.57709121299996, 10.622884003000081 ], [ -6.579099622999877, 10.622484194000151 ], [ -6.581170529999895, 10.622211177 ], [ -6.583157090999975, 10.622714358000167 ], [ -6.585032442999875, 10.623523478000152 ], [ -6.586950777999959, 10.624251972000025 ], [ -6.588993046999917, 10.624262467999984 ], [ -6.591000100999906, 10.624011555000095 ], [ -6.592752468999947, 10.625056744000176 ], [ -6.594495752999933, 10.626068169000121 ], [ -6.59620189799989, 10.627261685000065 ], [ -6.597722053999973, 10.628680753000083 ], [ -6.599046722999901, 10.630190070000026 ], [ -6.600298406999912, 10.631766793000168 ], [ -6.601482859999919, 10.633384903000092 ], [ -6.602803738999967, 10.634986767000157 ], [ -6.604471697999884, 10.636242714000048 ], [ -6.606093401999942, 10.637420191000047 ], [ -6.607633117999967, 10.638802844000111 ], [ -6.608839475999957, 10.640495128000168 ], [ -6.609284855999931, 10.642498591000106 ], [ -6.609639200999879, 10.64455049500009 ], [ -6.610125061999952, 10.646756602000096 ], [ -6.610649553999963, 10.648767043000078 ], [ -6.611239928999964, 10.650758667 ], [ -6.611823537999953, 10.652756006000175 ], [ -6.612276522999935, 10.654794346000074 ], [ -6.612745790999952, 10.656827980000116 ], [ -6.613345131999893, 10.658808202000159 ], [ -6.614144301999943, 10.660730818000104 ], [ -6.615179025999964, 10.662535606 ], [ -6.616526106999913, 10.66410883400016 ], [ -6.617978062999896, 10.665499163 ], [ -6.619314189999955, 10.66698786600017 ], [ -6.620611671999939, 10.668625957000074 ], [ -6.622003568999901, 10.670179441000187 ], [ -6.623475999999869, 10.671548050000183 ], [ -6.625229368999896, 10.672633543000188 ], [ -6.627113811999948, 10.673311276000049 ], [ -6.629085989999965, 10.673841283000115 ], [ -6.630983790999949, 10.674496264000027 ], [ -6.632875456999898, 10.675162586000113 ], [ -6.634769456999948, 10.675820968000039 ], [ -6.638135887999965, 10.677008323000166 ], [ -6.63994359499992, 10.677885450000133 ], [ -6.641850928999929, 10.678607941000166 ], [ -6.643873213999939, 10.678816790000099 ], [ -6.645885489999955, 10.678492018999975 ], [ -6.64796781299998, 10.678510572 ], [ -6.649650122999958, 10.677335454000115 ], [ -6.64947462799995, 10.67529853200017 ], [ -6.64945218999992, 10.673276746000056 ], [ -6.650627598999961, 10.671624611000027 ], [ -6.652418138999963, 10.670679544000109 ], [ -6.654262081999832, 10.669890689999988 ], [ -6.655657298999813, 10.668354456000088 ], [ -6.655632047999916, 10.666344 ], [ -6.655287271999839, 10.664318097000148 ], [ -6.655123733999972, 10.662267506000035 ], [ -6.654929179999954, 10.660257898000054 ], [ -6.654409424999926, 10.658306251000113 ], [ -6.654541019999897, 10.65625672200008 ], [ -6.655559983999922, 10.654447325000035 ], [ -6.656355817999952, 10.652593143000104 ], [ -6.657171708999954, 10.650735344000111 ], [ -6.656866081999908, 10.648402066000187 ], [ -6.656251435999934, 10.646477479000168 ], [ -6.65465358199998, 10.645269596000162 ], [ -6.652773871999955, 10.644578399000068 ], [ -6.650757810999949, 10.644841125000141 ], [ -6.648729301999879, 10.644645863000164 ], [ -6.646864390999951, 10.643825817000163 ], [ -6.645933167999942, 10.642012068000099 ], [ -6.646286935999967, 10.639987021000138 ], [ -6.647374136999929, 10.638199425000039 ], [ -6.647926818999963, 10.636211558000127 ], [ -6.648601041999939, 10.634288851000122 ], [ -6.650284761999899, 10.633128459000034 ], [ -6.652153486999964, 10.632412742000042 ], [ -6.653830552999921, 10.631288523000023 ], [ -6.655836577999878, 10.63073593200005 ], [ -6.657595176999905, 10.631782857000076 ], [ -6.659572108999896, 10.632175024000105 ], [ -6.661608228999967, 10.632592438000188 ], [ -6.663681520999887, 10.632612220000055 ], [ -6.665332815999932, 10.631370904 ], [ -6.666801967999902, 10.629999696000084 ], [ -6.668762652999931, 10.628676897000105 ], [ -6.670642819999898, 10.627835710000056 ], [ -6.672299830999975, 10.626654111000107 ], [ -6.672197375999929, 10.624620895000078 ], [ -6.672208780999881, 10.62261229700016 ], [ -6.671385305999877, 10.620701480000037 ], [ -6.670968566999932, 10.618739638000079 ], [ -6.671710989999895, 10.616864661000136 ], [ -6.672533021999811, 10.614947003999987 ], [ -6.673485237999898, 10.613091012999973 ], [ -6.674653532999912, 10.611362255000131 ], [ -6.675967237999828, 10.609830384000134 ], [ -6.676733486999979, 10.607954004000135 ], [ -6.676844573999858, 10.605935222000085 ], [ -6.676826981999909, 10.603885224000123 ], [ -6.676220382999816, 10.601930125000081 ], [ -6.674841423999851, 10.600372204000053 ], [ -6.67343189199994, 10.598933105000071 ], [ -6.671920771999964, 10.597491798000078 ], [ -6.670209405999913, 10.596293154000023 ], [ -6.668474647999915, 10.595271922000109 ], [ -6.666855838999936, 10.593960464000133 ], [ -6.664956063999853, 10.590691177000053 ], [ -6.6647291459999, 10.588633434000087 ], [ -6.664822096999956, 10.586548269000104 ], [ -6.665007104999972, 10.584477830000139 ], [ -6.665324706999968, 10.582420517 ], [ -6.665751448999913, 10.580382245000123 ], [ -6.666230691999885, 10.578353518000029 ], [ -6.667083277999893, 10.576468263000095 ], [ -6.668148488999918, 10.574674186000095 ], [ -6.669210936999832, 10.572882399000036 ], [ -6.670235647999959, 10.571070741000085 ], [ -6.670720562999861, 10.569047597 ], [ -6.670624268999973, 10.56697367400011 ], [ -6.670034385999941, 10.564987864000102 ], [ -6.669194224999956, 10.563171959000044 ], [ -6.668365502999961, 10.561267903999976 ], [ -6.667758491999905, 10.55930710400014 ], [ -6.668246278999959, 10.55732567900003 ], [ -6.669611906999876, 10.555775239000184 ], [ -6.670286212999883, 10.553836783 ], [ -6.670596103999969, 10.551838248000138 ], [ -6.670536034999941, 10.549774055000114 ], [ -6.669838887999902, 10.54781204700015 ], [ -6.668399802999943, 10.546346100000108 ], [ -6.666738964999922, 10.545128699000031 ], [ -6.665090585999963, 10.543867134000152 ], [ -6.663656238999863, 10.54237063100004 ], [ -6.662762189999967, 10.540500010000073 ], [ -6.662933336999913, 10.538466969000183 ], [ -6.663834114999929, 10.536673716000053 ], [ -6.665301782999961, 10.535196606000056 ], [ -6.66694020999995, 10.534009759000185 ], [ -6.668725523999967, 10.532950965000168 ], [ -6.67077447399987, 10.533055825000133 ], [ -6.672625092999965, 10.533888505999982 ], [ -6.674535245999891, 10.534500453000078 ], [ -6.676525112999968, 10.53486322100008 ], [ -6.678585029999965, 10.534955487000104 ], [ -6.680210120999959, 10.533738277000111 ], [ -6.680797096999925, 10.531755716000077 ], [ -6.681268674999956, 10.529723723000131 ], [ -6.68158103899998, 10.527673274 ], [ -6.681669677999935, 10.525590450000152 ], [ -6.681556252999883, 10.523234660000128 ], [ -6.68141031499988, 10.521236932000022 ], [ -6.680667860999904, 10.519312709000076 ], [ -6.679279779999888, 10.517772848999982 ], [ -6.677799729999947, 10.516414581000049 ], [ -6.676639561999934, 10.514681364000126 ], [ -6.675747877999981, 10.512793824000084 ], [ -6.675234315999944, 10.510785673999976 ], [ -6.675162793999959, 10.5086990530001 ], [ -6.675377846999822, 10.506627163000076 ], [ -6.676903220999975, 10.505271254000093 ], [ -6.678789639999934, 10.504534001000081 ], [ -6.680631603999927, 10.503594154000041 ], [ -6.681384053999921, 10.501738321000062 ], [ -6.681290168999965, 10.499672283 ], [ -6.680734152999889, 10.497748135000165 ], [ -6.680400409999891, 10.495716470000161 ], [ -6.68039560099993, 10.493636984000091 ], [ -6.680438014999879, 10.491633678000028 ], [ -6.680128561999879, 10.489617525000142 ], [ -6.679186847999858, 10.487846776000083 ], [ -6.677806345999954, 10.486292103000153 ], [ -6.675252903999876, 10.484089776000076 ], [ -6.67554089399988, 10.482084748000091 ], [ -6.67611500299995, 10.480076411000084 ], [ -6.676503670999978, 10.478022829000167 ], [ -6.67663670099995, 10.475940610000123 ], [ -6.676516527999979, 10.473854550000169 ], [ -6.676140293999936, 10.471884283000122 ], [ -6.675214785999913, 10.470064790000151 ], [ -6.67391684699993, 10.468528295000112 ], [ -6.672833429999969, 10.466838114000154 ], [ -6.671423444999903, 10.465398804000074 ], [ -6.669572856999935, 10.464516331000141 ], [ -6.667972103999887, 10.463254092000057 ], [ -6.666938757999958, 10.46153960200013 ], [ -6.665896932999885, 10.459793608000098 ], [ -6.664429642999892, 10.458395526000061 ], [ -6.66245840299996, 10.457846120000056 ], [ -6.658635602999937, 10.457771581000031 ], [ -6.656615294999938, 10.457880541000179 ], [ -6.654609208999943, 10.457902439 ], [ -6.650688167999874, 10.457947411000021 ], [ -6.648654466999915, 10.458003441000017 ], [ -6.646559723999871, 10.458025177000081 ], [ -6.646251194999934, 10.455999867000173 ], [ -6.646652236999898, 10.454021726 ], [ -6.647338418999936, 10.452061762000028 ], [ -6.647740852999902, 10.450068938000186 ], [ -6.647369371999901, 10.448038707000137 ], [ -6.646298868999963, 10.446336933 ], [ -6.644399667999949, 10.445598113000187 ], [ -6.642406454999957, 10.445283501000063 ], [ -6.640402818999917, 10.445107787000097 ], [ -6.638407269999902, 10.444892472000163 ], [ -6.636407824999935, 10.444538396000155 ], [ -6.634454251999955, 10.444017908000092 ], [ -6.632546876999868, 10.443180925000036 ], [ -6.630838368999946, 10.442099057 ], [ -6.630003932999898, 10.440261352000107 ], [ -6.629672974999949, 10.438241881000124 ], [ -6.629603840999835, 10.436190093000164 ], [ -6.630143148999935, 10.43420473000009 ], [ -6.630929971999933, 10.432330523000189 ], [ -6.631545057999972, 10.430410876999986 ], [ -6.632148252999968, 10.428424792000044 ], [ -6.633253536999916, 10.426717355000108 ], [ -6.634645487999876, 10.425260546000118 ], [ -6.636044956999967, 10.423795752000046 ], [ -6.637269475999915, 10.422107267000058 ], [ -6.638326685999914, 10.420319130000166 ], [ -6.639190199999973, 10.4184226160001 ], [ -6.640011333999951, 10.416502890000061 ], [ -6.6409521409999, 10.414656275000141 ], [ -6.642163727999957, 10.41296906700012 ], [ -6.643456902999958, 10.411327193000034 ], [ -6.644590389999905, 10.409676981000075 ], [ -6.645537834999971, 10.40787768600012 ], [ -6.646517260999929, 10.406115263000061 ], [ -6.647734138999965, 10.404452817 ], [ -6.6492876719999, 10.403077657000097 ], [ -6.651268983999898, 10.402554059000124 ], [ -6.653316011999891, 10.402352417000145 ], [ -6.65205289599993, 10.398692814000128 ], [ -6.650458344999947, 10.397353549000059 ], [ -6.649209003999886, 10.395681977000152 ], [ -6.648285364999936, 10.393899489999967 ], [ -6.647741289999942, 10.391958087000035 ], [ -6.648120906999907, 10.389928307000105 ], [ -6.649977173999957, 10.389138738999975 ], [ -6.651640416999896, 10.387886467000101 ], [ -6.65144397399996, 10.385835045000022 ], [ -6.6510525139999, 10.383797126000047 ], [ -6.650416863999908, 10.381819531000133 ], [ -6.650248543999908, 10.379746344000125 ], [ -6.650485516999822, 10.377670802000125 ], [ -6.650007748999883, 10.375681250000014 ], [ -6.649103138999919, 10.373866934000034 ], [ -6.648161387999892, 10.372085759000186 ], [ -6.647751823999954, 10.37007172400007 ], [ -6.648654496999939, 10.368243632000144 ], [ -6.650338184999953, 10.367163812000172 ], [ -6.652129651999871, 10.36627007300018 ], [ -6.654068436999978, 10.365495389000046 ], [ -6.657112579999875, 10.363595530000111 ], [ -6.660161966999851, 10.363370105000058 ], [ -6.661888566999892, 10.362355202000174 ], [ -6.663401574999909, 10.360951183999987 ], [ -6.664796811999906, 10.359410846000117 ], [ -6.666576405999876, 10.358332137000104 ], [ -6.667563947999895, 10.356586569000115 ], [ -6.668748359999938, 10.354903072000184 ], [ -6.670534116999875, 10.353990153000041 ], [ -6.672442430999865, 10.353388383000151 ], [ -6.674266781999904, 10.352482908000127 ], [ -6.676155553999934, 10.35159361400008 ], [ -6.677397273999929, 10.350023415000123 ], [ -6.677760583999884, 10.348019815000043 ], [ -6.679028990999939, 10.346449312000061 ], [ -6.680777092999961, 10.345350613 ], [ -6.682587652999928, 10.344441886000027 ], [ -6.684648480999954, 10.344180214000062 ], [ -6.6866803019999, 10.344648902000131 ], [ -6.688570975999937, 10.34542948700016 ], [ -6.692091938999965, 10.345096866000063 ], [ -6.709157921999974, 10.347447210000041 ], [ -6.72238159099993, 10.351113774000169 ], [ -6.730511657999841, 10.358978536000052 ], [ -6.738925921999964, 10.363655633000064 ], [ -6.751162989999955, 10.365421988000094 ], [ -6.76723858899993, 10.365551987000117 ], [ -6.777214519999859, 10.366389297000126 ], [ -6.7859616369999, 10.372015409000028 ], [ -6.791246874999956, 10.383730476000039 ], [ -6.806768427999828, 10.391184451000129 ], [ -6.825709801999949, 10.389049963000105 ], [ -6.826954820999902, 10.386325226000167 ], [ -6.82658005299993, 10.384196326000051 ], [ -6.826223830999936, 10.382145046000176 ], [ -6.825903381999979, 10.38008882400004 ], [ -6.825596836999921, 10.377670290000083 ], [ -6.825413671999968, 10.375604530999965 ], [ -6.825291628999878, 10.373527888000012 ], [ -6.825327369999911, 10.371459517000062 ], [ -6.826040294999927, 10.369500406000043 ], [ -6.827138914999978, 10.367804077000073 ], [ -6.828696739999884, 10.366424930000107 ], [ -6.830623610999965, 10.365691203000097 ], [ -6.832614432999947, 10.365192491000187 ], [ -6.834526082999957, 10.36452661800007 ], [ -6.835772511999949, 10.362902975000111 ], [ -6.836425775999828, 10.36092201800011 ], [ -6.836669892999964, 10.358927898000104 ], [ -6.83656358099995, 10.356899605000081 ], [ -6.836499254999865, 10.354874194999979 ], [ -6.840081704999875, 10.354360977000169 ], [ -6.841636186999892, 10.355732291000095 ], [ -6.84294556899988, 10.357284772000071 ], [ -6.844667434999963, 10.358446481000158 ], [ -6.846625312999947, 10.358867541 ], [ -6.848674789999905, 10.358474096000066 ], [ -6.851323099999888, 10.356392530000107 ], [ -6.852563402999863, 10.354814061000184 ], [ -6.853642964999835, 10.353130345000125 ], [ -6.854680985999835, 10.351358004000133 ], [ -6.855869260999896, 10.349650422000082 ], [ -6.857913024999903, 10.349548070000139 ], [ -6.859791273999974, 10.350299432000099 ], [ -6.861786379999955, 10.350829392000094 ], [ -6.863725214999931, 10.350190144000123 ], [ -6.864443763999873, 10.348270463000176 ], [ -6.865201474999878, 10.346368362000078 ], [ -6.866899513999954, 10.345171322000169 ], [ -6.870130032999896, 10.345485580000059 ], [ -6.872112285999947, 10.345841904000054 ], [ -6.873991457999921, 10.346536762000028 ], [ -6.875657571999852, 10.347735055000101 ], [ -6.877080933999935, 10.349175421000098 ], [ -6.878512900999851, 10.350642747 ], [ -6.879982454999947, 10.35207914900019 ], [ -6.881660917999966, 10.353287397000145 ], [ -6.883714657999917, 10.354044368000189 ], [ -6.885776062999867, 10.353984486 ], [ -6.887630491999914, 10.353176909000069 ], [ -6.889450570999941, 10.352344921000167 ], [ -6.891249635999941, 10.351450008000086 ], [ -6.893036366999979, 10.350520266999979 ], [ -6.894829244999926, 10.349610750000124 ], [ -6.896648446999905, 10.34877536200014 ], [ -6.898599121999894, 10.348041029000058 ], [ -6.900530336999907, 10.347461471000031 ], [ -6.903042346999939, 10.347242610000137 ], [ -6.905039331999944, 10.347749696000164 ], [ -6.906457923999938, 10.349188814000058 ], [ -6.907563693999919, 10.350890051000022 ], [ -6.908862133999889, 10.352525765 ], [ -6.910479093999925, 10.353822558000104 ], [ -6.912292026999978, 10.354706337000152 ], [ -6.914308579999954, 10.355208592000054 ], [ -6.916312692999952, 10.355477474999986 ], [ -6.918264411999871, 10.356010949000108 ], [ -6.920210845999975, 10.356726091000098 ], [ -6.922049040999923, 10.35589033600013 ], [ -6.923830042999953, 10.354785667000158 ], [ -6.927213653999956, 10.355509160000054 ], [ -6.928738608999936, 10.356874636000043 ], [ -6.930586335999976, 10.357833439000046 ], [ -6.932476014999907, 10.358530009000162 ], [ -6.934414881999942, 10.359099623000191 ], [ -6.936427606999928, 10.359584842000118 ], [ -6.938272457999972, 10.358637246000058 ], [ -6.939655275999883, 10.357179798000061 ], [ -6.941177833999916, 10.35584584500009 ], [ -6.94262644399987, 10.354458652000176 ], [ -6.943977856999879, 10.352981279000062 ], [ -6.945273374999942, 10.351345539000079 ], [ -6.946440672999927, 10.349626771000146 ], [ -6.947493519999966, 10.347832702000119 ], [ -6.948497766999935, 10.346002005000059 ], [ -6.949551122999878, 10.344204547000061 ], [ -6.950605877999919, 10.342411585000036 ], [ -6.951635380999846, 10.340604269000039 ], [ -6.952551876999905, 10.338728405000097 ], [ -6.953390136999928, 10.33691103100017 ], [ -6.954402458999823, 10.33510392900007 ], [ -6.956098586999929, 10.332986122000079 ], [ -6.957710253999949, 10.331771759000048 ], [ -6.959545639999931, 10.330792653 ], [ -6.961259839999911, 10.329632293000088 ], [ -6.962368943999934, 10.327951464000023 ], [ -6.962890601999959, 10.325930435999965 ], [ -6.962938813999926, 10.323841909000123 ], [ -6.963349337999887, 10.321826761000182 ], [ -6.96421289299991, 10.319926742000064 ], [ -6.965234746999897, 10.318115017000025 ], [ -6.966362007999919, 10.316358397000158 ], [ -6.96748970699997, 10.314705548000063 ], [ -6.968612199999939, 10.312953500000049 ], [ -6.969408029999897, 10.311111846000074 ], [ -6.969979280999894, 10.309156773000097 ], [ -6.970860011999946, 10.307333254000071 ], [ -6.972449300999926, 10.305995079000127 ], [ -6.974343775999898, 10.305216012000074 ], [ -6.976361744999963, 10.304802012000096 ], [ -6.978371134999975, 10.304612576000068 ], [ -6.98038483299996, 10.304542641000012 ], [ -6.983115178999981, 10.304539430000034 ], [ -6.987494450999975, 10.294793844000139 ], [ -6.992876052999975, 10.288363422000089 ], [ -6.999228947999939, 10.28255602500019 ], [ -7.003979695999874, 10.277087616000074 ], [ -7.005506029999879, 10.270704841000168 ], [ -7.017291064999938, 10.262602446000074 ], [ -7.017544255999951, 10.257190861000083 ], [ -7.005775925999842, 10.241107474999978 ], [ -6.982619755999963, 10.213386702999969 ], [ -6.98629187399996, 10.198705143999973 ], [ -6.986732577999817, 10.197260458000187 ], [ -6.993698599999846, 10.174428628000044 ], [ -7.010841833999962, 10.158307899000022 ], [ -7.031920431999879, 10.148820318000048 ], [ -7.051167026999963, 10.146992573000091 ], [ -7.058279517999836, 10.150723585000037 ], [ -7.072869782999931, 10.161677919000113 ], [ -7.079592710999975, 10.16000502300011 ], [ -7.084787375999838, 10.164392980000173 ], [ -7.086152549999895, 10.170741503000045 ], [ -7.072977082999898, 10.195406506000097 ], [ -7.079570302999912, 10.208686943000146 ], [ -7.091156000999888, 10.21045109 ], [ -7.10756301999993, 10.212473173000092 ], [ -7.110156992999976, 10.214347579000105 ], [ -7.123208043999966, 10.230092396000146 ], [ -7.132987017999881, 10.241102832000024 ], [ -7.141740813999945, 10.247355330000119 ], [ -7.156226642999911, 10.249715505000097 ], [ -7.175833701999977, 10.250735871000131 ], [ -7.202835572999959, 10.25229755700019 ], [ -7.230175020999866, 10.255123334000132 ], [ -7.261024476999978, 10.256310562000124 ], [ -7.273629666999966, 10.262187446000041 ], [ -7.28068161099992, 10.261140450000084 ], [ -7.300158020999959, 10.25261091800013 ], [ -7.30316961199992, 10.252713053000093 ], [ -7.306905281999946, 10.252840500000104 ], [ -7.312958715999969, 10.249261326000067 ], [ -7.326632023999935, 10.239218034999965 ], [ -7.334277138999937, 10.235597153000072 ], [ -7.337114331999942, 10.23579268400016 ], [ -7.339008330999889, 10.236439384 ], [ -7.340904712999929, 10.23707927300012 ], [ -7.342804427999909, 10.237708956000063 ], [ -7.344708438999874, 10.238327292000065 ], [ -7.346617231999915, 10.238930893000031 ], [ -7.348530775999961, 10.239517504000162 ], [ -7.351488595999911, 10.240435119000153 ], [ -7.35340737699994, 10.241012603000115 ], [ -7.355337607999957, 10.241541438000127 ], [ -7.357373240999891, 10.24201698100012 ], [ -7.359352125999976, 10.24232527700002 ], [ -7.361342429999979, 10.242580415000191 ], [ -7.363327029999937, 10.242858165000087 ], [ -7.365306853999869, 10.243209251000167 ], [ -7.367348182999933, 10.243552730999966 ], [ -7.369278422999969, 10.244123183000113 ], [ -7.370999809999944, 10.245243248000122 ], [ -7.372511861999953, 10.246631071000138 ], [ -7.374570840999979, 10.24642518700017 ], [ -7.376588342999923, 10.246526517000177 ], [ -7.378427511999973, 10.247407047000024 ], [ -7.379909509999948, 10.248839194000141 ], [ -7.381104462999929, 10.25053677000011 ], [ -7.382222649999903, 10.252260178000029 ], [ -7.383734706999974, 10.253735854000126 ], [ -7.385206707999885, 10.255250392 ], [ -7.386483673999976, 10.256852114000026 ], [ -7.386811739999928, 10.258871415000044 ], [ -7.384970190999979, 10.259666367000079 ], [ -7.374126429999876, 10.260210866000079 ], [ -7.367084516999967, 10.261896664000119 ], [ -7.358506681999813, 10.268691277000187 ], [ -7.355188366999869, 10.284322139000153 ], [ -7.355199329999891, 10.308496186000013 ], [ -7.357388958999877, 10.327551335000067 ], [ -7.364643575999878, 10.341130344000135 ], [ -7.366636756999981, 10.345873570000037 ], [ -7.379523264999932, 10.348562022000067 ], [ -7.390768531999925, 10.348726568000188 ], [ -7.401086330999931, 10.347146910000049 ], [ -7.403290747999961, 10.345874327000161 ], [ -7.405013569999937, 10.344833813000037 ], [ -7.40669108499992, 10.343738673000018 ], [ -7.408375265999837, 10.34250927700009 ], [ -7.409964077999916, 10.341171827000096 ], [ -7.41144227999996, 10.339705113000093 ], [ -7.413061621999873, 10.338386406000097 ], [ -7.41449880499988, 10.336991277000038 ], [ -7.415781982999931, 10.335456209000085 ], [ -7.41771268399998, 10.334769067000025 ], [ -7.419712548999883, 10.334428202000026 ], [ -7.42172431399996, 10.334302492000063 ], [ -7.423795696999946, 10.334414954000124 ], [ -7.425872323999897, 10.334698691000085 ], [ -7.427670475999832, 10.335588259000133 ], [ -7.428722389999905, 10.337546683000028 ], [ -7.42869376799996, 10.339596634999964 ], [ -7.427787307999893, 10.341380210000011 ], [ -7.426104537999947, 10.342518339000151 ], [ -7.424210070999948, 10.343376406000175 ], [ -7.42240809499998, 10.344442885000035 ], [ -7.421148299999913, 10.346015991000172 ], [ -7.420917997999879, 10.348074372000042 ], [ -7.421783452999875, 10.349878677000049 ], [ -7.422755246999941, 10.35172097100002 ], [ -7.423893924999902, 10.353454986000088 ], [ -7.425215715999911, 10.355061331 ], [ -7.426555149999899, 10.356547921000129 ], [ -7.427945134999902, 10.358027039000092 ], [ -7.42933034999993, 10.359520867000072 ], [ -7.430565363999904, 10.361182479000036 ], [ -7.431300633999967, 10.363078707000113 ], [ -7.431603903999928, 10.365075593000142 ], [ -7.432444103999899, 10.36695909000008 ], [ -7.434000964999939, 10.368248704000052 ], [ -7.435704703999875, 10.369441577000032 ], [ -7.436856289999923, 10.371879911000178 ], [ -7.43728971999991, 10.372797220000166 ], [ -7.437252999999885, 10.374843879000082 ], [ -7.437255380999943, 10.376913672000057 ], [ -7.437708383999905, 10.378934387000186 ], [ -7.438673962999871, 10.380777771000112 ], [ -7.439836015999902, 10.382439176000162 ], [ -7.44117737299996, 10.384012408000103 ], [ -7.442422864999912, 10.385683911000115 ], [ -7.443100937999873, 10.387607908000064 ], [ -7.443026066999892, 10.389666356000021 ], [ -7.442845336999937, 10.391693579000162 ], [ -7.442898751999962, 10.393711917000189 ], [ -7.443273550999947, 10.395749468000133 ], [ -7.444157606999909, 10.397598442000174 ], [ -7.445378303999917, 10.399205990000098 ], [ -7.446910383999864, 10.400564567000174 ], [ -7.447458264999966, 10.402565872000139 ], [ -7.446172235999882, 10.404199232000053 ], [ -7.445408341999951, 10.406137608000051 ], [ -7.444777964999901, 10.40807412900017 ], [ -7.444180966999966, 10.410060919000045 ], [ -7.443393704999949, 10.411997371000041 ], [ -7.441846850999923, 10.413845178000088 ], [ -7.440113546999953, 10.414845552999964 ], [ -7.438283914999943, 10.415711978000161 ], [ -7.436489571999971, 10.416645549000066 ], [ -7.436685082999873, 10.418641635000029 ], [ -7.437558658999876, 10.420459196000024 ], [ -7.4387054419999, 10.422102722000091 ], [ -7.440188884999884, 10.423463101000152 ], [ -7.441871646999971, 10.424639192000029 ], [ -7.443294995999963, 10.42608718800011 ], [ -7.444061761999876, 10.428024565000101 ], [ -7.443849081999872, 10.430073658000083 ], [ -7.443055618999949, 10.431953847000102 ], [ -7.442421914999898, 10.433883672000036 ], [ -7.443248271999892, 10.435718754000163 ], [ -7.444771277999962, 10.437055979000036 ], [ -7.446437353999897, 10.438181511999971 ], [ -7.448058136999975, 10.439375301999974 ], [ -7.449672700999884, 10.440697683000053 ], [ -7.451312533999953, 10.441990387000089 ], [ -7.452968590999944, 10.443262557000025 ], [ -7.454628467999953, 10.444499713000084 ], [ -7.4598913129999, 10.443505074000086 ], [ -7.475066177999963, 10.448697739000124 ], [ -7.496689323999931, 10.455390160000093 ], [ -7.511167052999951, 10.456775857000082 ], [ -7.520720958999959, 10.450916208000081 ], [ -7.530847068999947, 10.440277889000185 ], [ -7.535558696999885, 10.432896404000019 ], [ -7.537618166999948, 10.419829815000071 ], [ -7.541719432999912, 10.414682190000065 ], [ -7.551019191999956, 10.413596252000104 ], [ -7.560420984999894, 10.419503862 ], [ -7.569436550999967, 10.420964286000071 ], [ -7.576501844999939, 10.420863097000108 ], [ -7.589124671999969, 10.427359060000185 ], [ -7.602809901999933, 10.440518237000163 ], [ -7.625257497999883, 10.459590285000047 ], [ -7.632847310999864, 10.451530653000077 ], [ -7.646750921999967, 10.43606445100005 ], [ -7.663577070999963, 10.42278252400007 ], [ -7.672161577999873, 10.416935171000034 ], [ -7.67366266099998, 10.409916753 ], [ -7.686986922999949, 10.398912696000025 ], [ -7.69497585299996, 10.396251969000048 ], [ -7.709097380999822, 10.395875416000081 ], [ -7.709751594999943, 10.393974762000028 ], [ -7.710488316999886, 10.392025565000097 ], [ -7.711338044999934, 10.39013781500006 ], [ -7.712262148999912, 10.388353779000056 ], [ -7.713299276999919, 10.386603017000141 ], [ -7.714622972999962, 10.385015953000106 ], [ -7.71793698099998, 10.383120103000124 ], [ -7.719892971999968, 10.382486126000117 ], [ -7.721817015999932, 10.381851485000141 ], [ -7.72371626599994, 10.381210439000029 ], [ -7.72566080799993, 10.380450390000078 ], [ -7.727545738999822, 10.379610073000094 ], [ -7.728397363999932, 10.377779780000083 ], [ -7.72801732399995, 10.375733257000149 ], [ -7.726967326999841, 10.373986229000025 ], [ -7.725252626999975, 10.372814705000053 ], [ -7.723276140999872, 10.372505744000023 ], [ -7.721265309999922, 10.372184879000031 ], [ -7.719433305999871, 10.37120774400006 ], [ -7.717794892999962, 10.37002038900016 ], [ -7.716185567999901, 10.368801038000072 ], [ -7.714750280999908, 10.367326680000133 ], [ -7.713814734999971, 10.365555344000086 ], [ -7.712992676999875, 10.363631323000163 ], [ -7.712293627999941, 10.361675061000142 ], [ -7.711749557999951, 10.359662427000046 ], [ -7.711324217999959, 10.357618746000128 ], [ -7.710655206999945, 10.354910354000083 ], [ -7.71035146599985, 10.352917849000107 ], [ -7.710325236999893, 10.350867181000126 ], [ -7.710638048999954, 10.348823940000045 ], [ -7.711250307999876, 10.346875482000144 ], [ -7.712224008999954, 10.345102042000121 ], [ -7.713609222999935, 10.343553595000174 ], [ -7.715247637999937, 10.34239135700011 ], [ -7.717077730999847, 10.341577912000048 ], [ -7.719055657999888, 10.341139815000133 ], [ -7.7218036619999, 10.341066799000146 ], [ -7.723791596999888, 10.341336244000104 ], [ -7.725755222999908, 10.341812259000164 ], [ -7.727745048999964, 10.342434375000096 ], [ -7.729621400999974, 10.343139283000028 ], [ -7.731497768999873, 10.343852064000089 ], [ -7.733413706999954, 10.344555232000175 ], [ -7.735366337999949, 10.345243195000023 ], [ -7.737403855999958, 10.345636895000041 ], [ -7.739428520999979, 10.345453792000114 ], [ -7.741328726999882, 10.344764278000071 ], [ -7.74315119399995, 10.343853904000071 ], [ -7.7461981699999, 10.341556272000048 ], [ -7.74755334699995, 10.340030736000131 ], [ -7.748454092999964, 10.338223424000148 ], [ -7.748283391999962, 10.336208803000147 ], [ -7.747275829999978, 10.334399226000073 ], [ -7.746076117999962, 10.332690515000024 ], [ -7.745042798999975, 10.330891443000041 ], [ -7.744319926999935, 10.328932275999989 ], [ -7.743884087999959, 10.326974509000138 ], [ -7.743493092999927, 10.324924800000076 ], [ -7.743265149999957, 10.322845641000072 ], [ -7.744010443999912, 10.320987676000129 ], [ -7.745609758999819, 10.319723408000129 ], [ -7.747189519999949, 10.318486471000028 ], [ -7.748856544999967, 10.317376712000112 ], [ -7.750710960999925, 10.316454632000045 ], [ -7.752707954999948, 10.315861749000078 ], [ -7.754681107999943, 10.315423592000172 ], [ -7.756644727999969, 10.314952886000128 ], [ -7.758608821999871, 10.314254534000042 ], [ -7.760445107999942, 10.313260565000178 ], [ -7.762660020999874, 10.312133662000065 ], [ -7.764469623999958, 10.311195291000161 ], [ -7.765830038999979, 10.309689977000119 ], [ -7.766086103999839, 10.307638675000078 ], [ -7.765250210999966, 10.305793944000072 ], [ -7.763235570999882, 10.305309839000074 ], [ -7.761281015999884, 10.305917901000157 ], [ -7.759333608999953, 10.30653035600011 ], [ -7.757360456999947, 10.306917806000172 ], [ -7.755293360999929, 10.307215353 ], [ -7.753659786999947, 10.307791602000179 ], [ -7.751143919999947, 10.307462427000019 ], [ -7.749163619999877, 10.307152391000159 ], [ -7.747258190999958, 10.306314979000149 ], [ -7.745708950999926, 10.30500352200005 ], [ -7.745236862999946, 10.30305529400016 ], [ -7.745507476999876, 10.301620153000158 ], [ -7.746497632999933, 10.299234601000137 ], [ -7.748073096999974, 10.297877190000179 ], [ -7.74992846899994, 10.297011494000117 ], [ -7.751792441999953, 10.296109604000151 ], [ -7.753436575999842, 10.294828928000015 ], [ -7.756175989999917, 10.292656536000038 ], [ -7.757197394999878, 10.290846374000012 ], [ -7.758255947999885, 10.287354362000087 ], [ -7.759071345999928, 10.285443565000037 ], [ -7.760534277999909, 10.284040474 ], [ -7.762389181999936, 10.283244628000091 ], [ -7.764308456999913, 10.282418527 ], [ -7.766239163999956, 10.281618169000069 ], [ -7.768087373999947, 10.280852826000057 ], [ -7.769948486999851, 10.28009742800009 ], [ -7.771847239999943, 10.279378654000141 ], [ -7.773701200999938, 10.278596302000039 ], [ -7.775525571999879, 10.277618308000115 ], [ -7.777186865999965, 10.276400443000171 ], [ -7.778691289999813, 10.274961777000158 ], [ -7.779998300999864, 10.273430243000064 ], [ -7.781194209999967, 10.271805696000058 ], [ -7.782289499999877, 10.270047414000032 ], [ -7.783269402999963, 10.268205199000136 ], [ -7.784222614999976, 10.26634647800006 ], [ -7.785237798999958, 10.264529663000133 ], [ -7.786420347999979, 10.262830948000158 ], [ -7.787839886999961, 10.261305645000164 ], [ -7.789384833999975, 10.25953283900003 ], [ -7.790559769999845, 10.257817337 ], [ -7.791781900999979, 10.256123675000026 ], [ -7.792960630999971, 10.254417133000061 ], [ -7.793789853999954, 10.252541103000112 ], [ -7.794346804999918, 10.250538388000052 ], [ -7.794746397999859, 10.248565045000078 ], [ -7.795126919999973, 10.246595366000122 ], [ -7.795504568999945, 10.24454234600006 ], [ -7.795951367999976, 10.242515350000019 ], [ -7.796539789999827, 10.240534716000127 ], [ -7.7971482129999, 10.23856505700013 ], [ -7.798270216999981, 10.236874022999984 ], [ -7.80018948999998, 10.237446249000129 ], [ -7.801937099999918, 10.238419892000081 ], [ -7.803943170999901, 10.238484867000068 ], [ -7.805880539999976, 10.237918707000119 ], [ -7.807369222999966, 10.236511825000036 ], [ -7.8086781639999, 10.234991543000035 ], [ -7.810103887999901, 10.233463897000092 ], [ -7.811126711999975, 10.231740521000177 ], [ -7.812267296999948, 10.230089771 ], [ -7.816011906999961, 10.228664110000068 ], [ -7.817674627999963, 10.227550985000107 ], [ -7.819435114999976, 10.226425139000185 ], [ -7.82114410399987, 10.225223432000178 ], [ -7.822770604999903, 10.223999282000136 ], [ -7.824277881999933, 10.222655207 ], [ -7.82562446299994, 10.221079144999976 ], [ -7.826710695999964, 10.219303002000061 ], [ -7.827389724999932, 10.217350365000016 ], [ -7.827345832999924, 10.215280006000057 ], [ -7.827346806999913, 10.213274334 ], [ -7.827933787999882, 10.211274617000015 ], [ -7.82943916399995, 10.209933962000036 ], [ -7.831454744999974, 10.210174477000123 ], [ -7.833515654999871, 10.209991768 ], [ -7.835370059999946, 10.209038030000158 ], [ -7.836929327999883, 10.207724727000141 ], [ -7.838577281999903, 10.206581371000027 ], [ -7.840608127999928, 10.206579356000134 ], [ -7.842536924999877, 10.205999696000106 ], [ -7.844098088999942, 10.204663815000174 ], [ -7.844188216999896, 10.202090109000039 ], [ -7.84468938099991, 10.200142398000082 ], [ -7.845997333999946, 10.198586066000075 ], [ -7.847511767999947, 10.197237365000149 ], [ -7.849148270999876, 10.1960321950001 ], [ -7.850653651999835, 10.194623907999983 ], [ -7.851078044999952, 10.192588339000054 ], [ -7.850965008999935, 10.190560766999965 ], [ -7.851810942999919, 10.188736390000145 ], [ -7.853064054999948, 10.187115531000018 ], [ -7.853923326999904, 10.185305608000135 ], [ -7.855015754999954, 10.183538413000178 ], [ -7.856834422999896, 10.182671937000066 ], [ -7.858633049999867, 10.181695335000086 ], [ -7.859162797999886, 10.1797201870001 ], [ -7.859433643999921, 10.177642982000066 ], [ -7.860213769999916, 10.175784671000088 ], [ -7.861299981999821, 10.174103209000066 ], [ -7.862650401999929, 10.172506825000141 ], [ -7.86407614399991, 10.17107607500003 ], [ -7.865691667999897, 10.169875729000012 ], [ -7.867546066999978, 10.168925331000082 ], [ -7.869451049999952, 10.168299793000187 ], [ -7.871430399999838, 10.167957067999964 ], [ -7.873498923999932, 10.167858625000122 ], [ -7.875504020999927, 10.167971807000072 ], [ -7.87752104499998, 10.168161414 ], [ -7.879533784999921, 10.168284597000024 ], [ -7.881541267999921, 10.16833348300014 ], [ -7.8835472909999, 10.168345197000065 ], [ -7.88554765899994, 10.168291636000163 ], [ -7.887628086999939, 10.16813997100013 ], [ -7.889703280999981, 10.167892603999974 ], [ -7.891677853999909, 10.167558850999967 ], [ -7.893639083999915, 10.167140788000154 ], [ -7.895583642999952, 10.166646351000168 ], [ -7.897506250999982, 10.16608350700011 ], [ -7.899391665999929, 10.16541530600017 ], [ -7.901266073999921, 10.164706703999968 ], [ -7.903150539999899, 10.164036249000048 ], [ -7.905082711999967, 10.16350703 ], [ -7.907143097999949, 10.163268806000019 ], [ -7.909034270999882, 10.162616252000021 ], [ -7.910465723999948, 10.161150399000178 ], [ -7.911892888999887, 10.158501636000153 ], [ -7.912683969999819, 10.15664657100001 ], [ -7.914361944999939, 10.155520642000056 ], [ -7.916324619999955, 10.154817427000012 ], [ -7.918273943999964, 10.154340858000126 ], [ -7.920234205999975, 10.153890027000045 ], [ -7.922164423999959, 10.153308951000099 ], [ -7.924071809999873, 10.152593015000036 ], [ -7.92591763899992, 10.151620002000072 ], [ -7.927454955999906, 10.150214502000097 ], [ -7.928704742999969, 10.148613918000024 ], [ -7.930512418999967, 10.147618938000107 ], [ -7.933221799999956, 10.147856397000169 ], [ -7.935228846999905, 10.148457046000033 ], [ -7.937171937999949, 10.149085683000067 ], [ -7.939210404999926, 10.149480787000073 ], [ -7.941198330999839, 10.149706522000031 ], [ -7.943189140999891, 10.14990741500003 ], [ -7.945185651999964, 10.150056386000188 ], [ -7.947187415999963, 10.150161327000092 ], [ -7.949186791999978, 10.150273051000056 ], [ -7.951269144999969, 10.150445469000147 ], [ -7.953277108999941, 10.150658428000099 ], [ -7.955300791999946, 10.150916198000118 ], [ -7.957259654999973, 10.151337162000118 ], [ -7.959176037999953, 10.152056169 ], [ -7.960947058999977, 10.153099560999976 ], [ -7.962507270999822, 10.154354549000118 ], [ -7.963951128999895, 10.155791539000177 ], [ -7.96529389799997, 10.157338201000073 ], [ -7.96677684999986, 10.158806116000108 ], [ -7.968163476999905, 10.160259710000105 ], [ -7.969518128999937, 10.161951481000187 ], [ -7.970564368999874, 10.163632157000166 ], [ -7.970640471999957, 10.163883420000104 ], [ -7.971534732999885, 10.166835942000148 ], [ -7.974122762999968, 10.166080763000082 ], [ -7.977974425999889, 10.164956858999972 ], [ -7.981555924999952, 10.161297398000158 ], [ -7.985792645999936, 10.152940486000091 ], [ -7.987885487999961, 10.147141937000185 ], [ -7.991444605999845, 10.142039786000169 ], [ -8.000145901999929, 10.140104675000032 ], [ -8.005915644999902, 10.136771145000068 ], [ -8.010917676999895, 10.130927109000083 ], [ -8.009063911999817, 10.123870966000027 ], [ -8.007050523999851, 10.116205525000055 ], [ -8.008029946999955, 10.108979942000019 ], [ -8.008948320999934, 10.097791201 ], [ -8.009910589999947, 10.089484492000054 ], [ -8.017889000999901, 10.087919959000033 ], [ -8.050028789999885, 10.073008115999983 ], [ -8.059353838999868, 10.06457593600004 ], [ -8.065238937999936, 10.068810997000071 ], [ -8.0778293649999, 10.059965715000089 ], [ -8.092731460999971, 10.059375700000032 ], [ -8.107928254999933, 10.054455386000086 ], [ -8.113250712999957, 10.046081087000061 ], [ -8.113870628999905, 10.039224631000081 ], [ -8.11262703899996, 10.029511356000114 ], [ -8.112161613999831, 10.023029829000052 ], [ -8.116023998999935, 10.014320127000076 ], [ -8.119909299999961, 10.007051794000063 ], [ -8.124498357999869, 10.001575837000019 ], [ -8.12606429899995, 9.999604293000175 ], [ -8.12673471599993, 9.997685999000055 ], [ -8.127050396999891, 9.995698849000121 ], [ -8.127710339999965, 9.993742427000086 ], [ -8.128655411999944, 9.99188860400011 ], [ -8.129492756999923, 9.990071361000105 ], [ -8.130303372999947, 9.988150915 ], [ -8.13151359799997, 9.986487853000085 ], [ -8.133066179999844, 9.985199065000018 ], [ -8.134844758999918, 9.984252552000157 ], [ -8.136776917999896, 9.983707996000021 ], [ -8.138771062999979, 9.983087013000045 ], [ -8.140514355999869, 9.982055432000095 ], [ -8.142013557999917, 9.980607524000163 ], [ -8.143206584999973, 9.978915444000165 ], [ -8.14382839599989, 9.977008072000046 ], [ -8.143600452999976, 9.974992202000067 ], [ -8.14267728699997, 9.973177413000087 ], [ -8.141379352999934, 9.971551986000179 ], [ -8.139815344999874, 9.970275296000068 ], [ -8.13804530799996, 9.969185355000036 ], [ -8.136220938999941, 9.968333879999989 ], [ -8.13440608999997, 9.967457467000088 ], [ -8.132418632999929, 9.966832607000072 ], [ -8.130128851999814, 9.966573928000059 ], [ -8.128128030999903, 9.967108196000027 ], [ -8.12643909999997, 9.968340461000139 ], [ -8.125186920999909, 9.970007509000027 ], [ -8.123938556999917, 9.971585522000112 ], [ -8.12246322999988, 9.973054400000137 ], [ -8.120756126999936, 9.974240762000079 ], [ -8.118930806999913, 9.975079785000105 ], [ -8.116986286999975, 9.975817015000189 ], [ -8.11495304999994, 9.976076919000036 ], [ -8.113039038999943, 9.975333684000077 ], [ -8.110635761999959, 9.97273839200011 ], [ -8.109895712999844, 9.970805723000183 ], [ -8.10913849699989, 9.968868806000046 ], [ -8.10827062199985, 9.967022560000032 ], [ -8.108381278999957, 9.964972078000017 ], [ -8.108887654999933, 9.962995498000112 ], [ -8.109505664999972, 9.96101495500011 ], [ -8.110032099999955, 9.958999777000145 ], [ -8.110324878999904, 9.956929614000046 ], [ -8.111479745999873, 9.9552731120001 ], [ -8.113248836999901, 9.954180489 ], [ -8.115161882999928, 9.953520411000113 ], [ -8.117236119999916, 9.953534765000086 ], [ -8.119237902999942, 9.953711279000117 ], [ -8.121238715999937, 9.953678303000061 ], [ -8.123232850999955, 9.953495620000126 ], [ -8.12519929799987, 9.953127512000037 ], [ -8.127204880999898, 9.952631521000114 ], [ -8.128834701999949, 9.951339382000072 ], [ -8.12983608199994, 9.949583865000022 ], [ -8.130950924999979, 9.947826604 ], [ -8.132772436999971, 9.946066361000135 ], [ -8.134608274999891, 9.945077399000184 ], [ -8.136533742999973, 9.944519544000116 ], [ -8.138445861999969, 9.943874037000114 ], [ -8.140370364999967, 9.943324064000137 ], [ -8.142423644999951, 9.943108854000116 ], [ -8.144424448999928, 9.943237952000118 ], [ -8.146444319999887, 9.943197803000089 ], [ -8.148431792999929, 9.943514040000082 ], [ -8.149659132999886, 9.945121419000088 ], [ -8.151229865999824, 9.946467827000106 ], [ -8.153182940999955, 9.94715171100006 ], [ -8.155221979999908, 9.946964790000095 ], [ -8.15683463799985, 9.945657077000021 ], [ -8.157340056999942, 9.943641174000106 ], [ -8.156270022999934, 9.941883872000176 ], [ -8.154510485999936, 9.940842237000084 ], [ -8.152640333999898, 9.940053448000072 ], [ -8.150681487999918, 9.939625288000173 ], [ -8.149028775999966, 9.938392750000162 ], [ -8.148358319999886, 9.936470428000064 ], [ -8.147913924999898, 9.934447760000069 ], [ -8.148134238999944, 9.931624213000134 ], [ -8.150057794999839, 9.930930081000042 ], [ -8.152056693999953, 9.930326006000087 ], [ -8.154118512999901, 9.930350526000154 ], [ -8.156146050999894, 9.930229149000183 ], [ -8.157790202999934, 9.928959280000186 ], [ -8.15883256099994, 9.927199772000051 ], [ -8.159307472999899, 9.925211387000104 ], [ -8.158975568999949, 9.923189275000141 ], [ -8.157958049999877, 9.921445780000056 ], [ -8.156787836999968, 9.919720398000095 ], [ -8.154450431999919, 9.916708794000158 ], [ -8.153280222999911, 9.915003655000021 ], [ -8.152601240999957, 9.913081461000104 ], [ -8.15202808499987, 9.911111458000107 ], [ -8.151176471999918, 9.90927074800004 ], [ -8.149750697999934, 9.907768852000117 ], [ -8.147978774999956, 9.90681399500005 ], [ -8.145988460999945, 9.906591170000013 ], [ -8.143980983999938, 9.907024082000135 ], [ -8.142003039999963, 9.907700932000182 ], [ -8.140040391999946, 9.908403443000111 ], [ -8.138221720999979, 9.909247901000185 ], [ -8.136464108999974, 9.910227696000163 ], [ -8.134772294999948, 9.911337127000024 ], [ -8.133337971999936, 9.91279288100003 ], [ -8.131420139999875, 9.913548739000078 ], [ -8.129644402999872, 9.912588200000073 ], [ -8.128940593999971, 9.910691047000057 ], [ -8.129475576999937, 9.908672422999985 ], [ -8.12968636099987, 9.906608084000027 ], [ -8.12925055099987, 9.904642623000029 ], [ -8.127048489999936, 9.90401069 ], [ -8.124981883999908, 9.904120022000029 ], [ -8.123049751999929, 9.903470412000104 ], [ -8.121588689999896, 9.902022922000072 ], [ -8.120431892999932, 9.900368036000089 ], [ -8.119339933999925, 9.89861528800003 ], [ -8.118955627999924, 9.89660506600012 ], [ -8.11896610499997, 9.894575299000167 ], [ -8.118981345999941, 9.892538702000138 ], [ -8.119467743999849, 9.890564746000052 ], [ -8.120686534999948, 9.888923140000088 ], [ -8.122054081999977, 9.887414421000074 ], [ -8.123236650999957, 9.885791391000055 ], [ -8.124197946999971, 9.883963374000075 ], [ -8.124631871999895, 9.88192603400006 ], [ -8.12528993199993, 9.880015926000112 ], [ -8.126610760999938, 9.878464003999966 ], [ -8.128564821999873, 9.877963383 ], [ -8.130530360999899, 9.878531425000119 ], [ -8.132242214999962, 9.879594391000182 ], [ -8.134238242999913, 9.879228250000153 ], [ -8.135850925999932, 9.877944411000044 ], [ -8.137716284999897, 9.875175653000099 ], [ -8.138045295999973, 9.873129809000147 ], [ -8.138689993999947, 9.871173748000047 ], [ -8.139088644999958, 9.869212440000126 ], [ -8.13814257699994, 9.86736404100003 ], [ -8.136767407999912, 9.865880344000118 ], [ -8.135029793999934, 9.864745686 ], [ -8.133159613999908, 9.86386644900017 ], [ -8.131228423999914, 9.863069221000103 ], [ -8.129446983999969, 9.862045561000173 ], [ -8.125998516999914, 9.862389835000045 ], [ -8.124645213999941, 9.86398164000002 ], [ -8.122786511999891, 9.864904238000179 ], [ -8.120792383999913, 9.865251098000101 ], [ -8.118718164999905, 9.865375031000099 ], [ -8.116710661999889, 9.865331244000117 ], [ -8.11470032699998, 9.865304381000158 ], [ -8.112699498999916, 9.865447436000181 ], [ -8.11070821699991, 9.865680440000062 ], [ -8.108736976999978, 9.866023510000048 ], [ -8.105000498999971, 9.867371027000047 ], [ -8.103134145999945, 9.868192297000178 ], [ -8.101078981999876, 9.868560259000049 ], [ -8.099038138999958, 9.868253314000128 ], [ -8.097364420999952, 9.867147844000158 ], [ -8.096376399999883, 9.865400089000048 ], [ -8.095273965999979, 9.863710376000142 ], [ -8.093914997999889, 9.862129289000165 ], [ -8.092693322999878, 9.860542733000159 ], [ -8.09164620599995, 9.858738391999964 ], [ -8.091231345999972, 9.85674426300011 ], [ -8.091914187999919, 9.853634209000177 ], [ -8.095014578999951, 9.851593671999979 ], [ -8.095538152999893, 9.849592115000064 ], [ -8.094556789999899, 9.84778565300013 ], [ -8.093729020999888, 9.845919417000118 ], [ -8.093415268999934, 9.843912497000133 ], [ -8.092803003999904, 9.841993435000177 ], [ -8.094330773999957, 9.840700953000123 ], [ -8.095409407999909, 9.838984993999986 ], [ -8.095866188999878, 9.836970940000185 ], [ -8.095560066999951, 9.833145984000055 ], [ -8.09412383199998, 9.831720313000119 ], [ -8.092629442999964, 9.830318035000118 ], [ -8.091637597999863, 9.828502674999982 ], [ -8.091952315999947, 9.826449089999983 ], [ -8.092673281999907, 9.824568470000031 ], [ -8.092775331999917, 9.822500074000118 ], [ -8.092555029999914, 9.820496236000054 ], [ -8.092052459999877, 9.818548462000024 ], [ -8.091483131999951, 9.816627597000149 ], [ -8.091437331999884, 9.81459183700008 ], [ -8.092051513999934, 9.812671163000175 ], [ -8.092789639999978, 9.810721591000174 ], [ -8.092377652999971, 9.808744288000071 ], [ -8.091531770999893, 9.806897413000115 ], [ -8.092185968999956, 9.804966004999983 ], [ -8.093756676999931, 9.80360763300007 ], [ -8.095863356999928, 9.804962445000058 ], [ -8.096892350999951, 9.80670179100008 ], [ -8.098316178999823, 9.80810853600002 ], [ -8.100236881999933, 9.80882971900013 ], [ -8.103677747999882, 9.807868856000084 ], [ -8.105602265999948, 9.807053630000155 ], [ -8.106986054999879, 9.805531342000165 ], [ -8.107403745999875, 9.803535940000074 ], [ -8.107468609999842, 9.801481664999983 ], [ -8.106965068999898, 9.799546346 ], [ -8.105817799999954, 9.79787866300012 ], [ -8.104208944999868, 9.796612145000154 ], [ -8.102381694999963, 9.795714964000069 ], [ -8.100460060999922, 9.795061353000108 ], [ -8.09873771599996, 9.79403866600012 ], [ -8.097594258999948, 9.792351719000067 ], [ -8.097968119999962, 9.790345705 ], [ -8.099652287999959, 9.789241323000113 ], [ -8.101729386999978, 9.789051241000038 ], [ -8.103775040999949, 9.789308775 ], [ -8.105759616999933, 9.788674036000145 ], [ -8.107177708999927, 9.787204205000137 ], [ -8.108592969999961, 9.785689365000053 ], [ -8.109850871999924, 9.784069896000062 ], [ -8.110264781999888, 9.782085832 ], [ -8.110014937999949, 9.779570010000043 ], [ -8.109610569999973, 9.777547592000076 ], [ -8.108978285999967, 9.775556760000029 ], [ -8.108422261999976, 9.773621092000099 ], [ -8.107892027999981, 9.771674895000046 ], [ -8.107059473999925, 9.769795190000082 ], [ -8.105674754999939, 9.768315745000109 ], [ -8.105170256999941, 9.766339860000187 ], [ -8.105036747999975, 9.764287436000188 ], [ -8.105601308999951, 9.76231462700008 ], [ -8.107069037999906, 9.760866633000035 ], [ -8.108739839999942, 9.759761368000113 ], [ -8.110755925999968, 9.759952937000094 ], [ -8.112703336999971, 9.760480044000076 ], [ -8.11471556999993, 9.760904791000144 ], [ -8.116658187999974, 9.760332659000085 ], [ -8.117285730999981, 9.758394962000068 ], [ -8.116943351999964, 9.756332206000081 ], [ -8.115899094999975, 9.754624663000129 ], [ -8.114616386999899, 9.752989403000186 ], [ -8.113282206999884, 9.751384190000124 ], [ -8.111944200999972, 9.749799296000106 ], [ -8.111776350999946, 9.747720376000018 ], [ -8.112116810999851, 9.745746451000059 ], [ -8.112345685999969, 9.743756183000016 ], [ -8.114101404999928, 9.742769056000157 ], [ -8.115774151999858, 9.741574804000095 ], [ -8.116516118999868, 9.739709739999967 ], [ -8.116558076999979, 9.737622048999981 ], [ -8.116046905999951, 9.735607994000077 ], [ -8.115045545999976, 9.733873864000145 ], [ -8.114084238999908, 9.732080555000152 ], [ -8.114007962999892, 9.730021664000049 ], [ -8.114124279999942, 9.727998178000178 ], [ -8.114129997999953, 9.725922288000163 ], [ -8.114065185999948, 9.723855339000124 ], [ -8.113986970999974, 9.721828013000049 ], [ -8.113810548999936, 9.719799905000116 ], [ -8.113389970999947, 9.717761940000173 ], [ -8.112606985999889, 9.715883706 ], [ -8.111396802999877, 9.714213476 ], [ -8.110028268999883, 9.712702164 ], [ -8.108572951999975, 9.711294635 ], [ -8.108436567999888, 9.709277170000178 ], [ -8.109848958999976, 9.706089938000048 ], [ -8.111492160999944, 9.704895106000151 ], [ -8.112877852999929, 9.703344828000127 ], [ -8.114206334999892, 9.701742470000056 ], [ -8.115467068999919, 9.700129864000019 ], [ -8.116208067999878, 9.698271617000046 ], [ -8.117113105999977, 9.696397402000116 ], [ -8.118197455999905, 9.694623 ], [ -8.119390478999946, 9.692922437000107 ], [ -8.120679866999865, 9.691293643000165 ], [ -8.122028359999945, 9.689707892000115 ], [ -8.123469341999908, 9.688242398 ], [ -8.124303798999961, 9.686353485000154 ], [ -8.122933389999957, 9.684844478000059 ], [ -8.12088584299994, 9.684484285000053 ], [ -8.119806308999955, 9.682744516000071 ], [ -8.120671281999932, 9.680908087999967 ], [ -8.121424660999935, 9.678974217000132 ], [ -8.122228631999917, 9.677062119000027 ], [ -8.123017311999888, 9.675217829000189 ], [ -8.120349888999897, 9.672633401000041 ], [ -8.119099611999957, 9.669921900000134 ], [ -8.117479313999979, 9.668663220000099 ], [ -8.117146476999892, 9.666666727000177 ], [ -8.117809292999937, 9.664774768000029 ], [ -8.119223602999966, 9.663306354000042 ], [ -8.121189133999962, 9.662779191000027 ], [ -8.12298773699996, 9.661873821000086 ], [ -8.122006400999908, 9.660105530000067 ], [ -8.119952197999964, 9.660208268000019 ], [ -8.117898921999881, 9.659965202000024 ], [ -8.116091716999847, 9.658937917000173 ], [ -8.115348806999918, 9.657018483000172 ], [ -8.115053166999871, 9.654951591000042 ], [ -8.114319805999969, 9.653000468000187 ], [ -8.114255918999902, 9.650926739999989 ], [ -8.114984512999968, 9.649010162000025 ], [ -8.116286292999973, 9.647454483000047 ], [ -8.11790847899988, 9.646233054000106 ], [ -8.119660365999948, 9.645187649000036 ], [ -8.121077542999899, 9.643762029000072 ], [ -8.121842371999946, 9.641905744000042 ], [ -8.121615394999822, 9.63857525700007 ], [ -8.121439950999957, 9.63653587500005 ], [ -8.122281066999903, 9.634662694000099 ], [ -8.124122623999881, 9.633777028000168 ], [ -8.125984176999964, 9.632962016000022 ], [ -8.127216328999964, 9.631285748999971 ], [ -8.128480908999961, 9.629620263000049 ], [ -8.130201352999961, 9.62845031300003 ], [ -8.132009502999892, 9.627548235 ], [ -8.133996950999915, 9.62697348100005 ], [ -8.135994892999975, 9.627270305000138 ], [ -8.13806916599998, 9.627371130000029 ], [ -8.139966015999903, 9.626598348000016 ], [ -8.141201019999926, 9.624962580000044 ], [ -8.141471850999949, 9.622899708000091 ], [ -8.140868177999948, 9.620989547000022 ], [ -8.139804842999979, 9.61923603300005 ], [ -8.138468725999928, 9.617637498000079 ], [ -8.136863687999892, 9.616345930000136 ], [ -8.135078442999884, 9.61535099200006 ], [ -8.134655957999939, 9.613372771000058 ], [ -8.136437421999972, 9.611684969 ], [ -8.137210839999909, 9.609825220000062 ], [ -8.138118734999978, 9.607942072000071 ], [ -8.138847355999872, 9.606007535000117 ], [ -8.139165858999945, 9.603983375000155 ], [ -8.13924789399988, 9.601900792000038 ], [ -8.139369008999893, 9.599815375999981 ], [ -8.139624582999886, 9.597829323000099 ], [ -8.140050886999973, 9.595796807000113 ], [ -8.140787105999891, 9.593867803000023 ], [ -8.141868603999853, 9.592148781000105 ], [ -8.142748839999854, 9.590314498000112 ], [ -8.142933832999972, 9.588261931000034 ], [ -8.142606754999974, 9.586263159 ], [ -8.142019274999882, 9.584326824000129 ], [ -8.14085006199997, 9.582700974000034 ], [ -8.13905525499996, 9.581769187000134 ], [ -8.137307166999904, 9.580753347000098 ], [ -8.136131285999966, 9.579052102000105 ], [ -8.135083204999944, 9.577333181000085 ], [ -8.134103764999963, 9.575577193000129 ], [ -8.133304599999917, 9.573664221000115 ], [ -8.132780067999875, 9.571391265000159 ], [ -8.132678027999873, 9.569311395 ], [ -8.132803896999974, 9.567287841000109 ], [ -8.133628846999954, 9.565396968000073 ], [ -8.135196684999926, 9.564140449000092 ], [ -8.136755950999941, 9.5628288690001 ], [ -8.137866969999948, 9.561164649000091 ], [ -8.138694774999976, 9.559328930000163 ], [ -8.139254579999943, 9.55731923500008 ], [ -8.139554023999835, 9.555298759000038 ], [ -8.139562605999913, 9.553219523000109 ], [ -8.13937661499989, 9.551205115000073 ], [ -8.139076228999897, 9.549199158000135 ], [ -8.138944632999937, 9.547164795000072 ], [ -8.138680457999953, 9.545160550000105 ], [ -8.138154984999971, 9.543169181000053 ], [ -8.137164097999971, 9.541413328000033 ], [ -8.135716445999833, 9.539991970000187 ], [ -8.13426114799995, 9.53857071300007 ], [ -8.133164419999957, 9.536854689000052 ], [ -8.132707579999931, 9.53482961300017 ], [ -8.133184412999924, 9.532833544000141 ], [ -8.1342725639999, 9.528921645000025 ], [ -8.133159636999949, 9.527209223000114 ], [ -8.131238000999929, 9.52659559600005 ], [ -8.129592902999946, 9.525425991000134 ], [ -8.127938267999923, 9.52417992400018 ], [ -8.125964147999923, 9.523498323000183 ], [ -8.124326722999967, 9.52231842599997 ], [ -8.12308692299996, 9.520702413000151 ], [ -8.122587211999928, 9.517531332000033 ], [ -8.123536117999947, 9.515696132000073 ], [ -8.124740608999957, 9.514038508000056 ], [ -8.125496862999967, 9.512183622000066 ], [ -8.125164022999968, 9.510203975000138 ], [ -8.124706285999935, 9.508172100000138 ], [ -8.124066360999905, 9.506275804000097 ], [ -8.123196598999925, 9.50437725 ], [ -8.122097968999867, 9.502612703000125 ], [ -8.120848644999967, 9.50105084300003 ], [ -8.119742379999934, 9.499316800000031 ], [ -8.119103416999963, 9.497344995000049 ], [ -8.118444456999896, 9.495374605000052 ], [ -8.117463132999887, 9.493549727000072 ], [ -8.116332995999926, 9.491796853000153 ], [ -8.115185751999945, 9.490065621000099 ], [ -8.113985055999876, 9.488372331000164 ], [ -8.11274623099996, 9.486703241000043 ], [ -8.111491213999955, 9.485043389000055 ], [ -8.110243799999864, 9.48337890900018 ], [ -8.109023104999949, 9.481698259000041 ], [ -8.106713283999966, 9.478461154000115 ], [ -8.105704311999943, 9.476655738000147 ], [ -8.104958538999881, 9.474703424999973 ], [ -8.104301459999874, 9.472809507000136 ], [ -8.103486069999917, 9.470911136000041 ], [ -8.102360721999958, 9.469179473000167 ], [ -8.100975990999871, 9.467618281000171 ], [ -8.099398625999925, 9.466366250000021 ], [ -8.098487869999929, 9.464567227000146 ], [ -8.098272305999899, 9.462500140000088 ], [ -8.097528471999908, 9.460578156 ], [ -8.09587098399993, 9.459382444000028 ], [ -8.09394360899995, 9.458580362000077 ], [ -8.092123989999948, 9.457630271000085 ], [ -8.091215148999879, 9.455780484000059 ], [ -8.090458889999923, 9.45392734700016 ], [ -8.089591987999881, 9.452042019000089 ], [ -8.088555349999922, 9.450242500000172 ], [ -8.087586386999931, 9.448405946000094 ], [ -8.086780553999972, 9.44649042500015 ], [ -8.086236937999956, 9.444563773000084 ], [ -8.085326177999889, 9.4420223730001 ], [ -8.083453181999914, 9.441258242 ], [ -8.081409464999922, 9.440791117 ], [ -8.079548828999975, 9.439931599000147 ], [ -8.077787395999906, 9.438959119000117 ], [ -8.075858125999957, 9.436027452000133 ], [ -8.074906353999893, 9.434251947000064 ], [ -8.074117671999943, 9.432377772000109 ], [ -8.073254569999847, 9.430475379000029 ], [ -8.07211209799982, 9.428826509000032 ], [ -8.07048513299992, 9.427595193000116 ], [ -8.068722711999953, 9.42660517600018 ], [ -8.066929801999947, 9.425645999000096 ], [ -8.06512928699982, 9.424592861 ], [ -8.063447949999954, 9.42337410000016 ], [ -8.061882984999897, 9.421998768000037 ], [ -8.060338030999958, 9.420606801000076 ], [ -8.058812137999894, 9.419191455000032 ], [ -8.057279575999928, 9.417784640000093 ], [ -8.055719366999881, 9.416406370000061 ], [ -8.054144872999927, 9.415046878000055 ], [ -8.052417768999931, 9.413586496 ], [ -8.050821306999978, 9.412250383000014 ], [ -8.049213417999908, 9.410929626000097 ], [ -8.047593126999971, 9.409623115000102 ], [ -8.046074879999935, 9.408317380000142 ], [ -8.044569014999979, 9.40698723600002 ], [ -8.04295160099997, 9.405666563000068 ], [ -8.04124451399997, 9.404492470000037 ], [ -8.039375308999922, 9.403590467000072 ], [ -8.037476539999943, 9.402734493000139 ], [ -8.03576851899993, 9.40153333600017 ], [ -8.034337027999868, 9.40004997799997 ], [ -8.033213610999837, 9.398313262000158 ], [ -8.032247533999907, 9.396550070000103 ], [ -8.03120613599998, 9.39480597000005 ], [ -8.030241006999972, 9.393050071000175 ], [ -8.028800027999978, 9.391616924000175 ], [ -8.026760085999911, 9.391803714000162 ], [ -8.02486705799987, 9.392502633000163 ], [ -8.022881518999895, 9.392047102000049 ], [ -8.021392805999938, 9.390647818000105 ], [ -8.020187361999945, 9.389029332000121 ], [ -8.016754144999823, 9.388709253000172 ], [ -8.007192619999955, 9.391387053000074 ], [ -7.99892807599997, 9.395318110000176 ], [ -7.985444060999953, 9.392331108000121 ], [ -7.978436955999882, 9.394655033999982 ], [ -7.962767127999939, 9.395511350000163 ], [ -7.95704840999997, 9.398451638000097 ], [ -7.94658373599998, 9.405273209000029 ], [ -7.938885681999977, 9.404109869000081 ], [ -7.92838907599986, 9.408707640000102 ], [ -7.92136241299994, 9.409759634000068 ], [ -7.910092838999901, 9.414194922000092 ], [ -7.908438662999913, 9.415352547 ], [ -7.906630037999946, 9.416378250999969 ], [ -7.904679302999909, 9.417086524000069 ], [ -7.902634137999883, 9.417433881000079 ], [ -7.900556566999853, 9.417403117000049 ], [ -7.89855100699998, 9.417151637000188 ], [ -7.896550194999918, 9.416855010000063 ], [ -7.894478784999933, 9.416590898999971 ], [ -7.892407890999948, 9.416328457000134 ], [ -7.890329834999932, 9.416151729999967 ], [ -7.888244647999898, 9.41607311000007 ], [ -7.886155620999887, 9.416051992000064 ], [ -7.884066587999882, 9.416046071000039 ], [ -7.881978978999882, 9.416028289000167 ], [ -7.879891379999947, 9.416026830000135 ], [ -7.877803811999968, 9.416040569000131 ], [ -7.875716193999949, 9.416068944000074 ], [ -7.873628609999912, 9.416110263000178 ], [ -7.870089536999899, 9.416209974000026 ], [ -7.868003373999954, 9.416285605000155 ], [ -7.86591767699997, 9.416379809000091 ], [ -7.863832472999945, 9.416481881000038 ], [ -7.861747269999967, 9.416579435000131 ], [ -7.859661100999915, 9.416651638000133 ], [ -7.857659814999977, 9.416625194000062 ], [ -7.855659496999863, 9.416604921999976 ], [ -7.853574269999967, 9.416659612000103 ], [ -7.851495730999943, 9.416843209999968 ], [ -7.84920597699994, 9.417619565 ], [ -7.84880970599994, 9.41510222200003 ], [ -7.848173149999923, 9.413148748000026 ], [ -7.848334772999976, 9.411069910000151 ], [ -7.848730562999947, 9.409026158000131 ], [ -7.849298002999944, 9.407025114000135 ], [ -7.849951752999914, 9.405054996000047 ], [ -7.850641734999897, 9.403097340000045 ], [ -7.851341721999916, 9.401213913000106 ], [ -7.851848600999915, 9.399215966000099 ], [ -7.851854312999876, 9.397166328000139 ], [ -7.851567272999944, 9.395175929 ], [ -7.851625457999944, 9.391297414000178 ], [ -7.852171899999973, 9.389280338000106 ], [ -7.853035442999897, 9.387394114000188 ], [ -7.853972914999929, 9.385538987000075 ], [ -7.854487885999902, 9.38354375900019 ], [ -7.854818324999883, 9.381488536000063 ], [ -7.855175497999937, 9.379435765000096 ], [ -7.855638993999946, 9.377468856000178 ], [ -7.856230749999952, 9.375549199000034 ], [ -7.857079988999885, 9.373660935000146 ], [ -7.858251107999877, 9.371968244000129 ], [ -7.859665852999967, 9.370432767000182 ], [ -7.8611111539999, 9.369047852000108 ], [ -7.86253784999991, 9.367544886000076 ], [ -7.863740929999892, 9.365924997999969 ], [ -7.86462165699993, 9.364048144000151 ], [ -7.864931566999928, 9.362002246000145 ], [ -7.864615448999871, 9.360019603000126 ], [ -7.864388468999834, 9.357991227000184 ], [ -7.865587231999882, 9.355063280000138 ], [ -7.866907117999858, 9.353445184000179 ], [ -7.868371009999919, 9.352074680000101 ], [ -7.869653703999916, 9.350455408000073 ], [ -7.870666986999822, 9.348634777000143 ], [ -7.871761784999876, 9.346866547000047 ], [ -7.872832300999903, 9.345086259000027 ], [ -7.87383319099996, 9.343260736000047 ], [ -7.874729166999941, 9.341467641000065 ], [ -7.875517352999964, 9.339538572000095 ], [ -7.876086230999931, 9.33755280500003 ], [ -7.876429081999959, 9.335513812000158 ], [ -7.876554500999873, 9.333434994000072 ], [ -7.876605046999885, 9.331350444000122 ], [ -7.876522074999968, 9.32926942000006 ], [ -7.876215456999887, 9.32722357800003 ], [ -7.87567568899982, 9.325232763000088 ], [ -7.874926578999919, 9.323288197000124 ], [ -7.874098775999926, 9.321465263000107 ], [ -7.873221879999903, 9.319585533 ], [ -7.872280601999933, 9.3177348480001 ], [ -7.872790334999934, 9.315262035000046 ], [ -7.873630988999935, 9.312124433000122 ], [ -7.874152660999926, 9.310102714000095 ], [ -7.874667177999868, 9.308150388000058 ], [ -7.874907501999928, 9.30612069700004 ], [ -7.87451935099989, 9.304141304000154 ], [ -7.873805992999905, 9.302264386000104 ], [ -7.873100264999891, 9.300369329999967 ], [ -7.872621067999944, 9.298409199999981 ], [ -7.872380727999939, 9.296339888000034 ], [ -7.872558099999878, 9.294278945000087 ], [ -7.873274333999973, 9.292364994000138 ], [ -7.874620439999887, 9.290789460000155 ], [ -7.87618732999988, 9.289449770000147 ], [ -7.877734172999965, 9.288173449000112 ], [ -7.879315383999881, 9.286817787000075 ], [ -7.880650042999889, 9.285235650000175 ], [ -7.881665240999951, 9.283429166000076 ], [ -7.882282264999958, 9.281467578000161 ], [ -7.882678975999909, 9.279503938 ], [ -7.883191096999838, 9.277481821000151 ], [ -7.884250624999936, 9.274604938000039 ], [ -7.884986413999968, 9.272661453000069 ], [ -7.88562916199993, 9.270682063000095 ], [ -7.886331561999953, 9.268731153000147 ], [ -7.887242302999937, 9.266881050999984 ], [ -7.888350967999884, 9.265124577000165 ], [ -7.889505388999964, 9.263386632000163 ], [ -7.890544419999912, 9.261591117000023 ], [ -7.891434210999932, 9.259717088000116 ], [ -7.892281517999947, 9.25782110900019 ], [ -7.893147480999914, 9.255931636000071 ], [ -7.894061089999923, 9.254069119000064 ], [ -7.894993290999878, 9.252213673000028 ], [ -7.895940315999894, 9.250367040000071 ], [ -7.896902565999937, 9.24852752400011 ], [ -7.897886764999953, 9.246699541000112 ], [ -7.898882853999908, 9.244875905000072 ], [ -7.899878490999981, 9.24305340300009 ], [ -7.900862677999953, 9.241225990000146 ], [ -7.901824008999938, 9.239386499000091 ], [ -7.902724729999932, 9.23751854600016 ], [ -7.904160008999952, 9.234304235000025 ], [ -7.904991609999968, 9.232402872000023 ], [ -7.905833235999978, 9.230504190000147 ], [ -7.906700605999902, 9.228619805000108 ], [ -7.907618526999897, 9.226760081000066 ], [ -7.908598900999948, 9.22492992500014 ], [ -7.909598336999863, 9.223110214000144 ], [ -7.910596856999973, 9.22128882800007 ], [ -7.911604385999908, 9.219552947000068 ], [ -7.91262293199992, 9.217814664 ], [ -7.913358218999917, 9.215916893000099 ], [ -7.913562777999971, 9.213885551999965 ], [ -7.913419260999888, 9.211874746000035 ], [ -7.913196551999931, 9.209874034000052 ], [ -7.912961478999932, 9.207811524000135 ], [ -7.912616264999883, 9.205762911000022 ], [ -7.91216657699988, 9.20373318500009 ], [ -7.911639683999908, 9.201728732999982 ], [ -7.911037932999932, 9.199745016000065 ], [ -7.910350319999907, 9.197785562000149 ], [ -7.909597414999951, 9.195846711000058 ], [ -7.908165913999824, 9.192228237000108 ], [ -7.907359614999905, 9.190312629000061 ], [ -7.906452657999978, 9.188447960000076 ], [ -7.905438897999943, 9.186633184000016 ], [ -7.904306870999903, 9.184884794000141 ], [ -7.903028000999882, 9.183250496000085 ], [ -7.901601782999933, 9.181757898000058 ], [ -7.900043498999935, 9.180379751000146 ], [ -7.898483768999938, 9.179122166000127 ], [ -7.896911134999925, 9.1778737570001 ], [ -7.895360009999933, 9.176488152000104 ], [ -7.893807401999823, 9.17510199000003 ], [ -7.892249110999956, 9.173724342000071 ], [ -7.89067887799996, 9.172358674000066 ], [ -7.889092433999963, 9.171014056000161 ], [ -7.887497418999885, 9.169674048000161 ], [ -7.885888566999824, 9.168349987000113 ], [ -7.884254914999929, 9.167058923000013 ], [ -7.882590763999815, 9.165811637000047 ], [ -7.880981923999911, 9.16458443300013 ], [ -7.87937260699988, 9.163243988000147 ], [ -7.876216403999877, 9.160801642000024 ], [ -7.874504094999963, 9.159692962000122 ], [ -7.872659677999934, 9.158735339000032 ], [ -7.870751390999942, 9.158053484 ], [ -7.86877012399998, 9.157707236000135 ], [ -7.86521815499998, 9.157774791000122 ], [ -7.863283145999958, 9.158285896000052 ], [ -7.861417777999975, 9.159207316999982 ], [ -7.859876153999949, 9.160581836000119 ], [ -7.858491407999963, 9.16204438300008 ], [ -7.856800071999885, 9.163235565000036 ], [ -7.854953763999902, 9.164215308000053 ], [ -7.85312175599995, 9.1652156990001 ], [ -7.851445671999898, 9.166437089000112 ], [ -7.849862111999869, 9.167787375000103 ], [ -7.848350535999941, 9.169228523000129 ], [ -7.846954834999963, 9.170663044000094 ], [ -7.845486656999981, 9.172146990000101 ], [ -7.844037041999911, 9.17364702500015 ], [ -7.842655182999977, 9.175203052000029 ], [ -7.84109688399991, 9.177190747999987 ], [ -7.839963913999895, 9.178919777000146 ], [ -7.838924410999937, 9.180716286 ], [ -7.837930206999943, 9.18254543 ], [ -7.836156843999845, 9.185720265999976 ], [ -7.8327417349999, 9.183787451 ], [ -7.830953590999911, 9.182721257000082 ], [ -7.829190254999958, 9.181614152000066 ], [ -7.827453135999917, 9.180465553000147 ], [ -7.824857704999943, 9.178645024000048 ], [ -7.823180667999907, 9.17740826000005 ], [ -7.821524149999959, 9.176144727000064 ], [ -7.81988620899989, 9.174856144000103 ], [ -7.818207747999963, 9.173700487000133 ], [ -7.816470614999901, 9.172577715000159 ], [ -7.814803596999923, 9.171398216000171 ], [ -7.813212397999962, 9.170054304000189 ], [ -7.811856261999935, 9.168542731000059 ], [ -7.810843934999923, 9.166801201000055 ], [ -7.810124400999939, 9.164858007000021 ], [ -7.809495442999946, 9.162945716000138 ], [ -7.808773029999941, 9.161076356000024 ], [ -7.807980527999973, 9.159237785000016 ], [ -7.807029722999914, 9.157390608000071 ], [ -7.805896273999849, 9.155669240000122 ], [ -7.804531574999885, 9.15411658000005 ], [ -7.803051001999961, 9.152643199000124 ], [ -7.801597593999873, 9.151144092000152 ], [ -7.79964350399996, 9.148889311000175 ], [ -7.79830264099985, 9.147302479000189 ], [ -7.799810408999974, 9.145988306000049 ], [ -7.801010605999977, 9.144350304000056 ], [ -7.801260939999906, 9.141741740000043 ], [ -7.800301640999976, 9.139256827000054 ], [ -7.800114156999882, 9.137755548000086 ], [ -7.799858572999881, 9.135684991000119 ], [ -7.799361229999931, 9.133704964000174 ], [ -7.798486717999879, 9.131856134000145 ], [ -7.797334674999945, 9.130115766000188 ], [ -7.796052454999938, 9.128535997000142 ], [ -7.794670104999852, 9.127022898000064 ], [ -7.793313976999912, 9.125530289000153 ], [ -7.791906839999911, 9.123996649000048 ], [ -7.790419582999959, 9.122538427000052 ], [ -7.788871754999889, 9.121146914000064 ], [ -7.787269581999908, 9.119817519000151 ], [ -7.785606388999895, 9.118563852000079 ], [ -7.783861152999975, 9.117414360000168 ], [ -7.781987672999946, 9.116000040000017 ], [ -7.780600066999909, 9.114444645000049 ], [ -7.779657836999945, 9.112628703000041 ], [ -7.779095165999934, 9.110695637000163 ], [ -7.778597354999931, 9.108727344000101 ], [ -7.777866355999947, 9.106803808000109 ], [ -7.776591776999908, 9.105214205000152 ], [ -7.775124554999934, 9.103852497999981 ], [ -7.77357338999991, 9.102552169000148 ], [ -7.772131446999879, 9.101164751999988 ], [ -7.770579337999891, 9.099770317000036 ], [ -7.768939486999955, 9.098502104000147 ], [ -7.767186638999931, 9.097387489000027 ], [ -7.765332224999895, 9.096426884000039 ], [ -7.763491158999898, 9.095636251000087 ], [ -7.761538977999919, 9.094911856000124 ], [ -7.759550092999859, 9.09430118 ], [ -7.757531161999964, 9.093765258000076 ], [ -7.755590433999885, 9.093273939000028 ], [ -7.753658773999916, 9.092754317000185 ], [ -7.751734262999946, 9.092209795000088 ], [ -7.749566555999934, 9.091542220000179 ], [ -7.747609619999821, 9.09083750700006 ], [ -7.745718475999922, 9.089983168000174 ], [ -7.743874539999865, 9.089016633000028 ], [ -7.742052075999879, 9.08799853000005 ], [ -7.740227223999966, 9.086981570000148 ], [ -7.738417626999819, 9.086125549000087 ], [ -7.736551765999877, 9.085368853000034 ], [ -7.734644414999821, 9.084520274000056 ], [ -7.732854359999919, 9.083505622000132 ], [ -7.731271748999916, 9.082190749000119 ], [ -7.729800230999842, 9.08071439500003 ], [ -7.728423590999967, 9.079251448000036 ], [ -7.727009772999963, 9.077834049999979 ], [ -7.725478642999917, 9.076419852000015 ], [ -7.723832136999931, 9.075156458000151 ], [ -7.722065445999874, 9.074050128000067 ], [ -7.720211505999941, 9.073146076000057 ], [ -7.718787194999891, 9.070641796000132 ], [ -7.719246987999895, 9.070040246000133 ], [ -7.720792290999952, 9.068018767000126 ], [ -7.722608093999952, 9.066994529999988 ], [ -7.724257459999876, 9.065431504000173 ], [ -7.725742824999941, 9.063972589000173 ], [ -7.727489466999941, 9.062840489000109 ], [ -7.729370588999927, 9.062093751000134 ], [ -7.731339459999901, 9.061726778000093 ], [ -7.734480385999916, 9.06185905000018 ], [ -7.736461643999974, 9.062335969000117 ], [ -7.738384255999904, 9.062938725000095 ], [ -7.740330225999969, 9.063683722000178 ], [ -7.742180345999941, 9.064443472000164 ], [ -7.744132992999937, 9.06518102800004 ], [ -7.746153358999948, 9.065648918000022 ], [ -7.748143672999959, 9.065859120000027 ], [ -7.750215044999834, 9.066135306000149 ], [ -7.752242560999889, 9.066639123000186 ], [ -7.754229070999941, 9.067288269000073 ], [ -7.756157390999874, 9.068086346000086 ], [ -7.757564122999952, 9.068860432 ], [ -7.757918837999966, 9.069055621000075 ], [ -7.759779448999893, 9.069959919000155 ], [ -7.761776440999938, 9.070421241000133 ], [ -7.763862130999939, 9.070555719000026 ], [ -7.767009744999882, 9.070423320000032 ], [ -7.769007206999959, 9.070307624000066 ], [ -7.771088118999899, 9.070118705000141 ], [ -7.773168570999928, 9.069922457000075 ], [ -7.775247576999959, 9.069795520000127 ], [ -7.777325143999917, 9.069861285000172 ], [ -7.779401784999891, 9.07006734600003 ], [ -7.781477918999883, 9.070298192000166 ], [ -7.78355789099993, 9.070475448000082 ], [ -7.78556251599997, 9.070570855000085 ], [ -7.787570486999869, 9.070606483000176 ], [ -7.789576538999938, 9.070570007000185 ], [ -7.791574471999866, 9.070449675000134 ], [ -7.793649191999918, 9.070221837000133 ], [ -7.795702462999827, 9.069873697000105 ], [ -7.797686108999926, 9.069506744000023 ], [ -7.799627777999888, 9.069001170000149 ], [ -7.801513189999923, 9.068193209000128 ], [ -7.803211205999901, 9.067045152000105 ], [ -7.804695608999964, 9.065700456000059 ], [ -7.806086536999942, 9.064215573000013 ], [ -7.807664861999967, 9.062412148000135 ], [ -7.808960910999929, 9.060885696000128 ], [ -7.810437681999929, 9.059479689000057 ], [ -7.812140457999931, 9.058404805000123 ], [ -7.814020163999942, 9.057595205999974 ], [ -7.815947060999918, 9.057012596000106 ], [ -7.817965500999946, 9.056567932000064 ], [ -7.821578983999814, 9.055974883000147 ], [ -7.826303478999932, 9.058534555000165 ], [ -7.836364272999958, 9.069527865999987 ], [ -7.840768344999844, 9.064066005000086 ], [ -7.842520248999847, 9.051644337000084 ], [ -7.844673154999896, 9.045258579000063 ], [ -7.852205740999977, 9.034669183000119 ], [ -7.857581146999962, 9.03014781700017 ], [ -7.871634941999957, 9.029006850000144 ], [ -7.887303843999973, 9.029115888000092 ], [ -7.895358094999949, 9.009937476000118 ], [ -7.916219240999851, 8.992176968000024 ], [ -7.925910572999953, 8.984698943000069 ], [ -7.932987215999901, 8.979238464000048 ], [ -7.933225163999964, 8.97319599400015 ], [ -7.923400881999953, 8.955845814999975 ], [ -7.927388185999973, 8.943396806000123 ], [ -7.922555910999961, 8.940600624000069 ], [ -7.916717989999881, 8.934320571000114 ], [ -7.918247710999822, 8.9292145390001 ], [ -7.92645834599989, 8.92179576400008 ], [ -7.93744229899994, 8.906710593000071 ], [ -7.932938590999981, 8.90454594400012 ], [ -7.925248131999922, 8.903058913999985 ], [ -7.920689091999918, 8.896761677000029 ], [ -7.910992134999901, 8.88862587400007 ], [ -7.912500864999856, 8.881931042000133 ], [ -7.926475515999869, 8.875389839000093 ], [ -7.930603965999978, 8.873427258000163 ], [ -7.932125101999873, 8.867686094000135 ], [ -7.934494025999982, 8.853669929000148 ], [ -7.93598985299991, 8.846021783000083 ], [ -7.943662155999959, 8.846238059000029 ], [ -7.953591815999971, 8.848013876000152 ], [ -7.955756193999889, 8.842581470000084 ], [ -7.954301369999939, 8.824866466000174 ], [ -7.954305184999839, 8.822279191000064 ], [ -7.954061045999879, 8.820275390000063 ], [ -7.953496468999958, 8.818346799000096 ], [ -7.952406863999954, 8.816664542000126 ], [ -7.950782295999943, 8.815385903999982 ], [ -7.94909383199996, 8.814225262999969 ], [ -7.947621333999962, 8.812755323000033 ], [ -7.946355826999877, 8.81110182000009 ], [ -7.945162771999946, 8.809399471 ], [ -7.943955909999829, 8.807701238000107 ], [ -7.94273136399994, 8.806008297000119 ], [ -7.94157884599997, 8.804277219000028 ], [ -7.940580361999935, 8.802468059000091 ], [ -7.939734929999815, 8.800565621000089 ], [ -7.93920613899985, 8.798559307000176 ], [ -7.939155096999968, 8.796499953000136 ], [ -7.939636702999962, 8.794476410000129 ], [ -7.940220352999916, 8.792536024000128 ], [ -7.940715303999923, 8.790597932000026 ], [ -7.940759184999933, 8.78857733000018 ], [ -7.940289482999958, 8.786614173000032 ], [ -7.938920497999902, 8.785153464000018 ], [ -7.935177335999924, 8.784998672000029 ], [ -7.933112613999981, 8.784858450000115 ], [ -7.931085091999819, 8.784416917000101 ], [ -7.929224020999925, 8.783472963000179 ], [ -7.927706720999879, 8.782042291000096 ], [ -7.926588538999908, 8.780289797000023 ], [ -7.92565964299996, 8.77843003900017 ], [ -7.924682621999978, 8.77660188599998 ], [ -7.923465260999933, 8.774920514000144 ], [ -7.922406191999812, 8.773202138000045 ], [ -7.921433454999885, 8.771416717000022 ], [ -7.920028687999832, 8.769981121000114 ], [ -7.918195238999829, 8.769176402000028 ], [ -7.916187781999895, 8.768670251000174 ], [ -7.912886137999919, 8.768567968000127 ], [ -7.910861964999981, 8.768800530000021 ], [ -7.908817752999937, 8.769135308000045 ], [ -7.906790263999937, 8.769641675000059 ], [ -7.904860977999931, 8.770188444000098 ], [ -7.902947426999958, 8.770769928000107 ], [ -7.900944231999972, 8.771352571000079 ], [ -7.8986444599999, 8.771797101000061 ], [ -7.896561161999955, 8.771898545000113 ], [ -7.894481169999949, 8.77203937000013 ], [ -7.892481333999967, 8.772341951000044 ], [ -7.890653143999941, 8.77327831600013 ], [ -7.889313711999876, 8.774812808000092 ], [ -7.888519296999959, 8.776727811 ], [ -7.887917984999945, 8.778656083000044 ], [ -7.887111181999899, 8.780514917 ], [ -7.885909543999958, 8.782165369000154 ], [ -7.884252548999882, 8.783405978000019 ], [ -7.882426274999943, 8.784281475000114 ], [ -7.880471714999885, 8.785011033000046 ], [ -7.878518586999917, 8.785453815000096 ], [ -7.876451024999938, 8.785651322000035 ], [ -7.874451626999871, 8.785724558000027 ], [ -7.872388844999932, 8.786026205000042 ], [ -7.870348920999959, 8.786474020000071 ], [ -7.868293767999944, 8.786643157000071 ], [ -7.866219509999894, 8.78648070700018 ], [ -7.864233480999872, 8.786157669999966 ], [ -7.86222697099987, 8.785946995000074 ], [ -7.858600131999879, 8.78556513000018 ], [ -7.857540621999874, 8.783826150000152 ], [ -7.85714052599991, 8.78180597700009 ], [ -7.856574537999961, 8.77988596900019 ], [ -7.855856409999888, 8.7779290470001 ], [ -7.854969504999872, 8.776059928000109 ], [ -7.854094017999898, 8.774240233000057 ], [ -7.853102679999949, 8.772424841000145 ], [ -7.851849541999911, 8.770789150000098 ], [ -7.850163930999884, 8.769567467000172 ], [ -7.848180296999885, 8.769099468000093 ], [ -7.846138469999971, 8.76938038000003 ], [ -7.844286458999875, 8.770200820000071 ], [ -7.842298512999946, 8.77075652000002 ], [ -7.840211862999979, 8.770670652000035 ], [ -7.838228236999896, 8.770365980000065 ], [ -7.836194507999949, 8.769912639000097 ], [ -7.834279532999858, 8.769333815000039 ], [ -7.832330700999819, 8.768774003000033 ], [ -7.830367573999922, 8.768207601000086 ], [ -7.828490252999927, 8.767340922000074 ], [ -7.826118940999947, 8.76503373700001 ], [ -7.824796676999938, 8.763493416000017 ], [ -7.823995583999931, 8.761640491000094 ], [ -7.823677544999896, 8.759583629000076 ], [ -7.823014728999965, 8.757610048000117 ], [ -7.822411066999905, 8.755670638000083 ], [ -7.821144109999977, 8.754028158000096 ], [ -7.81929159099991, 8.753181349000101 ], [ -7.81754017399993, 8.754148537000162 ], [ -7.815599450999969, 8.754902915000059 ], [ -7.8136224779999, 8.755431257000055 ], [ -7.811708923999845, 8.756061325000189 ], [ -7.810130126999866, 8.757404345999987 ], [ -7.80903578199991, 8.759097833000055 ], [ -7.807483677999926, 8.760460798000111 ], [ -7.805668839999953, 8.761355528000081 ], [ -7.803731918999915, 8.761899109000183 ], [ -7.801678648999939, 8.762117380000063 ], [ -7.799656397999968, 8.762121146000027 ], [ -7.797620777999896, 8.762324523000018 ], [ -7.795572277999952, 8.762725816000113 ], [ -7.793374540999935, 8.76301743900018 ], [ -7.791359903999876, 8.762910633000047 ], [ -7.789530274999947, 8.762055485000189 ], [ -7.787834164999936, 8.760971002000076 ], [ -7.785889153999904, 8.760374217000162 ], [ -7.783813960999908, 8.760496321000119 ], [ -7.782137385999931, 8.761606137000115 ], [ -7.780683038999939, 8.763080494000178 ], [ -7.779148095999858, 8.764493895000101 ], [ -7.777519709999865, 8.76578452300015 ], [ -7.775806427999953, 8.766827748000026 ], [ -7.773792753999942, 8.767199770000104 ], [ -7.771741866999889, 8.767025150000052 ], [ -7.769740100999911, 8.766898352000055 ], [ -7.767814634999866, 8.766196988000104 ], [ -7.766754150999873, 8.764497515000073 ], [ -7.766877649999969, 8.76245289100018 ], [ -7.767311091999943, 8.760438157000124 ], [ -7.766755099999955, 8.758475367000074 ], [ -7.766793253999822, 8.756441963000043 ], [ -7.771348960999887, 8.750598947000128 ], [ -7.772443297999928, 8.748579259000167 ], [ -7.775582788999827, 8.741529242000126 ], [ -7.780917168999963, 8.733528057000058 ], [ -7.780518062999874, 8.730648298000062 ], [ -7.772132866999925, 8.726786337000021 ], [ -7.764495364999959, 8.724718863000021 ], [ -7.756151677999981, 8.724103068000147 ], [ -7.750000000999876, 8.724900929000171 ], [ -7.745420134999961, 8.725323465000088 ], [ -7.744659359999957, 8.72539385000016 ], [ -7.740949631999968, 8.725735564 ], [ -7.734907152999881, 8.725738470000067 ], [ -7.735660550999967, 8.721931242000039 ], [ -7.735930925999924, 8.7199185180001 ], [ -7.735567086999936, 8.717879347000064 ], [ -7.734392163999928, 8.7144996560001 ], [ -7.733756057999926, 8.712532055000111 ], [ -7.733583459999977, 8.710458931000176 ], [ -7.73299740899995, 8.708481683000173 ], [ -7.735512255999936, 8.69695206800003 ], [ -7.735715858999981, 8.684326037000119 ], [ -7.732033259999866, 8.679683733000047 ], [ -7.727983949999953, 8.674684708000029 ], [ -7.721362591999821, 8.666831850999984 ], [ -7.716951372999972, 8.661837603000151 ], [ -7.713980678999917, 8.656103057000109 ], [ -7.707042208999951, 8.651861039000153 ], [ -7.700149053999894, 8.651225227000111 ], [ -7.692521570999929, 8.64987588300005 ], [ -7.685506819999944, 8.649572612000043 ], [ -7.677391049999926, 8.63917822500008 ], [ -7.667985919999978, 8.627846794000163 ], [ -7.659843922999869, 8.615227591000064 ], [ -7.661997797999845, 8.608523563000119 ], [ -7.667354103999912, 8.602418005000175 ], [ -7.680235384999889, 8.584773025 ], [ -7.690225595999948, 8.565892132000045 ], [ -7.689816478999944, 8.558584435000114 ], [ -7.690053936999959, 8.55190451600015 ], [ -7.67963218299991, 8.535496747000138 ], [ -7.655020715999967, 8.500935445000096 ], [ -7.654067994999934, 8.498924321000175 ], [ -7.653262135999853, 8.497001597000065 ], [ -7.652615549999894, 8.495104009999977 ], [ -7.652183535999939, 8.493070855999974 ], [ -7.652148247999946, 8.491019429000175 ], [ -7.652678971999933, 8.489068304000114 ], [ -7.653823846999956, 8.487324544000046 ], [ -7.654706950999923, 8.485461066000084 ], [ -7.654997348999871, 8.483400115000165 ], [ -7.655224803999886, 8.48132808400004 ], [ -7.65513753699986, 8.479272778000166 ], [ -7.654688836999924, 8.477237005000063 ], [ -7.654385092999973, 8.475176957000144 ], [ -7.654411316999813, 8.473174955000047 ], [ -7.654919145999884, 8.471173964000116 ], [ -7.655922883999892, 8.469362037000053 ], [ -7.657279010999957, 8.467772445000151 ], [ -7.658683775999975, 8.466242009000155 ], [ -7.660176277999938, 8.464792237000097 ], [ -7.661734576999891, 8.463409303000105 ], [ -7.663436415999968, 8.462228088000131 ], [ -7.666198725999891, 8.459427569000127 ], [ -7.66648721699994, 8.457443313999988 ], [ -7.666356088999919, 8.455367148 ], [ -7.665944571999887, 8.453408164000109 ], [ -7.665557859999979, 8.451368297000158 ], [ -7.665116787999978, 8.449338655000076 ], [ -7.664613721999842, 8.447324966 ], [ -7.664045808999902, 8.445328953000171 ], [ -7.663234227999908, 8.443401212000083 ], [ -7.662381648999883, 8.441573135000056 ], [ -7.662344935999954, 8.439503717000093 ], [ -7.663664813999844, 8.437919675000103 ], [ -7.66499519599995, 8.436332692000178 ], [ -7.665913103999969, 8.43446660800015 ], [ -7.66661023599994, 8.432501722000097 ], [ -7.667157647999829, 8.430490724000151 ], [ -7.667442317999928, 8.428430451000111 ], [ -7.667582511999967, 8.426390496000181 ], [ -7.667339326999922, 8.424326932000156 ], [ -7.666554453999936, 8.422483394000039 ], [ -7.665249822999954, 8.420860177000122 ], [ -7.662349224999957, 8.418379072999983 ], [ -7.660710337999888, 8.417210624000063 ], [ -7.65920209899997, 8.415850700000135 ], [ -7.658268447999831, 8.41407368800003 ], [ -7.657653333999917, 8.412170602000117 ], [ -7.657445088999907, 8.411411172000157 ], [ -7.657112602999916, 8.410198441000091 ], [ -7.656453135999925, 8.408286292000071 ], [ -7.655501368999921, 8.406512289000091 ], [ -7.65432023999989, 8.404893154000149 ], [ -7.652813913999978, 8.403520747000016 ], [ -7.651021477999905, 8.402530415000172 ], [ -7.649116988999879, 8.401818096999989 ], [ -7.646811956999954, 8.399975522000034 ], [ -7.645436284999903, 8.398408784000083 ], [ -7.644182202999957, 8.396762830000171 ], [ -7.643045897999912, 8.395017419000055 ], [ -7.642086976999963, 8.393167339000115 ], [ -7.641462325999896, 8.391206796000176 ], [ -7.641147132999947, 8.389149614000132 ], [ -7.640752314999872, 8.387105767000037 ], [ -7.640136717999894, 8.385199772000021 ], [ -7.639233584999886, 8.383332100000189 ], [ -7.638057706999916, 8.381619229000137 ], [ -7.636602401999937, 8.380120971000167 ], [ -7.634934420999969, 8.378902472000163 ], [ -7.633213994999892, 8.377878441000064 ], [ -7.631451129999959, 8.376878002000126 ], [ -7.629633907999903, 8.375852828000063 ], [ -7.62806272499995, 8.374572841000088 ], [ -7.628462320999972, 8.371826431000045 ], [ -7.630056382999953, 8.370602828000187 ], [ -7.632067674999917, 8.370464242000082 ], [ -7.634066106999967, 8.37055572800017 ], [ -7.637556550999932, 8.370049199999983 ], [ -7.639423847999979, 8.371002179000072 ], [ -7.641288755999938, 8.37176244 ], [ -7.642871857999978, 8.370390721000092 ], [ -7.644212243999959, 8.36878855100008 ], [ -7.646056176999934, 8.367874177999965 ], [ -7.64923191299988, 8.367341969000108 ], [ -7.651098249999961, 8.368168099000059 ], [ -7.652186392999909, 8.369921405000184 ], [ -7.652455333999967, 8.371950361000188 ], [ -7.653281685999957, 8.373827906000031 ], [ -7.654801366999948, 8.375183871000047 ], [ -7.656639573999882, 8.375981540000055 ], [ -7.658662314999901, 8.37623094900016 ], [ -7.660022738999942, 8.374664578000136 ], [ -7.660920137999938, 8.372848402000159 ], [ -7.662423125999965, 8.371451100000172 ], [ -7.664214135999885, 8.370557006000126 ], [ -7.666270733999966, 8.370188921000135 ], [ -7.668275361999918, 8.37046161100011 ], [ -7.670865056999958, 8.371863429000086 ], [ -7.67253064699986, 8.373041185000034 ], [ -7.674336431999961, 8.374074130000167 ], [ -7.676103109999929, 8.375037086000077 ], [ -7.678033825999933, 8.374213974000156 ], [ -7.679522983999846, 8.372853992000103 ], [ -7.680931090999934, 8.371421715000167 ], [ -7.682507036999937, 8.370146920000082 ], [ -7.685653686999956, 8.370261129000028 ], [ -7.687558641999829, 8.371061219000183 ], [ -7.68927668699996, 8.372099630000037 ], [ -7.691154472999813, 8.3729056520001 ], [ -7.693210121999812, 8.373142088000122 ], [ -7.695237161999842, 8.373166975000117 ], [ -7.697235107999859, 8.373287430000062 ], [ -7.699310301999958, 8.373457668000128 ], [ -7.701385493999965, 8.37362958500006 ], [ -7.703465931999972, 8.373770435000154 ], [ -7.705538747999981, 8.373961516000065 ], [ -7.707506648999924, 8.374371348000068 ], [ -7.709459789999869, 8.374972369000147 ], [ -7.712788584999942, 8.375510158000111 ], [ -7.71477269799982, 8.375039012000059 ], [ -7.716659550999964, 8.37430587200015 ], [ -7.718550680999954, 8.373574929000142 ], [ -7.720447539999952, 8.372877159000154 ], [ -7.722357754999905, 8.372274452000113 ], [ -7.724377626999967, 8.37186820800008 ], [ -7.726454262999937, 8.371739636000086 ], [ -7.728455067999903, 8.371895958000039 ], [ -7.730408663999981, 8.372331759000133 ], [ -7.732342239999923, 8.372957116000066 ], [ -7.734379289999822, 8.374182448000056 ], [ -7.735791197999845, 8.375641793000113 ], [ -7.736847875999956, 8.377364033000106 ], [ -7.737626550999892, 8.37928006300001 ], [ -7.738204008999901, 8.381285847000072 ], [ -7.738919264999936, 8.383239820000028 ], [ -7.739875790999918, 8.385090583000135 ], [ -7.741069781999954, 8.386779579000063 ], [ -7.742520802999934, 8.388268254000025 ], [ -7.743972296999971, 8.389776069 ], [ -7.745296479999922, 8.391288790000033 ], [ -7.746428973999912, 8.393659721000176 ], [ -7.746111864999875, 8.395657661000087 ], [ -7.745634080999878, 8.397660359999975 ], [ -7.745457164999891, 8.399738313000057 ], [ -7.745861061999904, 8.401742199000125 ], [ -7.747116091999942, 8.403375741000104 ], [ -7.748340136999957, 8.405051344000128 ], [ -7.749491211999896, 8.406780222000179 ], [ -7.750655643999949, 8.408502732000045 ], [ -7.751873017999969, 8.410190783000189 ], [ -7.75306080799993, 8.41189665100012 ], [ -7.754173273999868, 8.413646809000113 ], [ -7.755213738999885, 8.415454177000129 ], [ -7.75582123099997, 8.41738342400015 ], [ -7.755738732999873, 8.419388088000062 ], [ -7.755559914999935, 8.421419841000045 ], [ -7.755880343999877, 8.423435957000095 ], [ -7.756794444999855, 8.425299491000089 ], [ -7.75792694699993, 8.427024009000093 ], [ -7.759225846999925, 8.428649017999987 ], [ -7.760533340999928, 8.430166291000035 ], [ -7.762986656999885, 8.433309833000067 ], [ -7.764070508999964, 8.435003343000062 ], [ -7.764755734999881, 8.436910741000133 ], [ -7.764862063999885, 8.438981825000099 ], [ -7.764895923999973, 8.44099913600013 ], [ -7.765301225999906, 8.443030515000032 ], [ -7.765876294999885, 8.44502939400013 ], [ -7.766573901999948, 8.446990151000136 ], [ -7.767353055999934, 8.448904268000149 ], [ -7.768233783999904, 8.450781078000148 ], [ -7.769174573999919, 8.45263573800014 ], [ -7.770132542999875, 8.454485672000089 ], [ -7.771059981999883, 8.456348369000125 ], [ -7.771917342999927, 8.458237833000112 ], [ -7.772756566999931, 8.460135401000116 ], [ -7.773576261999892, 8.462041653000085 ], [ -7.774371618999965, 8.463959466000063 ], [ -7.774925239999959, 8.465889248 ], [ -7.776154032999841, 8.467534105000141 ], [ -7.778159613999946, 8.46805269000015 ], [ -7.780121319999978, 8.468479959000035 ], [ -7.781904705999921, 8.469541581000158 ], [ -7.783635616999902, 8.470566647000055 ], [ -7.785441404999915, 8.4714854180001 ], [ -7.787032127999908, 8.472736428000076 ], [ -7.788177965999921, 8.474464487000148 ], [ -7.788918024999873, 8.476360359000182 ], [ -7.789229863999935, 8.478362910000044 ], [ -7.790174478999916, 8.480143569000177 ], [ -7.792212012999926, 8.480375418999984 ], [ -7.794242861999919, 8.480068138000092 ], [ -7.796169285999895, 8.479313645000104 ], [ -7.797988896999925, 8.47837566000004 ], [ -7.799841403999892, 8.477575304000027 ], [ -7.801825523999923, 8.477205465999987 ], [ -7.803858284999876, 8.477477884000166 ], [ -7.805280209999921, 8.478939320000109 ], [ -7.806161404999955, 8.480757868000126 ], [ -7.806949617999976, 8.482638406000092 ], [ -7.807942392999962, 8.484404292000022 ], [ -7.809183114999939, 8.485987938000164 ], [ -7.810768606999943, 8.487335183000141 ], [ -7.812609187999897, 8.488287687000081 ], [ -7.814663418999942, 8.488598058000093 ], [ -7.818112842999881, 8.487012726000046 ], [ -7.818975929999908, 8.485200816000031 ], [ -7.819550509999942, 8.483236417000114 ], [ -7.820404525999891, 8.481372790000023 ], [ -7.820987217999971, 8.479397027000061 ], [ -7.820494645999872, 8.477436831000034 ], [ -7.819491866999954, 8.475627741000096 ], [ -7.818970209999975, 8.473657755000033 ], [ -7.82068585899998, 8.472520982 ], [ -7.822674739999968, 8.472018039000034 ], [ -7.824634069999888, 8.471552640000027 ], [ -7.826104630999964, 8.470145077000154 ], [ -7.825991146999911, 8.468131187000154 ], [ -7.825521462999973, 8.466145366000092 ], [ -7.82474326199997, 8.4642191370001 ], [ -7.823876378999898, 8.462395411000045 ], [ -7.823050492999869, 8.460557086000051 ], [ -7.822414391999928, 8.458574995000106 ], [ -7.821911815999897, 8.456559137000113 ], [ -7.821541787999934, 8.454519101000074 ], [ -7.821329122999941, 8.452461345000188 ], [ -7.821222784999918, 8.450117191 ], [ -7.821164605999968, 8.448034426000106 ], [ -7.821113103999892, 8.445947634999982 ], [ -7.820878501999857, 8.443901977000053 ], [ -7.82007884199993, 8.442040193000025 ], [ -7.819187639999939, 8.44021728000007 ], [ -7.818744652999953, 8.438178123 ], [ -7.819097039999974, 8.436120718000041 ], [ -7.819974415999923, 8.434233759000165 ], [ -7.821261408999931, 8.432586841000159 ], [ -7.822808258999828, 8.431276458000184 ], [ -7.824295047999897, 8.429847936000101 ], [ -7.825087542999938, 8.427978371000052 ], [ -7.825629232999916, 8.426037530000144 ], [ -7.82638167399989, 8.424102546000086 ], [ -7.827614790999974, 8.422500812000067 ], [ -7.829282757999977, 8.421304442000178 ], [ -7.831207748999873, 8.420702671000072 ], [ -7.833662501999981, 8.420929881 ], [ -7.83560560799998, 8.421433253000089 ], [ -7.837632182999869, 8.421791354000163 ], [ -7.839695933999906, 8.421761368000148 ], [ -7.843469605999871, 8.421380097000167 ], [ -7.845448001999955, 8.421068879000131 ], [ -7.847426887999916, 8.420721027000127 ], [ -7.849406244999898, 8.420366400000034 ], [ -7.851385604999905, 8.420043877000069 ], [ -7.853456981999955, 8.419830067000134 ], [ -7.855528342999946, 8.419615683000188 ], [ -7.857597814999906, 8.41938666600015 ], [ -7.859663482999963, 8.419131207000078 ], [ -7.861722935999978, 8.41883468900005 ], [ -7.864106652999965, 8.416894158000161 ], [ -7.867251859999953, 8.417876524000064 ], [ -7.869172579999884, 8.417307898000104 ], [ -7.871311509999941, 8.417843573000084 ], [ -7.872056016999977, 8.41938583600006 ], [ -7.872916231999852, 8.421266366000054 ], [ -7.872791301999882, 8.423324771000125 ], [ -7.872095592999813, 8.425212815000179 ], [ -7.871740798999951, 8.427263941000092 ], [ -7.872704977999945, 8.429107677000047 ], [ -7.875525000999971, 8.431064632000016 ], [ -7.877361291999932, 8.431950464000124 ], [ -7.879311566999831, 8.43241515700015 ], [ -7.881252758999949, 8.431828721000102 ], [ -7.883199197999886, 8.431154330000027 ], [ -7.88526629699993, 8.431436696999981 ], [ -7.88702393899996, 8.432440065000094 ], [ -7.888491643999885, 8.433843643000046 ], [ -7.890152455999839, 8.435035793000054 ], [ -7.892100805999917, 8.435516202000144 ], [ -7.894137854999883, 8.435305386000095 ], [ -7.895786759999908, 8.434079195000152 ], [ -7.897627817999933, 8.433187477999979 ], [ -7.899640552999927, 8.433638313000074 ], [ -7.900675785999965, 8.435442136000063 ], [ -7.900859363999928, 8.437439144000052 ], [ -7.900638569999956, 8.439490229000057 ], [ -7.899947155999882, 8.441440740000075 ], [ -7.899164688999974, 8.443293810000057 ], [ -7.898525698999947, 8.445268457000111 ], [ -7.899106980999818, 8.447254287000135 ], [ -7.902458649999915, 8.448186833000022 ], [ -7.904441347999921, 8.447915207000108 ], [ -7.906374473999904, 8.447382242000117 ], [ -7.909571634999963, 8.446487503000071 ], [ -7.910548693999885, 8.448338741000157 ], [ -7.910603987999934, 8.45034577500013 ], [ -7.910092349999957, 8.452362754000092 ], [ -7.909169204999955, 8.454226611000024 ], [ -7.908269409999946, 8.456016381000154 ], [ -7.907797805999905, 8.457975403000091 ], [ -7.906416407999927, 8.459428724000134 ], [ -7.904404153999963, 8.459872019000159 ], [ -7.902389042999971, 8.46016887400009 ], [ -7.900526527999943, 8.460902084 ], [ -7.898942931999898, 8.462256537000087 ], [ -7.897874821999835, 8.463976888000047 ], [ -7.897885816999917, 8.465977755000154 ], [ -7.898675928999921, 8.467887147000056 ], [ -7.899738323999941, 8.469598756000153 ], [ -7.90089987999994, 8.471228552000184 ], [ -7.902111047999938, 8.472904472000096 ], [ -7.903080003999833, 8.47465441200012 ], [ -7.904342160999818, 8.476739784000188 ], [ -7.90557909599994, 8.478364087000045 ], [ -7.906886101999874, 8.479935669000042 ], [ -7.906630023999924, 8.481987760000095 ], [ -7.905599103999975, 8.483739785000012 ], [ -7.905868526999882, 8.485733990000085 ], [ -7.907174604999966, 8.487254304000089 ], [ -7.908785353999917, 8.488531908000141 ], [ -7.910608786999887, 8.489508809000029 ], [ -7.912488466999889, 8.490283875000046 ], [ -7.914370070999951, 8.491045947000032 ], [ -7.916230691999885, 8.491826298000035 ], [ -7.917995918999964, 8.492893450000054 ], [ -7.919434074999913, 8.494379902000105 ], [ -7.920524597999929, 8.496156914000039 ], [ -7.921235578999926, 8.49808519100003 ], [ -7.92179058399995, 8.500072335000084 ], [ -7.92303990399995, 8.501658598000176 ], [ -7.924975408999956, 8.502393978999976 ], [ -7.927009117999887, 8.502214392000155 ], [ -7.928591230999871, 8.500910504999979 ], [ -7.92990207299988, 8.499318825000103 ], [ -7.932504174999906, 8.496975062000104 ], [ -7.934365745999912, 8.49605856800008 ], [ -7.936352738999915, 8.495426077000104 ], [ -7.938334955999949, 8.495064593 ], [ -7.940350529999932, 8.494897583000068 ], [ -7.942351346999942, 8.494810178000023 ], [ -7.944438927999897, 8.494881639000141 ], [ -7.946497440999963, 8.49518216000007 ], [ -7.948515427999951, 8.495692170000154 ], [ -7.951941979999958, 8.496684993000144 ], [ -7.954450124999937, 8.497154918000035 ], [ -7.95646761099988, 8.497068347999971 ], [ -7.958393085999944, 8.496444432000033 ], [ -7.960436828999946, 8.496039247 ], [ -7.962483409999891, 8.495652044000053 ], [ -7.964509964999877, 8.495168764000027 ], [ -7.966481682999927, 8.494492406000177 ], [ -7.967949855999905, 8.493078375000152 ], [ -7.968462003999946, 8.491062016000058 ], [ -7.969048035999947, 8.489074007000113 ], [ -7.969338407999885, 8.487083581000093 ], [ -7.969904901999939, 8.485154408000085 ], [ -7.971664906999933, 8.484132088000081 ], [ -7.97489024499987, 8.484200701000134 ], [ -7.976944445999948, 8.484637447000068 ], [ -7.978917123999906, 8.485141690000091 ], [ -7.980855954999925, 8.485883493000131 ], [ -7.982702719999963, 8.486697434000064 ], [ -7.9845709679999, 8.487449689000016 ], [ -7.986481646999891, 8.488089296000112 ], [ -7.988508681999917, 8.488566302000152 ], [ -7.990578666999966, 8.488719989000174 ], [ -7.992571352999903, 8.488532752000026 ], [ -7.99446485999988, 8.487874763000036 ], [ -7.996261601999947, 8.486861464000128 ], [ -7.998123650999958, 8.486069812000153 ], [ -8.000163079999936, 8.48622891399998 ], [ -8.002058027999965, 8.486952561000123 ], [ -8.00384331499987, 8.487876998000104 ], [ -8.005715363999968, 8.48864484700016 ], [ -8.007539757999893, 8.489492151000093 ], [ -8.010646834999875, 8.491665146 ], [ -8.012534135999886, 8.492486819000078 ], [ -8.014464376999967, 8.491684637000105 ], [ -8.016525254999976, 8.49143612600011 ], [ -8.019247994999944, 8.491497295999977 ], [ -8.021252644999947, 8.491713602000118 ], [ -8.023258213999895, 8.49188144600015 ], [ -8.025272371999961, 8.492038466 ], [ -8.027279850999946, 8.492266528000073 ], [ -8.029268270999978, 8.492581563999977 ], [ -8.031227114999979, 8.49300117000007 ], [ -8.033228881999946, 8.493569464000018 ], [ -8.035171496999908, 8.494289458000083 ], [ -8.037022583999942, 8.495064694000121 ], [ -8.038826924999967, 8.495963870000082 ], [ -8.040460566999911, 8.49721501300013 ], [ -8.041611656999976, 8.498889195000118 ], [ -8.043140419999872, 8.5002222170001 ], [ -8.045201296999949, 8.500560981000035 ], [ -8.047473971999977, 8.501010185999974 ], [ -8.048872953999933, 8.502011992000121 ], [ -8.052041996999947, 8.503837839000084 ], [ -8.054050453999935, 8.50387646400003 ], [ -8.055970178999871, 8.503123226000014 ], [ -8.057559964999939, 8.501856688000032 ], [ -8.059051520999901, 8.500507510000148 ], [ -8.060696604999976, 8.499269537000146 ], [ -8.062372225999979, 8.498085232999983 ], [ -8.064177504999918, 8.497041730000092 ], [ -8.066059113999927, 8.496345290000022 ], [ -8.068124784999952, 8.496481678000123 ], [ -8.07007790199998, 8.49692646800014 ], [ -8.072098729999936, 8.497333754000067 ], [ -8.074167231999866, 8.497278016000109 ], [ -8.076027855999882, 8.496395956000129 ], [ -8.077559487999963, 8.495064817000014 ], [ -8.0786762379999, 8.49340456200008 ], [ -8.080340392999915, 8.492252478000125 ], [ -8.082193382999947, 8.491438656000128 ], [ -8.083976727999868, 8.490361040000153 ], [ -8.085523599999874, 8.488962116000039 ], [ -8.086685176999879, 8.487286638000114 ], [ -8.087541571999964, 8.485381994000079 ], [ -8.088440903999867, 8.483176049000122 ], [ -8.089580542999897, 8.481476649000172 ], [ -8.091506973999969, 8.480892206000021 ], [ -8.093592628999886, 8.480711728000017 ], [ -8.095601067999951, 8.480189272000132 ], [ -8.097382524999944, 8.479113360000099 ], [ -8.099019994999878, 8.477964428000121 ], [ -8.10087585499997, 8.47710041800002 ], [ -8.102276791999941, 8.478572790000158 ], [ -8.103220940999904, 8.480345681000017 ], [ -8.104409226999906, 8.481971753000096 ], [ -8.106322302999956, 8.482741290000092 ], [ -8.108359326999903, 8.482730883000045 ], [ -8.110125527999912, 8.481757059000131 ], [ -8.11327267899992, 8.480094922000148 ], [ -8.115264896999975, 8.479614269000081 ], [ -8.117266653999877, 8.479752400000052 ], [ -8.119228348999911, 8.480321866000111 ], [ -8.120945916999915, 8.481380539000043 ], [ -8.12209035199993, 8.483068472000184 ], [ -8.122920033999947, 8.484923295000044 ], [ -8.124162667999883, 8.486578943000097 ], [ -8.125961304999976, 8.4875869440001 ], [ -8.127981183999907, 8.487916790000043 ], [ -8.129958138999882, 8.487324744000091 ], [ -8.131489760999955, 8.48603631800006 ], [ -8.132787703999895, 8.484411959000056 ], [ -8.134027452999874, 8.482812020999972 ], [ -8.135393155999907, 8.481230697000058 ], [ -8.137002924999877, 8.479946874000177 ], [ -8.141296363999913, 8.479438541000093 ], [ -8.142678286999967, 8.480981878000023 ], [ -8.143390651999937, 8.482907417999968 ], [ -8.14369487599987, 8.484946474000139 ], [ -8.143719666999971, 8.486974018000183 ], [ -8.143657655999903, 8.489024111000106 ], [ -8.144772505999867, 8.490752279999981 ], [ -8.146761914999956, 8.491197855000166 ], [ -8.148855207999873, 8.490988801000128 ], [ -8.150810234999938, 8.490518585000132 ], [ -8.152887344999897, 8.490322117 ], [ -8.154912974999831, 8.490331864000041 ], [ -8.156892777999929, 8.490653056000156 ], [ -8.158837280999876, 8.491379594000023 ], [ -8.160590136999872, 8.492509609000024 ], [ -8.161785092999821, 8.494137505000026 ], [ -8.16275981299998, 8.495986810000034 ], [ -8.163965213999973, 8.497590333000119 ], [ -8.165888802999973, 8.498288929000182 ], [ -8.167939185999899, 8.498488588999976 ], [ -8.17108916899997, 8.498940513000093 ], [ -8.173147223999877, 8.499264488000165 ], [ -8.175115601999948, 8.499723665000033 ], [ -8.177166953999915, 8.499933391000184 ], [ -8.179209673999935, 8.499575604000142 ], [ -8.181160945999977, 8.499064172000089 ], [ -8.183069264999972, 8.498246414000107 ], [ -8.184633251999969, 8.496867325000153 ], [ -8.185115781999912, 8.494855101000098 ], [ -8.185570726999913, 8.492831421000176 ], [ -8.186148669999966, 8.490842705000091 ], [ -8.186882944999866, 8.488902021000115 ], [ -8.187769891999892, 8.487031945000126 ], [ -8.188787458999968, 8.485222633000149 ], [ -8.189830760999939, 8.483424242000126 ], [ -8.19080546899994, 8.481588479000038 ], [ -8.191666598999973, 8.479697924000163 ], [ -8.192023277999908, 8.477727946000073 ], [ -8.192363746999945, 8.475730031000069 ], [ -8.193595873999925, 8.474137485000085 ], [ -8.195263878999981, 8.472994109000183 ], [ -8.197127310999974, 8.472063227000035 ], [ -8.209933307999961, 8.462317462000044 ], [ -8.222415001999934, 8.465009792999979 ], [ -8.229752518999874, 8.464911425000025 ], [ -8.234473202999936, 8.460082296000053 ], [ -8.236866960999919, 8.448295690000066 ], [ -8.237727185999972, 8.417467267000063 ], [ -8.231537843999888, 8.40801833800009 ], [ -8.226025607999873, 8.401420524000059 ], [ -8.228569037999932, 8.391447936000077 ], [ -8.227242446999924, 8.389849565000077 ], [ -8.226001751999945, 8.388177968000036 ], [ -8.224955582999883, 8.386401299 ], [ -8.22413064999995, 8.384497807000116 ], [ -8.223846431999959, 8.382442422000111 ], [ -8.223106353999924, 8.380534978000014 ], [ -8.221460309999884, 8.378048878000016 ], [ -8.220452341999874, 8.376237877000051 ], [ -8.219547273999979, 8.37437257400012 ], [ -8.218708017999973, 8.372475423000139 ], [ -8.21794222799997, 8.370548013000132 ], [ -8.217217443999914, 8.368604850000054 ], [ -8.2164096919999, 8.366698254000028 ], [ -8.215380680999942, 8.364888049000115 ], [ -8.214285884999924, 8.3631096740001 ], [ -8.213234921999913, 8.361315508000189 ], [ -8.21225487199996, 8.359241107000059 ], [ -8.211674657999879, 8.357502084000146 ], [ -8.211195018999888, 8.355481314000087 ], [ -8.210780110999963, 8.353432658000031 ], [ -8.21049783999996, 8.351450945000124 ], [ -8.210407284999917, 8.349376608000171 ], [ -8.210578941999927, 8.347324153000102 ], [ -8.21101000799996, 8.345300937000047 ], [ -8.211637512999914, 8.343307229000061 ], [ -8.212266909999869, 8.341323072000137 ], [ -8.212991712999951, 8.339370883000186 ], [ -8.21388625599991, 8.337396751000085 ], [ -8.214914333999957, 8.335595981000097 ], [ -8.216089267999962, 8.333976843000073 ], [ -8.217098200999942, 8.332198854000126 ], [ -8.217597025999908, 8.330212495000012 ], [ -8.217868836999912, 8.328224061000185 ], [ -8.218237886999816, 8.32625124000009 ], [ -8.219191572999932, 8.324400791000187 ], [ -8.220152863999886, 8.322569953000084 ], [ -8.220799438999904, 8.320635715000094 ], [ -8.220715521999978, 8.31863677400014 ], [ -8.21996878899995, 8.316778317000114 ], [ -8.218806282999935, 8.315043571000103 ], [ -8.217777265999871, 8.313313253000103 ], [ -8.21747206799995, 8.311287930000162 ], [ -8.217821153999978, 8.309234860000117 ], [ -8.218235965999838, 8.307203450000031 ], [ -8.218997950999892, 8.305299804000128 ], [ -8.218381912999916, 8.303353455000092 ], [ -8.216869368999937, 8.301935218999972 ], [ -8.215572341999973, 8.300376749000179 ], [ -8.21437833799996, 8.298662070000148 ], [ -8.213110926999889, 8.295193777000179 ], [ -8.213250125999934, 8.293145146000029 ], [ -8.213802354999814, 8.291139527000098 ], [ -8.214290633999894, 8.289128555000161 ], [ -8.214480402999868, 8.287071946000083 ], [ -8.214511885999968, 8.284993199000098 ], [ -8.214399310999909, 8.282931542000142 ], [ -8.214244841999914, 8.280848472000116 ], [ -8.214309665999963, 8.27876196800014 ], [ -8.214911458999836, 8.27680019800016 ], [ -8.216169380999929, 8.275185709000084 ], [ -8.217608480999957, 8.273765366000077 ], [ -8.219093312999973, 8.272309515000131 ], [ -8.220654481999929, 8.27093149600006 ], [ -8.222284342999956, 8.269630281000104 ], [ -8.223975198999881, 8.268411603 ], [ -8.225720384999931, 8.267273857000021 ], [ -8.227489484999865, 8.266198297000017 ], [ -8.229310992999956, 8.265202567000074 ], [ -8.231169690999877, 8.264263217000121 ], [ -8.233048424999936, 8.263354569000114 ], [ -8.242097852999848, 8.242992174999983 ], [ -8.239694620999956, 8.229997829000069 ], [ -8.227192874999901, 8.22507773600006 ], [ -8.207638726999903, 8.217389322000031 ], [ -8.202806459999863, 8.213639314000091 ], [ -8.188988672999926, 8.20555799400006 ], [ -8.184131615999945, 8.199901761000035 ], [ -8.171486838999897, 8.183859712000071 ], [ -8.163802125999894, 8.181415775000119 ], [ -8.145583181999882, 8.17815396900005 ], [ -8.127470015999904, 8.183151317000181 ], [ -8.117167460999951, 8.185561430000178 ], [ -8.113658900999894, 8.184600732000092 ], [ -8.111686689999942, 8.183953336000172 ], [ -8.109746946999962, 8.183206398000038 ], [ -8.107847229999891, 8.182357003000163 ], [ -8.105991357999926, 8.181410736000146 ], [ -8.104181278999874, 8.180381652000051 ], [ -8.102537154999936, 8.179187694000063 ], [ -8.100919720999968, 8.177964101000157 ], [ -8.099186895999935, 8.176860784999974 ], [ -8.097240442999976, 8.176156074 ], [ -8.095235831999958, 8.175927975000093 ], [ -8.093235006999976, 8.17598929400009 ], [ -8.091181737999875, 8.176230360000147 ], [ -8.089198119999878, 8.176543188000096 ], [ -8.087524403999964, 8.174994695000123 ], [ -8.085664762999954, 8.174068607000038 ], [ -8.083771700999876, 8.17320318700007 ], [ -8.081859572999974, 8.172374601000058 ], [ -8.079998953999905, 8.171640534000176 ], [ -8.07807349899997, 8.170841375 ], [ -8.076221472999919, 8.16991793699998 ], [ -8.074451435999947, 8.168823368000119 ], [ -8.072816856999964, 8.167536721000147 ], [ -8.071385380999914, 8.166037434000032 ], [ -8.070079812999893, 8.164422787000092 ], [ -8.068842874999973, 8.162756016000117 ], [ -8.066833506999956, 8.159975322999969 ], [ -8.065594666999971, 8.158309113000143 ], [ -8.064371095999945, 8.156726620000029 ], [ -8.062834734999967, 8.155316435000145 ], [ -8.060784329999933, 8.155054306000068 ], [ -8.058774952999954, 8.155071006000185 ], [ -8.056709294999905, 8.15483269900011 ], [ -8.054643647999967, 8.154592690000015 ], [ -8.052576999999872, 8.154352119000123 ], [ -8.050579072999938, 8.153952411000091 ], [ -8.048661231999972, 8.153277402000128 ], [ -8.04534338499991, 8.153332892000094 ], [ -8.044591921999881, 8.15519641100019 ], [ -8.044411655999909, 8.157235290000187 ], [ -8.044585222999956, 8.159244408000177 ], [ -8.044911386999956, 8.161301747000152 ], [ -8.045439727999963, 8.163284464000128 ], [ -8.045948027999941, 8.165246026000091 ], [ -8.046187395999937, 8.167259383000101 ], [ -8.045643819999896, 8.16919522600017 ], [ -8.044130335999967, 8.17054955600014 ], [ -8.040634140999884, 8.176302145000136 ], [ -8.034299837999981, 8.179877273000159 ], [ -8.029166208999868, 8.177398889000074 ], [ -8.020511637999959, 8.174010101000022 ], [ -8.024190908999969, 8.187630847000094 ], [ -8.023007376999942, 8.194954840000094 ], [ -8.01794433699996, 8.198195298000144 ], [ -8.007830604999981, 8.180206977000068 ], [ -8.00142861799992, 8.178379252000127 ], [ -7.995085697999912, 8.181318160000103 ], [ -7.990050308999855, 8.186784006000096 ], [ -7.985960015999979, 8.1912839740001 ], [ -7.977628236999919, 8.194159555000056 ], [ -7.972486982999897, 8.188093987000059 ], [ -7.973381047999965, 8.185255250000068 ], [ -7.974390014999869, 8.183436337000103 ], [ -7.975479603999872, 8.1816626210001 ], [ -7.976604447999875, 8.179917200000034 ], [ -7.977781770999854, 8.178207182999984 ], [ -7.979040614999917, 8.176643179000109 ], [ -7.980416305999938, 8.175145328000042 ], [ -7.982517720999908, 8.172633063000148 ], [ -7.983522403999928, 8.170868860000098 ], [ -7.984337316999927, 8.167741620000129 ], [ -7.98474214599986, 8.165706571000101 ], [ -7.985094057999845, 8.163663729000177 ], [ -7.985400204999962, 8.161611314000083 ], [ -7.985695367999938, 8.159559036000076 ], [ -7.986000524999952, 8.15750607300015 ], [ -7.986285691999853, 8.155450542000153 ], [ -7.986547482999924, 8.153393047000179 ], [ -7.986783017999869, 8.151331934000098 ], [ -7.986990437999964, 8.149268353000139 ], [ -7.987165921999917, 8.147201787000029 ], [ -7.987307548999922, 8.145133949000183 ], [ -7.987433426999871, 8.143060673000036 ], [ -7.987675665999916, 8.141051305000076 ], [ -7.987847803999955, 8.139046744000041 ], [ -7.987871157999962, 8.136972480000168 ], [ -7.987650863999932, 8.134936137000182 ], [ -7.987120619999928, 8.132949794000069 ], [ -7.986375337999903, 8.131003269000189 ], [ -7.985481726999922, 8.129176849000089 ], [ -7.984553330999972, 8.12736774800004 ], [ -7.983808028999931, 8.123457054000141 ], [ -7.984219554999981, 8.121470389000137 ], [ -7.985225210999943, 8.119659497000043 ], [ -7.986503110999877, 8.118092543999978 ], [ -7.987853056999938, 8.116575964999981 ], [ -7.989628786999958, 8.115490132000161 ], [ -7.991694453999912, 8.115476584000078 ], [ -7.993745313999966, 8.115725691000023 ], [ -7.995804798999927, 8.115727405000143 ], [ -7.99711083699998, 8.114144331999967 ], [ -7.997497098999872, 8.112096049000058 ], [ -7.998595727999827, 8.110365140000113 ], [ -7.999932770999976, 8.108871252000142 ], [ -8.00102518999995, 8.10709649 ], [ -8.001840572999981, 8.10517868900007 ], [ -8.002342213999839, 8.103237149000165 ], [ -8.002448086999891, 8.101177121999967 ], [ -8.002137189999928, 8.099125034 ], [ -8.001477227999942, 8.097216358000026 ], [ -8.000669486999925, 8.095345542000132 ], [ -7.999695784999972, 8.093542095000032 ], [ -7.998122684999942, 8.091699807 ], [ -7.996447069999931, 8.090565662000074 ], [ -7.994565010999906, 8.089865499000098 ], [ -7.992527971999948, 8.089508001000013 ], [ -7.990476120999915, 8.089464979000184 ], [ -7.988486305999857, 8.089821111000163 ], [ -7.986506445999908, 8.090214853000077 ], [ -7.984503731999951, 8.090173453000034 ], [ -7.982595908999826, 8.08943298000014 ], [ -7.980809221999948, 8.088454435000074 ], [ -7.978990554999939, 8.087592304000054 ], [ -7.977057937999916, 8.086805342000162 ], [ -7.975147238999909, 8.08597923200017 ], [ -7.973294239999973, 8.085053265000056 ], [ -7.971429831999899, 8.084224874000142 ], [ -7.969661702999815, 8.083270808000066 ], [ -7.968320835999975, 8.081717254000125 ], [ -7.967684761999919, 8.079795164000075 ], [ -7.966278079999881, 8.078348854000126 ], [ -7.965093628999966, 8.076653671000145 ], [ -7.964043123999886, 8.074861653000028 ], [ -7.963065135999955, 8.073019176000059 ], [ -7.962060450999957, 8.071092519999979 ], [ -7.96111250499996, 8.069243466000103 ], [ -7.960131174999958, 8.067416215000037 ], [ -7.958986268999979, 8.065684448000184 ], [ -7.95765828499998, 8.06415768100004 ], [ -7.95643614699992, 8.06248935900004 ], [ -7.955697052999881, 8.060581402000025 ], [ -7.955340367999952, 8.058529673000123 ], [ -7.954753383999957, 8.056568041000048 ], [ -7.953693395999949, 8.054769293000049 ], [ -7.952492233999919, 8.053141799000059 ], [ -7.951328279999927, 8.051514409000049 ], [ -7.94994259099991, 8.049975314000164 ], [ -7.948369033999938, 8.048642958000016 ], [ -7.94660903599987, 8.047527462000119 ], [ -7.944803701999888, 8.046631065000099 ], [ -7.943195098999922, 8.045976758000052 ], [ -7.940951826999935, 8.045359389000055 ], [ -7.939000136999937, 8.044845518999978 ], [ -7.93715525499988, 8.043888146000086 ], [ -7.935786733999976, 8.042387053000141 ], [ -7.934679028999881, 8.04066536900018 ], [ -7.935798168999952, 8.038466221000078 ], [ -7.936708934999899, 8.036666724000156 ], [ -7.936661731999891, 8.034589777000178 ], [ -7.935852059999888, 8.032740570000044 ], [ -7.935064776999923, 8.030811096000093 ], [ -7.934384839999893, 8.02885441300009 ], [ -7.933952343999977, 8.026838984000051 ], [ -7.933733462999896, 8.024774793000063 ], [ -7.933635705999905, 8.022774491000121 ], [ -7.933526575999963, 8.022619687000088 ], [ -7.932687872999907, 8.021429959000045 ], [ -7.933261645999949, 8.020430500000032 ], [ -7.933298324999953, 8.020242032000056 ], [ -7.933407578999947, 8.019680659000073 ], [ -7.933321926999952, 8.018669401000068 ], [ -7.933060051999973, 8.017759964000049 ], [ -7.932777417999944, 8.016778107999983 ], [ -7.931183324999949, 8.01549708400006 ], [ -7.93248368999997, 8.013308758 ], [ -7.934328092999976, 8.012387013000023 ], [ -7.936190128999954, 8.011461110000084 ], [ -7.937839520999944, 8.010239762000083 ], [ -7.939495080999961, 8.009079740000061 ], [ -7.941550718999963, 8.009198141000127 ], [ -7.943357934999824, 8.010189270000183 ], [ -7.945531348999964, 8.011909414000058 ], [ -7.947213659999875, 8.013055798000039 ], [ -7.948821529999975, 8.014372058000049 ], [ -7.949603571999944, 8.016264934000162 ], [ -7.951544775999878, 8.016875278000043 ], [ -7.953594697999847, 8.016673142 ], [ -7.955609306999918, 8.016999237000107 ], [ -7.957037926999817, 8.018403222000188 ], [ -7.958685886999831, 8.019681186000014 ], [ -7.960675226999854, 8.020267229000126 ], [ -7.962681754999949, 8.020090913000104 ], [ -7.964553371999898, 8.019253782000021 ], [ -7.966053968999915, 8.017855584000131 ], [ -7.967442510999945, 8.016398468000034 ], [ -7.969152916999974, 8.015206154000168 ], [ -7.970977314999971, 8.014289035000047 ], [ -7.972998128999905, 8.014119274000109 ], [ -7.974677069999927, 8.015248072000077 ], [ -7.976159101999883, 8.016648491000012 ], [ -7.977447516999973, 8.018248392000146 ], [ -7.977543362999938, 8.020293078000066 ], [ -7.977554790999875, 8.022325268000145 ], [ -7.976817600999937, 8.024515236000127 ], [ -7.97536469399995, 8.025933167000119 ], [ -7.974023810999938, 8.027452260000132 ], [ -7.973775377999914, 8.029492115000096 ], [ -7.974412928999925, 8.031441810000047 ], [ -7.975629318999836, 8.033098331000019 ], [ -7.977154730999928, 8.034496489000105 ], [ -7.978754536999872, 8.035799100000133 ], [ -7.980362428999968, 8.037112303000185 ], [ -7.982048504999909, 8.038333856000065 ], [ -7.983647827999903, 8.03957165800017 ], [ -7.985476973999823, 8.040424188000031 ], [ -7.987548359999948, 8.040550512000152 ], [ -7.989603523999904, 8.040486071999965 ], [ -7.991669166999941, 8.040674966000154 ], [ -7.993717186999959, 8.040550323000048 ], [ -7.995524892999924, 8.039606225999989 ], [ -7.996969221999962, 8.038190593000024 ], [ -7.998434541999814, 8.036759497000105 ], [ -8.000113489999819, 8.035537585999975 ], [ -8.001846301999933, 8.034388805000049 ], [ -8.00360296599996, 8.033270710000181 ], [ -8.006574619999981, 8.031564956000068 ], [ -8.00856115299996, 8.030925073000162 ], [ -8.010543839999968, 8.030593896000028 ], [ -8.012623797999936, 8.030462042000124 ], [ -8.014978390999886, 8.030574653000144 ], [ -8.017046926999967, 8.030836066000177 ], [ -8.019094451999933, 8.031204177000177 ], [ -8.021117223999966, 8.031710575000147 ], [ -8.023111324999945, 8.03232939600008 ], [ -8.025067319999948, 8.033037100000058 ], [ -8.026993750999907, 8.033818937000149 ], [ -8.028948771999922, 8.034541833000105 ], [ -8.030864709999889, 8.035122696000144 ], [ -8.032695770999965, 8.03604309300016 ], [ -8.034304616999975, 8.037366665999969 ], [ -8.03572939999998, 8.038859205000108 ], [ -8.037321106999968, 8.040166068000133 ], [ -8.039303763999953, 8.039852197000187 ], [ -8.041086194999934, 8.038902077000103 ], [ -8.042984004999823, 8.038052480000033 ], [ -8.044810283999936, 8.037236989000178 ], [ -8.047799103999978, 8.034939985 ], [ -8.049440373999971, 8.033695335000061 ], [ -8.051204669999947, 8.032749367000122 ], [ -8.052077302999919, 8.030899140999963 ], [ -8.052427288999922, 8.028898212000058 ], [ -8.052822093999907, 8.026897297000176 ], [ -8.053604133999954, 8.024969907000013 ], [ -8.054648401999941, 8.023168833000057 ], [ -8.056037896999953, 8.021643433000122 ], [ -8.057802213999935, 8.02057638500014 ], [ -8.059654255999874, 8.019749875000116 ], [ -8.061586383999952, 8.018955041000083 ], [ -8.063358309999842, 8.017954913000096 ], [ -8.06438731999998, 8.016223877000073 ], [ -8.064683906999903, 8.014159996999979 ], [ -8.064736348999816, 8.012111516000061 ], [ -8.064861299999961, 8.010106073000145 ], [ -8.065226542999937, 8.008061627000075 ], [ -8.06606673999994, 8.006215220000172 ], [ -8.067302696999946, 8.00453178000015 ], [ -8.068583505999811, 8.002957617 ], [ -8.069708807999916, 8.001034492000144 ], [ -8.070837974999904, 7.999327030000075 ], [ -8.072433477999937, 7.998058762000142 ], [ -8.074394210999969, 7.997380739000107 ], [ -8.076451311999847, 7.997165037000173 ], [ -8.078488347999894, 7.997225542000137 ], [ -8.080526332999966, 7.997442593000073 ], [ -8.083551406999959, 7.997896950999973 ], [ -8.087929727999949, 7.978595269000095 ], [ -8.092223183999977, 7.974937947000171 ], [ -8.096829402999902, 7.967310827000063 ], [ -8.096052180999891, 7.962995146000083 ], [ -8.095244397999863, 7.956173653000121 ], [ -8.09658812999993, 7.947865916000126 ], [ -8.103666288999932, 7.935522938000076 ], [ -8.117379176999975, 7.904355169000041 ], [ -8.119419087999972, 7.89387664000003 ], [ -8.12367630499989, 7.887336202000142 ], [ -8.130454056999895, 7.880044030000022 ], [ -8.132377595999969, 7.860195691000058 ], [ -8.124215154999888, 7.842993580999973 ], [ -8.127070452999874, 7.840074791000063 ], [ -8.124064477999866, 7.830739896000125 ], [ -8.106736188999889, 7.832392965000054 ], [ -8.107401838999976, 7.827698129999987 ], [ -8.113457681999932, 7.820415421000064 ], [ -8.094350831999975, 7.794693653000081 ], [ -8.102518095999926, 7.782699029000071 ], [ -8.102144239999916, 7.761281833000112 ], [ -8.111162116999822, 7.737377525000056 ], [ -8.113733281999941, 7.730562111000154 ], [ -8.117642396999884, 7.718624993000105 ], [ -8.134013152999955, 7.697882707000019 ], [ -8.149580968999885, 7.670662517000096 ], [ -8.146114312999941, 7.666323975000125 ], [ -8.141878129999839, 7.661022578000143 ], [ -8.1493425459999, 7.650840565000124 ], [ -8.153685589999952, 7.651509935000092 ], [ -8.169077873999981, 7.639790772000026 ], [ -8.174247774999969, 7.619184413000085 ], [ -8.183472653999956, 7.60537836300017 ], [ -8.174524324999936, 7.582057448000171 ], [ -8.173707038999908, 7.574137895000092 ], [ -8.180370350999965, 7.557478705000165 ], [ -8.185386630999972, 7.554174908000107 ], [ -8.201544748999936, 7.546413658000063 ], [ -8.213635472999954, 7.53077198800014 ], [ -8.223866494999925, 7.540741227000126 ], [ -8.236420120999981, 7.54918593400015 ], [ -8.267556198999955, 7.570126773000027 ], [ -8.304946908999966, 7.586247982000145 ], [ -8.309153571999957, 7.605295208000143 ], [ -8.328593263999835, 7.600371614000039 ], [ -8.338876709999965, 7.585111009000116 ], [ -8.346431714999881, 7.582856148000133 ], [ -8.358318348999944, 7.580547184000068 ], [ -8.378143017999946, 7.583340706000115 ], [ -8.381828291999966, 7.583859628000027 ], [ -8.380475696999952, 7.59650085300018 ], [ -8.379241935999914, 7.608032786000138 ], [ -8.384594247999928, 7.609562655000161 ], [ -8.390112882999915, 7.611139894000189 ], [ -8.390231931999892, 7.623404070999982 ], [ -8.395000449999941, 7.626572298000042 ], [ -8.400388697999972, 7.624342705000061 ], [ -8.426316278999934, 7.590150781000034 ], [ -8.46983146499997, 7.548174132000099 ], [ -8.470921537999857, 7.540799978000109 ], [ -8.458518991999938, 7.530507430000114 ], [ -8.458482766999964, 7.52762600200009 ], [ -8.452288658999976, 7.523019677000036 ], [ -8.440793029999952, 7.527486406000037 ], [ -8.437229170999956, 7.531133809000153 ], [ -8.427064903999963, 7.526575818000026 ], [ -8.425540003999913, 7.520110176000117 ], [ -8.426185609999948, 7.513977285000067 ], [ -8.426100737999946, 7.507132948000162 ], [ -8.425302497999894, 7.501017944000125 ], [ -8.417625414999918, 7.49318661500007 ], [ -8.419741644999874, 7.48919708800014 ], [ -8.417112354999915, 7.480943006000189 ], [ -8.411975873999836, 7.474160727000083 ], [ -8.412951438999926, 7.465501318000065 ], [ -8.408403364999913, 7.447902541000133 ], [ -8.410422345999905, 7.435988553000072 ], [ -8.41722201999994, 7.431220806 ], [ -8.416380868999966, 7.421503526000151 ], [ -8.409444829999927, 7.415102958000091 ], [ -8.402496342999939, 7.40762148500005 ], [ -8.397929166999972, 7.388220754000031 ], [ -8.402061485999923, 7.37195685100005 ], [ -8.3999166669999, 7.343879557000037 ], [ -8.395830173999911, 7.334200370000019 ], [ -8.39643478399995, 7.324465197000052 ], [ -8.377731317999974, 7.299467696000022 ], [ -8.375837347999948, 7.291923795000173 ], [ -8.364494314999945, 7.278727079000021 ], [ -8.366599057999849, 7.27365746300012 ], [ -8.359731642999975, 7.272658095000054 ], [ -8.356055285999901, 7.266936400000077 ], [ -8.357760447999965, 7.258628316000113 ], [ -8.362407681999969, 7.254969825000046 ], [ -8.363069544999917, 7.249917917 ], [ -8.368412001999843, 7.244089510000151 ], [ -8.364036580999937, 7.240177509000034 ], [ -8.364715591999868, 7.236566584000116 ], [ -8.360695864999911, 7.232290545000069 ], [ -8.354911807999883, 7.231277297000076 ], [ -8.349466302999815, 7.228459040000075 ], [ -8.346546168999964, 7.225610987000039 ], [ -8.346499456999936, 7.221647105000159 ], [ -8.341444997999929, 7.22134615900012 ], [ -8.336649919999957, 7.212394200000119 ], [ -8.33623405599991, 7.207714525000029 ], [ -8.336174952999897, 7.202670363000152 ], [ -8.328557969999906, 7.199156282000104 ], [ -8.324250247999942, 7.201008116000025 ], [ -8.319556248999959, 7.200702543000034 ], [ -8.317396173999839, 7.201088597000023 ], [ -8.311523457999954, 7.192508171000043 ], [ -8.307908045999852, 7.191829544000143 ], [ -8.303889259999949, 7.187551750000068 ], [ -8.29953095999997, 7.185079999000095 ], [ -8.292602544999909, 7.178673704000175 ], [ -8.286154729999964, 7.182711896000171 ], [ -8.284317992999945, 7.179850427000076 ], [ -8.282837859999972, 7.176624482000079 ], [ -8.284549674999937, 7.168676212000037 ], [ -8.28325719399993, 7.165893997000126 ], [ -8.281219451999903, 7.16150727400003 ], [ -8.282185566999885, 7.151405582000166 ], [ -8.29474833699993, 7.145856027999969 ], [ -8.302923179999937, 7.135311253000168 ], [ -8.299992591999967, 7.131380831 ], [ -8.298981007999942, 7.129178140000079 ], [ -8.297406176999914, 7.125749475000021 ], [ -8.295921358999976, 7.122418846000016 ], [ -8.299780847999841, 7.113004881000165 ], [ -8.303963642999975, 7.100344926999981 ], [ -8.302082061999897, 7.093519170000036 ], [ -8.307061166999858, 7.08733608 ], [ -8.30446144799987, 7.080879430000095 ], [ -8.301088328999924, 7.06974673000002 ], [ -8.301739686999895, 7.063613187000158 ], [ -8.294202837999876, 7.035230672000182 ], [ -8.290170685999954, 7.029510486000106 ], [ -8.294436443999871, 7.02405664700018 ], [ -8.291847220999955, 7.01832008000008 ], [ -8.282106407999947, 7.018069788000162 ], [ -8.28098390599996, 7.014479073000132 ], [ -8.282373442999926, 7.009778448000134 ], [ -8.276153583999871, 7.001920463000033 ], [ -8.27717116499997, 6.996143005000022 ], [ -8.283968947999938, 6.991381600000125 ], [ -8.286055528999896, 6.98451118700001 ], [ -8.286557721999884, 6.983934072000125 ], [ -8.288904204999881, 6.981236149000097 ], [ -8.29608728199986, 6.978632464000043 ], [ -8.299639681999963, 6.973908210000161 ], [ -8.305400829999883, 6.973122125000032 ], [ -8.310067165999953, 6.971267924000188 ], [ -8.312198632999923, 6.968360765000057 ], [ -8.314709652999966, 6.967252059000032 ], [ -8.320114149999938, 6.966830208000033 ], [ -8.323698969999953, 6.9649881630001 ], [ -8.324748023999973, 6.962093245 ], [ -8.322532652999939, 6.957434158000069 ], [ -8.320676834999858, 6.952770414000042 ], [ -8.321677190999935, 6.945552276 ], [ -8.316451080999968, 6.929755944000078 ], [ -8.316374756999949, 6.922909626000092 ], [ -8.311959244999912, 6.915031478000174 ], [ -8.307532287999948, 6.906072335000033 ], [ -8.308565156999862, 6.901736366000023 ], [ -8.312879564999946, 6.900607241000159 ], [ -8.320093178999969, 6.900886390000039 ], [ -8.32583716399995, 6.898660811000013 ], [ -8.327239000999953, 6.895041437000032 ], [ -8.326085119999959, 6.888568151000186 ], [ -8.328211780999879, 6.88530101300006 ], [ -8.33286570599995, 6.882365951000054 ], [ -8.333153705999962, 6.87587717200006 ], [ -8.329119654999943, 6.869796363000091 ], [ -8.325839037999856, 6.866589556000065 ], [ -8.326512341999944, 6.862257740000075 ], [ -8.323940241999935, 6.857962602000157 ], [ -8.323159224999813, 6.852566006000075 ], [ -8.318437588999927, 6.8493750290001 ], [ -8.317053146999967, 6.850022636000119 ], [ -8.314492217999884, 6.851220392000073 ], [ -8.313778555999932, 6.854059070000119 ], [ -8.312766100999909, 6.858086750000155 ], [ -8.311720836999939, 6.861341240000115 ], [ -8.309934583999905, 6.862802355000156 ], [ -8.309185037999896, 6.860288417000163 ], [ -8.31099871999993, 6.856243950000078 ], [ -8.311296454999876, 6.855580246000045 ], [ -8.311608304999936, 6.851252932000136 ], [ -8.31011102899987, 6.846224456000073 ], [ -8.312946346999979, 6.841868640000087 ], [ -8.318309757999941, 6.837845166000079 ], [ -8.323684704999948, 6.834903077000092 ], [ -8.327605268999889, 6.83089617000013 ], [ -8.329363803999968, 6.826912685000138 ], [ -8.328582772999937, 6.821516106000104 ], [ -8.323861121999869, 6.818325540000103 ], [ -8.320553746999963, 6.812596483000107 ], [ -8.321959514999946, 6.809337556000173 ], [ -8.326296828999887, 6.810371152000073 ], [ -8.32916356599992, 6.808897655000123 ], [ -8.330569270999888, 6.805639320000068 ], [ -8.330149646999928, 6.800238734000175 ], [ -8.330125822999889, 6.798076570000148 ], [ -8.336220748999949, 6.795126789000051 ], [ -8.341614725999875, 6.793985693000138 ], [ -8.346256263999976, 6.789971034000075 ], [ -8.345479993999959, 6.784934830000111 ], [ -8.34364988699997, 6.782432929000151 ], [ -8.343570717999967, 6.775227181000048 ], [ -8.344967849999932, 6.771247879000157 ], [ -8.342370037999842, 6.764430186000141 ], [ -8.34124946299994, 6.760838918 ], [ -8.342651345999911, 6.757220455000038 ], [ -8.345530519999954, 6.756828472000166 ], [ -8.34627439399992, 6.758982094000032 ], [ -8.348115894999978, 6.762565381000115 ], [ -8.350278836999962, 6.762541540000029 ], [ -8.354967081999916, 6.762849564000078 ], [ -8.358190536999928, 6.761012510000171 ], [ -8.360337231999893, 6.759547635 ], [ -8.362118711999869, 6.75772650100015 ], [ -8.363884960999883, 6.754464374000122 ], [ -8.361699075999979, 6.752326183000093 ], [ -8.358411813999851, 6.748398634000068 ], [ -8.360538479999946, 6.745132557000147 ], [ -8.363385208999944, 6.741857995000089 ], [ -8.365171408999856, 6.740397711000071 ], [ -8.366641007999931, 6.742902979 ], [ -8.369895966999877, 6.743948502000137 ], [ -8.372731218999888, 6.739593207000098 ], [ -8.374135982999974, 6.736334573000136 ], [ -8.376278898999885, 6.734509506 ], [ -8.380943292999916, 6.732656612000028 ], [ -8.383092911999938, 6.731551471000159 ], [ -8.38486291199996, 6.728649688000132 ], [ -8.380839325999943, 6.723289313000066 ], [ -8.380086872999925, 6.720415352000032 ], [ -8.381136873999935, 6.717520967000098 ], [ -8.384798972999874, 6.722885363000046 ], [ -8.390953066999884, 6.725339923000092 ], [ -8.392374057999973, 6.723522846000094 ], [ -8.393051123999953, 6.719551782000167 ], [ -8.391209634999882, 6.715969360000088 ], [ -8.393704405999927, 6.713419344000101 ], [ -8.399453184999857, 6.711914786000136 ], [ -8.405194255999959, 6.70968917600004 ], [ -8.409085248999929, 6.703160817000139 ], [ -8.410119077999923, 6.698825653000085 ], [ -8.406435964999957, 6.691660424000077 ], [ -8.405283937999911, 6.685187749000022 ], [ -8.407398204999879, 6.680840701000079 ], [ -8.412774098999876, 6.678259637000053 ], [ -8.41524502599998, 6.673548442000026 ], [ -8.418795558999932, 6.66882538200008 ], [ -8.420272821999959, 6.672052 ], [ -8.425681121999958, 6.672352609000143 ], [ -8.428523026999926, 6.668718140000067 ], [ -8.429069492999929, 6.662003513000059 ], [ -8.429136269999958, 6.658983965000118 ], [ -8.432730640999978, 6.658223839000129 ], [ -8.434219379999945, 6.662530990999983 ], [ -8.435758730999964, 6.663126987000112 ], [ -8.437838525999837, 6.663932030000183 ], [ -8.442161550999856, 6.663884259000042 ], [ -8.444670684999892, 6.662775782000097 ], [ -8.447525018999897, 6.660221949000061 ], [ -8.450370792999877, 6.656948298000032 ], [ -8.451708768999936, 6.647566125000083 ], [ -8.450240102999942, 6.64506065900008 ], [ -8.448775292999869, 6.642915377000065 ], [ -8.456299794999836, 6.639229356000158 ], [ -8.460254702999862, 6.638465195000094 ], [ -8.461667038999906, 6.635927945000105 ], [ -8.462034987999971, 6.634585384000161 ], [ -8.462360393999916, 6.633398083000031 ], [ -8.465601892999871, 6.633362266000177 ], [ -8.466345807999971, 6.635515434000183 ], [ -8.468872047999923, 6.635848286000169 ], [ -8.471388815999887, 6.635459645000083 ], [ -8.474583616999894, 6.631101553000121 ], [ -8.477096557999971, 6.630352722000055 ], [ -8.479974748999837, 6.629961188000152 ], [ -8.485005386999944, 6.628824217000158 ], [ -8.486366291999957, 6.621604169000136 ], [ -8.484181379999882, 6.619467036000174 ], [ -8.483068472999946, 6.616597015000082 ], [ -8.488780055999882, 6.611850968000056 ], [ -8.489904418999856, 6.615800922000062 ], [ -8.491384539999842, 6.619387263000021 ], [ -8.497151408999969, 6.619683534000103 ], [ -8.503566753999962, 6.613488191000101 ], [ -8.504599546999884, 6.609153657000093 ], [ -8.504179959999931, 6.603755171000159 ], [ -8.50305938799994, 6.600164925000115 ], [ -8.503743207999946, 6.596915465 ], [ -8.507717113999945, 6.597952078999981 ], [ -8.50953862199998, 6.599732925000069 ], [ -8.516713135999964, 6.597131919000162 ], [ -8.519270899999924, 6.600345333000121 ], [ -8.519294765999973, 6.602506271000038 ], [ -8.520047198999976, 6.605380072000059 ], [ -8.521162977999893, 6.608609460000082 ], [ -8.524808846999861, 6.612531618000048 ], [ -8.528046620999874, 6.612134785000023 ], [ -8.533044824999877, 6.608116944000187 ], [ -8.532640435999895, 6.604158772000062 ], [ -8.530095121999977, 6.602025958000183 ], [ -8.528165825999963, 6.590520626000171 ], [ -8.530935300999943, 6.580403310000065 ], [ -8.529094707999889, 6.576821224000184 ], [ -8.529422935999889, 6.575398194 ], [ -8.53184416299996, 6.564903238000113 ], [ -8.534340849999921, 6.562713872000188 ], [ -8.536849983999957, 6.561606069000106 ], [ -8.539751077999938, 6.56337486200016 ], [ -8.549874274999979, 6.566864342000031 ], [ -8.552790653999978, 6.570074108000028 ], [ -8.55674838799996, 6.569669885999986 ], [ -8.560329438999929, 6.567829129000188 ], [ -8.562061280999956, 6.561686304000034 ], [ -8.565614675999825, 6.557324108999978 ], [ -8.563418423999906, 6.554106981000075 ], [ -8.560517295999944, 6.552337789999967 ], [ -8.557268144999966, 6.55165352500012 ], [ -8.554003709999961, 6.549528682000073 ], [ -8.553619355999956, 6.547371303000034 ], [ -8.556848513999967, 6.546254951000037 ], [ -8.561141038999949, 6.543686087000083 ], [ -8.561825760999966, 6.54043635000005 ], [ -8.566719068999873, 6.527054549000127 ], [ -8.567398990999948, 6.523445298000013 ], [ -8.570287729999961, 6.524133070000119 ], [ -8.571752559999879, 6.526278409000042 ], [ -8.57499311499987, 6.526242461000095 ], [ -8.580725677999908, 6.523657110000158 ], [ -8.579917937999937, 6.515742467000166 ], [ -8.584146518999887, 6.507410718000074 ], [ -8.581210169999963, 6.502400403000024 ], [ -8.57828620499987, 6.498470942999973 ], [ -8.568224882999971, 6.500382941999987 ], [ -8.564604747999908, 6.49862202800017 ], [ -8.559563626999932, 6.498677041000178 ], [ -8.55560685699993, 6.499081368000134 ], [ -8.54912565199993, 6.499152700000025 ], [ -8.544401170999834, 6.495242040999983 ], [ -8.536060297999882, 6.489930165000146 ], [ -8.528091421999932, 6.485695084000099 ], [ -8.526259415999959, 6.482832980000069 ], [ -8.522150053999951, 6.469189186000051 ], [ -8.516651175999925, 6.460243458000093 ], [ -8.512639975999946, 6.455603824000093 ], [ -8.506428704999905, 6.447385295000174 ], [ -8.497697823999943, 6.439194295000107 ], [ -8.488285996999878, 6.434612992000041 ], [ -8.478545172999929, 6.432916140000145 ], [ -8.468560209999964, 6.442029709000053 ], [ -8.468594544999974, 6.445271978 ], [ -8.467959423999901, 6.453204450000158 ], [ -8.464401263999946, 6.457205858000123 ], [ -8.456882505999886, 6.461249893000172 ], [ -8.451926204999893, 6.469229017999965 ], [ -8.458648711999956, 6.491493009000123 ], [ -8.460867860999883, 6.49687311200006 ], [ -8.457972845999961, 6.502263512000184 ], [ -8.440673838999942, 6.494569474000059 ], [ -8.437753696999835, 6.490998445000059 ], [ -8.43729687299998, 6.481996012000138 ], [ -8.435383767999951, 6.471568755000021 ], [ -8.430311231999895, 6.468740558000093 ], [ -8.426617598999826, 6.460132863000126 ], [ -8.415389073999961, 6.454128339000135 ], [ -8.405241033999914, 6.448111297000025 ], [ -8.398022655999966, 6.446746325000049 ], [ -8.396915465999939, 6.44423616600011 ], [ -8.398677828999894, 6.440614191000179 ], [ -8.402612706999946, 6.438050562000058 ], [ -8.404352243999938, 6.436486329000047 ], [ -8.411531418999914, 6.430029497000135 ], [ -8.411497106999946, 6.426786921000087 ], [ -8.404973024999947, 6.422893136000027 ], [ -8.401774397999873, 6.426889963000065 ], [ -8.400590880999914, 6.417174063000175 ], [ -8.393313403999969, 6.410044879000054 ], [ -8.394977568999821, 6.397056343999964 ], [ -8.384394667999914, 6.383836153000118 ], [ -8.385448452999981, 6.381303148000029 ], [ -8.390452406999941, 6.377647340000067 ], [ -8.398009275999925, 6.37720776600014 ], [ -8.400882685999932, 6.376457044000176 ], [ -8.402656517999958, 6.373915958000055 ], [ -8.406590487999949, 6.371353311000064 ], [ -8.414129241999944, 6.369111899000018 ], [ -8.413026829999922, 6.366961351999976 ], [ -8.405090362999886, 6.365603659000044 ], [ -8.403986943999882, 6.363453627000126 ], [ -8.399985287999925, 6.359532608000166 ], [ -8.399205207999955, 6.353775311000106 ], [ -8.397374150999951, 6.35091229000011 ], [ -8.39448258699997, 6.349861696000062 ], [ -8.389771427999904, 6.347028126000055 ], [ -8.385814690999894, 6.347429682000097 ], [ -8.384033201999955, 6.34925022200008 ], [ -8.384828597999956, 6.356448086 ], [ -8.382694250999918, 6.358992335000096 ], [ -8.378002134999917, 6.357960454000079 ], [ -8.373329179999814, 6.358729748000144 ], [ -8.370470964999924, 6.360921821999966 ], [ -8.37049290899995, 6.363083322000136 ], [ -8.36760903399994, 6.362753087000044 ], [ -8.362894033999964, 6.359558990000039 ], [ -8.355351423999934, 6.36143945300006 ], [ -8.350328435999927, 6.363293126000087 ], [ -8.346754104999945, 6.365852910000115 ], [ -8.344266876999939, 6.369121457000119 ], [ -8.340744017999953, 6.376724997000053 ], [ -8.337429069999928, 6.369552714000179 ], [ -8.33165547699997, 6.368531621000159 ], [ -8.32730481699997, 6.36569415800011 ], [ -8.320403093999857, 6.35999986700017 ], [ -8.317856797999923, 6.357503349000183 ], [ -8.31281471099993, 6.357555321000063 ], [ -8.309533119999912, 6.353625563000151 ], [ -8.307298628999945, 6.346441496000011 ], [ -8.300808923999909, 6.345786912000051 ], [ -8.296532614999933, 6.350155305000101 ], [ -8.286067005999882, 6.3480999840001 ], [ -8.283884026999942, 6.345960858000069 ], [ -8.284329422999917, 6.342598405000103 ], [ -8.28488731799996, 6.338382383000123 ], [ -8.280554786999971, 6.337345614000071 ], [ -8.278808482999978, 6.337363437000022 ], [ -8.274792694999974, 6.337404400000139 ], [ -8.270107261999897, 6.337091809000128 ], [ -8.269710544999953, 6.333491825000124 ], [ -8.272198696999965, 6.330222823000042 ], [ -8.275079727999923, 6.330194048000067 ], [ -8.27976513099992, 6.330506643000092 ], [ -8.283699983999952, 6.327943580000181 ], [ -8.284376165999959, 6.323612629000024 ], [ -8.282898915999965, 6.320023736 ], [ -8.278206803999922, 6.318990479000036 ], [ -8.274249040999962, 6.319391075000169 ], [ -8.269204153999965, 6.319081996000079 ], [ -8.263421025999946, 6.316978604000099 ], [ -8.260201441999925, 6.319173357000068 ], [ -8.258779488999949, 6.320989535000081 ], [ -8.255152666999891, 6.318503816000032 ], [ -8.250463496999942, 6.317830576000119 ], [ -8.246531453999864, 6.320753786000012 ], [ -8.24259563999982, 6.323316115000011 ], [ -8.239950202999978, 6.320840587000021 ], [ -8.238936420999835, 6.31850846500015 ], [ -8.236396765999928, 6.316731713000024 ], [ -8.229793580999967, 6.31373572300015 ], [ -8.22760196999991, 6.310693520000029 ], [ -8.225053764999927, 6.307926840000107 ], [ -8.224489201999972, 6.305589535000081 ], [ -8.222584748999964, 6.304166615000099 ], [ -8.219510086999833, 6.302846643000123 ], [ -8.216539395999973, 6.302965977000042 ], [ -8.2141180079999, 6.303891764000184 ], [ -8.211619389999953, 6.306169180000154 ], [ -8.210327134999943, 6.303028809000125 ], [ -8.207877151999924, 6.301070686000173 ], [ -8.204554527999903, 6.302005454999971 ], [ -8.200983994999945, 6.30510444000015 ], [ -8.199825163999833, 6.304971311999964 ], [ -8.19737818699997, 6.304690011000048 ], [ -8.196086892999972, 6.301639056000113 ], [ -8.194092759999819, 6.300307511000028 ], [ -8.190672888999927, 6.300521832000072 ], [ -8.187983518999886, 6.291697641000098 ], [ -8.185805308999875, 6.289916792000099 ], [ -8.176412591999963, 6.28712697200001 ], [ -8.176352505999944, 6.281000222999978 ], [ -8.174519541999928, 6.277774235000038 ], [ -8.171962704999942, 6.274195550000172 ], [ -8.166221590999896, 6.276414776000081 ], [ -8.161914846999878, 6.277898985000093 ], [ -8.158330932999945, 6.279737009000087 ], [ -8.150040651999916, 6.279098032999968 ], [ -8.140665979999824, 6.27810916400017 ], [ -8.136012067999957, 6.281038331000104 ], [ -8.128435120999825, 6.279671131000157 ], [ -8.122329682999919, 6.28153321700006 ], [ -8.114473313999952, 6.288459063 ], [ -8.113049539999906, 6.290275761999965 ], [ -8.108741781999925, 6.29175975000004 ], [ -8.101510041999916, 6.288946512000109 ], [ -8.096837980999908, 6.290074103000052 ], [ -8.094739903999937, 6.296582612000066 ], [ -8.093335144999969, 6.300201369000092 ], [ -8.090845115999912, 6.303470314000151 ], [ -8.082889547999912, 6.300303497000016 ], [ -8.077817921999952, 6.297469378000073 ], [ -8.071722963999946, 6.300412442000095 ], [ -8.070670141999869, 6.303306362000058 ], [ -8.065979939999863, 6.302631141000063 ], [ -8.060608864999892, 6.305928147000031 ], [ -8.05880712499993, 6.305733907000103 ], [ -8.054477703999908, 6.305266851000169 ], [ -8.049410806999902, 6.302792791000115 ], [ -8.047259313999973, 6.303895081000178 ], [ -8.044412599999873, 6.307527414999981 ], [ -8.043359744999918, 6.310421973000018 ], [ -8.038327229999879, 6.31155222000001 ], [ -8.0293598209999, 6.315604953000047 ], [ -8.024665831999926, 6.31456839100008 ], [ -8.018209453999873, 6.317515275 ], [ -8.012449263999883, 6.317931423000175 ], [ -8.007062893999887, 6.31978587500015 ], [ -8.002382289999957, 6.32019207899998 ], [ -7.996160986999882, 6.31015695300016 ], [ -7.994688998999948, 6.306926050000072 ], [ -7.996095173999947, 6.303307559000075 ], [ -7.995319357999904, 6.297546469000167 ], [ -7.992410191999966, 6.294690370000012 ], [ -7.989174858999888, 6.295442371000149 ], [ -7.986673354999937, 6.297629346000178 ], [ -7.983808995999937, 6.29945929500019 ], [ -7.98164702899993, 6.299479990000179 ], [ -7.980514998999979, 6.294082661000118 ], [ -7.976908694999906, 6.293756617000099 ], [ -7.974767675999942, 6.29594012300015 ], [ -7.973707659999889, 6.298113871000055 ], [ -7.969724193999923, 6.295988836000163 ], [ -7.967895516999874, 6.29312161200005 ], [ -7.966420173999836, 6.28953053500004 ], [ -7.963860501999875, 6.285588679000057 ], [ -7.959166994999919, 6.284551764000128 ], [ -7.955217840999921, 6.286031365000042 ], [ -7.951659662999873, 6.290752503000078 ], [ -7.949751546999835, 6.29528448700006 ], [ -7.948475362999943, 6.296912209000084 ], [ -7.945589552999877, 6.296579098000166 ], [ -7.93830918499998, 6.288715416 ], [ -7.933928019999939, 6.282627854999987 ], [ -7.928153509999902, 6.281600243000071 ], [ -7.923843398999963, 6.283083627000053 ], [ -7.921012417999975, 6.288518404000058 ], [ -7.92031905999994, 6.291409257000055 ], [ -7.917759404999913, 6.287467473000049 ], [ -7.918058885999926, 6.280974364999963 ], [ -7.918011172999968, 6.275927254000067 ], [ -7.914017681999951, 6.27271938500013 ], [ -7.908987514999922, 6.274208826 ], [ -7.907950380999921, 6.278905657000053 ], [ -7.909065251999891, 6.282501190000119 ], [ -7.907304291999935, 6.286844861000077 ], [ -7.90441560499994, 6.286150936000126 ], [ -7.902946953999901, 6.283279794000066 ], [ -7.902909755999872, 6.279314113999988 ], [ -7.901057719999926, 6.273922700000128 ], [ -7.898828504999869, 6.266731467000113 ], [ -7.895545962999961, 6.262435565000146 ], [ -7.890818594999871, 6.257791970000085 ], [ -7.887185555999849, 6.254580859000043 ], [ -7.883922576999964, 6.252447355000072 ], [ -7.880640019999873, 6.248151194000116 ], [ -7.874131685999942, 6.245687739000175 ], [ -7.866879465999943, 6.24070651400001 ], [ -7.857451923999918, 6.234302330000048 ], [ -7.85199500799996, 6.228583497000159 ], [ -7.848692405999827, 6.222122416000161 ], [ -7.841791167999929, 6.21605600100014 ], [ -7.838132391999977, 6.209959108000078 ], [ -7.833765996999887, 6.205310935000171 ], [ -7.822522150999873, 6.197118966000119 ], [ -7.828627107999978, 6.194899759000066 ], [ -7.83207605399997, 6.196205829000121 ], [ -7.835134996999955, 6.197364997000136 ], [ -7.840545176999854, 6.198036686000023 ], [ -7.842323784999905, 6.195496346000141 ], [ -7.846610558999885, 6.191490181000063 ], [ -7.843682287999968, 6.186468296000101 ], [ -7.840784065999969, 6.184691871000155 ], [ -7.838650865999966, 6.184072440000136 ], [ -7.83964393899987, 6.178211246000103 ], [ -7.841769223999961, 6.174224908000156 ], [ -7.839912405999883, 6.168111384000042 ], [ -7.837377538999931, 6.166692128000022 ], [ -7.841323839999973, 6.164853301000051 ], [ -7.849206459999891, 6.160093418000088 ], [ -7.850961673999905, 6.155028796000124 ], [ -7.851249687999939, 6.147092941000096 ], [ -7.850477219999959, 6.141330183999969 ], [ -7.849357131999852, 6.137012876000028 ], [ -7.851839560999963, 6.132663427000125 ], [ -7.854315289999931, 6.127592346000029 ], [ -7.852714526999819, 6.109936433000144 ], [ -7.851582040999972, 6.104177463000042 ], [ -7.855845940999927, 6.097648034000088 ], [ -7.854002483999977, 6.092976651000185 ], [ -7.846786031999898, 6.091599403000089 ], [ -7.851416571999891, 6.085787895000124 ], [ -7.852451802999951, 6.080729950000034 ], [ -7.849524963999954, 6.075707649000037 ], [ -7.84376526099993, 6.076120538000055 ], [ -7.839845169999933, 6.080843291000065 ], [ -7.836616522999975, 6.082315169000026 ], [ -7.833741648999933, 6.083061571000144 ], [ -7.833783634999861, 6.087749365000036 ], [ -7.834886547999815, 6.090264118 ], [ -7.831316937999873, 6.093902038000124 ], [ -7.830268858999943, 6.097517885000059 ], [ -7.820144178999954, 6.093281091000165 ], [ -7.815766809999957, 6.087189624000189 ], [ -7.810000421999973, 6.086880565000115 ], [ -7.807874674999937, 6.090866698000127 ], [ -7.806835648999936, 6.095563769000023 ], [ -7.803944592999926, 6.094508365000081 ], [ -7.800641541999937, 6.087685846 ], [ -7.795576099999948, 6.085206185000118 ], [ -7.794447411999897, 6.079806582 ], [ -7.794061649999946, 6.076924602000133 ], [ -7.80013084299992, 6.070740377000106 ], [ -7.803690906999975, 6.066019775000143 ], [ -7.804379472999926, 6.062408211000104 ], [ -7.802540295999904, 6.058096204000094 ], [ -7.796748632999879, 6.054902142000174 ], [ -7.791297908999979, 6.049540738000132 ], [ -7.788043488999904, 6.048127072000057 ], [ -7.785161979999884, 6.048152523000113 ], [ -7.780798434999895, 6.043503067000131 ], [ -7.772842400999934, 6.03996584500004 ], [ -7.770282743999871, 6.035660931 ], [ -7.775303358999963, 6.033091929000079 ], [ -7.780327314999909, 6.030884066000112 ], [ -7.784282687999962, 6.030128037000168 ], [ -7.787868986999968, 6.028293410000174 ], [ -7.790712361999965, 6.023940504000052 ], [ -7.792114732999892, 6.019600304000164 ], [ -7.789182669999946, 6.013855799999988 ], [ -7.785559179999893, 6.011363357000107 ], [ -7.785540112999911, 6.009199861000184 ], [ -7.78660487999997, 6.007386903000054 ], [ -7.788768771999969, 6.007728522000036 ], [ -7.793078423999873, 6.006248245 ], [ -7.795217040999887, 6.003705216000185 ], [ -7.795504578999953, 5.995408199000167 ], [ -7.795457359999887, 5.989998967000076 ], [ -7.795031076999976, 5.982428854000148 ], [ -7.789967057999831, 5.979948899000021 ], [ -7.783834939999963, 5.978920629000015 ], [ -7.764699937999978, 5.973677418000079 ], [ -7.767192831999921, 5.970409615000165 ], [ -7.768232821999902, 5.965712524000082 ], [ -7.767459388999953, 5.959588130000157 ], [ -7.766332143999932, 5.954188027000043 ], [ -7.755472186999953, 5.947790133000183 ], [ -7.748942855999928, 5.942436441000041 ], [ -7.74746847699987, 5.93848163600012 ], [ -7.743820668999945, 5.933102957000187 ], [ -7.740557667999951, 5.930607099000099 ], [ -7.739129543999923, 5.932061889000181 ], [ -7.732640745999959, 5.931396244000098 ], [ -7.724305152999932, 5.925336101000028 ], [ -7.721039301999895, 5.922478273000024 ], [ -7.718472009999914, 5.917089926000131 ], [ -7.71340275599988, 5.91388726100007 ], [ -7.706861977999949, 5.907089919999976 ], [ -7.704676622999955, 5.904222674000096 ], [ -7.699619298999949, 5.902462247000187 ], [ -7.68803119699993, 5.894985777000102 ], [ -7.68335199899991, 5.895385886000042 ], [ -7.675150394999889, 5.905193525000186 ], [ -7.675900940999895, 5.908794438000143 ], [ -7.685341360999871, 5.917731887000059 ], [ -7.687569134999876, 5.925648145000082 ], [ -7.680020811999896, 5.927515966000044 ], [ -7.677524084999902, 5.930422427000053 ], [ -7.674716003999947, 5.939103345000149 ], [ -7.67437696099995, 5.941630893000024 ], [ -7.669380186999945, 5.947083838000083 ], [ -7.665790556999866, 5.948556932000145 ], [ -7.666113847999952, 5.944225565000124 ], [ -7.665359978999959, 5.940263984000183 ], [ -7.662799363999909, 5.93559687200019 ], [ -7.660986419999915, 5.93416948100014 ], [ -7.661676403999877, 5.930556350000074 ], [ -7.664530279999951, 5.927286209000101 ], [ -7.665580744999829, 5.923670057000038 ], [ -7.665123453999911, 5.912131259000091 ], [ -7.661134234999963, 5.908918184000072 ], [ -7.655765054999904, 5.912931302000118 ], [ -7.653631206999933, 5.916195895000158 ], [ -7.650011543999938, 5.914062210999987 ], [ -7.647099969999886, 5.910479256000087 ], [ -7.645628927999951, 5.906884194000042 ], [ -7.642723556999897, 5.904023043000166 ], [ -7.637335774999883, 5.905872082000144 ], [ -7.631188866999935, 5.90303733900015 ], [ -7.627602100999923, 5.904870708000033 ], [ -7.622169494999923, 5.901308474000189 ], [ -7.617135523999877, 5.902433008000116 ], [ -7.617054935999874, 5.892693731000179 ], [ -7.615227220999827, 5.889462621000177 ], [ -7.610917086999962, 5.890941156 ], [ -7.608770847999949, 5.892762449000145 ], [ -7.606559278999839, 5.88664827000008 ], [ -7.604377264999869, 5.884141399000043 ], [ -7.600418085999934, 5.884534824000184 ], [ -7.59865569699997, 5.889238562000173 ], [ -7.596518516999936, 5.892142443000182 ], [ -7.596176150999952, 5.894309518000171 ], [ -7.59222602899996, 5.895785561000025 ], [ -7.588263991999895, 5.895818281000061 ], [ -7.582831384999906, 5.892255396000053 ], [ -7.570853230999944, 5.881170517999976 ], [ -7.566143990999933, 5.877962628000148 ], [ -7.559244153999884, 5.871164740999973 ], [ -7.569701674999976, 5.872522103000051 ], [ -7.571865556999967, 5.872865097000158 ], [ -7.57652759399997, 5.870301857000186 ], [ -7.579025267999953, 5.867395082000087 ], [ -7.577552318999892, 5.863439271000118 ], [ -7.568902013999946, 5.862788052000099 ], [ -7.564930916999913, 5.861738330000151 ], [ -7.562737463999895, 5.857788271000061 ], [ -7.562333579999972, 5.852379571000029 ], [ -7.562280657999963, 5.845886960000087 ], [ -7.557920454999874, 5.841232422000076 ], [ -7.553557398999828, 5.836217088000069 ], [ -7.551361559999862, 5.831905569000071 ], [ -7.548459528999899, 5.829403950000142 ], [ -7.543431759999919, 5.831248282000161 ], [ -7.543100831999823, 5.834858863000022 ], [ -7.542049407999968, 5.838474713000039 ], [ -7.544977185999926, 5.844223305000185 ], [ -7.54064369199989, 5.842815475000066 ], [ -7.535249234999981, 5.843941902000097 ], [ -7.530619140999931, 5.850472656000079 ], [ -7.527043341999843, 5.85374881000007 ], [ -7.522724149999874, 5.854144467000026 ], [ -7.516582967999966, 5.85202957000007 ], [ -7.515816208999922, 5.846262668000065 ], [ -7.515069961999927, 5.84302195000015 ], [ -7.521899223999924, 5.841163204 ], [ -7.524780750999867, 5.841139969000153 ], [ -7.524748800999873, 5.83717148900007 ], [ -7.524011134999967, 5.835012974000051 ], [ -7.52076625899997, 5.834678360000112 ], [ -7.516447065999898, 5.835073860000136 ], [ -7.511395454999899, 5.834032216000082 ], [ -7.508862492999924, 5.832608988000118 ], [ -7.507761955999911, 5.830092560000082 ], [ -7.508444783999948, 5.825396754000053 ], [ -7.505182743999967, 5.822897621000152 ], [ -7.50121212099998, 5.821847132000187 ], [ -7.499748231999888, 5.818972794000047 ], [ -7.497564316999956, 5.816103625000039 ], [ -7.492878913999959, 5.815780252000025 ], [ -7.489611145999959, 5.812558893000187 ], [ -7.485626220999904, 5.809704517000114 ], [ -7.477696420999905, 5.809045997000169 ], [ -7.475200653999821, 5.812313274000019 ], [ -7.475603578999937, 5.81772158300015 ], [ -7.475266454999939, 5.820610401000067 ], [ -7.475292204999846, 5.823857666000094 ], [ -7.47424840799988, 5.82855651300008 ], [ -7.469234463999896, 5.832204095000122 ], [ -7.470717904999901, 5.837604400000089 ], [ -7.473265167999898, 5.840831021000156 ], [ -7.472925183999905, 5.843359674000055 ], [ -7.470792770999878, 5.846984936000126 ], [ -7.468297005999887, 5.850252338000132 ], [ -7.467602251999949, 5.853504818000147 ], [ -7.46726512999993, 5.856393677000142 ], [ -7.465487003999897, 5.859294608000084 ], [ -7.461506845999907, 5.857161729000097 ], [ -7.458976743999926, 5.856099009000104 ], [ -7.451247691999981, 5.854087189999973 ], [ -7.449207304999845, 5.850764506000075 ], [ -7.445973874999936, 5.851873089000037 ], [ -7.445939540999916, 5.847543421000069 ], [ -7.441585540999824, 5.843608763000134 ], [ -7.43615340599996, 5.840043335000189 ], [ -7.43327140599996, 5.840066675000173 ], [ -7.436124799999902, 5.836435699000106 ], [ -7.435341832999939, 5.828504015000021 ], [ -7.43527984699989, 5.820566634000102 ], [ -7.437424183999951, 5.818384459000129 ], [ -7.437398438999935, 5.81513759000012 ], [ -7.440603734999854, 5.810421583000107 ], [ -7.44380283299995, 5.804984080000054 ], [ -7.446301934999951, 5.802077585000177 ], [ -7.447705747999862, 5.797376380000117 ], [ -7.445161818999964, 5.794510137000032 ], [ -7.443701268999973, 5.791995573000179 ], [ -7.44616603999998, 5.784760011000117 ], [ -7.443259240999907, 5.781535774000076 ], [ -7.441098211999929, 5.781552149000106 ], [ -7.437872885999923, 5.783742692000089 ], [ -7.436764244999949, 5.780143513999974 ], [ -7.432036871999969, 5.774406751000072 ], [ -7.432723519999854, 5.770071366000082 ], [ -7.435239313999887, 5.76933071100018 ], [ -7.440608499999882, 5.76495821400016 ], [ -7.444184778999954, 5.761683216000051 ], [ -7.447029590999932, 5.756970255000113 ], [ -7.447356223999975, 5.752638328000046 ], [ -7.447328090999974, 5.749030172000118 ], [ -7.441180229999929, 5.745831058000135 ], [ -7.439342972999896, 5.741154595000182 ], [ -7.438234327999908, 5.73755479700003 ], [ -7.438560962999929, 5.733222268000134 ], [ -7.440699576999975, 5.730319377000171 ], [ -7.439568992999966, 5.723833462000073 ], [ -7.438094615999887, 5.719515466000018 ], [ -7.438061236999886, 5.715185730000087 ], [ -7.436953063999965, 5.711585881000019 ], [ -7.434055327999829, 5.70944356200016 ], [ -7.436182971999926, 5.705097111000157 ], [ -7.435789104999913, 5.700770145000092 ], [ -7.433586592999859, 5.695374757000025 ], [ -7.431032660999904, 5.691064964000077 ], [ -7.424912924999944, 5.691472833000148 ], [ -7.420951367999976, 5.69150327400007 ], [ -7.424120901999856, 5.682097182000064 ], [ -7.424805166999874, 5.677401629000087 ], [ -7.422265056999947, 5.674895547000062 ], [ -7.417918205999911, 5.671681106000108 ], [ -7.416453363999949, 5.668444577000116 ], [ -7.416406624999979, 5.662310829000091 ], [ -7.416005137999889, 5.656901942000104 ], [ -7.410166259999869, 5.646842924000055 ], [ -7.405801298999961, 5.641102701000023 ], [ -7.400364399999944, 5.636543109000058 ], [ -7.401398656999902, 5.630401046000145 ], [ -7.401721005999946, 5.625347354000155 ], [ -7.399906634999979, 5.623556480000161 ], [ -7.394152639999959, 5.624682340000049 ], [ -7.38767337299987, 5.62509200400018 ], [ -7.381524088999925, 5.621530172000178 ], [ -7.381599353999945, 5.620801214000096 ], [ -7.3818597799999, 5.618279763999965 ], [ -7.380016327999954, 5.612520026000027 ], [ -7.383233067999925, 5.609248560000083 ], [ -7.38463544699988, 5.604186099000117 ], [ -7.385662078999928, 5.596961601000146 ], [ -7.384541516999946, 5.591557251999973 ], [ -7.380179880999833, 5.58617710599998 ], [ -7.376912118999883, 5.582592787000181 ], [ -7.382678982999948, 5.583271362000062 ], [ -7.38880873099987, 5.584308528000122 ], [ -7.393844608999871, 5.583549207999965 ], [ -7.396728033999977, 5.583887845000049 ], [ -7.400307650999878, 5.580974564000144 ], [ -7.399474622999946, 5.565825867 ], [ -7.397974965999936, 5.557898784000031 ], [ -7.400818347999916, 5.55282572700014 ], [ -7.404034616999979, 5.54955392800008 ], [ -7.402927397999918, 5.54595359100017 ], [ -7.401089664999915, 5.540916027000094 ], [ -7.394235134999974, 5.539162427000122 ], [ -7.387722010999937, 5.534881068000175 ], [ -7.384822847999942, 5.532376874000079 ], [ -7.387991424999939, 5.522610374000067 ], [ -7.393386841999927, 5.521848808000129 ], [ -7.398094171999958, 5.525421977000065 ], [ -7.402431011999965, 5.527555166000127 ], [ -7.40566921199985, 5.527170292000051 ], [ -7.408527850999917, 5.524262056000111 ], [ -7.409944056999962, 5.521004319000156 ], [ -7.408120155999939, 5.517770102000156 ], [ -7.405583382999851, 5.515624124000055 ], [ -7.400887012999931, 5.513494126000012 ], [ -7.395475381999972, 5.51209040700013 ], [ -7.396526331999894, 5.508113191000064 ], [ -7.39903593199989, 5.506651403999967 ], [ -7.40155363599996, 5.506272534000061 ], [ -7.405503751999902, 5.504799511000158 ], [ -7.408728124999811, 5.502610816000129 ], [ -7.409789557999886, 5.5000767840001 ], [ -7.410488130999966, 5.497185208000133 ], [ -7.409392357999877, 5.495027952000157 ], [ -7.40973377399996, 5.492499821000138 ], [ -7.414003373999947, 5.485612488000072 ], [ -7.416152954999973, 5.484153399000036 ], [ -7.419035913999949, 5.484492864000117 ], [ -7.421195980999869, 5.484476308000183 ], [ -7.424420353999949, 5.482287661000043 ], [ -7.426191324999934, 5.47830581900007 ], [ -7.429036614999973, 5.473593889000142 ], [ -7.429717061999952, 5.468176421000067 ], [ -7.42858361999987, 5.460968407000166 ], [ -7.428549291999957, 5.456277805000184 ], [ -7.425282956999979, 5.452693968000062 ], [ -7.423810955999954, 5.448374722999972 ], [ -7.421259400999872, 5.444063394000068 ], [ -7.423030378999954, 5.440081633000034 ], [ -7.424433235999857, 5.435019644000135 ], [ -7.425468442999886, 5.428877989000114 ], [ -7.42763614799992, 5.429944455000054 ], [ -7.429822442999978, 5.43353630900009 ], [ -7.435595508999882, 5.435298345000035 ], [ -7.439584732999833, 5.439238171000056 ], [ -7.439250945999902, 5.442848500000082 ], [ -7.441797733999977, 5.446438117000127 ], [ -7.444320200999869, 5.446780257000057 ], [ -7.447898861999931, 5.443866964000108 ], [ -7.4489603049999, 5.44133363900005 ], [ -7.452536103999932, 5.438059603000056 ], [ -7.455359933999887, 5.430461792000131 ], [ -7.454973694999978, 5.426856292000082 ], [ -7.449883457999931, 5.420038447000024 ], [ -7.439388753999935, 5.412538586999972 ], [ -7.435021873999972, 5.406075859000111 ], [ -7.434267997999939, 5.401390556000138 ], [ -7.43458842799987, 5.395975812000131 ], [ -7.432365419999883, 5.387332528000115 ], [ -7.428356170999962, 5.380506144000037 ], [ -7.421835418999933, 5.374780281000085 ], [ -7.415327548999869, 5.370858710999983 ], [ -7.405921937999949, 5.364431191 ], [ -7.404810904999977, 5.360109569000031 ], [ -7.39798688999997, 5.362323590000187 ], [ -7.390821455999969, 5.367066267000098 ], [ -7.390497686999879, 5.372120507000147 ], [ -7.392341616999943, 5.378241544000048 ], [ -7.389847751999923, 5.381867642000032 ], [ -7.386618134999878, 5.383334753000042 ], [ -7.38373804299988, 5.383354957000108 ], [ -7.3833603839999, 5.380831983000064 ], [ -7.386569018999978, 5.37647854700009 ], [ -7.388309480999965, 5.368166779000035 ], [ -7.387560847999907, 5.364203235000161 ], [ -7.388568400999873, 5.354092144000163 ], [ -7.389946455999961, 5.345421665000117 ], [ -7.386201376999963, 5.337600263000127 ], [ -7.382938381999963, 5.33437570000001 ], [ -7.37716388399997, 5.332252015000108 ], [ -7.371047023999836, 5.332656983 ], [ -7.373543740999935, 5.329391267000176 ], [ -7.379994862999979, 5.325375762000021 ], [ -7.382475855999928, 5.319945298000107 ], [ -7.388235092999935, 5.319904250000093 ], [ -7.391094201999977, 5.316997369000035 ], [ -7.396845343999928, 5.315873898000063 ], [ -7.400771613999893, 5.311154811000108 ], [ -7.401815409999926, 5.30609551800012 ], [ -7.399609565999924, 5.299616176000086 ], [ -7.395604607999928, 5.293149578999987 ], [ -7.398085593999951, 5.287719267000114 ], [ -7.403484337999885, 5.287680884000054 ], [ -7.408510680999939, 5.285841094999967 ], [ -7.410286903999975, 5.282580671000062 ], [ -7.410608767999975, 5.277165798000112 ], [ -7.410223480999889, 5.273560524000061 ], [ -7.411644939999917, 5.271024816000022 ], [ -7.416298384999834, 5.267383187000064 ], [ -7.420946122999965, 5.263020016000098 ], [ -7.424527171999898, 5.260468984000056 ], [ -7.428126336999981, 5.260443377000172 ], [ -7.423470494999947, 5.263723654000046 ], [ -7.419897077999963, 5.267357598 ], [ -7.419580933999896, 5.273493958000017 ], [ -7.42068624999996, 5.277094614000077 ], [ -7.425735001999897, 5.278501783000081 ], [ -7.428614137999944, 5.278481225000121 ], [ -7.427917479999905, 5.281733336000173 ], [ -7.42288398799991, 5.282491438000022 ], [ -7.420395378999956, 5.286838756000179 ], [ -7.418269158999919, 5.291544865000105 ], [ -7.414333345999978, 5.294820160000143 ], [ -7.414726253999959, 5.299508307000167 ], [ -7.415464401999941, 5.30202862200008 ], [ -7.420508380999934, 5.302714116000118 ], [ -7.427333827999973, 5.300861232000102 ], [ -7.43093538099987, 5.301196752000124 ], [ -7.435964107999951, 5.299716923000176 ], [ -7.439189911999847, 5.297889808000093 ], [ -7.442755700999896, 5.293173398000135 ], [ -7.445614336999938, 5.290266578000114 ], [ -7.450652598999966, 5.29023035400013 ], [ -7.453524109999876, 5.289126785000065 ], [ -7.457462312999951, 5.286212200000023 ], [ -7.459603310999967, 5.283670776000065 ], [ -7.462112421999848, 5.282209601000091 ], [ -7.465703488999964, 5.281101405000015 ], [ -7.467158314999892, 5.283255563000125 ], [ -7.470783233999896, 5.286837696000077 ], [ -7.475088595999978, 5.285002738000173 ], [ -7.479019164999841, 5.281005309000079 ], [ -7.480771539999978, 5.274498268000173 ], [ -7.48325204799994, 5.269068296000171 ], [ -7.481760500999883, 5.261863161000065 ], [ -7.472391128999959, 5.260126749000108 ], [ -7.470573903999878, 5.257614404000151 ], [ -7.470162389999928, 5.250400782000156 ], [ -7.469393726999954, 5.243551045000117 ], [ -7.469367979999959, 5.239942937000023 ], [ -7.471509453999943, 5.237402204000034 ], [ -7.474030970999934, 5.237744925000072 ], [ -7.476202961999945, 5.239533216000154 ], [ -7.48014831699993, 5.237701089000154 ], [ -7.488694666999947, 5.225011896000183 ], [ -7.490072251999891, 5.216343147000089 ], [ -7.485348221999914, 5.209882040000139 ], [ -7.481737134999946, 5.208103983000171 ], [ -7.478799341999945, 5.199826691999988 ], [ -7.480557918999978, 5.19404132700015 ], [ -7.480526921999967, 5.18971177100002 ], [ -7.477605340999901, 5.18359888700013 ], [ -7.475405691999981, 5.1778415980001 ], [ -7.476434229999938, 5.170618353000123 ], [ -7.476756094999928, 5.165203968000014 ], [ -7.477812765999943, 5.161949577000144 ], [ -7.483133793999912, 5.151087839000127 ], [ -7.486343860999966, 5.147096758000032 ], [ -7.489913939999951, 5.143102591 ], [ -7.489488599999845, 5.133724613000027 ], [ -7.490894795999907, 5.129024787000162 ], [ -7.494474885999921, 5.12647368 ], [ -7.498070238999958, 5.126087590000054 ], [ -7.503803729999959, 5.12280034600019 ], [ -7.507720946999825, 5.117000070000074 ], [ -7.506150647999903, 5.114343803000111 ], [ -7.505172250999976, 5.112688399000092 ], [ -7.508027554999956, 5.109421498000074 ], [ -7.511584757999969, 5.103623270000128 ], [ -7.515871523999976, 5.099264075000121 ], [ -7.51768541499996, 5.10141636700007 ], [ -7.51591682499992, 5.105757833000098 ], [ -7.51559495999993, 5.111171928000147 ], [ -7.521029472999885, 5.116545351000013 ], [ -7.5253491389999, 5.116874975000144 ], [ -7.534322737999958, 5.113925463000157 ], [ -7.537535188999925, 5.110295284000074 ], [ -7.538951396999948, 5.107038027000158 ], [ -7.54395723499988, 5.102673694000089 ], [ -7.54790401799994, 5.101202768000064 ], [ -7.551486491999981, 5.099012389000109 ], [ -7.55507087899997, 5.097183292000182 ], [ -7.55756854699996, 5.094279155000152 ], [ -7.560061454999925, 5.090654167000082 ], [ -7.565804005999951, 5.088809759000071 ], [ -7.569013595999877, 5.084818421000023 ], [ -7.568973062999873, 5.079045989000065 ], [ -7.567156312999941, 5.076533797000025 ], [ -7.563909052999918, 5.075113897000165 ], [ -7.56280421799994, 5.071513880000111 ], [ -7.562419413999976, 5.067909324000084 ], [ -7.562401294999972, 5.065383793000137 ], [ -7.561302184999874, 5.062505730000112 ], [ -7.557327745999942, 5.06000866300019 ], [ -7.55837631299994, 5.055671947 ], [ -7.557991501999879, 5.052066794000041 ], [ -7.55617284799996, 5.049193747000118 ], [ -7.554341317999956, 5.044516547 ], [ -7.555395126999827, 5.040901829000063 ], [ -7.558984755999916, 5.039793865000036 ], [ -7.562513829999943, 5.030028848000086 ], [ -7.562810420999881, 5.021007444000077 ], [ -7.560979366999902, 5.016330793000066 ], [ -7.557337282999924, 5.009862546000022 ], [ -7.547960756999942, 5.006320018 ], [ -7.547568318999879, 5.00163262500007 ], [ -7.548243044999936, 4.995134136000161 ], [ -7.549294471999872, 4.991158750000011 ], [ -7.55251455299998, 4.988610691000133 ], [ -7.55573654199992, 4.986423920000163 ], [ -7.55928564199985, 4.97954482900019 ], [ -7.563949105999882, 4.977708238000048 ], [ -7.565360066999915, 4.973729878000029 ], [ -7.563157555999851, 4.967251501000021 ], [ -7.559523577999926, 4.961865169000021 ], [ -7.556633947999899, 4.960081497000033 ], [ -7.551628586999925, 4.964445438000098 ], [ -7.545858860999942, 4.962320860000148 ], [ -7.54366874599998, 4.957645810000031 ], [ -7.540045261999865, 4.953702625 ], [ -7.538953781999965, 4.95190586700005 ], [ -7.541813851999905, 4.949361034000049 ], [ -7.543218133999915, 4.944300486000031 ], [ -7.543188570999973, 4.939971271000047 ], [ -7.542806624999969, 4.936727249000057 ], [ -7.53989267399993, 4.931335569000169 ], [ -7.53229570499991, 4.924893591000057 ], [ -7.532273767999868, 4.921646486000043 ], [ -7.5329761509999, 4.919116493000047 ], [ -7.536212918999922, 4.919094414000085 ], [ -7.541959761999976, 4.917972395000106 ], [ -7.545920846999934, 4.918667363000054 ], [ -7.549172397999939, 4.920809532000078 ], [ -7.551704408999967, 4.922957160000124 ], [ -7.554596422999907, 4.925101730000108 ], [ -7.55891466199995, 4.925432824000154 ], [ -7.562139033999927, 4.923607033000167 ], [ -7.567885396999941, 4.922484795000059 ], [ -7.569304467999871, 4.919589236000036 ], [ -7.56962442299988, 4.913814875000185 ], [ -7.570673937999857, 4.90947841100018 ], [ -7.573541162999959, 4.908015837000164 ], [ -7.577858923999884, 4.908346904000098 ], [ -7.579674241999896, 4.910859466000147 ], [ -7.582561013999907, 4.912283042000183 ], [ -7.584371565999959, 4.91407416200002 ], [ -7.586888788999886, 4.914056815000095 ], [ -7.590827466999883, 4.91150409 ], [ -7.597640036999849, 4.908571391000123 ], [ -7.600864409999929, 4.906745583000031 ], [ -7.603344439999944, 4.901317272000028 ], [ -7.60545254099992, 4.894088019000094 ], [ -7.607221126999889, 4.889746788000139 ], [ -7.606104852999977, 4.884343878000038 ], [ -7.600319382999942, 4.87969331 ], [ -7.594196792999981, 4.878292467 ], [ -7.594539164999958, 4.875764569000125 ], [ -7.59595775799994, 4.872869717000015 ], [ -7.594482419999963, 4.867468568000163 ], [ -7.594081397999901, 4.861338066000087 ], [ -7.590463636999971, 4.85811633700007 ], [ -7.592241759999922, 4.85521849600002 ], [ -7.59690188899998, 4.853021868000155 ], [ -7.598315716999878, 4.849404548000166 ], [ -7.597190374999855, 4.842558144000179 ], [ -7.595005990999937, 4.838605178000137 ], [ -7.590657235999913, 4.833584169000119 ], [ -7.588840006999931, 4.830710212000042 ], [ -7.588099002999911, 4.827468792000104 ], [ -7.590960977999941, 4.825285110000095 ], [ -7.596346853999876, 4.824166458999969 ], [ -7.598837376999882, 4.820180619000041 ], [ -7.600950718999968, 4.813673514000186 ], [ -7.599104398999941, 4.8064706830001 ], [ -7.59872341199997, 4.803226861999974 ], [ -7.599780079999903, 4.799972767000156 ], [ -7.598315241999956, 4.796014838000133 ], [ -7.594710346999932, 4.794596297000112 ], [ -7.591812130999926, 4.791368829000021 ], [ -7.587840078999875, 4.788870536 ], [ -7.583860874999971, 4.785289522000028 ], [ -7.577376841999978, 4.783529391000116 ], [ -7.569466591999969, 4.783582328000136 ], [ -7.566940307999914, 4.782155744000079 ], [ -7.566187858999911, 4.777110592000042 ], [ -7.567611692999947, 4.774936731000082 ], [ -7.571547507999924, 4.772024102000046 ], [ -7.572604653999974, 4.768769968000072 ], [ -7.57150220699998, 4.765170076000118 ], [ -7.569306848999872, 4.759412529000087 ], [ -7.568563937999954, 4.755809647000035 ], [ -7.569254399999977, 4.751476349000143 ], [ -7.568861483999967, 4.746428233000074 ], [ -7.565585135999982, 4.740317029000153 ], [ -7.563042161999874, 4.736365280000143 ], [ -7.564452173999939, 4.732027219000088 ], [ -7.566926000999899, 4.725516656000082 ], [ -7.569419383999957, 4.721892933000049 ], [ -7.566853045999892, 4.714334038000175 ], [ -7.562460899999849, 4.702458044000025 ], [ -7.562425612999959, 4.697046773000011 ], [ -7.56420230699996, 4.693788003000066 ], [ -7.57212543299994, 4.695900373000029 ], [ -7.574980260999894, 4.692635107000058 ], [ -7.576756478999869, 4.689376375000052 ], [ -7.577087878999862, 4.685045253 ], [ -7.574174405999941, 4.679292223000061 ], [ -7.572715280999887, 4.676054977000092 ], [ -7.568366048999962, 4.670671957000025 ], [ -7.568352223999966, 4.668507689000023 ], [ -7.573742389999893, 4.668111772000032 ], [ -7.579832555999928, 4.664824911000096 ], [ -7.581578728999887, 4.656877094000038 ], [ -7.582269195999913, 4.652543671000046 ], [ -7.580089091999923, 4.648950119000062 ], [ -7.573249816999976, 4.647552029000053 ], [ -7.568938252999942, 4.647940500000118 ], [ -7.564587114999824, 4.642196541000146 ], [ -7.562386032999939, 4.635356384000033 ], [ -7.560484407999979, 4.619134405000125 ], [ -7.557212351999965, 4.613383210000052 ], [ -7.554684635999934, 4.611595518000115 ], [ -7.554311275999851, 4.609433516000081 ], [ -7.556813716999955, 4.607252478000134 ], [ -7.559309483999868, 4.603990142000043 ], [ -7.561088084999938, 4.601092308999966 ], [ -7.562846659999877, 4.594948332000115 ], [ -7.565358162999928, 4.594210758000031 ], [ -7.56930970999997, 4.593824377000089 ], [ -7.575061320999964, 4.593787128000145 ], [ -7.57792759199998, 4.592325801000072 ], [ -7.580432415999894, 4.590506078000089 ], [ -7.57967662599998, 4.584738841000103 ], [ -7.580729480999878, 4.58076386700003 ], [ -7.577112193999938, 4.577179297999976 ], [ -7.569529534999845, 4.571816415000114 ], [ -7.566259860999935, 4.566426392999972 ], [ -7.565525052999874, 4.56390570300016 ], [ -7.567997930999866, 4.557035553000162 ], [ -7.567246912999963, 4.551989590000176 ], [ -7.564344406999908, 4.547679023000114 ], [ -7.567565438999964, 4.545493627000155 ], [ -7.57186031599997, 4.542580243000145 ], [ -7.572183607999875, 4.536806025000033 ], [ -7.571792122999909, 4.531757794000043 ], [ -7.569967744999929, 4.527440646000059 ], [ -7.567790985999977, 4.524207599000022 ], [ -7.563079834999883, 4.51810413100003 ], [ -7.559087754999894, 4.511996308000107 ], [ -7.56086253999996, 4.508377543000108 ], [ -7.564079281999909, 4.50547117800005 ], [ -7.562944887999947, 4.496459509000033 ], [ -7.56076812699996, 4.493226033000042 ], [ -7.560024261999956, 4.489262655 ], [ -7.563598154999966, 4.48599284300019 ], [ -7.567536355999948, 4.483443346000172 ], [ -7.567859650999878, 4.477668836000078 ], [ -7.57035541599987, 4.47440667300009 ], [ -7.573911187999897, 4.468251249000048 ], [ -7.57312297999988, 4.4570728650001 ], [ -7.570560453999974, 4.449513036000155 ], [ -7.567310330999817, 4.447007603000031 ], [ -7.561167236999836, 4.441634524 ], [ -7.550727365999876, 4.438813301000096 ], [ -7.546041965999962, 4.436677543000087 ], [ -7.547106742999972, 4.434505978000118 ], [ -7.553917407999961, 4.431577753000056 ], [ -7.559656621999977, 4.429738620000023 ], [ -7.565014360999896, 4.42429397799998 ], [ -7.567869186999872, 4.421029493000162 ], [ -7.571050643999911, 4.412351550000096 ], [ -7.574611185999913, 4.406918414000131 ], [ -7.577450752999937, 4.401128756000162 ], [ -7.575966836999896, 4.393561865000152 ], [ -7.573409555999888, 4.386722981000105 ], [ -7.567624566999882, 4.3809865610001 ], [ -7.564011572999902, 4.377761836000161 ], [ -7.562016008999876, 4.37449223599998 ], [ -7.556301114999826, 4.369587897000031 ], [ -7.552765367999939, 4.369216011000162 ], [ -7.544528008999976, 4.370447267000088 ], [ -7.538596150999979, 4.363398951000079 ], [ -7.52877187699994, 4.36188468600011 ], [ -7.51857614499994, 4.363913499000034 ], [ -7.497365474999924, 4.362467406000178 ], [ -7.488323210999965, 4.360553222000078 ], [ -7.471077918999924, 4.365773157000035 ], [ -7.466763495999942, 4.366586152000082 ], [ -7.463227747999952, 4.366213779000077 ], [ -7.440507409999952, 4.375401991000047 ], [ -7.427000245999977, 4.378148713000144 ], [ -7.416582580999886, 4.380267017000051 ], [ -7.399378775999935, 4.392964921000157 ], [ -7.397040839999931, 4.396127673000024 ], [ -7.367646218999937, 4.406142238000029 ], [ -7.353590958999973, 4.420396294999989 ], [ -7.34143018899988, 4.422829616000172 ], [ -7.326937681999937, 4.429607465000061 ], [ -7.319941522999954, 4.442245454000101 ], [ -7.311347015999843, 4.450169502000108 ], [ -7.301155569999935, 4.45377243300004 ], [ -7.29528236799996, 4.456955903 ], [ -7.283501145999878, 4.457418394000172 ], [ -7.256823063999832, 4.463085624000144 ], [ -7.249092094999924, 4.484784531000059 ], [ -7.237352840999904, 4.492727263000177 ], [ -7.222270489999971, 4.499671375000048 ], [ -7.215420251999944, 4.504272559000071 ], [ -7.206724221999934, 4.507009763000099 ], [ -7.205224505999922, 4.507481712000128 ], [ -7.191147323999928, 4.51898143700015 ], [ -7.170731560999968, 4.521461482000063 ], [ -7.16368007899996, 4.525046481000118 ], [ -7.15896798599988, 4.525466976000189 ], [ -7.152677058999927, 4.524715903000128 ], [ -7.139713778999919, 4.525183663000121 ], [ -7.123228071999961, 4.52803462300011 ], [ -7.102024078999932, 4.530517940000152 ], [ -7.090634328999897, 4.531370215000038 ], [ -7.082768906999888, 4.530233484000064 ], [ -7.073751444999857, 4.533828634000145 ], [ -7.063140380999926, 4.533494830000052 ], [ -7.058069702999887, 4.54021792900005 ], [ -7.039614188999906, 4.54268412700003 ], [ -7.03530073099995, 4.544283939000024 ], [ -7.034938317999831, 4.549799348000136 ], [ -7.032202719999873, 4.55257140100008 ], [ -7.030657307999888, 4.557305812000038 ], [ -7.029509550999876, 4.562825108000027 ], [ -7.022464267999965, 4.567984455000101 ], [ -7.01856326799998, 4.573126436000052 ], [ -7.00836325299997, 4.576333897000154 ], [ -7.004101749999961, 4.587385237000035 ], [ -6.996257287999981, 4.590186081000184 ], [ -6.987624661999973, 4.59259702900016 ], [ -6.98527097799996, 4.593398203 ], [ -6.986480696999934, 4.598905126000091 ], [ -6.978655347999961, 4.605250428000033 ], [ -6.975915427999894, 4.607234939000023 ], [ -6.972771159999979, 4.60725254700003 ], [ -6.965369218999854, 4.619109065000146 ], [ -6.959497917999897, 4.623474058999989 ], [ -6.955971731999966, 4.625463 ], [ -6.954001893999873, 4.624686843000177 ], [ -6.9414639499999, 4.631846065000104 ], [ -6.93557501399988, 4.633060417000024 ], [ -6.926567062999936, 4.63901842100006 ], [ -6.921079617999851, 4.641806030000055 ], [ -6.924298291999889, 4.655179624000084 ], [ -6.921573158999934, 4.659921192000184 ], [ -6.916482914999904, 4.663494472000082 ], [ -6.909018484999933, 4.66432390500006 ], [ -6.900783523999905, 4.667914408000058 ], [ -6.894107331999976, 4.669133103000092 ], [ -6.882317068999839, 4.669592318000127 ], [ -6.868188891999978, 4.674003652000067 ], [ -6.779174319999981, 4.686286353000014 ], [ -6.769577023999943, 4.686359976000176 ], [ -6.766459452999925, 4.69149782400018 ], [ -6.758186810999973, 4.692172128000038 ], [ -6.753484759999935, 4.69156779900004 ], [ -6.744055249999917, 4.692800545000068 ], [ -6.735005820999902, 4.691667043000052 ], [ -6.730281331999947, 4.690510278000033 ], [ -6.713000301999898, 4.694148192000114 ], [ -6.70756242899995, 4.706783760000178 ], [ -6.687134295999897, 4.710438230000022 ], [ -6.675737383999888, 4.711680499000067 ], [ -6.669851788999893, 4.714075633 ], [ -6.650997621999977, 4.718114885999967 ], [ -6.643155586999967, 4.722489838000115 ], [ -6.634926294999957, 4.728049276000036 ], [ -6.627069933999962, 4.729666296000062 ], [ -6.618447310999898, 4.735227482000141 ], [ -6.614148121999904, 4.740372153000123 ], [ -6.607874372999959, 4.74395107600003 ], [ -6.607507704999819, 4.749075197000082 ], [ -6.605559822999965, 4.752630935000127 ], [ -6.593400981999935, 4.758998469000062 ], [ -6.583597677999933, 4.764566436999985 ], [ -6.574564488999897, 4.766977481000026 ], [ -6.570240010999953, 4.767393890999983 ], [ -6.561612151999896, 4.772166709000032 ], [ -6.555702240999949, 4.770227848000104 ], [ -6.543132755999977, 4.773445325000125 ], [ -6.534090997999897, 4.774279837000051 ], [ -6.51639988699992, 4.775947100000053 ], [ -6.512073042999873, 4.775969295000039 ], [ -6.50541066999989, 4.780731688000174 ], [ -6.493213641999944, 4.780006183000125 ], [ -6.479073545999938, 4.78401871900013 ], [ -6.463747037999951, 4.786855257000127 ], [ -6.455889670999966, 4.788864772000068 ], [ -6.452355404999935, 4.790065054000081 ], [ -6.449262164999936, 4.800720761000036 ], [ -6.443377484999871, 4.803903276000028 ], [ -6.441029045999869, 4.806279437000057 ], [ -6.431999674999929, 4.809871770000029 ], [ -6.419025922999936, 4.811513513000079 ], [ -6.411951099999953, 4.812730942000144 ], [ -6.408030998999948, 4.815509509000094 ], [ -6.40331789399994, 4.817109575000131 ], [ -6.398211448999916, 4.81871102700012 ], [ -6.394688573999929, 4.822275538000099 ], [ -6.384857661999888, 4.823113164000119 ], [ -6.378571053999963, 4.824720417000151 ], [ -6.368745830999956, 4.826739771000064 ], [ -6.361660493999921, 4.825986964000037 ], [ -6.354600452999932, 4.83035637800009 ], [ -6.345559142999946, 4.831978187000061 ], [ -6.339681122999878, 4.836736838000093 ], [ -6.328678604999936, 4.839549619000024 ], [ -6.31651309199998, 4.845915162000097 ], [ -6.305893364999974, 4.846755245000054 ], [ -6.301248035999947, 4.848547068000073 ], [ -6.29205231799989, 4.852094077000061 ], [ -6.27682543599991, 4.856750823000027 ], [ -6.262680061999959, 4.860761407000041 ], [ -6.247349281999959, 4.863988334000169 ], [ -6.24066966699985, 4.865991271000041 ], [ -6.238728457999969, 4.871518805000164 ], [ -6.224988501999917, 4.878285273000131 ], [ -6.216342865999934, 4.880692161000127 ], [ -6.209258025999929, 4.880332055 ], [ -6.202583251999897, 4.883517479000147 ], [ -6.195902773999876, 4.885520186 ], [ -6.184520709999958, 4.891880965000098 ], [ -6.18179041999997, 4.897017818000108 ], [ -6.174719790999916, 4.899810980000098 ], [ -6.171571781999944, 4.899825932000113 ], [ -6.162546689999886, 4.905387302000179 ], [ -6.157044406999944, 4.906989619000171 ], [ -6.145265596999934, 4.912958568000079 ], [ -6.132302697999933, 4.9181443 ], [ -6.122079418999874, 4.920162723000146 ], [ -6.101267766999911, 4.930509688000143 ], [ -6.092248400999893, 4.93764762700016 ], [ -6.08477932999989, 4.939652880000097 ], [ -6.071482664999905, 4.958242852000069 ], [ -6.058492199999932, 4.957909045000065 ], [ -6.04670383499996, 4.962300399000128 ], [ -6.038439679999897, 4.962732616000096 ], [ -6.030960975999903, 4.9627670160001 ], [ -6.016029878999973, 4.968748893999987 ], [ -6.01407629199997, 4.971911905000127 ], [ -6.00659373499991, 4.971157302000165 ], [ -6.005038710999884, 4.975501425000118 ], [ -5.99600317699992, 4.979484994000131 ], [ -5.979095981999933, 4.983898370000077 ], [ -5.97990606999997, 4.989020079999989 ], [ -5.96812626499991, 4.995775431000027 ], [ -5.956720803999929, 4.998192936000123 ], [ -5.95318122499998, 4.998997179000128 ], [ -5.947299461999933, 5.004149201000075 ], [ -5.935494441999936, 5.005385264000154 ], [ -5.928416767999977, 5.007388287000026 ], [ -5.919782168999973, 5.013340287000119 ], [ -5.906419297999946, 5.018525596000075 ], [ -5.883606944999826, 5.023752619000106 ], [ -5.877706563999936, 5.024961753000127 ], [ -5.863491995999937, 5.031191599000067 ], [ -5.861962527999879, 5.031545625000092 ], [ -5.807311006999953, 5.04419550199998 ], [ -5.765205874999879, 5.050685687000112 ], [ -5.74434942299996, 5.053928526999982 ], [ -5.741206227999953, 5.055519237000169 ], [ -5.719162531999814, 5.057583217000058 ], [ -5.703809787999887, 5.058831293000139 ], [ -5.696721622999974, 5.058860854000159 ], [ -5.671139171999869, 5.062515561000112 ], [ -5.659728540999879, 5.064929118000066 ], [ -5.646730920999971, 5.064588200000117 ], [ -5.634535837999977, 5.06779251200004 ], [ -5.623909057999924, 5.069413860000054 ], [ -5.614463315999899, 5.071029151000062 ], [ -5.606606040999907, 5.07579307400016 ], [ -5.601871918999905, 5.073840338000025 ], [ -5.593996964999974, 5.074266284000089 ], [ -5.586131102999957, 5.077058789000148 ], [ -5.58061745599997, 5.077080865000028 ], [ -5.551471174999904, 5.076802509000061 ], [ -5.542415564999828, 5.07762736300009 ], [ -5.534549268999911, 5.080418806000068 ], [ -5.525488859999939, 5.080060077000155 ], [ -5.51249310799983, 5.080505123000023 ], [ -5.508162080999966, 5.08091626800018 ], [ -5.49283177399991, 5.088863737000054 ], [ -5.485884988999885, 5.090050873000052 ], [ -5.458354953999958, 5.09475430800012 ], [ -5.436147622999954, 5.098546864000014 ], [ -5.422756624999977, 5.098991800000078 ], [ -5.415282693999927, 5.101780675000157 ], [ -5.397167751999916, 5.103032627 ], [ -5.381810684999891, 5.104667061000043 ], [ -5.368038202999969, 5.108662389000074 ], [ -5.349523512999895, 5.108731048000152 ], [ -5.343257366999978, 5.10990024299997 ], [ -5.326295802999937, 5.112842686000022 ], [ -5.286520055999972, 5.116536086000053 ], [ -5.266428491999875, 5.116607507000026 ], [ -5.24241213199997, 5.12103055700004 ], [ -5.227442226999926, 5.121477772 ], [ -5.19198458999989, 5.121600233000095 ], [ -5.17820450499994, 5.12440848600005 ], [ -5.155751262999956, 5.125668282000163 ], [ -5.13802420899998, 5.126516583000125 ], [ -5.1345456439999, 5.126876827000046 ], [ -5.126207742999895, 5.127740292 ], [ -5.118716685999914, 5.126187046000098 ], [ -5.104930500999956, 5.127415769999971 ], [ -5.10020247499989, 5.127431324000042 ], [ -5.087201611999888, 5.127868878000186 ], [ -5.082872275999875, 5.129460600000073 ], [ -5.061595396999962, 5.129529614000091 ], [ -5.014716029999931, 5.132835630000102 ], [ -5.007232055999907, 5.133648602 ], [ -4.999346715999934, 5.13209510500019 ], [ -4.995013786999891, 5.132503077000024 ], [ -4.987534024999889, 5.134893501000079 ], [ -4.965467530999945, 5.134961839000027 ], [ -4.962312696999959, 5.134182691000092 ], [ -4.958770220999952, 5.135376858000029 ], [ -4.920551649999823, 5.137071337000179 ], [ -4.913066805999847, 5.137883268999985 ], [ -4.906377438999868, 5.141059387999974 ], [ -4.889041910999936, 5.142294894000088 ], [ -4.881557990999966, 5.143500936 ], [ -4.868548032999968, 5.141565844000127 ], [ -4.864608319999945, 5.141972396000028 ], [ -4.860277188999873, 5.143168405000154 ], [ -4.846483176999868, 5.142814070000043 ], [ -4.828763056999833, 5.147600359000023 ], [ -4.790642635999916, 5.149597965000112 ], [ -4.782746717999942, 5.149644432000116 ], [ -4.763743331999933, 5.149756152000123 ], [ -4.744442073999892, 5.153361325999981 ], [ -4.729078177999952, 5.155770155000084 ], [ -4.721594212999946, 5.157368954000106 ], [ -4.711751085999879, 5.160947580000084 ], [ -4.69756506799996, 5.161774627000057 ], [ -4.68180848399993, 5.16497359300007 ], [ -4.673534737999944, 5.166178936000051 ], [ -4.658952653999904, 5.166611725000053 ], [ -4.65304380799995, 5.167811196000116 ], [ -4.648321679999981, 5.170586082 ], [ -4.586067597999943, 5.1790318030001 ], [ -4.536811738999972, 5.185072754000146 ], [ -4.472576231999881, 5.191539775000081 ], [ -4.448140580999905, 5.193175545000088 ], [ -4.444601017999901, 5.196735011999976 ], [ -4.405576296999925, 5.197218276000171 ], [ -4.397304905999931, 5.200393541000096 ], [ -4.378781225999887, 5.202013066000063 ], [ -4.356317041999887, 5.204824207000058 ], [ -4.337791416999892, 5.206048606000024 ], [ -4.322422135999943, 5.208448948000012 ], [ -4.302316589999862, 5.208490867000023 ], [ -4.269999915999904, 5.213292756000044 ], [ -4.237285615999951, 5.216910188000043 ], [ -4.220616229999962, 5.21828815900011 ], [ -4.214074149999931, 5.218829375000098 ], [ -4.212846802999877, 5.218931236000117 ], [ -4.196683873999973, 5.219751940000151 ], [ -4.162393955999903, 5.224947514000178 ], [ -4.140719325999953, 5.230117944000028 ], [ -4.132942193999952, 5.230173314000183 ], [ -4.130348589999869, 5.230191563000176 ], [ -4.11627759299995, 5.231740270000159 ], [ -4.107607454999936, 5.233729699000037 ], [ -4.100910719999888, 5.236898740000129 ], [ -4.079227006999929, 5.237726231000124 ], [ -4.062673454999924, 5.241306980000161 ], [ -4.050056357999949, 5.241328285000066 ], [ -4.035470904999897, 5.242931531000011 ], [ -4.029954455999928, 5.244914170000015 ], [ -4.017335517999868, 5.243749919000038 ], [ -4.010239195999873, 5.244551745000138 ], [ -4.003544247999969, 5.24969397100017 ], [ -3.990135531999954, 5.247741251999969 ], [ -3.979487978999884, 5.246573672000011 ], [ -3.971998194999969, 5.247769730000016 ], [ -3.948330767999948, 5.241095596000093 ], [ -3.92427183999996, 5.236395209000136 ], [ -3.904946799999834, 5.233266011000183 ], [ -3.885198705999926, 5.229999403000079 ], [ -3.870241409999949, 5.227788360000034 ], [ -3.851405122999836, 5.221483552000109 ], [ -3.833161981999922, 5.215996871000073 ], [ -3.815803528999879, 5.208125042000063 ], [ -3.800027658999909, 5.204592591000051 ], [ -3.772816300999978, 5.199889413000108 ], [ -3.766111762999913, 5.19871372900019 ], [ -3.763746569999967, 5.199111220000134 ], [ -3.758223080999926, 5.195960341000102 ], [ -3.74342258799993, 5.19309177100007 ], [ -3.727856483999972, 5.190074461 ], [ -3.703405402999863, 5.185365502000025 ], [ -3.642260373999932, 5.173673580000013 ], [ -3.633603974999914, 5.172017825000069 ], [ -3.607578627999885, 5.168885093000029 ], [ -3.584705154999938, 5.162985346000141 ], [ -3.566566107999961, 5.160633396000037 ], [ -3.555525994999812, 5.160247942000126 ], [ -3.551512107999883, 5.160653427 ], [ -3.543699146999927, 5.16144265600002 ], [ -3.533052887999872, 5.161057039000184 ], [ -3.516886306999936, 5.159491269000114 ], [ -3.505055329999891, 5.156343082000149 ], [ -3.499169011999925, 5.156150975000173 ], [ -3.493226862999961, 5.155957160000014 ], [ -3.485341619999929, 5.156358436000176 ], [ -3.475482252999939, 5.153207604999977 ], [ -3.466808085999958, 5.153214028999969 ], [ -3.45379457599995, 5.149669944000095 ], [ -3.438021915999911, 5.147707763000028 ], [ -3.426586417999943, 5.144952435000164 ], [ -3.401349680999942, 5.14062601 ], [ -3.37611331099987, 5.135509260000163 ], [ -3.369411150999838, 5.136302472000068 ], [ -3.354820033999943, 5.13078395600013 ], [ -3.346145681999872, 5.129604763000032 ], [ -3.335105829999918, 5.1296112120001 ], [ -3.322093612999936, 5.126064911000014 ], [ -3.311447006999913, 5.124095795000187 ], [ -3.29094306199994, 5.119367922000038 ], [ -3.279508011999894, 5.11542592100011 ], [ -3.274776977999863, 5.116217273000075 ], [ -3.258611381999913, 5.11464425600019 ], [ -3.242445102999909, 5.111098122000044 ], [ -3.226674123999942, 5.108735397000089 ], [ -3.221844675999932, 5.107125107000059 ], [ -3.214844878999941, 5.104792352000061 ], [ -3.198679443999822, 5.101639183000032 ], [ -3.191642532999879, 5.100153729 ], [ -3.16319434299993, 5.094147880000037 ], [ -3.11351667699995, 5.085079185000097 ], [ -3.117461654999943, 5.098105553000039 ], [ -3.117649673999892, 5.104093221000028 ], [ -3.119454849999954, 5.10952139799997 ], [ -3.115846389999888, 5.110607649000087 ], [ -3.111515407999946, 5.109160964000182 ], [ -3.109350291999931, 5.110608788999969 ], [ -3.108989763999944, 5.112780029000078 ], [ -3.111516095999889, 5.113142022999966 ], [ -3.110794739999903, 5.115675189000171 ], [ -3.10718558699989, 5.114590213999975 ], [ -3.104298120999886, 5.112780809000128 ], [ -3.101410499999872, 5.109886367000058 ], [ -3.10105045499995, 5.113505621000058 ], [ -3.09780238999997, 5.113505559000032 ], [ -3.099244745999954, 5.10735366300014 ], [ -3.093831636999937, 5.107353912000065 ], [ -3.092027688999906, 5.110973371000114 ], [ -3.091306206999889, 5.113144654000109 ], [ -3.089501757999926, 5.111335591999989 ], [ -3.08661464599993, 5.111698417000071 ], [ -3.084088002999977, 5.110975027000109 ], [ -3.08517039599991, 5.106631958000037 ], [ -3.08047879399993, 5.106631998000012 ], [ -3.07686986899995, 5.106632441000158 ], [ -3.073982936999926, 5.108442662000073 ], [ -3.072539809999967, 5.112423325 ], [ -3.071889696999904, 5.11299389800007 ], [ -3.069652917999917, 5.11495725400016 ], [ -3.066765983999971, 5.114595133000137 ], [ -3.062434973999927, 5.112063090000163 ], [ -3.059908750999966, 5.109529721000058 ], [ -3.055216935999908, 5.110615733000031 ], [ -3.051608095999939, 5.108444852000105 ], [ -3.050886593999905, 5.112064111000166 ], [ -3.047277635999933, 5.112063821000106 ], [ -3.04294674199997, 5.109892944000023 ], [ -3.040420875999928, 5.111702427000068 ], [ -3.035368237999876, 5.109893407000129 ], [ -3.029593974999955, 5.110979289999989 ], [ -3.023819959999969, 5.111703258000034 ], [ -3.020932711999876, 5.109170313000163 ], [ -3.01118852399992, 5.106637511000031 ], [ -3.007579868999869, 5.105913836000127 ], [ -3.001805574999935, 5.100485356000036 ], [ -2.996031652999875, 5.096142414000042 ], [ -2.990979320999827, 5.089990112000123 ], [ -2.979792235999923, 5.080218965000142 ], [ -2.971131492999916, 5.07913247800002 ], [ -2.966800962999912, 5.079132835000166 ], [ -2.962470517999975, 5.07768457700007 ], [ -2.94911859299998, 5.074788751000085 ], [ -2.945509547999961, 5.08166387100016 ], [ -2.942982828999959, 5.084920992000093 ], [ -2.937930678999919, 5.086006117000068 ], [ -2.931434742999897, 5.086729752000167 ], [ -2.928908493999927, 5.087452640000095 ], [ -2.928547493999929, 5.091071802000044 ], [ -2.929990559999965, 5.095414890000086 ], [ -2.931433759999891, 5.098671818000071 ], [ -2.92926775299992, 5.102290784 ], [ -2.925298075999933, 5.103737789000093 ], [ -2.920606672999952, 5.10228977200012 ], [ -2.918442116999927, 5.098308438 ], [ -2.915916372999959, 5.092517731000044 ], [ -2.915555912999935, 5.089260346000117 ], [ -2.912308788999951, 5.085279412999967 ], [ -2.90833920599988, 5.084555134000027 ], [ -2.906174187999966, 5.082745505000105 ], [ -2.900039579999884, 5.080572837000091 ], [ -2.897513717999971, 5.080572441000072 ], [ -2.894265463999886, 5.082743663000144 ], [ -2.891017067999883, 5.085638029000165 ], [ -2.888850915999967, 5.090704310000035 ], [ -2.886684855999931, 5.095046291000017 ], [ -2.886683396999956, 5.103370274000156 ], [ -2.891013041999827, 5.109523262000152 ], [ -2.896787458999938, 5.108800490000021 ], [ -2.906892769999843, 5.104820975 ], [ -2.906892194999955, 5.108802036000156 ], [ -2.90436529599998, 5.113144588000125 ], [ -2.900756336999962, 5.113144040000066 ], [ -2.898230175999856, 5.11422923300006 ], [ -2.895703782999874, 5.114952553000023 ], [ -2.89245528899994, 5.117485058000057 ], [ -2.8816277439999, 5.120740479 ], [ -2.871884226999839, 5.119653016000029 ], [ -2.86574969499992, 5.116032567000047 ], [ -2.859975813999938, 5.113860156000158 ], [ -2.85528579299995, 5.106621297000117 ], [ -2.849873427999967, 5.102277139000023 ], [ -2.846625683999889, 5.101190784000096 ], [ -2.843738770999948, 5.10155195100009 ], [ -2.840851126999951, 5.103722417000085 ], [ -2.838684973999875, 5.106978638000101 ], [ -2.837600567999857, 5.113854878000097 ], [ -2.833630813999946, 5.11457701900008 ], [ -2.830383323999911, 5.112405561000173 ], [ -2.827135952999811, 5.109871094000141 ], [ -2.824971478999942, 5.106613748000086 ], [ -2.821002478999901, 5.10371719200009 ], [ -2.817394276999892, 5.102268729000059 ], [ -2.812342047999948, 5.101543549000098 ], [ -2.806567406999875, 5.102989284000046 ], [ -2.797546039999872, 5.10117719700014 ], [ -2.79213330999994, 5.099365596000098 ], [ -2.787801366999872, 5.103345221000097 ], [ -2.782026822999853, 5.105152593000071 ], [ -2.776252342999896, 5.10587432900013 ], [ -2.77156180299994, 5.102977790000182 ], [ -2.767592426999954, 5.101890784000148 ], [ -2.763985404999971, 5.096822853000106 ], [ -2.75821303999993, 5.093563397000082 ], [ -2.75496084599996, 5.104780975000097 ], [ -2.751711318999924, 5.108760757000027 ], [ -2.743772302999957, 5.107309630000145 ], [ -2.739437825999971, 5.116717376000111 ], [ -2.734021829999904, 5.124314770000069 ], [ -2.728607890999967, 5.125398075000135 ], [ -2.724996730999976, 5.130463130000066 ], [ -2.729324197999972, 5.138427016000151 ], [ -2.735097359999941, 5.141686175000075 ], [ -2.73978581599988, 5.14856456900003 ], [ -2.740375444999927, 5.150538641000139 ], [ -2.741948371999854, 5.155802641000093 ], [ -2.74122184499987, 5.167382980000014 ], [ -2.746990724999876, 5.182222677000141 ], [ -2.749513538999963, 5.19163315600008 ], [ -2.751316806999967, 5.195253028000138 ], [ -2.758895848999941, 5.197065267000028 ], [ -2.76358578299994, 5.203219221000097 ], [ -2.757445153999868, 5.215159378000124 ], [ -2.756720323999957, 5.222758708000072 ], [ -2.75888425699992, 5.227464278000014 ], [ -2.761048068999912, 5.23108369800002 ], [ -2.758158588999947, 5.237235326000075 ], [ -2.757072342999948, 5.245920087000059 ], [ -2.761762859999976, 5.249902907000035 ], [ -2.768259803999854, 5.25135278800002 ], [ -2.77583944099996, 5.253526711000063 ], [ -2.773672817999909, 5.255697085 ], [ -2.770422720999932, 5.259315054000183 ], [ -2.771143087999917, 5.263658194000129 ], [ -2.779082713999969, 5.269088948999979 ], [ -2.784135468999978, 5.271986162000189 ], [ -2.789547878999883, 5.27814019200008 ], [ -2.792074673999878, 5.278502902000071 ], [ -2.79423929099994, 5.282484641999986 ], [ -2.787018774999979, 5.285377081000149 ], [ -2.776549490999969, 5.286821401000111 ], [ -2.771494665999967, 5.289352571000109 ], [ -2.767522540999948, 5.294055258000071 ], [ -2.765354103999869, 5.300569025000186 ], [ -2.766795116999901, 5.308531023000114 ], [ -2.770401387999925, 5.31721810900018 ], [ -2.773647833999973, 5.324456479000048 ], [ -2.775810771999943, 5.333143004000021 ], [ -2.774726392999867, 5.336761757000033 ], [ -2.771475054999939, 5.342550853000091 ], [ -2.764613370999939, 5.348337989000186 ], [ -2.75378728499993, 5.337839298000063 ], [ -2.726351349999959, 5.335294128000157 ], [ -2.733203832999834, 5.351220551000154 ], [ -2.727411457999835, 5.387044641000045 ], [ -2.739517726999907, 5.407330877000049 ], [ -2.740092194999932, 5.408293436000179 ], [ -2.762409884999954, 5.445685805000096 ], [ -2.766689366999856, 5.581395364000116 ], [ -2.765239218999966, 5.59514697700007 ], [ -2.776795901999947, 5.597685041000148 ], [ -2.794487151999931, 5.615423562000103 ], [ -2.797015977999877, 5.613977024000121 ], [ -2.808573968999895, 5.613257211000189 ], [ -2.808933860999844, 5.61723830800014 ], [ -2.821935792999966, 5.619413551000093 ], [ -2.862022335999939, 5.641861198000129 ], [ -2.863826398999947, 5.649099880999984 ], [ -2.869603514999937, 5.659234315000106 ], [ -2.873576911999976, 5.659235194000075 ], [ -2.877190311999925, 5.653445137000176 ], [ -2.878192327999955, 5.652441762000024 ], [ -2.882970904999922, 5.647656626000071 ], [ -2.900670970999897, 5.640059796000116 ], [ -2.906091623999885, 5.624137854000082 ], [ -2.916927676999933, 5.623053360000085 ], [ -2.938600205999933, 5.610390463000101 ], [ -2.95449210299995, 5.611839346000181 ], [ -2.970383222999942, 5.630296802000032 ], [ -2.9555682109999, 5.709549322000044 ], [ -3.030711857999961, 5.713938295000162 ], [ -3.031821866999962, 5.714003255000023 ], [ -3.036125871999957, 5.714254604000132 ], [ -3.023126479999974, 5.848154302000069 ], [ -3.057247036999911, 5.934534346000021 ], [ -3.059082730999933, 5.939149481000072 ], [ -3.082768505999923, 5.998692727000162 ], [ -3.11099214799998, 6.156107682000027 ], [ -3.156932752999978, 6.243671486000039 ], [ -3.176097987999981, 6.246813500000144 ], [ -3.173220901999969, 6.293605870000022 ], [ -3.187467502999937, 6.339011576000075 ], [ -3.20580850999994, 6.39745342100008 ], [ -3.212206223999942, 6.422883987000091 ], [ -3.231078081999954, 6.497884311000121 ], [ -3.231294975999958, 6.498746417000064 ], [ -3.242046930999891, 6.541463684000178 ], [ -3.237727283999902, 6.588509726000041 ], [ -3.238455570999861, 6.597555984000167 ], [ -3.257637941999917, 6.607317278000096 ], [ -3.26072707599991, 6.611805888000049 ], [ -3.259090590999961, 6.617366651000168 ], [ -3.258734194999931, 6.627861345000042 ], [ -3.255483438999931, 6.63908121500009 ], [ -3.252230969999914, 6.647768184000029 ], [ -3.243913287999874, 6.658628134000082 ], [ -3.23957164199993, 6.660801301000049 ], [ -3.234145129999888, 6.664784716000042 ], [ -3.234511326999893, 6.673831687000131 ], [ -3.229810301999976, 6.681794393000132 ], [ -3.228004561999967, 6.689395012999967 ], [ -3.228007131999902, 6.695546864000164 ], [ -3.220048315999975, 6.703149707000136 ], [ -3.216432063999889, 6.709303167000144 ], [ -3.208478062999916, 6.728485853000166 ], [ -3.216084682999849, 6.742233604000148 ], [ -3.209573372999955, 6.750559894000048 ], [ -3.21609110199995, 6.75670889100013 ], [ -3.226229526999816, 6.764665321000166 ], [ -3.229653255999949, 6.768254972000079 ], [ -3.233472099999972, 6.77125754900004 ], [ -3.233558787999868, 6.775106005000168 ], [ -3.234581593999962, 6.820471600000189 ], [ -3.186372497999912, 6.899606986000038 ], [ -3.18234922899984, 6.906209827000055 ], [ -3.095617279999885, 7.048498106000181 ], [ -3.079932804999885, 7.056672358000071 ], [ -3.073392891999958, 7.060080358000107 ], [ -3.053244295999946, 7.070579204000182 ], [ -3.035135052999919, 7.077094559000045 ], [ -3.025721386999976, 7.140783549000105 ], [ -2.980581393999955, 7.200825437999981 ], [ -2.955797142999927, 7.233782934000033 ], [ -2.978622110999936, 7.266714356000023 ], [ -2.976567201999899, 7.330570583 ], [ -2.976444403999949, 7.334382830000038 ], [ -2.973182773999952, 7.337277879000055 ], [ -2.96593223799988, 7.365865020000058 ], [ -2.964843458999951, 7.384319530000027 ], [ -2.959405594999964, 7.395537002000026 ], [ -2.951063260999945, 7.449092356000051 ], [ -2.950333175999901, 7.451328279000052 ], [ -2.940546434999931, 7.481296290000103 ], [ -2.933655150999925, 7.503731061000167 ], [ -2.935097926999958, 7.55185918300009 ], [ -2.926747782999939, 7.615545415000099 ], [ -2.926030447999949, 7.617041793000112 ], [ -2.887623143999917, 7.697168681000107 ], [ -2.853078756999935, 7.769207325000025 ], [ -2.851985315999968, 7.783790748000115 ], [ -2.831300095999893, 7.80078989499998 ], [ -2.834558208999908, 7.818884642000171 ], [ -2.830107190999968, 7.823696261000066 ], [ -2.791723121999837, 7.8651829370001 ], [ -2.782697785999858, 7.952010369999982 ], [ -2.779767187999937, 7.951299320000146 ], [ -2.765552641999932, 7.945862544000079 ], [ -2.752730328999974, 7.925274905000094 ], [ -2.751562662999959, 7.923577048000027 ], [ -2.750343407999878, 7.921875765000038 ], [ -2.749035103999915, 7.920230959000037 ], [ -2.747572434999938, 7.918816151000044 ], [ -2.744841586999939, 7.919727520000038 ], [ -2.744157135999899, 7.921622133000028 ], [ -2.743625730999895, 7.923595422000119 ], [ -2.743107382999824, 7.925537622999968 ], [ -2.742558933999931, 7.927546516 ], [ -2.741980998999964, 7.929545213000097 ], [ -2.741248852999945, 7.931490106000183 ], [ -2.740411250999955, 7.933397053000135 ], [ -2.739551530999961, 7.935295504000067 ], [ -2.738750193999977, 7.937219996000181 ], [ -2.737921639999911, 7.939130335000016 ], [ -2.737021648999871, 7.941005009000094 ], [ -2.736015075999887, 7.94282364500009 ], [ -2.734942167999975, 7.944609446000129 ], [ -2.733845441999961, 7.946382791000076 ], [ -2.732724326999971, 7.948147637000034 ], [ -2.73088395699989, 7.951072096000189 ], [ -2.729905677999966, 7.95290317100006 ], [ -2.729172860999824, 7.95485142800004 ], [ -2.728518845999872, 7.956825741999978 ], [ -2.727376184999912, 7.95850688600018 ], [ -2.725952412999902, 7.959921564000183 ], [ -2.724482704999957, 7.961322074000066 ], [ -2.723206770999923, 7.962967500000104 ], [ -2.722105975999966, 7.964737980000052 ], [ -2.72110040299998, 7.966570142000137 ], [ -2.720311419999973, 7.96845219800008 ], [ -2.719365934999928, 7.97029570300009 ], [ -2.717859917999931, 7.971630582000159 ], [ -2.71607682299998, 7.972604012000033 ], [ -2.714506148999874, 7.973921308000172 ], [ -2.713380906999873, 7.975681569000074 ], [ -2.712260258999947, 7.977347981999969 ], [ -2.71084424299994, 7.978856455000027 ], [ -2.709190863999936, 7.979982021000069 ], [ -2.707505162999894, 7.981088900999964 ], [ -2.705895872999974, 7.982394263000174 ], [ -2.704039792999879, 7.985387547000016 ], [ -2.703163922999977, 7.987270633000037 ], [ -2.701127945999929, 7.987244292000071 ], [ -2.699201979999884, 7.988009497000064 ], [ -2.697908874999939, 7.989616946000126 ], [ -2.696389033999935, 7.991050664999989 ], [ -2.694878820999975, 7.992487778000168 ], [ -2.693336863999832, 7.993889809000052 ], [ -2.691693518999841, 7.9951051970001 ], [ -2.69015133299996, 7.996782536000069 ], [ -2.690024480999966, 7.999538469000072 ], [ -2.691111221999961, 8.002433820000135 ], [ -2.689654114999939, 8.009307814000067 ], [ -2.684204924999904, 8.015093875 ], [ -2.667865517999871, 8.0219555380001 ], [ -2.657699313999899, 8.02484230400006 ], [ -2.643542157999946, 8.025916302000098 ], [ -2.618858764999914, 8.026255439000181 ], [ -2.606516620999969, 8.026605641000174 ], [ -2.601430472999937, 8.030943072000127 ], [ -2.594150585999955, 8.051561538000101 ], [ -2.595233316999952, 8.05735104200005 ], [ -2.602844402999949, 8.070023621000075 ], [ -2.615171753999959, 8.086680480000098 ], [ -2.622784092999893, 8.098627970000109 ], [ -2.625276668999902, 8.104818397000088 ], [ -2.624221552999927, 8.114550754000049 ], [ -2.62130000999997, 8.132639796000149 ], [ -2.609302153999977, 8.149635279000108 ], [ -2.603487499999972, 8.154695557000139 ], [ -2.591870602999961, 8.152151353000079 ], [ -2.567910889999951, 8.147784249999972 ], [ -2.557382340999936, 8.147048716000086 ], [ -2.546845541999971, 8.153188962000058 ], [ -2.530851800999926, 8.168368386000111 ], [ -2.501405744999943, 8.195832110000026 ], [ -2.494135161999907, 8.20197487400003 ], [ -2.492308867999952, 8.210294653000176 ], [ -2.494104356999856, 8.225855645000024 ], [ -2.499148195999908, 8.258065391000173 ], [ -2.506719493999924, 8.302942472000097 ], [ -2.511764076999953, 8.33587622500005 ], [ -2.518256767999901, 8.373515116000078 ], [ -2.525461766999911, 8.423818419000099 ], [ -2.526318536999952, 8.428440351000063 ], [ -2.533042443999932, 8.464715157000114 ], [ -2.538087122999968, 8.500542390000021 ], [ -2.553959579999969, 8.602236771999969 ], [ -2.558288097999935, 8.630826276000107 ], [ -2.564781706999952, 8.67461492200016 ], [ -2.575619334999942, 8.736862336000115 ], [ -2.57995436199991, 8.76255716300011 ], [ -2.583102512999972, 8.783381605000045 ], [ -2.584827617999963, 8.78457179000003 ], [ -2.586592210999868, 8.785522319000108 ], [ -2.588591361999818, 8.786094904000095 ], [ -2.590612217999933, 8.78605583600006 ], [ -2.592599392999887, 8.78563513600011 ], [ -2.594593570999962, 8.785042012000019 ], [ -2.596528556999829, 8.784527958000126 ], [ -2.59844541599989, 8.783954517000041 ], [ -2.600357176999978, 8.783360710000011 ], [ -2.602275155999962, 8.782792903000029 ], [ -2.604213532999836, 8.782277116000046 ], [ -2.606174604999978, 8.781789608000054 ], [ -2.608146945999863, 8.781390290000047 ], [ -2.610216325999943, 8.781118258000106 ], [ -2.613390798999944, 8.781040119000124 ], [ -2.615400057999921, 8.781201591000183 ], [ -2.6173835539999, 8.78155127500014 ], [ -2.619313438999882, 8.78209423200002 ], [ -2.621320024999932, 8.782660433000103 ], [ -2.625118812999972, 8.783952011 ], [ -2.626375131999851, 8.785805789000108 ], [ -2.627339794999898, 8.787228506000133 ], [ -2.62813521999982, 8.789115741000046 ], [ -2.62851909699998, 8.791115067000078 ], [ -2.628410802999952, 8.793146130000025 ], [ -2.628032040999813, 8.795131701000059 ], [ -2.627815219999889, 8.797138346999986 ], [ -2.627910388999965, 8.799152651000043 ], [ -2.62749864299991, 8.801150059000122 ], [ -2.6264779199999, 8.80289247200011 ], [ -2.62506416399998, 8.804386318000127 ], [ -2.623344416999885, 8.805542925000168 ], [ -2.62151066499996, 8.806465371000058 ], [ -2.619676346999881, 8.807377630000133 ], [ -2.617861218999906, 8.808409747000042 ], [ -2.615715726999952, 8.809598107000113 ], [ -2.613886392999916, 8.810608141000046 ], [ -2.612066127999924, 8.811632308000128 ], [ -2.61036573899986, 8.812685986000076 ], [ -2.608677254999861, 8.813758889000098 ], [ -2.606894402999956, 8.814846949000071 ], [ -2.605058219999933, 8.815838841000073 ], [ -2.60312176199983, 8.816522523000174 ], [ -2.601225049999925, 8.817235067000126 ], [ -2.599464973999943, 8.818248493000169 ], [ -2.597952278999855, 8.819634714000188 ], [ -2.596833672999935, 8.821321532000127 ], [ -2.596283662999895, 8.823284828000055 ], [ -2.596327506999955, 8.825301336000109 ], [ -2.596637936999969, 8.827289300000075 ], [ -2.597172279999882, 8.829294463000167 ], [ -2.59789830699998, 8.831166982000127 ], [ -2.598764203999963, 8.832995557000174 ], [ -2.59969827499998, 8.834858685000142 ], [ -2.600719938999873, 8.836668766000059 ], [ -2.601809279999941, 8.83844952100003 ], [ -2.60381611199989, 8.841696526000021 ], [ -2.604783214999884, 8.843540458000177 ], [ -2.605682651999871, 8.845419930999981 ], [ -2.606562763999875, 8.847308427000087 ], [ -2.60744743399988, 8.849194664000152 ], [ -2.608361683999931, 8.851065667000114 ], [ -2.609337932999892, 8.852903379000111 ], [ -2.610371060999853, 8.854711752000071 ], [ -2.611438890999921, 8.856500373000188 ], [ -2.612533460999884, 8.858275451000168 ], [ -2.613646809999977, 8.860038674000123 ], [ -2.614763582999956, 8.861798506000071 ], [ -2.615886054999976, 8.863553818000184 ], [ -2.617023325999924, 8.865300097000159 ], [ -2.618190274999961, 8.86693956 ], [ -2.619426607999912, 8.8685519550001 ], [ -2.620574720999969, 8.870286929000144 ], [ -2.621389057999863, 8.872146495000152 ], [ -2.621818989999895, 8.874162827000021 ], [ -2.621961311999939, 8.876172082999972 ], [ -2.621920571999965, 8.878211116000045 ], [ -2.62183715499998, 8.880291937000152 ], [ -2.62161657899992, 8.882534864000036 ], [ -2.621302962999948, 8.88459566500012 ], [ -2.620942255999921, 8.886565403000191 ], [ -2.620559945999901, 8.88853285800019 ], [ -2.620232107999868, 8.890592512000069 ], [ -2.619934960999899, 8.892653328000051 ], [ -2.619621895999842, 8.894711300000154 ], [ -2.619285524999896, 8.896764726000015 ], [ -2.618917889999921, 8.898812465000105 ], [ -2.618481476999875, 8.900851089000184 ], [ -2.617889971999887, 8.902790058000107 ], [ -2.617295053999953, 8.904723369000124 ], [ -2.616769962999967, 8.906742112000074 ], [ -2.616447239999957, 8.908762759000069 ], [ -2.616371741999956, 8.910839060000171 ], [ -2.616519142999891, 8.9128607560001 ], [ -2.616904205999958, 8.914849343000071 ], [ -2.617533801999912, 8.916759604000106 ], [ -2.618440871999894, 8.918626055000061 ], [ -2.619572642999913, 8.920358755000109 ], [ -2.620870052999976, 8.921899982000184 ], [ -2.622783838999965, 8.92388333800011 ], [ -2.624202485999945, 8.925307093000072 ], [ -2.625707642999942, 8.92664500300009 ], [ -2.62729307099994, 8.927884059000121 ], [ -2.628953666999962, 8.929009556000096 ], [ -2.630764443999851, 8.930051530000128 ], [ -2.632648766999978, 8.930894015000149 ], [ -2.634612842999957, 8.931584500000156 ], [ -2.636536097999908, 8.93216922300013 ], [ -2.638471311999979, 8.932740944999978 ], [ -2.640387153999939, 8.933361254999966 ], [ -2.642282457999841, 8.934062940000047 ], [ -2.644170888999952, 8.934825098000033 ], [ -2.645954010999958, 8.935733561000177 ], [ -2.64763339599989, 8.936928529000113 ], [ -2.649093156999811, 8.938319444000172 ], [ -2.650322471999914, 8.939924955000038 ], [ -2.651276479999979, 8.941689621000023 ], [ -2.651984186999925, 8.943598771999973 ], [ -2.652397848999954, 8.945635972000161 ], [ -2.652613679999945, 8.947656591000111 ], [ -2.652744782999946, 8.949697483000023 ], [ -2.652981498999907, 8.953680311000028 ], [ -2.653054000999873, 8.955766937000021 ], [ -2.653164603999869, 8.957844552999973 ], [ -2.653368463999868, 8.959907559000158 ], [ -2.65379068999988, 8.961931197000069 ], [ -2.65437271299993, 8.963926153000102 ], [ -2.65501785999993, 8.96591212200002 ], [ -2.65566472099988, 8.967897526000172 ], [ -2.656251874999953, 8.969896441000117 ], [ -2.656733248999899, 8.97192974100011 ], [ -2.657124855999882, 8.97389511900019 ], [ -2.657441403999883, 8.975872299000173 ], [ -2.657677693999972, 8.977946073000169 ], [ -2.657805950999943, 8.980024268000079 ], [ -2.657813103999899, 8.982098394000104 ], [ -2.657595676999961, 8.984155917000066 ], [ -2.657234966999965, 8.986208784000041 ], [ -2.656833396999957, 8.988171728000054 ], [ -2.656444329999886, 8.990136378999978 ], [ -2.656121698999925, 8.992193237000038 ], [ -2.655959399999915, 8.994260984000107 ], [ -2.655968186999928, 8.996998782000162 ], [ -2.656142004999936, 8.99899278700002 ], [ -2.656505125999956, 9.001038412000071 ], [ -2.657007011999838, 9.003066075000106 ], [ -2.657632393999961, 9.00498701000015 ], [ -2.658432981999965, 9.006842530000029 ], [ -2.659408232999908, 9.008606064999981 ], [ -2.66055476799994, 9.010245387999987 ], [ -2.661875908999889, 9.011857733000113 ], [ -2.66328479799995, 9.013290386000051 ], [ -2.664844525999968, 9.014573365000103 ], [ -2.666526673999954, 9.015691943000093 ], [ -2.668356780999943, 9.016699847000154 ], [ -2.670254713999952, 9.017546691000064 ], [ -2.672155675999932, 9.018196234000072 ], [ -2.674111348999929, 9.018719753000141 ], [ -2.676095547999978, 9.019144923000169 ], [ -2.678144032999967, 9.019542438000087 ], [ -2.680210806999924, 9.01984216 ], [ -2.682202583999981, 9.020071706000181 ], [ -2.684198360999972, 9.020282026000189 ], [ -2.686192989999938, 9.020507596000186 ], [ -2.689065978999963, 9.020976983000025 ], [ -2.691028629999892, 9.021368137000081 ], [ -2.692985574999966, 9.021788671000024 ], [ -2.694937386999925, 9.022232934000101 ], [ -2.696885205999877, 9.022697534000031 ], [ -2.698829607999926, 9.023174558000051 ], [ -2.700793969999893, 9.023589405000166 ], [ -2.70275662399996, 9.024013283999977 ], [ -2.704710159999934, 9.024466542000027 ], [ -2.706647737999901, 9.024970090000124 ], [ -2.708096385999966, 9.025334738000083 ], [ -2.710610241999973, 9.026281361000144 ], [ -2.712436688999901, 9.027113801000098 ], [ -2.714356407999958, 9.02794291400005 ], [ -2.716340533999869, 9.028595689000156 ], [ -2.71830435399994, 9.02904323100006 ], [ -2.720301304999964, 9.029304235000154 ], [ -2.72230751099994, 9.029366246000052 ], [ -2.724380993999887, 9.029199345 ], [ -2.726364732999912, 9.028891603000147 ], [ -2.728353569999967, 9.028604771 ], [ -2.730348572999844, 9.028436648000024 ], [ -2.732347512999922, 9.028323352000086 ], [ -2.735440562999884, 9.028212530000133 ], [ -2.739084011999978, 9.028193655000109 ], [ -2.741087381999932, 9.028244255 ], [ -2.743088446999934, 9.028340067000158 ], [ -2.745086636999872, 9.028482222000093 ], [ -2.74708252899984, 9.02866167500008 ], [ -2.749099502999911, 9.028782905000185 ], [ -2.751105057999951, 9.028974779000066 ], [ -2.753169661999891, 9.029305185000055 ], [ -2.75518296599995, 9.029818705000082 ], [ -2.75714496799992, 9.030523257000141 ], [ -2.75897268999995, 9.031350948000124 ], [ -2.760756564999951, 9.032282053000188 ], [ -2.762562085999946, 9.033171897000045 ], [ -2.76433345199996, 9.034128416000101 ], [ -2.766053593999914, 9.035165735000021 ], [ -2.767777064999962, 9.036348332999978 ], [ -2.769405506999874, 9.037643360000118 ], [ -2.770957699999883, 9.039027087000136 ], [ -2.772415432999878, 9.04052381200006 ], [ -2.774126489999958, 9.042537948000074 ], [ -2.775340786999891, 9.044136267000056 ], [ -2.776644961999978, 9.04571315600009 ], [ -2.777965058999939, 9.047309835000135 ], [ -2.77918305299994, 9.048961849000023 ], [ -2.780231547999904, 9.050674246000028 ], [ -2.781072949999952, 9.052541978000022 ], [ -2.781615159999888, 9.054510154000184 ], [ -2.781916217999935, 9.056518324000081 ], [ -2.781887698999981, 9.058543256000121 ], [ -2.78146817999982, 9.060577565000131 ], [ -2.780709777999959, 9.062481649000063 ], [ -2.779637836999882, 9.064189944000134 ], [ -2.778335341999934, 9.065775988000098 ], [ -2.776911521999921, 9.067182750000143 ], [ -2.775330262999887, 9.068413031000034 ], [ -2.773669414999972, 9.069572592000156 ], [ -2.772039820999964, 9.070758734000037 ], [ -2.77048801199993, 9.072134297000105 ], [ -2.769185142999959, 9.073752529000046 ], [ -2.768120513999975, 9.075448919999985 ], [ -2.767208747999916, 9.077328566000062 ], [ -2.76658241399997, 9.079316366000057 ], [ -2.766006613999934, 9.08142291300004 ], [ -2.765207983999858, 9.083333717000187 ], [ -2.763993755999934, 9.084981946000084 ], [ -2.762824976999923, 9.086691820000112 ], [ -2.762292474999924, 9.088637273000074 ], [ -2.762407178999922, 9.090644766000025 ], [ -2.762861445999931, 9.092640043000131 ], [ -2.763451690999943, 9.094578877000174 ], [ -2.764019761999862, 9.096514868000042 ], [ -2.76434773699998, 9.098569984000108 ], [ -2.764671734999979, 9.100623967000104 ], [ -2.764990046999856, 9.102680207000105 ], [ -2.7652998289999, 9.104738136000094 ], [ -2.765598237999882, 9.10679831900012 ], [ -2.76585625999985, 9.108865825000123 ], [ -2.766019909999955, 9.110864867000146 ], [ -2.766201196999873, 9.112857702000099 ], [ -2.766470606999974, 9.114918431000149 ], [ -2.766885090999949, 9.116939680000144 ], [ -2.767466255999921, 9.118935597000188 ], [ -2.768201602999909, 9.120889778000105 ], [ -2.769364372999917, 9.123363748000031 ], [ -2.77034332299985, 9.125115133000065 ], [ -2.771498674999975, 9.126775611000141 ], [ -2.772864566999829, 9.128333896000186 ], [ -2.774206587999913, 9.12988085500001 ], [ -2.77538414299994, 9.131563382000081 ], [ -2.776153177999959, 9.133422031000123 ], [ -2.776527919999978, 9.13543872200006 ], [ -2.77648113999993, 9.137481723000121 ], [ -2.775939487999949, 9.139489934999972 ], [ -2.774950277999892, 9.141291530000103 ], [ -2.773615359999951, 9.14283964800012 ], [ -2.772158188999924, 9.144290450000085 ], [ -2.770644230999949, 9.145568791000073 ], [ -2.768963687999928, 9.146693256000106 ], [ -2.767175741999949, 9.147631656000158 ], [ -2.765255923999916, 9.148399239000128 ], [ -2.763279944999908, 9.14891803900008 ], [ -2.761226159999978, 9.149238353000101 ], [ -2.759212852999951, 9.149421877 ], [ -2.757172277999871, 9.149547711000139 ], [ -2.755126580999956, 9.149675226000113 ], [ -2.753096767999978, 9.149864358000116 ], [ -2.75066234499991, 9.150269714000103 ], [ -2.748689276999926, 9.150652196000124 ], [ -2.74673606999994, 9.151097996000033 ], [ -2.744723047999912, 9.151657369000077 ], [ -2.742809533999946, 9.152266550000093 ], [ -2.740887444999885, 9.15292546000012 ], [ -2.739026127999978, 9.153707642000143 ], [ -2.737191393999979, 9.154688821000093 ], [ -2.735507257999927, 9.155860043000189 ], [ -2.733979968999904, 9.157233188000021 ], [ -2.732591908999893, 9.158783935000145 ], [ -2.731369902999973, 9.160393591000116 ], [ -2.730229741999949, 9.162086404000092 ], [ -2.729148127999906, 9.163826742000026 ], [ -2.728042081999945, 9.165515050000124 ], [ -2.726921255999969, 9.167173381999987 ], [ -2.72585614399992, 9.168867367000075 ], [ -2.724811412999884, 9.17067612000011 ], [ -2.723846284999979, 9.172525633000078 ], [ -2.72296872599992, 9.174413651000179 ], [ -2.722149735999949, 9.176326020000033 ], [ -2.721413196999947, 9.178276325000013 ], [ -2.720683247999943, 9.180518897000127 ], [ -2.720120731999941, 9.182528690000083 ], [ -2.71960314599994, 9.184546431000115 ], [ -2.719174290999945, 9.186582330000078 ], [ -2.718961596999861, 9.188646096000127 ], [ -2.718896233999942, 9.190730328000086 ], [ -2.718832577999933, 9.192814561000148 ], [ -2.718677953999929, 9.194820144000118 ], [ -2.718436845999975, 9.196830748000025 ], [ -2.718015922999939, 9.19887852100004 ], [ -2.717336216999911, 9.200814160000107 ], [ -2.716368715999977, 9.202629161000061 ], [ -2.715194265999969, 9.20424840000004 ], [ -2.713844083999902, 9.205764610000074 ], [ -2.712398951999887, 9.207188594000115 ], [ -2.710865641999931, 9.208585931000187 ], [ -2.70923851699996, 9.209892171000092 ], [ -2.707634791999965, 9.211096668000152 ], [ -2.706024797999873, 9.212300022000079 ], [ -2.704454583999905, 9.213546929000131 ], [ -2.702926419999869, 9.214843610000059 ], [ -2.701423256999931, 9.216167440000163 ], [ -2.699628476999919, 9.217842074000146 ], [ -2.698158156999966, 9.219321940000043 ], [ -2.696754909999925, 9.220863475000101 ], [ -2.69563027099997, 9.222608748000027 ], [ -2.694555088999891, 9.224391935000028 ], [ -2.693282597999939, 9.226017231000014 ], [ -2.691580370999873, 9.227154861000031 ], [ -2.689561185999878, 9.227670941999975 ], [ -2.687538709999956, 9.228041725000026 ], [ -2.685599747999959, 9.228549938000072 ], [ -2.683673828999929, 9.229101115000105 ], [ -2.681686365999894, 9.229750590000094 ], [ -2.679794468999944, 9.230418228000133 ], [ -2.677927535999913, 9.231157107000058 ], [ -2.676093524999885, 9.231973452000034 ], [ -2.674302105999971, 9.232871229000125 ], [ -2.672482105999961, 9.233901251000077 ], [ -2.670686614999966, 9.234874756000067 ], [ -2.668920071999935, 9.235913288 ], [ -2.667278571999816, 9.237085339000089 ], [ -2.665772256999958, 9.23849606400006 ], [ -2.664208217999942, 9.240764856000169 ], [ -2.663351290999856, 9.24257754000007 ], [ -2.662532434999946, 9.244437178000112 ], [ -2.661430357999961, 9.246135434999985 ], [ -2.660357277999935, 9.247845588000189 ], [ -2.659463898999888, 9.249656531000028 ], [ -2.659005614999899, 9.251666870000179 ], [ -2.65926316499997, 9.253663192000147 ], [ -2.659980576999942, 9.255565545000081 ], [ -2.660880696999868, 9.257423410000058 ], [ -2.662000011999964, 9.259165028000098 ], [ -2.663234434999936, 9.260746206000022 ], [ -2.664571916999932, 9.262270946000058 ], [ -2.665956102999814, 9.263763502000074 ], [ -2.667290212999887, 9.265268444000071 ], [ -2.668661258999975, 9.266840120999973 ], [ -2.670055096999931, 9.268392593000044 ], [ -2.671455779999917, 9.269941109000058 ], [ -2.672744952999949, 9.27147651700011 ], [ -2.673973186999945, 9.273079701000029 ], [ -2.675211686999944, 9.274668757000086 ], [ -2.676499189999959, 9.276200193000136 ], [ -2.678537978999884, 9.278228635000119 ], [ -2.680089181999904, 9.279542654000011 ], [ -2.681754307999938, 9.280747666000082 ], [ -2.683525519999932, 9.281697248000114 ], [ -2.685476311999935, 9.282295927 ], [ -2.687511226999902, 9.282370635000177 ], [ -2.689531589999945, 9.282169452000119 ], [ -2.691574745999958, 9.281932097000094 ], [ -2.693586403999973, 9.281921390000036 ], [ -2.695587143999944, 9.282032767000089 ], [ -2.697583838999947, 9.282218750000141 ], [ -2.699613013999965, 9.282357264000041 ], [ -2.701641014999893, 9.28253929300007 ], [ -2.703614261999917, 9.282872201000089 ], [ -2.705568500999959, 9.283483777000072 ], [ -2.707394437999881, 9.284418024 ], [ -2.709106353999971, 9.285616167000114 ], [ -2.710654286999954, 9.286936839000134 ], [ -2.712129870999945, 9.288364288000025 ], [ -2.713569604999861, 9.289804705000108 ], [ -2.71502419199993, 9.291190294000103 ], [ -2.716383685999972, 9.292657770000176 ], [ -2.717666228999974, 9.294295337000051 ], [ -2.719024791999914, 9.296246702000133 ], [ -2.720018168999957, 9.297999355000115 ], [ -2.720843611999953, 9.299828755000135 ], [ -2.721505614999955, 9.301805569000066 ], [ -2.721900688999938, 9.30381665800013 ], [ -2.722071495999955, 9.305882405999967 ], [ -2.72213763499991, 9.307888715000161 ], [ -2.722215722999977, 9.309900121000112 ], [ -2.722490111999946, 9.311967079000112 ], [ -2.723016658999825, 9.313988444000074 ], [ -2.723562567999977, 9.316003604000059 ], [ -2.724015136999924, 9.318029432000117 ], [ -2.724324883999884, 9.320025188000045 ], [ -2.724508254999876, 9.322059852 ], [ -2.724440600999969, 9.324144632000014 ], [ -2.724019010999882, 9.326138691000097 ], [ -2.723286199999905, 9.328000791000136 ], [ -2.722227923999924, 9.329744487000028 ], [ -2.720903409999949, 9.331318946000181 ], [ -2.719371315999922, 9.332679551000012 ], [ -2.71767830399989, 9.333836514000097 ], [ -2.715036450999889, 9.335057153000093 ], [ -2.713102480999908, 9.335737917000131 ], [ -2.711125883999898, 9.336337796000123 ], [ -2.709143733999952, 9.336763547999965 ], [ -2.707184905999952, 9.337198352000087 ], [ -2.70520140799988, 9.337862072000121 ], [ -2.703469096999925, 9.338968055000066 ], [ -2.702135410999972, 9.340480814000045 ], [ -2.70126930299989, 9.342302050000114 ], [ -2.70118335799998, 9.344307097000183 ], [ -2.701000024999814, 9.346379333000073 ], [ -2.699676463999879, 9.347986494000054 ], [ -2.697987324999929, 9.349112270000148 ], [ -2.696145789999889, 9.350061533000087 ], [ -2.694245235999915, 9.350797617000069 ], [ -2.692267377999883, 9.351406997000026 ], [ -2.690354335999871, 9.352087085000164 ], [ -2.68857533299996, 9.353084412000157 ], [ -2.687177220999899, 9.354585748000034 ], [ -2.685832048999885, 9.356067904000099 ], [ -2.684249141999942, 9.357330508000132 ], [ -2.682638367999971, 9.358555769000191 ], [ -2.681125322999947, 9.35995748300013 ], [ -2.679820177999943, 9.361810486000081 ], [ -2.678974383999957, 9.36363902700009 ], [ -2.678507498999863, 9.365652197000088 ], [ -2.678540950999945, 9.367651687000148 ], [ -2.678626190999978, 9.369661399000165 ], [ -2.678161617999933, 9.371624258000111 ], [ -2.677172908999921, 9.37346170700016 ], [ -2.676159219999874, 9.375216597000076 ], [ -2.675355970999874, 9.377144658000134 ], [ -2.674849195999968, 9.379160610000156 ], [ -2.674608778999868, 9.381212984000172 ], [ -2.674605694999968, 9.383300060000181 ], [ -2.674749545999873, 9.385308129000123 ], [ -2.67493325099997, 9.387310016000129 ], [ -2.675090136999927, 9.389382540000042 ], [ -2.675314767999907, 9.391451734000157 ], [ -2.675595192999936, 9.393514761000063 ], [ -2.675920595999969, 9.39557274200007 ], [ -2.676280730999906, 9.397626796000054 ], [ -2.676542443999892, 9.399620839000079 ], [ -2.676809848999824, 9.401618278000058 ], [ -2.677156977999857, 9.403589221000175 ], [ -2.677709989999869, 9.405770077000113 ], [ -2.67843915799989, 9.407687098000054 ], [ -2.679410361999942, 9.409507672000018 ], [ -2.68053533799997, 9.41126620100016 ], [ -2.681683189999887, 9.412922993000109 ], [ -2.682833328999948, 9.414580349000062 ], [ -2.684067735999918, 9.41623382 ], [ -2.6853072749999, 9.417891248000046 ], [ -2.686439771999972, 9.419578538 ], [ -2.687390548999872, 9.421406987000012 ], [ -2.687982594999937, 9.423330087000181 ], [ -2.687965359999907, 9.425405276 ], [ -2.687920291999944, 9.42741034400018 ], [ -2.688463912999964, 9.429384276000064 ], [ -2.68933104599995, 9.431203036999989 ], [ -2.689936176999936, 9.433164584000053 ], [ -2.690033964999941, 9.435227438000027 ], [ -2.689912039999967, 9.437240352000117 ], [ -2.689794101999894, 9.439251008000042 ], [ -2.689778573999945, 9.441334677000043 ], [ -2.689740274999963, 9.443416630000115 ], [ -2.689631300999906, 9.446219273000054 ], [ -2.689489955999932, 9.448293785000146 ], [ -2.689303633999884, 9.450364865999973 ], [ -2.689068345999885, 9.452435337000168 ], [ -2.68877385199994, 9.454496145000121 ], [ -2.688420148999967, 9.456548421000093 ], [ -2.688006668999947, 9.458589337000035 ], [ -2.687502108999979, 9.460606429000165 ], [ -2.68693207799987, 9.462610460000121 ], [ -2.68634610099997, 9.464609951999989 ], [ -2.685789148999902, 9.466616818000148 ], [ -2.68531302599996, 9.468640149000123 ], [ -2.68494334799982, 9.47068618600008 ], [ -2.68462603699993, 9.472744706000015 ], [ -2.68433775699998, 9.474806643000022 ], [ -2.684053460999905, 9.476867453000182 ], [ -2.683779974999936, 9.478931663000083 ], [ -2.683496239999897, 9.480993037000133 ], [ -2.683190865999961, 9.483051565000096 ], [ -2.682871822999914, 9.485109514000101 ], [ -2.683423000999881, 9.488211220000039 ], [ -2.691712878999908, 9.48125531200003 ], [ -2.70593750199987, 9.466433602999984 ], [ -2.72636021999989, 9.444740431000128 ], [ -2.744958132999898, 9.424491826000121 ], [ -2.758085568999945, 9.408219303000124 ], [ -2.765371056999925, 9.410033184000156 ], [ -2.788317815999903, 9.419817235000153 ], [ -2.801427040999897, 9.432126956000161 ], [ -2.815629935999937, 9.445159794000062 ], [ -2.827286526999899, 9.45204091100004 ], [ -2.83639137099982, 9.461452453000163 ], [ -2.855693969999891, 9.484617932999981 ], [ -2.874271079999971, 9.506334360000153 ], [ -2.893707899999868, 9.530726763000189 ], [ -2.895035986999972, 9.532392541000149 ], [ -2.915804659999935, 9.555916936000131 ], [ -2.927691238999955, 9.570344935000094 ], [ -2.935482270999955, 9.579801673000077 ], [ -2.937668001999953, 9.587400827000181 ], [ -2.940946434999887, 9.600787684000181 ], [ -2.945681677999971, 9.622859977000076 ], [ -2.950419924999892, 9.630458296000029 ], [ -2.960626443999899, 9.643848125999966 ], [ -2.966823382999905, 9.651809297999989 ], [ -2.970832952999842, 9.663386949000028 ], [ -2.976665630999889, 9.678946623000115 ], [ -2.98541556299989, 9.69776129800016 ], [ -2.996719055999904, 9.724898039000038 ], [ -3.000730522999902, 9.739371864000077 ], [ -3.00984756999992, 9.740817746000175 ], [ -3.037198264999859, 9.734303668000166 ], [ -3.042303003999962, 9.727427959000124 ], [ -3.04667840999997, 9.724171291000175 ], [ -3.056525100999977, 9.725255171000128 ], [ -3.06345521999998, 9.735023377000118 ], [ -3.068622074999894, 9.741930274000026 ], [ -3.073318597999901, 9.748207452000031 ], [ -3.080235878999929, 9.757452968999985 ], [ -3.088627864999978, 9.771199950000096 ], [ -3.089360407999948, 9.782778084000086 ], [ -3.089363502999902, 9.794356401000016 ], [ -3.088637650999885, 9.808105621000038 ], [ -3.091557070999954, 9.812808072000053 ], [ -3.111989394999966, 9.829807017000121 ], [ -3.138626576999854, 9.848612257000127 ], [ -3.145193942999924, 9.850418423 ], [ -3.151030478999928, 9.850054077999971 ], [ -3.174369269999943, 9.833761389000074 ], [ -3.182030512999916, 9.834842707 ], [ -3.183493880999947, 9.842439395000099 ], [ -3.183867495999948, 9.858358838000015 ], [ -3.186168969999869, 9.871007582000118 ], [ -3.186828497999898, 9.872987984000019 ], [ -3.187465801999963, 9.874970658000109 ], [ -3.188062072999912, 9.876959006000163 ], [ -3.188408968999852, 9.878985931999978 ], [ -3.188595987999975, 9.881053647000101 ], [ -3.188665857999979, 9.883118036000099 ], [ -3.188643358999968, 9.885151951000068 ], [ -3.18854222799996, 9.887253744000191 ], [ -3.188380345999974, 9.889293389000102 ], [ -3.188161478999973, 9.891377159 ], [ -3.18790835499982, 9.893373893000046 ], [ -3.187615050999966, 9.895397782000089 ], [ -3.187286695999887, 9.897444303000043 ], [ -3.186928413999908, 9.899503275000029 ], [ -3.186545047999971, 9.90157243699997 ], [ -3.18614257999991, 9.903642738000144 ], [ -3.186314519999939, 9.905755683000109 ], [ -3.186728391999964, 9.90772038800003 ], [ -3.187101557999938, 9.909775561000174 ], [ -3.187351297999896, 9.911834193000118 ], [ -3.187399505999906, 9.913898591000077 ], [ -3.187235056999953, 9.915965368000116 ], [ -3.186967984999967, 9.918036724000046 ], [ -3.186711122999952, 9.920021020000092 ], [ -3.186548381999899, 9.922095710000178 ], [ -3.186428116999821, 9.92417376700007 ], [ -3.186347190999868, 9.926251801000035 ], [ -3.186259142999972, 9.928338885000073 ], [ -3.186197321999884, 9.930427083000041 ], [ -3.186286867999968, 9.93249937000013 ], [ -3.186613869999917, 9.934540998000159 ], [ -3.18768326199995, 9.937632511000061 ], [ -3.19014522599997, 9.936612478000143 ], [ -3.191990604999887, 9.9356990550001 ], [ -3.193824867999979, 9.934808240000052 ], [ -3.196877282999935, 9.932508011000039 ], [ -3.198005177999903, 9.930813753000052 ], [ -3.198887252999953, 9.928999796000141 ], [ -3.199702565999928, 9.927110128000095 ], [ -3.200576901999966, 9.925256602000047 ], [ -3.201769232999936, 9.923649346000104 ], [ -3.203011459999971, 9.922074842000029 ], [ -3.204289828999947, 9.920421171999976 ], [ -3.205470659999946, 9.918714420000185 ], [ -3.206351481999832, 9.916834872000095 ], [ -3.207033883999884, 9.914946399000087 ], [ -3.207682916999943, 9.913043247000189 ], [ -3.208431685999926, 9.911097071000086 ], [ -3.209367517999965, 9.909264964000101 ], [ -3.210615592999943, 9.907613551000168 ], [ -3.211945850999882, 9.906118099000025 ], [ -3.213338549999889, 9.90466217300019 ], [ -3.214667911999925, 9.903140707999967 ], [ -3.215955616999906, 9.90157743400016 ], [ -3.217438367999932, 9.900140653 ], [ -3.219215287999873, 9.899151380000148 ], [ -3.221739419999892, 9.898323277000088 ], [ -3.223702444999958, 9.897740863000024 ], [ -3.225566705999938, 9.896967438000104 ], [ -3.227342758999896, 9.896021085000029 ], [ -3.229034050999871, 9.894941373000051 ], [ -3.230697553999846, 9.893678519 ], [ -3.232196242999919, 9.892349068000044 ], [ -3.23357453999995, 9.890890809000098 ], [ -3.234892564999939, 9.889268652999988 ], [ -3.236095647999889, 9.887565172 ], [ -3.237147079999943, 9.88586292500014 ], [ -3.238139969999963, 9.884023916000103 ], [ -3.239007454999978, 9.882214389000069 ], [ -3.239882063999914, 9.880415029 ], [ -3.24149323599994, 9.878685235999967 ], [ -3.243403376999879, 9.875387117000059 ], [ -3.244842311999832, 9.873992081000097 ], [ -3.246466574999943, 9.872693002000119 ], [ -3.248214356999938, 9.871549843000139 ], [ -3.249946253999894, 9.870523136000031 ], [ -3.251671289999877, 9.869485119000046 ], [ -3.254421516999969, 9.867670751 ], [ -3.256054361999929, 9.86650276600011 ], [ -3.257685094999943, 9.86519910800007 ], [ -3.259212838999929, 9.863786985 ], [ -3.260642435999898, 9.862264136000022 ], [ -3.26191410399997, 9.86071879300016 ], [ -3.263156865999974, 9.859037798999964 ], [ -3.264323480999849, 9.85731163700018 ], [ -3.265430479999964, 9.855540296000072 ], [ -3.266520721999939, 9.853856018000158 ], [ -3.267638610999938, 9.852186412000037 ], [ -3.267979843999967, 9.85016355199997 ], [ -3.267704025999933, 9.848126483000101 ], [ -3.268657913999903, 9.846334902000081 ], [ -3.272141460999933, 9.847663926000109 ], [ -3.273882527999945, 9.848669856000015 ], [ -3.275504900999977, 9.84984772100006 ], [ -3.277068740999937, 9.851225736000117 ], [ -3.278452528999935, 9.852676249000126 ], [ -3.279785630999925, 9.854167498000152 ], [ -3.281136786999923, 9.85575934600007 ], [ -3.298789471999896, 9.86551340800014 ], [ -3.31119762599991, 9.870205335000094 ], [ -3.308663046999811, 9.890831420000097 ], [ -3.306488025999954, 9.906029310000065 ], [ -3.309775240999898, 9.90964522500002 ], [ -3.316705043999946, 9.90674452200011 ], [ -3.325459477999971, 9.904564346000029 ], [ -3.346986391999963, 9.904904580000107 ], [ -3.36121892999995, 9.907422024000027 ], [ -3.365236884999945, 9.911398367000118 ], [ -3.375830803999975, 9.922963551000123 ], [ -3.38714647899991, 9.926568446000033 ], [ -3.407948393999959, 9.929439114000047 ], [ -3.416338761999953, 9.927981694000096 ], [ -3.428369448999945, 9.920006352000144 ], [ -3.432387864999953, 9.92361894600009 ], [ -3.440065457999879, 9.925915270000189 ], [ -3.444433592999928, 9.927222070000141 ], [ -3.467068776999952, 9.936236751000024 ], [ -3.473632204999888, 9.932970449000152 ], [ -3.484941944999946, 9.931868952000059 ], [ -3.502823984999907, 9.933651448999967 ], [ -3.530553284999883, 9.932523370000183 ], [ -3.545518172999891, 9.935394618999965 ], [ -3.560118390999889, 9.9382635340001 ], [ -3.568511532999878, 9.938612287000126 ], [ -3.58128117699988, 9.937865698000053 ], [ -3.593322264999813, 9.937845709000101 ], [ -3.613428668999973, 9.958069420000186 ], [ -3.627294687999949, 9.958043681000106 ], [ -3.632763040999976, 9.955139268000039 ], [ -3.638225101999922, 9.949339550000161 ], [ -3.654611428999942, 9.932303941000043 ], [ -3.669563078999886, 9.9282950220001 ], [ -3.677589548999833, 9.927917130000083 ], [ -3.692563186999905, 9.934759953000025 ], [ -3.706066022999892, 9.935818167000036 ], [ -3.726492252999947, 9.932879296000124 ], [ -3.746556726999927, 9.931388162000019 ], [ -3.771720316999961, 9.926266600000133 ], [ -3.777187003999927, 9.923721699000168 ], [ -3.781551600999933, 9.917923509 ], [ -3.797305802999972, 9.896990750000043 ], [ -3.797917496999958, 9.896177618000138 ], [ -3.803763246999949, 9.899781207000103 ], [ -3.817273323999871, 9.90445137800009 ], [ -3.823835551999935, 9.902626600000076 ], [ -3.829664686999934, 9.899355383000056 ], [ -3.835506510999949, 9.901150785000084 ], [ -3.857035523999912, 9.902905300000043 ], [ -3.862872791999905, 9.902890358000036 ], [ -3.876370195999925, 9.902493677 ], [ -3.892066241999885, 9.905708061000041 ], [ -3.898842943999909, 9.897730519000106 ], [ -3.899951819999899, 9.89485734800013 ], [ -3.90075488399998, 9.89293456900009 ], [ -3.90163470799996, 9.891048887000068 ], [ -3.902595566999878, 9.889200292000112 ], [ -3.903618915999914, 9.88738204800012 ], [ -3.904518441999926, 9.885520047000171 ], [ -3.905592568999964, 9.883726533000129 ], [ -3.90732576299996, 9.882611768000174 ], [ -3.909356730999946, 9.882208371000104 ], [ -3.911394760999883, 9.882094337000069 ], [ -3.91341564499993, 9.882171382000138 ], [ -3.914850758999933, 9.882113224000136 ], [ -3.917457458999877, 9.881622301000107 ], [ -3.919341262999978, 9.880882374000066 ], [ -3.921106981999969, 9.879906499000072 ], [ -3.922793042999842, 9.878678745000059 ], [ -3.924377565999919, 9.877427524000041 ], [ -3.92779813899989, 9.875402544000167 ], [ -3.929804642999898, 9.875144924000153 ], [ -3.93179859299994, 9.875390372000027 ], [ -3.93374403099989, 9.875916291000124 ], [ -3.935823536999919, 9.876078955000082 ], [ -3.937837702999957, 9.876013440000065 ], [ -3.939854773999969, 9.875867644000095 ], [ -3.941869670999949, 9.875659669000015 ], [ -3.943877545999896, 9.875489005000134 ], [ -3.945956355999954, 9.875509174000115 ], [ -3.947933955999872, 9.875815614000032 ], [ -3.949874319999935, 9.876353886000174 ], [ -3.951693357999886, 9.877216923999981 ], [ -3.953680290999898, 9.877493911000101 ], [ -3.955176985999913, 9.87607437000014 ], [ -3.956710226999974, 9.874682980000102 ], [ -3.958328148999897, 9.873506125000176 ], [ -3.960031915999821, 9.872453366000059 ], [ -3.961865944999943, 9.871608227000024 ], [ -3.96374834799991, 9.870741462000126 ], [ -3.964972969999906, 9.869085271000131 ], [ -3.966165710999917, 9.866663868000103 ], [ -3.966880163999974, 9.864707309000096 ], [ -3.966905553999936, 9.862663422000026 ], [ -3.966622443999938, 9.860665635000032 ], [ -3.96674404099997, 9.85858077600011 ], [ -3.967300359999911, 9.856639366000024 ], [ -3.968352413999924, 9.854853664000075 ], [ -3.96993412199987, 9.853520869000022 ], [ -3.971411130999968, 9.852056110000092 ], [ -3.971981082999946, 9.850111264000077 ], [ -3.972179761999939, 9.848084966000101 ], [ -3.971837895999897, 9.84607265700015 ], [ -3.970922763999965, 9.844282429000032 ], [ -3.969635806999975, 9.842702394000128 ], [ -3.96790206299994, 9.841619891000164 ], [ -3.966069889999972, 9.840787485000021 ], [ -3.966301771999895, 9.838799526000116 ], [ -3.96685552699995, 9.836864907000177 ], [ -3.967929524999931, 9.835097233000113 ], [ -3.969494835999967, 9.833837973000016 ], [ -3.971504756999877, 9.833488555000088 ], [ -3.973515707999923, 9.833005732000174 ], [ -3.974897248999923, 9.830696811 ], [ -3.976923574999887, 9.830508967000071 ], [ -3.978947479999931, 9.83046807400018 ], [ -3.980950497999913, 9.830301752000082 ], [ -3.982955692999838, 9.830198716000098 ], [ -3.984960580999882, 9.83018497200004 ], [ -3.987666162999915, 9.830170303000159 ], [ -3.98970170399997, 9.83050009100009 ], [ -3.991262181999957, 9.831769509000139 ], [ -3.99263663399995, 9.833242940000105 ], [ -3.994479971999965, 9.834184819000143 ], [ -3.99655230299993, 9.833944722000069 ], [ -3.998423754999976, 9.833141125999987 ], [ -4.000405278999892, 9.832651452000164 ], [ -4.002474836999966, 9.832915495000066 ], [ -4.004448777999869, 9.833504239000149 ], [ -4.006349587999921, 9.834218665000094 ], [ -4.008324035999976, 9.834876339000118 ], [ -4.010402174999967, 9.834958309000172 ], [ -4.012428687999943, 9.834836946000166 ], [ -4.014453448999973, 9.835076179000168 ], [ -4.017468377999933, 9.836230317000059 ], [ -4.01945451399996, 9.836694587000125 ], [ -4.021403908999957, 9.836142715000108 ], [ -4.022957187999964, 9.83484256700018 ], [ -4.024486191999813, 9.833436229000029 ], [ -4.026097759999914, 9.832103110000105 ], [ -4.027488108999933, 9.830558140000164 ], [ -4.028623087999961, 9.828906553000024 ], [ -4.02965556099997, 9.827190841000174 ], [ -4.030655475999936, 9.82536218600012 ], [ -4.031611985999916, 9.823506530000088 ], [ -4.032551354999839, 9.821639621000031 ], [ -4.033523550999973, 9.819795218000138 ], [ -4.034598809999977, 9.818018323000103 ], [ -4.035796783999956, 9.816306614000155 ], [ -4.037047914999903, 9.814741693000087 ], [ -4.038389586999926, 9.813249967000104 ], [ -4.03981298399998, 9.81183711500006 ], [ -4.041192488999911, 9.810332829000117 ], [ -4.042616953999925, 9.808813706000137 ], [ -4.045573303999902, 9.80815235700004 ], [ -4.047404738999944, 9.809031812000057 ], [ -4.064325780999923, 9.812596395000185 ], [ -4.090239483999881, 9.818663350000065 ], [ -4.099382050999907, 9.826231126000096 ], [ -4.116931931999886, 9.839196769000011 ], [ -4.12352276099989, 9.846772187000113 ], [ -4.130084065999938, 9.84566514100004 ], [ -4.143130681999821, 9.821383859000036 ], [ -4.148587574999965, 9.817385366000053 ], [ -4.163525199999981, 9.812993795000011 ], [ -4.16642223499997, 9.807195251000053 ], [ -4.173674037999945, 9.79523249500005 ], [ -4.180195749999882, 9.783273301000122 ], [ -4.19110208799998, 9.773829573000171 ], [ -4.200207657999954, 9.77090387100003 ], [ -4.206405032999953, 9.770520245000114 ], [ -4.235556095999925, 9.764988905000052 ], [ -4.243812114999912, 9.764016147000177 ], [ -4.244071956999846, 9.76195459700017 ], [ -4.245631639999942, 9.760578932000101 ], [ -4.247269535999976, 9.759403043000077 ], [ -4.248902925999971, 9.758244119000096 ], [ -4.250467420999939, 9.756870679000144 ], [ -4.251857327999971, 9.755433445000051 ], [ -4.253313456999933, 9.753958662000173 ], [ -4.255063640999879, 9.75296544400004 ], [ -4.257050439999944, 9.753315308000026 ], [ -4.258811966999872, 9.754438006000044 ], [ -4.260580949999962, 9.755419376000077 ], [ -4.262566684999967, 9.755860765000079 ], [ -4.264543167999875, 9.75535835400018 ], [ -4.265578651999931, 9.753548249000062 ], [ -4.266032736999932, 9.751589968000133 ], [ -4.26623628599998, 9.749594185000092 ], [ -4.266297360999886, 9.747510767 ], [ -4.266390888999979, 9.745497308000154 ], [ -4.267156993999947, 9.743569517000026 ], [ -4.268745019999926, 9.74228069600008 ], [ -4.270405747999916, 9.741011944000093 ], [ -4.272156186999894, 9.739366453000116 ], [ -4.27313621899998, 9.737602884000125 ], [ -4.272892467999952, 9.735592946000054 ], [ -4.271287030999929, 9.734300182000027 ], [ -4.269287039999881, 9.733897313 ], [ -4.267309093999927, 9.734203063999985 ], [ -4.265245860999926, 9.734554334000109 ], [ -4.26323943299991, 9.734712095000134 ], [ -4.261232467999946, 9.734196170000132 ], [ -4.259572869999943, 9.733032403000038 ], [ -4.258209301999841, 9.731505830000117 ], [ -4.258084428999894, 9.729496561000076 ], [ -4.259658869999953, 9.728236093000021 ], [ -4.261509291999857, 9.727351001000159 ], [ -4.263443361999919, 9.726747043000103 ], [ -4.265364776999832, 9.725961138000173 ], [ -4.26683910099996, 9.724600414000065 ], [ -4.268022538999901, 9.722922012000083 ], [ -4.267794572999946, 9.720930089000035 ], [ -4.266351318999909, 9.719490877000112 ], [ -4.265614870999912, 9.71755508900003 ], [ -4.265268668999965, 9.715548906000038 ], [ -4.264854292999871, 9.712907728000175 ], [ -4.265012365999894, 9.710857856000189 ], [ -4.265776082999935, 9.70891312700013 ], [ -4.266953963999867, 9.70720649500015 ], [ -4.268322379999915, 9.7057274820001 ], [ -4.269776900999943, 9.704351004000046 ], [ -4.270681901999922, 9.702496172000053 ], [ -4.270231609999882, 9.700531071000114 ], [ -4.269545152999967, 9.69862562100019 ], [ -4.268851763999862, 9.696691935000047 ], [ -4.268479364999962, 9.694682458000159 ], [ -4.268733158999908, 9.692643536000048 ], [ -4.27010715199998, 9.69107294500003 ], [ -4.272103840999932, 9.690668800000083 ], [ -4.27407801499993, 9.691167859000075 ], [ -4.275862284999846, 9.692134437999982 ], [ -4.277812379999887, 9.692589479999981 ], [ -4.27963217599995, 9.691653568 ], [ -4.280436931999816, 9.689747098000169 ], [ -4.27969607499989, 9.687847526000041 ], [ -4.277893614999869, 9.686886686000094 ], [ -4.276031839999916, 9.686053782000101 ], [ -4.273832386999914, 9.684791465000046 ], [ -4.272715218999963, 9.683082033000176 ], [ -4.271844835999957, 9.681181785000149 ], [ -4.271198817999903, 9.679263749000086 ], [ -4.2720684599999, 9.677412442000104 ], [ -4.274000298999965, 9.676749691000111 ], [ -4.275764994999975, 9.675795927000024 ], [ -4.277391558999966, 9.674616603000175 ], [ -4.279100530999926, 9.673543216999974 ], [ -4.280750849999947, 9.672401092000086 ], [ -4.282260313999871, 9.671067331000131 ], [ -4.283294216999877, 9.669295645000091 ], [ -4.282159469999954, 9.667602131000137 ], [ -4.28119954899995, 9.665746324000111 ], [ -4.280822678999925, 9.663762875999964 ], [ -4.280794569999898, 9.661752131000128 ], [ -4.281594229999826, 9.659868291000066 ], [ -4.282729262999965, 9.658186658000091 ], [ -4.283639543999925, 9.656340834000162 ], [ -4.28383731699995, 9.654347333000146 ], [ -4.283419567999943, 9.652321087000189 ], [ -4.282750582999938, 9.650425763000044 ], [ -4.282495619999963, 9.647916258000123 ], [ -4.282447903999923, 9.645915758000172 ], [ -4.282312770999965, 9.643840982000086 ], [ -4.282156840999903, 9.641762891000042 ], [ -4.281864757999926, 9.639749735000066 ], [ -4.282089307999911, 9.637755004000155 ], [ -4.283098132999896, 9.635923513000023 ], [ -4.284166876999961, 9.634201439000037 ], [ -4.285203961999969, 9.632393577000187 ], [ -4.286187685999835, 9.630558783000083 ], [ -4.287084945999823, 9.628677967000044 ], [ -4.287924294999925, 9.626771368000107 ], [ -4.288725418999945, 9.624849087000143 ], [ -4.28945493599997, 9.622893162000082 ], [ -4.290203561999931, 9.620947338000178 ], [ -4.291254032999973, 9.619157500000028 ], [ -4.292519107999851, 9.617495714000029 ], [ -4.293820287999949, 9.615971690000094 ], [ -4.295135900999981, 9.614352660000065 ], [ -4.296198329999868, 9.61257407100004 ], [ -4.29708205799983, 9.61067859700006 ], [ -4.298144200999957, 9.608904526000117 ], [ -4.300695987999973, 9.606066875000067 ], [ -4.301901786999906, 9.604415461000031 ], [ -4.303323696999939, 9.602990426000133 ], [ -4.305311322999842, 9.602598624000052 ], [ -4.306490879999899, 9.600943907000044 ], [ -4.306864784999959, 9.598953135000158 ], [ -4.306783179999854, 9.596901914000171 ], [ -4.307038394999836, 9.594848291000176 ], [ -4.307950607999885, 9.593055552000067 ], [ -4.309485891999941, 9.591662851000024 ], [ -4.311845903999881, 9.592468880000183 ], [ -4.313437116999978, 9.593776278000178 ], [ -4.314950051999858, 9.595086224000056 ], [ -4.316326028999924, 9.596539103000055 ], [ -4.317512435999959, 9.598150940000153 ], [ -4.318748390999872, 9.599834922000184 ], [ -4.320254377999959, 9.601249984000049 ], [ -4.32188186999997, 9.602422687000171 ], [ -4.323441915999922, 9.603674761000036 ], [ -4.325010726999949, 9.605054517000156 ], [ -4.326629250999929, 9.60625548500002 ], [ -4.328238403999933, 9.607824961000063 ], [ -4.329311311999902, 9.609512909999978 ], [ -4.330108069999937, 9.611354509000023 ], [ -4.330659306999962, 9.613319124000157 ], [ -4.331194837999874, 9.615270233000047 ], [ -4.33199116399993, 9.617140083000038 ], [ -4.333295448999934, 9.618711830000109 ], [ -4.334861667999974, 9.619983027000046 ], [ -4.33660079699996, 9.62105235100006 ], [ -4.338432356999817, 9.622018450000155 ], [ -4.340287286999967, 9.622770820000085 ], [ -4.342627861999915, 9.623344963000022 ], [ -4.346418015999916, 9.623833189000095 ], [ -4.34842055199988, 9.623673914000165 ], [ -4.350389582999981, 9.623252530000116 ], [ -4.352366504999964, 9.62259713300017 ], [ -4.354220778999888, 9.621820134000075 ], [ -4.356086251999898, 9.621069079000051 ], [ -4.357987500999911, 9.620437686000116 ], [ -4.359889608999879, 9.619809671000098 ], [ -4.361811685999953, 9.61919287000012 ], [ -4.363770041999885, 9.618607565000104 ], [ -4.365632093999864, 9.61786665 ], [ -4.36739305499998, 9.616771214000153 ], [ -4.368877534999967, 9.615394294000055 ], [ -4.369916044999911, 9.613647271000048 ], [ -4.370385108999926, 9.611623322000185 ], [ -4.370485273999975, 9.609556754999971 ], [ -4.370521603999862, 9.607546954000043 ], [ -4.370425828999942, 9.605467599000065 ], [ -4.37020933499997, 9.603388722000091 ], [ -4.369846913999879, 9.601413278000052 ], [ -4.3694895779999, 9.599355302000106 ], [ -4.36942150699997, 9.597293918999981 ], [ -4.369959839999922, 9.594441194000126 ], [ -4.370739355999945, 9.592590084000108 ], [ -4.372291007999877, 9.591305581000142 ], [ -4.374194961999933, 9.590688807000106 ], [ -4.376212153999973, 9.59033719200005 ], [ -4.378771726999901, 9.590270500000031 ], [ -4.380779645999951, 9.590444480000031 ], [ -4.382760033999944, 9.590850265000142 ], [ -4.384678380999958, 9.591472172000124 ], [ -4.386567495999941, 9.592185737000136 ], [ -4.388334869999881, 9.593136007000055 ], [ -4.389951268999937, 9.594414655000151 ], [ -4.391351822999923, 9.595962038000039 ], [ -4.392604796999933, 9.597551828000121 ], [ -4.393947647999937, 9.599046305000059 ], [ -4.395335295999928, 9.600491993000105 ], [ -4.396724255999914, 9.602046175999988 ], [ -4.397991180999952, 9.603693526000086 ], [ -4.399132681999959, 9.605440842000064 ], [ -4.40015946199992, 9.607259825000028 ], [ -4.401104995999901, 9.609120952000069 ], [ -4.402000517999852, 9.611003753000148 ], [ -4.402830242999926, 9.613015668000116 ], [ -4.403523408999888, 9.614982923000071 ], [ -4.404166169999883, 9.616876913000112 ], [ -4.404724481999892, 9.618797240000106 ], [ -4.405139490999943, 9.620833437000101 ], [ -4.40532766799987, 9.622893160000046 ], [ -4.405322030999969, 9.624974017 ], [ -4.405253982999909, 9.626972616999979 ], [ -4.405236105999961, 9.629053523000039 ], [ -4.405219083999953, 9.631134426000187 ], [ -4.405225696999878, 9.633215232000055 ], [ -4.405278145999887, 9.63529359000006 ], [ -4.405277653999917, 9.637307738000061 ], [ -4.405342061999932, 9.639315970000155 ], [ -4.405619639999884, 9.641366283000082 ], [ -4.406210444999942, 9.643346371000121 ], [ -4.407048600999929, 9.645162687000095 ], [ -4.408080121999888, 9.646980469000084 ], [ -4.409219711999981, 9.64862487400012 ], [ -4.410563577999937, 9.650223225000161 ], [ -4.412023455999929, 9.651709198000106 ], [ -4.415082070999972, 9.654169666000087 ], [ -4.416730780999956, 9.65531462600012 ], [ -4.418485677999968, 9.656450097000061 ], [ -4.420215010999868, 9.657462463000115 ], [ -4.421963123999888, 9.658469091000086 ], [ -4.423699718999956, 9.659578610000153 ], [ -4.425589184999978, 9.660403789000156 ], [ -4.427631860999895, 9.660620240000185 ], [ -4.429652129999965, 9.660317983000141 ], [ -4.431579970999962, 9.659708668000064 ], [ -4.433441075999951, 9.658808015000091 ], [ -4.435155936999934, 9.657737294000071 ], [ -4.436856606999925, 9.656613503000074 ], [ -4.438614308999888, 9.65564544200015 ], [ -4.44039644899982, 9.654734915000063 ], [ -4.44218919199983, 9.653842419000114 ], [ -4.443988829999967, 9.652966840000033 ], [ -4.445778322999956, 9.652051735999976 ], [ -4.447559430999888, 9.651109534 ], [ -4.449459891999936, 9.650245939000058 ], [ -4.451442341999893, 9.649646468000128 ], [ -4.45350450199993, 9.649309997999978 ], [ -4.456605970999931, 9.648966863000112 ], [ -4.458580882999911, 9.648606998000105 ], [ -4.460541858999818, 9.648186148000093 ], [ -4.462511014999961, 9.647814982999989 ], [ -4.464511978999951, 9.647425589000136 ], [ -4.466509274999908, 9.647243034000041 ], [ -4.468555820999939, 9.647519137000074 ], [ -4.470490004999931, 9.648083917000065 ], [ -4.472454004999975, 9.648497107000139 ], [ -4.474437771999931, 9.648806218000061 ], [ -4.476433897999868, 9.649010151000141 ], [ -4.478438304999884, 9.649154135000174 ], [ -4.480449164999925, 9.649211050000133 ], [ -4.482453437999936, 9.649128964000113 ], [ -4.484446597999977, 9.648915806000048 ], [ -4.48642779499994, 9.648572712000089 ], [ -4.488371814999937, 9.648064754000188 ], [ -4.490275971999949, 9.647429242000158 ], [ -4.492131128999972, 9.646660565000047 ], [ -4.493871683999942, 9.645669721000161 ], [ -4.495657966999943, 9.644590513000026 ], [ -4.497614771999906, 9.644021420000115 ], [ -4.500999042999979, 9.644046253000113 ], [ -4.502959782999937, 9.644562131000157 ], [ -4.504778278999936, 9.645426727000142 ], [ -4.506434502999923, 9.646553104000134 ], [ -4.50789062299998, 9.647949341000128 ], [ -4.509120443999961, 9.649551131000123 ], [ -4.510171978999892, 9.651334533000067 ], [ -4.511013546999891, 9.653155018000177 ], [ -4.511950892999948, 9.65493213100001 ], [ -4.512980600999867, 9.656665885000109 ], [ -4.514000367999927, 9.658403069000144 ], [ -4.514954181999826, 9.660162012000114 ], [ -4.515817732999949, 9.66204680300018 ], [ -4.516480818999923, 9.663993507000157 ], [ -4.516931567999904, 9.66602252000007 ], [ -4.517213921999939, 9.668090702000143 ], [ -4.517356754999923, 9.670160630000169 ], [ -4.517362948999903, 9.672240202000069 ], [ -4.517304809999871, 9.674324578999972 ], [ -4.517262338999842, 9.676410017000023 ], [ -4.51733117699996, 9.678487051000104 ], [ -4.517632593999906, 9.68054610400003 ], [ -4.518004006999945, 9.682781160000047 ], [ -4.518287774999976, 9.684839158000159 ], [ -4.518414405999863, 9.686909153000101 ], [ -4.518405819999941, 9.688989918000061 ], [ -4.518306677999931, 9.6910710840001 ], [ -4.518146863999846, 9.693149127000027 ], [ -4.51809753799995, 9.695162259000142 ], [ -4.517985247999945, 9.697168888000022 ], [ -4.517696026999943, 9.699221510000029 ], [ -4.517167948999941, 9.70122885100011 ], [ -4.516441940999925, 9.703110482999989 ], [ -4.515379777999954, 9.704907706000085 ], [ -4.514001456999949, 9.706445246000158 ], [ -4.512458868999943, 9.707745031000115 ], [ -4.510901027999921, 9.709012102000088 ], [ -4.509335969999938, 9.71025998500005 ], [ -4.507748005999815, 9.711610814000153 ], [ -4.506258364999951, 9.712979288000042 ], [ -4.504838838999888, 9.714426565000167 ], [ -4.503533313999981, 9.715958103000048 ], [ -4.502337066999928, 9.717664340999988 ], [ -4.50133554599995, 9.719482745000164 ], [ -4.500276221999968, 9.72200892 ], [ -4.499791660999904, 9.724030754000182 ], [ -4.499569497999914, 9.726072911000131 ], [ -4.499649106999925, 9.72814991000007 ], [ -4.499960479999913, 9.73014564600004 ], [ -4.500449520999894, 9.732127037999987 ], [ -4.501066567999885, 9.73407056800005 ], [ -4.501626573999943, 9.735995133000017 ], [ -4.502328499999919, 9.737871602000155 ], [ -4.503241193999941, 9.739746010000147 ], [ -4.504322925999929, 9.741521340000133 ], [ -4.505578518999812, 9.743193046999977 ], [ -4.506917355999917, 9.744688066000151 ], [ -4.508283527999879, 9.74617843599998 ], [ -4.509745208999959, 9.747559874999979 ], [ -4.51146448399993, 9.748709601000087 ], [ -4.513307495999925, 9.749505010000064 ], [ -4.515278479999836, 9.750001462000114 ], [ -4.517270665999888, 9.750272896000013 ], [ -4.519271011999933, 9.750332931000116 ], [ -4.521290784999906, 9.750217686000099 ], [ -4.523298390999912, 9.750058405000118 ], [ -4.527190258999894, 9.749613777000093 ], [ -4.52917763499994, 9.74933023 ], [ -4.531165585999929, 9.749048930000185 ], [ -4.533156300999963, 9.748812814000189 ], [ -4.53514669599997, 9.74856990800015 ], [ -4.537135030999934, 9.748313436999979 ], [ -4.539177460999895, 9.74817764200003 ], [ -4.541188152999894, 9.747953823000103 ], [ -4.543132895999975, 9.747325680000074 ], [ -4.54485954699993, 9.746160540000119 ], [ -4.546521754999958, 9.744982122000124 ], [ -4.548326362999944, 9.743989534999969 ], [ -4.549455514999977, 9.74228798300004 ], [ -4.549726910999937, 9.740243355000189 ], [ -4.549768324999889, 9.738169256000049 ], [ -4.549719667999966, 9.736079743000118 ], [ -4.549737413999935, 9.733998970000187 ], [ -4.549535620999904, 9.731928234000065 ], [ -4.548949163999964, 9.729942876000109 ], [ -4.548014500999898, 9.728165919999981 ], [ -4.546875028999978, 9.726502907000167 ], [ -4.545517790999952, 9.724799055000062 ], [ -4.544023911999943, 9.723354629000085 ], [ -4.542584426999952, 9.721906558000057 ], [ -4.541809138999952, 9.720029399000111 ], [ -4.541877652999915, 9.718012809000072 ], [ -4.541610755999955, 9.715951393000012 ], [ -4.541395638999916, 9.713939472000106 ], [ -4.542095100999973, 9.712011586000074 ], [ -4.543317753999872, 9.710402319000082 ], [ -4.544491750999953, 9.708680248000121 ], [ -4.54567344499992, 9.706962661000034 ], [ -4.546915973999887, 9.705285484000115 ], [ -4.54806794599989, 9.703549943000098 ], [ -4.548978438999939, 9.701758982000172 ], [ -4.549947623999913, 9.699913504000051 ], [ -4.55120318299987, 9.698292768999977 ], [ -4.552775403999931, 9.696919240000113 ], [ -4.554334095999934, 9.695640704000027 ], [ -4.555681655999877, 9.694155164000051 ], [ -4.556796653999925, 9.692446898000071 ], [ -4.558102687999906, 9.690854172000115 ], [ -4.559829241999864, 9.689737603000026 ], [ -4.562629799999854, 9.68883652400018 ], [ -4.564612370999953, 9.688526856000124 ], [ -4.566623239999956, 9.688363972000161 ], [ -4.568642160999957, 9.688280154000154 ], [ -4.570653351999965, 9.688371539000116 ], [ -4.572631953999917, 9.688681186999986 ], [ -4.574578337999924, 9.689165020000132 ], [ -4.576449800999967, 9.689886525000077 ], [ -4.578234176999899, 9.69080055000012 ], [ -4.57998091599984, 9.691824366000105 ], [ -4.58155288599994, 9.69316768900012 ], [ -4.582694609999919, 9.694882559000121 ], [ -4.583628269999906, 9.69667862700004 ], [ -4.58471829399997, 9.698355299000184 ], [ -4.58595983299989, 9.700032395000051 ], [ -4.58704904699988, 9.70171358000016 ], [ -4.588009447999923, 9.70349368300009 ], [ -4.589116440999874, 9.705256149000093 ], [ -4.590549853999903, 9.706726637000088 ], [ -4.592168194999942, 9.70791484300014 ], [ -4.593750063999948, 9.709277257000053 ], [ -4.596091785999874, 9.711968594999973 ], [ -4.597496510999918, 9.713442568000175 ], [ -4.599139225999977, 9.714654352000082 ], [ -4.601152445999901, 9.715023545000179 ], [ -4.603163576999975, 9.715252593000116 ], [ -4.604405846999896, 9.716870824000182 ], [ -4.604954622999912, 9.718839266000145 ], [ -4.606147170999975, 9.720476932999986 ], [ -4.607751751999956, 9.721740831000147 ], [ -4.609814538999956, 9.721627150000074 ], [ -4.612327018999906, 9.719018191000089 ], [ -4.612894050999842, 9.717059201000041 ], [ -4.612851033999902, 9.714975379000066 ], [ -4.612999407999951, 9.712894044999985 ], [ -4.613657564999869, 9.710935756000083 ], [ -4.614673021999863, 9.709195034000118 ], [ -4.615714512999887, 9.707481311000151 ], [ -4.616862287999879, 9.705841676000091 ], [ -4.618217329999936, 9.704253047 ], [ -4.619588234999924, 9.702708415000131 ], [ -4.62128871799996, 9.701600724000059 ], [ -4.62333865599993, 9.701272311000139 ], [ -4.626604666999981, 9.701554053 ], [ -4.628559073999952, 9.70202621500016 ], [ -4.630453098999965, 9.702907770000024 ], [ -4.63217063999997, 9.704097556000022 ], [ -4.633662226999945, 9.705435329000181 ], [ -4.63513372299991, 9.706796924000116 ], [ -4.636731530999953, 9.708129652000082 ], [ -4.638363851999941, 9.709353711000176 ], [ -4.641095202999963, 9.71064708199998 ], [ -4.643134024999824, 9.710780830000033 ], [ -4.644970968999928, 9.709987684000168 ], [ -4.646187870999881, 9.708305824000092 ], [ -4.647620734999975, 9.706821828000045 ], [ -4.648920903999965, 9.705284221000113 ], [ -4.64976539099996, 9.703390549000062 ], [ -4.64991905099987, 9.701329551000072 ], [ -4.649816173999966, 9.699276570000109 ], [ -4.64974826699995, 9.697269755999969 ], [ -4.649823281999943, 9.695197835000045 ], [ -4.650200826999935, 9.693148192000024 ], [ -4.650794602999952, 9.691235386000017 ], [ -4.651483049999968, 9.689350377000153 ], [ -4.652421072999971, 9.687492420000126 ], [ -4.653597911999896, 9.685791531000177 ], [ -4.655104630999972, 9.684468778000053 ], [ -4.65702396699993, 9.683904615000017 ], [ -4.659094767999875, 9.683917214000076 ], [ -4.661129962999951, 9.68392771200007 ], [ -4.663147076999962, 9.683910031000096 ], [ -4.665215563999936, 9.683685274000084 ], [ -4.667742143999931, 9.682927115000155 ], [ -4.66956618699993, 9.682103418000111 ], [ -4.671306527999889, 9.681111730000111 ], [ -4.672996578999914, 9.680029870000169 ], [ -4.674724024999932, 9.678854018000038 ], [ -4.676358157999971, 9.677697828000134 ], [ -4.678012373999877, 9.676574308000056 ], [ -4.679696523999951, 9.675403170000152 ], [ -4.681612877999896, 9.674720235000052 ], [ -4.683669639999891, 9.674845775000108 ], [ -4.685555405999878, 9.675569981000024 ], [ -4.687252090999948, 9.676747154000168 ], [ -4.688167979999946, 9.678601713000035 ], [ -4.688237655999956, 9.680636729000184 ], [ -4.689425606999976, 9.682341896000139 ], [ -4.691189314999917, 9.68341700100018 ], [ -4.694639675999952, 9.684107439000115 ], [ -4.69652066999987, 9.684831594000059 ], [ -4.698283217999972, 9.685952997000072 ], [ -4.699729309999952, 9.687335885000095 ], [ -4.700985429999889, 9.688990935000049 ], [ -4.701758419999976, 9.690493549000053 ], [ -4.702818413999921, 9.692553014000168 ], [ -4.703581293999832, 9.69441843900006 ], [ -4.70435575599987, 9.696263462000047 ], [ -4.705489732999979, 9.697966557000029 ], [ -4.70697165699994, 9.699323229000186 ], [ -4.708388381999953, 9.700848604000157 ], [ -4.709424146999936, 9.702662921000069 ], [ -4.710111755999947, 9.704608935000181 ], [ -4.71046816199987, 9.70666170100003 ], [ -4.710720935999916, 9.708661868000036 ], [ -4.71113113499996, 9.710706451000021 ], [ -4.711912628999926, 9.712628254000151 ], [ -4.712752725999906, 9.714536199000179 ], [ -4.713493958999948, 9.716488709999965 ], [ -4.71422156299991, 9.718446936000021 ], [ -4.714998303999892, 9.720377790000043 ], [ -4.71588611899989, 9.722252708000099 ], [ -4.716906087999917, 9.724072712000066 ], [ -4.718057231999865, 9.725812945000087 ], [ -4.719341142999951, 9.727450794000163 ], [ -4.720756666999932, 9.728982873000177 ], [ -4.722868395999967, 9.730993988000023 ], [ -4.724445813999978, 9.732268696000176 ], [ -4.726071696999952, 9.73349568499998 ], [ -4.727633462999961, 9.734878943000069 ], [ -4.728896039999881, 9.736505549000185 ], [ -4.729731956999956, 9.738397623000026 ], [ -4.729717602999926, 9.740477081000165 ], [ -4.729822013999922, 9.742557066000018 ], [ -4.730536798999935, 9.744426016000148 ], [ -4.731604968999932, 9.746118004000152 ], [ -4.733018393999885, 9.747547180000083 ], [ -4.734738322999931, 9.748710346000053 ], [ -4.73657516499992, 9.74956891000005 ], [ -4.73840943099998, 9.750368711000021 ], [ -4.740294380999899, 9.751055232000112 ], [ -4.742207981999968, 9.751663619000055 ], [ -4.74412570699991, 9.752242590000094 ], [ -4.746059410999976, 9.752771743000096 ], [ -4.747991160999902, 9.75330767500003 ], [ -4.749925704999953, 9.753832279999983 ], [ -4.751867781999977, 9.754326322000054 ], [ -4.753842488999908, 9.754904940000131 ], [ -4.756043496999951, 9.755677883000033 ], [ -4.758102826999902, 9.755609630000151 ], [ -4.759790904999932, 9.754535249000185 ], [ -4.761407878999876, 9.753210351000178 ], [ -4.763147828999877, 9.75209387600006 ], [ -4.764699590999953, 9.750774954000178 ], [ -4.765229246999979, 9.748759540000037 ], [ -4.7642064449999, 9.746952185000168 ], [ -4.762864102999856, 9.745358931000112 ], [ -4.761501352999971, 9.743890085000089 ], [ -4.760161048999919, 9.742300196000087 ], [ -4.759949622999954, 9.74026826700009 ], [ -4.761007376999885, 9.738485191 ], [ -4.762658469999963, 9.737217758000043 ], [ -4.764459663999958, 9.736281787000109 ], [ -4.766428510999901, 9.735765330000106 ], [ -4.768455169999811, 9.73562940000005 ], [ -4.770490600999892, 9.735861818000103 ], [ -4.772387488999925, 9.736553753000067 ], [ -4.774192220999964, 9.737589698000079 ], [ -4.775684950999903, 9.739023911000174 ], [ -4.776596409999911, 9.740828415000067 ], [ -4.776714183999957, 9.742849503000173 ], [ -4.776280397999869, 9.745476922000023 ], [ -4.775745299999926, 9.747473158 ], [ -4.77548828099998, 9.749492808000127 ], [ -4.77613973299998, 9.751453481999988 ], [ -4.777361840999902, 9.753075546000105 ], [ -4.778911453999967, 9.754370434000123 ], [ -4.780835268999965, 9.755176297000105 ], [ -4.782866890999969, 9.75536682600017 ], [ -4.784927726999911, 9.755695058000128 ], [ -4.786675805999892, 9.756708607000064 ], [ -4.788017731999901, 9.758195514000079 ], [ -4.788875463999887, 9.760100821000037 ], [ -4.789107206999972, 9.762165362000076 ], [ -4.788996235999946, 9.764211363000186 ], [ -4.789112031999935, 9.766268602000139 ], [ -4.789886031999913, 9.768114448000063 ], [ -4.79125892199994, 9.76968027200013 ], [ -4.793022673999928, 9.770677869000167 ], [ -4.795079847999887, 9.771048982000082 ], [ -4.797071862999928, 9.770794374000161 ], [ -4.799078357999974, 9.770320446000028 ], [ -4.801048616999935, 9.769941624000126 ], [ -4.803597953999883, 9.770686388000058 ], [ -4.805326808999951, 9.771861517000048 ], [ -4.807026938999854, 9.77298932500014 ], [ -4.808543286999907, 9.774311338000189 ], [ -4.809806310999932, 9.775870872000041 ], [ -4.810832528999867, 9.777667841000152 ], [ -4.81138147199988, 9.779686577 ], [ -4.811333183999977, 9.781761608000011 ], [ -4.810697194999932, 9.783708684000032 ], [ -4.809553707999839, 9.785403072000065 ], [ -4.808001488999935, 9.786675864000017 ], [ -4.805939121999927, 9.786680054000044 ], [ -4.804016654999828, 9.785955733000037 ], [ -4.801981954999974, 9.785438795000061 ], [ -4.799974397999961, 9.785360162000075 ], [ -4.797980266999957, 9.785130019000121 ], [ -4.795974611999952, 9.784557516000064 ], [ -4.794211906999919, 9.783611927000095 ], [ -4.792574927999908, 9.782421570999986 ], [ -4.791089661999877, 9.78105185600009 ], [ -4.789519752999922, 9.779670147000104 ], [ -4.787690138999949, 9.778721478000023 ], [ -4.784758225999951, 9.777653149000173 ], [ -4.781366854999931, 9.777642681000032 ], [ -4.780034995999927, 9.779238534000172 ], [ -4.779535341999974, 9.781257193000101 ], [ -4.779414176999978, 9.783269351000172 ], [ -4.779980197999919, 9.785210104999976 ], [ -4.781160430999876, 9.78685268900017 ], [ -4.782585103999907, 9.788343685000086 ], [ -4.784108714999945, 9.7896917650001 ], [ -4.785594449999962, 9.791145130000132 ], [ -4.78667392299991, 9.792897833000154 ], [ -4.787318203999916, 9.794813290000093 ], [ -4.787582985999961, 9.796814368000071 ], [ -4.787459281999872, 9.798872866000067 ], [ -4.787136077999946, 9.800856700000054 ], [ -4.787011621999966, 9.802934413000116 ], [ -4.786933891999922, 9.805014139000093 ], [ -4.786720242999934, 9.807084411000119 ], [ -4.786737327999901, 9.809156857000175 ], [ -4.78732000499997, 9.81115512700012 ], [ -4.788030031999938, 9.813049887000034 ], [ -4.788627685999927, 9.815340758000161 ], [ -4.788407276999976, 9.817369253000038 ], [ -4.78737319499993, 9.819160210000177 ], [ -4.785793854999838, 9.820518968000158 ], [ -4.784154774999934, 9.821735648000072 ], [ -4.782631450999929, 9.823080539000102 ], [ -4.781457759999967, 9.824768255000095 ], [ -4.780878446999907, 9.82670145600008 ], [ -4.780792105999979, 9.828719078000063 ], [ -4.781179466999959, 9.830731945000082 ], [ -4.782155057999944, 9.832581243000163 ], [ -4.783617591999871, 9.833970291000128 ], [ -4.785397055999965, 9.835015249000094 ], [ -4.787263827999936, 9.835925256000166 ], [ -4.789167813999939, 9.836708488000113 ], [ -4.790994696999917, 9.837561049000044 ], [ -4.792601692999938, 9.838787685000113 ], [ -4.793767819999971, 9.840507095000078 ], [ -4.794883188999961, 9.842267451999987 ], [ -4.79618499299994, 9.843891204000045 ], [ -4.798194815999977, 9.844059060000063 ], [ -4.800086554999893, 9.843358522000017 ], [ -4.802915906999942, 9.841839336000078 ], [ -4.804923438999879, 9.841273763000117 ], [ -4.806925337999871, 9.841035924000039 ], [ -4.810432022999862, 9.840977603000113 ], [ -4.812464172999967, 9.841431158000091 ], [ -4.81433014199996, 9.842230256000107 ], [ -4.815960366999946, 9.843415955000069 ], [ -4.817347017999907, 9.844962307000117 ], [ -4.818372673999875, 9.846702703000062 ], [ -4.819284420999907, 9.84850021 ], [ -4.819933391999882, 9.850481065000054 ], [ -4.820017783999845, 9.852520335 ], [ -4.819686313999966, 9.85451777500009 ], [ -4.819337756999971, 9.856516437000096 ], [ -4.819370318999916, 9.85855824600003 ], [ -4.819962463999957, 9.860560874000157 ], [ -4.820855251999944, 9.862370899999974 ], [ -4.821921689999897, 9.864103140000111 ], [ -4.823191550999979, 9.865680590000068 ], [ -4.824885023999968, 9.86683875500006 ], [ -4.826802226999973, 9.867495091000023 ], [ -4.828825395999843, 9.867889801 ], [ -4.831160568999962, 9.86891223300006 ], [ -4.83294621399989, 9.869936505000055 ], [ -4.834954765999839, 9.870466858000157 ], [ -4.836993606999954, 9.870036507000179 ], [ -4.83888909399991, 9.869392222000045 ], [ -4.840846925999926, 9.868946471000015 ], [ -4.842818642999816, 9.868591037000101 ], [ -4.844821869999919, 9.868319040000074 ], [ -4.846904802999973, 9.868394644000148 ], [ -4.848853566999878, 9.86888116800003 ], [ -4.850795625999922, 9.869645703000174 ], [ -4.852610634999905, 9.870512625000117 ], [ -4.85445260299997, 9.871308196000143 ], [ -4.856321811999919, 9.872032414000046 ], [ -4.858214849999968, 9.872686427000019 ], [ -4.860133650999899, 9.87326005500006 ], [ -4.862072074999901, 9.873775932000058 ], [ -4.864016072999902, 9.874269165999976 ], [ -4.865958093999893, 9.874764658000117 ], [ -4.867905700999927, 9.875239766 ], [ -4.871275304999926, 9.876038057000073 ], [ -4.873227655999926, 9.876493895000124 ], [ -4.875185074999877, 9.87693839300016 ], [ -4.877162402999886, 9.877326268000161 ], [ -4.87912572599987, 9.877756018000184 ], [ -4.881137955999918, 9.878318823000143 ], [ -4.883094183999958, 9.879052558000183 ], [ -4.8849120349999, 9.879898925000134 ], [ -4.886687631999905, 9.880828007000105 ], [ -4.888419512999974, 9.88183303400001 ], [ -4.890087030999894, 9.882940110000163 ], [ -4.891674609999882, 9.884165145000168 ], [ -4.893361662999951, 9.885396391000086 ], [ -4.895210179999935, 9.886364558000139 ], [ -4.897006117999979, 9.887253909000094 ], [ -4.898662460999958, 9.888390374999972 ], [ -4.900467808999963, 9.88942655 ], [ -4.902365323999902, 9.890090426000029 ], [ -4.904339918999938, 9.890483785000185 ], [ -4.906334994999895, 9.890673619000097 ], [ -4.908351798999888, 9.890679128999977 ], [ -4.910394596999879, 9.890696909000042 ], [ -4.914202078999892, 9.889493296000012 ], [ -4.91583628099994, 9.888273781000123 ], [ -4.91743407499996, 9.887017179000054 ], [ -4.9189962129999, 9.88575512500006 ], [ -4.920448189999945, 9.884265438 ], [ -4.921681399999954, 9.882586031000073 ], [ -4.922737234999886, 9.880878254999971 ], [ -4.923658401999944, 9.879039041000055 ], [ -4.923643233999826, 9.876967881000098 ], [ -4.923288873999979, 9.874913347000074 ], [ -4.923317559999873, 9.872887135000155 ], [ -4.924343046999979, 9.871109475000139 ], [ -4.92568835499992, 9.869562762000157 ], [ -4.927060718999883, 9.868017021000071 ], [ -4.929667007999967, 9.868651842000077 ], [ -4.930762361999825, 9.870415105000063 ], [ -4.931569970999931, 9.872270409000066 ], [ -4.932290193999847, 9.874233559000174 ], [ -4.933077352999874, 9.876095753000072 ], [ -4.934295217999932, 9.877755465000064 ], [ -4.935906934999934, 9.878950748000079 ], [ -4.937962048999907, 9.879921995000075 ], [ -4.93984951799996, 9.880625262000081 ], [ -4.941742391999981, 9.881277637000153 ], [ -4.943652979999968, 9.881889219000129 ], [ -4.945562750999954, 9.882506443000068 ], [ -4.947473991999914, 9.883130426999969 ], [ -4.949360766999973, 9.883807648000129 ], [ -4.951281466999831, 9.884632684000053 ], [ -4.953091731999962, 9.885521627000116 ], [ -4.954833401999906, 9.886660677000066 ], [ -4.95631586899998, 9.888093881000145 ], [ -4.957581147999974, 9.889651506000178 ], [ -4.958812811999906, 9.891255648000026 ], [ -4.960228092999955, 9.892690349000134 ], [ -4.961660324999968, 9.894098954000071 ], [ -4.962936297999931, 9.895722024000065 ], [ -4.963885760999972, 9.897482589000163 ], [ -4.964543425999977, 9.899373670000045 ], [ -4.965017380999939, 9.901318930000059 ], [ -4.965211032999946, 9.903316675999974 ], [ -4.965116899999884, 9.905403112000158 ], [ -4.964865607999968, 9.907411371000137 ], [ -4.964225766999959, 9.909620775000121 ], [ -4.963292990999946, 9.911487259000012 ], [ -4.962197679999917, 9.913236048000044 ], [ -4.960815824999827, 9.914759390000143 ], [ -4.959063595999964, 9.915854381000031 ], [ -4.95704234599998, 9.916076350000026 ], [ -4.955080515999839, 9.916614349000042 ], [ -4.953672746999871, 9.918051945000173 ], [ -4.952422095999964, 9.919658116000107 ], [ -4.951598163999904, 9.921540898999979 ], [ -4.951663593999911, 9.924843379000038 ], [ -4.952939521999951, 9.928699263000055 ], [ -4.953403813999842, 9.930646858000159 ], [ -4.953997136999817, 9.932634376000124 ], [ -4.95496418599987, 9.934460386000069 ], [ -4.956061978999969, 9.936134214000163 ], [ -4.95701697599992, 9.937989664000042 ], [ -4.95765960499989, 9.939972360000127 ], [ -4.958016330999897, 9.941981586000111 ], [ -4.95746571299992, 9.943970131000071 ], [ -4.954846390999933, 9.945611450000058 ], [ -4.95281274499996, 9.945792822000158 ], [ -4.950745111999936, 9.945529178000186 ], [ -4.948763434999933, 9.944961062000061 ], [ -4.946823614999914, 9.944290993000152 ], [ -4.944823619999909, 9.943707138000036 ], [ -4.942096102999926, 9.943928636000066 ], [ -4.940120126999943, 9.944468923000102 ], [ -4.938212390999922, 9.94517942900012 ], [ -4.93653349199991, 9.946284089000187 ], [ -4.935166933999938, 9.947785812000177 ], [ -4.935070861999975, 9.94985872400008 ], [ -4.935795337999878, 9.951819538000166 ], [ -4.936797251999906, 9.953568568000094 ], [ -4.938274744999944, 9.954978106 ], [ -4.940044456999885, 9.955928304000111 ], [ -4.941952595999965, 9.956722882000122 ], [ -4.943752690999929, 9.957603952000056 ], [ -4.945556721999935, 9.95847481900006 ], [ -4.947421959999872, 9.959286559000077 ], [ -4.949226995999936, 9.96017999500009 ], [ -4.950726969999948, 9.961571252 ], [ -4.952294207999955, 9.963825390000181 ], [ -4.95315181999996, 9.965676886000097 ], [ -4.953387228999873, 9.967741062000187 ], [ -4.953448372999958, 9.969778007000059 ], [ -4.953764517999844, 9.971760352 ], [ -4.95443258499995, 9.973645718000057 ], [ -4.955721467999922, 9.975176025999986 ], [ -4.957599221999942, 9.975868968000157 ], [ -4.959577201999934, 9.976356789000079 ], [ -4.961545505999879, 9.976750868000124 ], [ -4.963523412999962, 9.977082732000042 ], [ -4.965518039999949, 9.97735120700014 ], [ -4.967538462999869, 9.977549461000024 ], [ -4.969523300999981, 9.977848478000169 ], [ -4.971496135999871, 9.978472975000045 ], [ -4.973271320999913, 9.97939919300012 ], [ -4.975058965999949, 9.980358094000167 ], [ -4.976835213999948, 9.981315921000089 ], [ -4.978238655999974, 9.982778771000142 ], [ -4.979140399999949, 9.984590352 ], [ -4.979834935999975, 9.986487905999979 ], [ -4.980399619999957, 9.988493572000039 ], [ -4.980985253999961, 9.990710408000155 ], [ -4.980909953999912, 9.992723267000144 ], [ -4.980147357999954, 9.994604623000043 ], [ -4.979823126999975, 9.996640432000163 ], [ -4.978205711999976, 9.999861322000015 ], [ -4.977419289999943, 10.001765417000115 ], [ -4.97653534799997, 10.00356726800004 ], [ -4.975397536999822, 10.005284750000044 ], [ -4.974140521999971, 10.006849267000121 ], [ -4.972338770999954, 10.007875773000137 ], [ -4.970337247999908, 10.007440184000075 ], [ -4.968842569999936, 10.005986896000081 ], [ -4.968030790999933, 10.004070802000172 ], [ -4.967312858999946, 10.002120251000122 ], [ -4.966298624999979, 10.000370318000023 ], [ -4.965082658999904, 9.998671288000139 ], [ -4.963698804999979, 9.997106575000089 ], [ -4.962171143999967, 9.995699764000108 ], [ -4.960254121999981, 9.994895237000094 ], [ -4.957994342999939, 9.995433962000163 ], [ -4.956361412999968, 9.996671817 ], [ -4.955207236999911, 9.998338494000166 ], [ -4.954559934999907, 10.000274510000111 ], [ -4.95432270099991, 10.002350491000186 ], [ -4.954596620999951, 10.004360192000092 ], [ -4.95523223899994, 10.006329346000143 ], [ -4.956549626999958, 10.008642511000119 ], [ -4.95781836499998, 10.010205668000083 ], [ -4.959116829999914, 10.011733614000036 ], [ -4.960049998999978, 10.01355523400008 ], [ -4.960549011999944, 10.015499185000124 ], [ -4.960929262999969, 10.017550050000068 ], [ -4.961154879999981, 10.019619906000059 ], [ -4.961110561999874, 10.02163485799997 ], [ -4.960992704999967, 10.023647984000092 ], [ -4.961282708999818, 10.025664351000046 ], [ -4.962146317999952, 10.027566591000095 ], [ -4.963178701999936, 10.029380822000178 ], [ -4.964687781999828, 10.030699571000127 ], [ -4.965936189999979, 10.032365617000153 ], [ -4.966449224999906, 10.034304943 ], [ -4.966915020999977, 10.036302173000081 ], [ -4.967702501999952, 10.038187889000142 ], [ -4.968813313999931, 10.039950777000115 ], [ -4.970351592999918, 10.04127835200012 ], [ -4.972157600999878, 10.042196417000127 ], [ -4.97403388399988, 10.042998799000088 ], [ -4.97588018099998, 10.043790048000119 ], [ -4.978071196999963, 10.045070747000125 ], [ -4.979638158999933, 10.046324650000031 ], [ -4.981154089999961, 10.047761897000044 ], [ -4.982550990999925, 10.049308321000069 ], [ -4.983816270999966, 10.050862304000134 ], [ -4.985074180999959, 10.05242084300005 ], [ -4.986422097999935, 10.054013864000126 ], [ -4.987745640999833, 10.05562736100012 ], [ -4.989021733999891, 10.057169950000116 ], [ -4.990272664999907, 10.058836975000133 ], [ -4.991163653999934, 10.060649659000035 ], [ -4.992689611999879, 10.062029144 ], [ -4.994689978999929, 10.062636283000074 ], [ -4.996649377999972, 10.063162301999967 ], [ -4.998616614999946, 10.063571879000051 ], [ -5.000595686999816, 10.063958773000081 ], [ -5.002579688999901, 10.064220204000094 ], [ -5.004570520999891, 10.063925664000067 ], [ -5.00655086199987, 10.06350236600008 ], [ -5.008611125999892, 10.063559914 ], [ -5.010551476999865, 10.064137936000066 ], [ -5.012376386999961, 10.065036412000154 ], [ -5.014537355999948, 10.066440157000045 ], [ -5.01581240399986, 10.068063970000026 ], [ -5.016763145999903, 10.069833252000024 ], [ -5.017482798999936, 10.071796024000093 ], [ -5.017697817999874, 10.07382966900019 ], [ -5.017440772999919, 10.075856026999986 ], [ -5.016721729999972, 10.077799334000133 ], [ -5.015631094999947, 10.07948503200015 ], [ -5.014293696999971, 10.08100274700007 ], [ -5.012743103999924, 10.082295778000173 ], [ -5.011095636999926, 10.083505781000042 ], [ -5.00953375499995, 10.084775142000183 ], [ -5.008192205999876, 10.086321113999986 ], [ -5.007250778999946, 10.088176505000149 ], [ -5.006421135999972, 10.090086581000094 ], [ -5.005660648999935, 10.092025613000089 ], [ -5.004903302999878, 10.093966886000032 ], [ -5.004075062999902, 10.095876951999969 ], [ -5.003136192999875, 10.097737974000154 ], [ -5.002525292999962, 10.099716773000182 ], [ -5.002687010999921, 10.10175754200003 ], [ -5.005358696999906, 10.104114106000111 ], [ -5.007398221999892, 10.104094906000114 ], [ -5.009324905999961, 10.103395046000117 ], [ -5.010968789999936, 10.102189575000125 ], [ -5.012650927999914, 10.100995163000107 ], [ -5.01460562199992, 10.100266860000147 ], [ -5.016535315999874, 10.099691236000126 ], [ -5.018459750999966, 10.099096426000074 ], [ -5.020313309999949, 10.098337075000074 ], [ -5.022103800999957, 10.097431215000086 ], [ -5.023835751999968, 10.096419496000124 ], [ -5.025524190999874, 10.095334594000064 ], [ -5.027196420999928, 10.094212499000037 ], [ -5.028793905999976, 10.092991425999969 ], [ -5.030288631999895, 10.091659120000088 ], [ -5.03172779099998, 10.090149759000155 ], [ -5.033037063999927, 10.088521425000067 ], [ -5.03410476099998, 10.086736392999967 ], [ -5.035028855999883, 10.084962414000188 ], [ -5.03613427199997, 10.083195225999987 ], [ -5.037772525999969, 10.081989692000093 ], [ -5.042439586999876, 10.083226325000169 ], [ -5.044319051999935, 10.083979623000175 ], [ -5.04631606199996, 10.084568347000186 ], [ -5.048322663999897, 10.084779617000095 ], [ -5.050324404999969, 10.08458301700017 ], [ -5.052280495999923, 10.083885022000061 ], [ -5.054126836999899, 10.083052114000054 ], [ -5.056519882999964, 10.082221442000048 ], [ -5.058150742999885, 10.083458663000044 ], [ -5.05880876699996, 10.085412635000068 ], [ -5.058846934999906, 10.087472161000107 ], [ -5.058057276999875, 10.089342514000066 ], [ -5.056503244999817, 10.090604109000083 ], [ -5.054625062999946, 10.091410118000056 ], [ -5.052661532999934, 10.092064116000188 ], [ -5.050717479999889, 10.092644539000162 ], [ -5.048794310999938, 10.093238381999981 ], [ -5.04695928599989, 10.094159334000153 ], [ -5.045343370999944, 10.095473248000189 ], [ -5.043951919999927, 10.096945079000022 ], [ -5.042642734999959, 10.098490968000078 ], [ -5.041369795999913, 10.1000456700001 ], [ -5.04015254799998, 10.102206774000081 ], [ -5.040051104999975, 10.104246849 ], [ -5.041329019999978, 10.105871620000073 ], [ -5.043280200999959, 10.106583778000186 ], [ -5.045181217999868, 10.105853373000059 ], [ -5.046285501999932, 10.104134741000166 ], [ -5.048059854999849, 10.103077444000178 ], [ -5.050077896999937, 10.102826488000176 ], [ -5.052422143999934, 10.102906803000167 ], [ -5.054425776999949, 10.10290222500015 ], [ -5.056424540999956, 10.10302873 ], [ -5.058424548999881, 10.103261424000095 ], [ -5.06042184699993, 10.103560784000024 ], [ -5.062415576999967, 10.103881622000074 ], [ -5.064434916999971, 10.104061052000191 ], [ -5.066440137999962, 10.104306091000126 ], [ -5.068404075999922, 10.104692609000097 ], [ -5.070342599999947, 10.105249884000159 ], [ -5.07224949099998, 10.105985865000036 ], [ -5.073815771999875, 10.107303598000044 ], [ -5.074789539999927, 10.109082651000108 ], [ -5.075247815999887, 10.111110128000064 ], [ -5.074715528999889, 10.114161856000123 ], [ -5.074408903999938, 10.116353465000032 ], [ -5.073540326999932, 10.118176892000179 ], [ -5.072370503999934, 10.119834996000066 ], [ -5.070944433999898, 10.121321842000157 ], [ -5.069047383999873, 10.12204785800003 ], [ -5.06704273999992, 10.121776866000118 ], [ -5.065062564999948, 10.121453735000159 ], [ -5.063146134999954, 10.122139165000021 ], [ -5.061307367999916, 10.123113347000128 ], [ -5.059260237999922, 10.123423329000047 ], [ -5.057396757999925, 10.122580808000066 ], [ -5.055738345999941, 10.121394640000119 ], [ -5.054008056999862, 10.120290262000083 ], [ -5.052308986999947, 10.119207145000075 ], [ -5.050704141999972, 10.118011571000068 ], [ -5.049264420999862, 10.116600282000093 ], [ -5.047952534999922, 10.115071810000131 ], [ -5.045946643999969, 10.114778088000151 ], [ -5.043961459999935, 10.115414120000025 ], [ -5.042033147999973, 10.115984254000125 ], [ -5.040279721999866, 10.117028977000132 ], [ -5.03948368399989, 10.120306066000126 ], [ -5.039264784999887, 10.122298284000124 ], [ -5.039397842999904, 10.124362892000079 ], [ -5.039979879999919, 10.12628799800018 ], [ -5.040928743999928, 10.128065069000058 ], [ -5.042189112999949, 10.129645858 ], [ -5.04385818399993, 10.13080265200017 ], [ -5.04584794699997, 10.131413965000036 ], [ -5.047832882999899, 10.1316682530001 ], [ -5.049887628999898, 10.131827182 ], [ -5.051910511999949, 10.131862010000077 ], [ -5.053944518999913, 10.131808626000065 ], [ -5.05596984399989, 10.131780141000149 ], [ -5.058052554999904, 10.131899298000121 ], [ -5.060071061999963, 10.132321649000176 ], [ -5.061926310999979, 10.133070415000134 ], [ -5.063785139999936, 10.133842873999981 ], [ -5.065773505999971, 10.134186285000055 ], [ -5.067818566999904, 10.134523677000118 ], [ -5.069562033999944, 10.1355307070001 ], [ -5.07058659199987, 10.137257462999969 ], [ -5.071169461999943, 10.139234440000052 ], [ -5.071075326999903, 10.141443920000086 ], [ -5.070493661999933, 10.143427113000143 ], [ -5.070748895999884, 10.145479597000133 ], [ -5.07119331499996, 10.147468743000047 ], [ -5.071320952999884, 10.14953897800018 ], [ -5.070904156999859, 10.151579885000046 ], [ -5.070164716999955, 10.15350193400019 ], [ -5.069155222999939, 10.155326259000049 ], [ -5.068091978999973, 10.157040195000093 ], [ -5.067118783999831, 10.158793107000179 ], [ -5.066340012999945, 10.160722181000096 ], [ -5.065606702999958, 10.162672436000094 ], [ -5.064859378999927, 10.164617130000067 ], [ -5.064001994999956, 10.166517322000061 ], [ -5.063023924999925, 10.168272522000166 ], [ -5.062213009999823, 10.170174680000173 ], [ -5.061723250999876, 10.172140346999981 ], [ -5.061987767999938, 10.174172445000067 ], [ -5.06301128299998, 10.175938758000143 ], [ -5.064422689999958, 10.177368177000176 ], [ -5.066204101999972, 10.178383979000046 ], [ -5.069799033999971, 10.179199612000104 ], [ -5.071846963999974, 10.179052194000178 ], [ -5.073821884999973, 10.178461191 ], [ -5.075542000999974, 10.177400642000123 ], [ -5.077087963999929, 10.176085844000056 ], [ -5.07861961499998, 10.174676224000109 ], [ -5.080217256999845, 10.173376905000168 ], [ -5.081952175999959, 10.172364822000191 ], [ -5.083754646999978, 10.171483364000096 ], [ -5.085699554999962, 10.17071736500003 ], [ -5.087615435999908, 10.170136838000019 ], [ -5.089574288999927, 10.169676920000029 ], [ -5.091554130999953, 10.169289168000091 ], [ -5.093533981999883, 10.168772603000036 ], [ -5.095511930999919, 10.168402918000083 ], [ -5.098030515999881, 10.168656823000049 ], [ -5.099892559999944, 10.169443686000079 ], [ -5.101597917999925, 10.170553547000168 ], [ -5.102992443999824, 10.172043890999987 ], [ -5.104022076999911, 10.17380095599998 ], [ -5.104462594999973, 10.175805849000028 ], [ -5.10373153199987, 10.177715461000162 ], [ -5.101261520999969, 10.179317634000085 ], [ -5.099241271999972, 10.179548665000141 ], [ -5.097160389999829, 10.179751827000075 ], [ -5.095142489999944, 10.179951184000117 ], [ -5.093145413999878, 10.180196719000094 ], [ -5.091125833999968, 10.180664966 ], [ -5.089207729999941, 10.181349485000055 ], [ -5.087429620999899, 10.182298616000026 ], [ -5.085797682999896, 10.183585762000121 ], [ -5.084461135999959, 10.185094731000163 ], [ -5.083399431999965, 10.186822266000036 ], [ -5.082603323999933, 10.188661092000132 ], [ -5.082054079999921, 10.190667824000059 ], [ -5.081777991999843, 10.192719139000076 ], [ -5.081702591999885, 10.194807590000096 ], [ -5.081690811999977, 10.196813157000065 ], [ -5.081671300999972, 10.198901252000041 ], [ -5.081683741999939, 10.200991403000046 ], [ -5.081678477999958, 10.203077147000158 ], [ -5.081605866999894, 10.205154281000091 ], [ -5.081416542999932, 10.207217473000071 ], [ -5.08057727399995, 10.211020266000048 ], [ -5.080508311999949, 10.213088339000024 ], [ -5.08087051799987, 10.215071181000098 ], [ -5.081585987999915, 10.216959118000091 ], [ -5.08238971499992, 10.218823890000181 ], [ -5.083827846999895, 10.220326439000075 ], [ -5.085855513999888, 10.220795911000039 ], [ -5.087877311999932, 10.220497110000053 ], [ -5.089707458999897, 10.219627824000099 ], [ -5.091218358999981, 10.218212602000051 ], [ -5.092498688999854, 10.216642938 ], [ -5.093770412999902, 10.215023612000152 ], [ -5.095200890999877, 10.213569351 ], [ -5.096679618999929, 10.212213073000044 ], [ -5.098279595999884, 10.210868438000091 ], [ -5.099960744999976, 10.209641908000037 ], [ -5.10173595599997, 10.208542438 ], [ -5.103507645999912, 10.207603421000044 ], [ -5.105331774999911, 10.20674879500001 ], [ -5.10719057499989, 10.205965117 ], [ -5.109068014999878, 10.205242319999968 ], [ -5.110963786999889, 10.204577017000076 ], [ -5.112832682999908, 10.203858777000164 ], [ -5.115138482999896, 10.202074525000171 ], [ -5.116756904999875, 10.200823479 ], [ -5.120191065999961, 10.201042976000167 ], [ -5.122083256999872, 10.201869012000145 ], [ -5.122907620999968, 10.203725604000056 ], [ -5.122686251999937, 10.205731355000012 ], [ -5.12249219399996, 10.207770823000033 ], [ -5.122007328999871, 10.20977264000004 ], [ -5.121311773999878, 10.211650416000111 ], [ -5.120428573999902, 10.213483091000171 ], [ -5.119396212999959, 10.215269281000133 ], [ -5.118251701999839, 10.21700083800016 ], [ -5.11703437299991, 10.218675244000167 ], [ -5.115812209999945, 10.220267203000162 ], [ -5.114465706999908, 10.221858836000138 ], [ -5.113140563999877, 10.223362200000167 ], [ -5.11184206899992, 10.224886856000182 ], [ -5.110561764999943, 10.226447545000099 ], [ -5.109323948999929, 10.228053150000164 ], [ -5.108325561999948, 10.229860572000121 ], [ -5.107646950999936, 10.233716572000162 ], [ -5.107997502999979, 10.235716367000123 ], [ -5.108923022999875, 10.237553128000172 ], [ -5.110488767999925, 10.238873915999989 ], [ -5.112394422999955, 10.239545094000107 ], [ -5.11440845899989, 10.2397014820001 ], [ -5.116410644999917, 10.239877140999965 ], [ -5.118306526999845, 10.240577720000147 ], [ -5.12002095899993, 10.241651181 ], [ -5.12152086899988, 10.243011876000082 ], [ -5.122702573999959, 10.244720365000148 ], [ -5.123388426999952, 10.246693076000042 ], [ -5.123513130999868, 10.248760967000123 ], [ -5.12319417599997, 10.250753799 ], [ -5.122448055999939, 10.252708748000032 ], [ -5.121367093999936, 10.254487373000188 ], [ -5.119979852999904, 10.255968592000102 ], [ -5.118353024999976, 10.257232184000031 ], [ -5.116539858999943, 10.258180634000155 ], [ -5.114654923999865, 10.25888776000005 ], [ -5.112686557999893, 10.259486956000046 ], [ -5.110698123999953, 10.260071584000116 ], [ -5.107659772999909, 10.261110434000102 ], [ -5.10577869399998, 10.261803932000078 ], [ -5.103892789999975, 10.262631903000113 ], [ -5.102103653999905, 10.26369085400006 ], [ -5.100595566999914, 10.265031567999984 ], [ -5.099261394999928, 10.266625365000152 ], [ -5.098431684999923, 10.268516433000116 ], [ -5.098504205999973, 10.270560972000112 ], [ -5.099331801999881, 10.272454873000015 ], [ -5.100525241999947, 10.274077499000157 ], [ -5.102128870999934, 10.275320093000119 ], [ -5.104004020999923, 10.2762174450001 ], [ -5.106005534999895, 10.276642822000042 ], [ -5.108083593999879, 10.276697104000107 ], [ -5.110066976999974, 10.276366716000155 ], [ -5.112010951999935, 10.27577219300008 ], [ -5.113967467999828, 10.275349313000049 ], [ -5.116031682999903, 10.275340364000101 ], [ -5.118017285999883, 10.27594654100011 ], [ -5.119653675999928, 10.277217065000059 ], [ -5.120528781999951, 10.279029226000148 ], [ -5.120441465999932, 10.281031843000051 ], [ -5.119980785999815, 10.283157796000182 ], [ -5.119420091999871, 10.285170290000053 ], [ -5.1185811819999, 10.28707727200009 ], [ -5.117498443999864, 10.288861568000129 ], [ -5.116271461999929, 10.290444567000065 ], [ -5.114851032999923, 10.2919757250001 ], [ -5.113491562999968, 10.293454510000174 ], [ -5.112166883999976, 10.295020061000116 ], [ -5.111177072999965, 10.296804870000074 ], [ -5.110778748999962, 10.298838901000067 ], [ -5.110923230999902, 10.300877298000103 ], [ -5.111347112999908, 10.302896922 ], [ -5.112334177999969, 10.30468012200015 ], [ -5.114294462999965, 10.304155496000078 ], [ -5.116015840999921, 10.303050564000102 ], [ -5.117447443999879, 10.301607446000105 ], [ -5.118866527999899, 10.300128252000093 ], [ -5.120467318999943, 10.298782312000128 ], [ -5.123787973999981, 10.297693976000119 ], [ -5.125255481999886, 10.299107910000032 ], [ -5.126280915999928, 10.300905490000105 ], [ -5.127120578999836, 10.302815007999982 ], [ -5.127690841999936, 10.304743242000029 ], [ -5.128445130999921, 10.306678170000055 ], [ -5.130126001999884, 10.307829677000029 ], [ -5.132166810999934, 10.307662565000101 ], [ -5.133855385999937, 10.306566801000031 ], [ -5.134948704999942, 10.304795946000127 ], [ -5.135693684999978, 10.302887294000129 ], [ -5.136544834999938, 10.301032172000077 ], [ -5.137447438999857, 10.299152982000066 ], [ -5.138360068999873, 10.297281635000047 ], [ -5.139329867999891, 10.295430245000148 ], [ -5.140419965999968, 10.29365601600017 ], [ -5.141837733999921, 10.292131564000158 ], [ -5.143425975999889, 10.290892951000046 ], [ -5.14516972999985, 10.289751594000052 ], [ -5.14724393299997, 10.28745789900006 ], [ -5.150271812999847, 10.286889852000058 ], [ -5.151987662999886, 10.285846946000106 ], [ -5.153844425999921, 10.284893480000051 ], [ -5.155718862999947, 10.284192962000191 ], [ -5.157635549999895, 10.28358366700013 ], [ -5.159543432999953, 10.282939397000121 ], [ -5.161484307999956, 10.282450809000011 ], [ -5.163477436999926, 10.282182170999988 ], [ -5.166137271999901, 10.282236704000184 ], [ -5.168096422999838, 10.282674384000131 ], [ -5.170015776999946, 10.28342300900016 ], [ -5.171651277999956, 10.284701136000137 ], [ -5.172649399999955, 10.286504359000048 ], [ -5.173490034999872, 10.288380940000138 ], [ -5.174819046999971, 10.289897225000118 ], [ -5.176861337999924, 10.290307167000094 ], [ -5.17915585999998, 10.29075380900008 ], [ -5.178780497999924, 10.29276395800008 ], [ -5.179817261999915, 10.294514915000093 ], [ -5.181318314999942, 10.295886520000124 ], [ -5.182920463999892, 10.297089095999979 ], [ -5.184773390999908, 10.298032379000119 ], [ -5.186670817999868, 10.298706462000041 ], [ -5.188578589999963, 10.299370294000084 ], [ -5.190391511999962, 10.30023698500014 ], [ -5.192227327999888, 10.301031203000093 ], [ -5.194219173999954, 10.301435709000032 ], [ -5.197166417999824, 10.302058535000015 ], [ -5.199033268999926, 10.302965475000121 ], [ -5.200406013999896, 10.304470021000043 ], [ -5.200640178999834, 10.306463592000057 ], [ -5.199674107999897, 10.308304908000025 ], [ -5.198075764999942, 10.309620664000022 ], [ -5.196377808999955, 10.310742771000037 ], [ -5.194875741999908, 10.312064640000074 ], [ -5.193783322999934, 10.313748639000039 ], [ -5.19376043099993, 10.31581740200005 ], [ -5.194718885999976, 10.317623039000182 ], [ -5.196648186999937, 10.318267444000071 ], [ -5.198638904999882, 10.317835881000178 ], [ -5.200273529999947, 10.316667866999978 ], [ -5.201598683999975, 10.315131394000161 ], [ -5.202852722999921, 10.313459832000035 ], [ -5.203837829999884, 10.311712148000026 ], [ -5.204773966999824, 10.309855211000126 ], [ -5.20625872599993, 10.308391074000042 ], [ -5.207916801999886, 10.307243212000117 ], [ -5.209684435999975, 10.306286653000086 ], [ -5.211541642999975, 10.305497808000098 ], [ -5.213456600999962, 10.304873503000067 ], [ -5.215532745999951, 10.304685299000141 ], [ -5.217751914999894, 10.304659915000173 ], [ -5.219583016999877, 10.305504829000085 ], [ -5.220843859999945, 10.307103804000121 ], [ -5.222332508999898, 10.308466217000159 ], [ -5.223916108999958, 10.309701436000125 ], [ -5.225685121999959, 10.310816743000089 ], [ -5.227482740999903, 10.311719448000076 ], [ -5.229525595999974, 10.311803644000122 ], [ -5.23156693999988, 10.311491298000078 ], [ -5.233571491999896, 10.311544100000162 ], [ -5.235577541999874, 10.311668053 ], [ -5.23760361199993, 10.311799762000021 ], [ -5.239641196999969, 10.31190652500004 ], [ -5.241718828999979, 10.311788179000189 ], [ -5.243705695999893, 10.31125809800011 ], [ -5.245519225999942, 10.310397069000032 ], [ -5.247244403999957, 10.309305051000081 ], [ -5.248847016999946, 10.308044420000158 ], [ -5.250321861999907, 10.30662538100006 ], [ -5.251985054999977, 10.305404988000078 ], [ -5.253973429999974, 10.304795764000119 ], [ -5.256174149999936, 10.304590618000191 ], [ -5.258185362999882, 10.304787833000091 ], [ -5.260157632999892, 10.305323095000119 ], [ -5.261883316999956, 10.30645317200009 ], [ -5.263013377999926, 10.308124026000144 ], [ -5.264316514999848, 10.309667131000026 ], [ -5.266375573999937, 10.309711441000161 ], [ -5.26826618399997, 10.308974026000158 ], [ -5.269928032999871, 10.307716281000069 ], [ -5.271486716999902, 10.306351932999974 ], [ -5.273353120999957, 10.305564958000161 ], [ -5.275437871999884, 10.305558197000039 ], [ -5.277395779999949, 10.306216585000186 ], [ -5.277833043999976, 10.308248110000136 ], [ -5.279361207999955, 10.309585076000076 ], [ -5.281339177999939, 10.309936012000151 ], [ -5.282773937999877, 10.311388846999989 ], [ -5.283737721999955, 10.31316131900013 ], [ -5.284833967999873, 10.314910255000029 ], [ -5.286392747999969, 10.316173528000036 ], [ -5.288252781999972, 10.316991812000083 ], [ -5.290315214999907, 10.317164720000164 ], [ -5.29280614399994, 10.316251192000095 ], [ -5.294522352999934, 10.315187255000069 ], [ -5.296268992999956, 10.314093722000109 ], [ -5.297315095999977, 10.312361240000087 ], [ -5.297063864999814, 10.310339743999975 ], [ -5.295911783999941, 10.308604813000045 ], [ -5.294808858999943, 10.306921492000129 ], [ -5.293982076999896, 10.305010265000021 ], [ -5.293432208999889, 10.303037196000105 ], [ -5.293432693999932, 10.300955160000115 ], [ -5.294681030999925, 10.299327449000032 ], [ -5.29670185699996, 10.299679126000058 ], [ -5.298671788999968, 10.30036667000013 ], [ -5.300568131999853, 10.301130414000056 ], [ -5.302606103999892, 10.301230007000015 ], [ -5.304577378999909, 10.300569782000025 ], [ -5.30630731899987, 10.29954863800009 ], [ -5.308018158999971, 10.298451934000127 ], [ -5.309953267999958, 10.297666544000151 ], [ -5.311874867999961, 10.29708345500012 ], [ -5.313797977999968, 10.296493567000027 ], [ -5.315709133999917, 10.295849530000112 ], [ -5.318265941999925, 10.294660871000076 ], [ -5.319901466999966, 10.293376001000183 ], [ -5.321061620999956, 10.291725131000021 ], [ -5.322226576999981, 10.290010962 ], [ -5.324128143999928, 10.28933193600011 ], [ -5.32546706099987, 10.287797260000161 ], [ -5.327668182999901, 10.288130512 ], [ -5.328620290999822, 10.288566497000147 ], [ -5.329489700999886, 10.288963535000107 ], [ -5.331264485999952, 10.290013778000059 ], [ -5.333070332999966, 10.290904503000149 ], [ -5.334900448999861, 10.291720481000141 ], [ -5.336799667999969, 10.29235407200008 ], [ -5.338732201999903, 10.292902685000058 ], [ -5.340627236999921, 10.293566782000028 ], [ -5.342459702999861, 10.294388342000161 ], [ -5.34423488199991, 10.295483682000054 ], [ -5.345828035999943, 10.296701203000111 ], [ -5.347504638999908, 10.29780627100007 ], [ -5.349308958999927, 10.298673173000054 ], [ -5.351297884999894, 10.299147861000051 ], [ -5.352430278999975, 10.297449665000045 ], [ -5.353063150999958, 10.295516744000111 ], [ -5.353703963999919, 10.292982790000053 ], [ -5.354829787999904, 10.291229287000021 ], [ -5.355959952999967, 10.289562735000118 ], [ -5.356746131999955, 10.287714550999965 ], [ -5.3570637279999, 10.285648368000182 ], [ -5.357191079999893, 10.283576791000087 ], [ -5.358276310999884, 10.281854083000042 ], [ -5.361138318999906, 10.279991909000159 ], [ -5.363151591999952, 10.279577336000045 ], [ -5.365204351999978, 10.279737453000052 ], [ -5.367178492999869, 10.280177152000078 ], [ -5.369085782999946, 10.280962997000188 ], [ -5.369618409999873, 10.282906603000072 ], [ -5.370110942999872, 10.284864056000117 ], [ -5.370601185999931, 10.286819264000087 ], [ -5.371603505999929, 10.288571902000115 ], [ -5.373080304999974, 10.290012665000063 ], [ -5.375014756999974, 10.290684167 ], [ -5.377020330999926, 10.290513554000029 ], [ -5.379012096999872, 10.289984937999975 ], [ -5.380859802999908, 10.289127517 ], [ -5.382527336999942, 10.28795511800007 ], [ -5.38447618299989, 10.287449381000044 ], [ -5.386517584999979, 10.287611692000098 ], [ -5.38854980799988, 10.2880892230001 ], [ -5.390535343999943, 10.288614528000096 ], [ -5.392365027999972, 10.289837949000173 ], [ -5.394474503999902, 10.291765301000112 ], [ -5.396236390999945, 10.292880751000041 ], [ -5.397860032999972, 10.294059342000139 ], [ -5.39953947999993, 10.295149398000092 ], [ -5.401278921999904, 10.296139591000042 ], [ -5.403037558999927, 10.29710252000001 ], [ -5.404789864999941, 10.298075649000168 ], [ -5.406567615999961, 10.299037282000086 ], [ -5.408288441999957, 10.300068232000115 ], [ -5.409943529999964, 10.301322194000136 ], [ -5.411428440999885, 10.302789780000069 ], [ -5.412702969999941, 10.304340256999978 ], [ -5.413876521999953, 10.305960387000084 ], [ -5.414965090999942, 10.307653440000138 ], [ -5.415832560999945, 10.309539041999983 ], [ -5.415888824999911, 10.311606926000024 ], [ -5.41588931299998, 10.313689911000154 ], [ -5.416685569999913, 10.315600890000098 ], [ -5.41761966599995, 10.317392224000173 ], [ -5.418779876999849, 10.31910278700019 ], [ -5.420797316999881, 10.320545977000052 ], [ -5.422578292999958, 10.321478088 ], [ -5.424591102999898, 10.321699057999979 ], [ -5.426207500999965, 10.320375451000189 ], [ -5.427631911999981, 10.318952749000061 ], [ -5.42916299399991, 10.317663662000029 ], [ -5.430829996999876, 10.316492154000116 ], [ -5.433096454999941, 10.317235297000025 ], [ -5.435011882999959, 10.318036419000066 ], [ -5.436628882999912, 10.319282579000173 ], [ -5.437543330999972, 10.321062680000068 ], [ -5.437670296999897, 10.323088198000164 ], [ -5.437373214999923, 10.325115790000098 ], [ -5.4373193159999, 10.327207061000024 ], [ -5.437396964999948, 10.329289430000074 ], [ -5.437651678999885, 10.331347868000023 ], [ -5.437923470999976, 10.333382455000049 ], [ -5.438632497999947, 10.335309812000105 ], [ -5.440001464999966, 10.336866183000041 ], [ -5.441621344999874, 10.338117917000034 ], [ -5.443502401999922, 10.339009582000187 ], [ -5.445525228999941, 10.33911171200009 ], [ -5.447472103999928, 10.338374000000158 ], [ -5.449256843999876, 10.337379968000164 ], [ -5.451223882999955, 10.336818298000026 ], [ -5.453946066999947, 10.337372534000053 ], [ -5.45584957899996, 10.338014314000077 ], [ -5.457643067999925, 10.338938183000039 ], [ -5.459343959999956, 10.340147397000067 ], [ -5.46085889099993, 10.341463070000145 ], [ -5.462551559999895, 10.34262036400014 ], [ -5.463843354999938, 10.344229150000047 ], [ -5.463670770999954, 10.346252390000075 ], [ -5.462790444999939, 10.34805400200014 ], [ -5.462026650999974, 10.349988011 ], [ -5.460822541999903, 10.351690438000105 ], [ -5.45928437099991, 10.353072361000102 ], [ -5.458972993999907, 10.35509327699998 ], [ -5.45950991299992, 10.357088505000092 ], [ -5.460272742999905, 10.358957751 ], [ -5.46093614099982, 10.360930544000098 ], [ -5.461668078999878, 10.362876829000072 ], [ -5.462481516999958, 10.364794247000134 ], [ -5.463315029999933, 10.366705858999978 ], [ -5.464064575999942, 10.368565020000062 ], [ -5.465834629999847, 10.371805705999975 ], [ -5.467147771999976, 10.373369100000048 ], [ -5.468932130999974, 10.37442507999998 ], [ -5.4709953979999, 10.374584293000112 ], [ -5.472644379999906, 10.373436399000184 ], [ -5.473598055999958, 10.371662433000154 ], [ -5.475101452999979, 10.370247948000042 ], [ -5.477871626999956, 10.369540957000083 ], [ -5.479987611999888, 10.369808149 ], [ -5.481918355999937, 10.370546648000072 ], [ -5.482849546999887, 10.372350117 ], [ -5.483118981999894, 10.374417364000067 ], [ -5.483077033999962, 10.376421504000177 ], [ -5.483024660999831, 10.378495756 ], [ -5.482825728999956, 10.380557587000169 ], [ -5.482943024999827, 10.382589864000181 ], [ -5.484656859999973, 10.383697107000046 ], [ -5.485441630999958, 10.385623680000037 ], [ -5.485484172999918, 10.387703970000018 ], [ -5.484980173999872, 10.389725241 ], [ -5.485362003999967, 10.391769016000126 ], [ -5.486299463999956, 10.393630012000074 ], [ -5.487725697999963, 10.395131404000153 ], [ -5.488133851999976, 10.397091379000017 ], [ -5.488155351999978, 10.39917521600006 ], [ -5.488649856999928, 10.401195512000072 ], [ -5.490068441999881, 10.402715015000126 ], [ -5.491833688999918, 10.40383082600016 ], [ -5.493398727999931, 10.405128908999984 ], [ -5.494794812999885, 10.406683572000134 ], [ -5.496360809999885, 10.408062953000126 ], [ -5.497942906999867, 10.409295358 ], [ -5.499499266999919, 10.410553933000131 ], [ -5.500946940999825, 10.41206071300013 ], [ -5.502381820999972, 10.413570973000049 ], [ -5.503964447999977, 10.414881270000024 ], [ -5.505855149999945, 10.415654877000122 ], [ -5.507875369999852, 10.415555461999986 ], [ -5.509931028999915, 10.415803651000033 ], [ -5.510801838999953, 10.417611959000055 ], [ -5.510535673999868, 10.41962120900007 ], [ -5.510726506999958, 10.421632518000138 ], [ -5.511736904999964, 10.423413744000072 ], [ -5.513016215999926, 10.425040365000086 ], [ -5.51448968699998, 10.426545721000139 ], [ -5.515783339999928, 10.428089756000077 ], [ -5.51752998399985, 10.42908127000004 ], [ -5.519548463999968, 10.429537498000116 ], [ -5.52121117199988, 10.430748774000165 ], [ -5.522461449999923, 10.432320222000158 ], [ -5.52350085199987, 10.434041293000178 ], [ -5.524677808999911, 10.435749976000068 ], [ -5.526221325999927, 10.437155302000178 ], [ -5.527887370999906, 10.438277271000175 ], [ -5.529734685999813, 10.439254344000119 ], [ -5.531579925999893, 10.440061996000168 ], [ -5.533439170999884, 10.440836767000064 ], [ -5.53526501399989, 10.441660360000071 ], [ -5.536987715999942, 10.44283264500018 ], [ -5.538565215999938, 10.444073843000183 ], [ -5.540364699999941, 10.445125766999979 ], [ -5.542185762999907, 10.445970808000027 ], [ -5.544024049999962, 10.446793109000112 ], [ -5.545867906999945, 10.447615353000117 ], [ -5.547645127999886, 10.448538641000141 ], [ -5.549297380999974, 10.44966848200005 ], [ -5.551136935999978, 10.451847236000049 ], [ -5.551930931999948, 10.453706794000084 ], [ -5.552828353999928, 10.45549662000019 ], [ -5.554254043999947, 10.457014521000133 ], [ -5.555780437999942, 10.45832151999997 ], [ -5.557423085999972, 10.459470578000037 ], [ -5.559207, 10.460485212000151 ], [ -5.561281174999976, 10.46067975700015 ], [ -5.562637300999938, 10.459207310000068 ], [ -5.563932884999929, 10.457589644000166 ], [ -5.565792041999885, 10.456807769000079 ], [ -5.567768535999846, 10.456298272000083 ], [ -5.56974838799988, 10.455937827000184 ], [ -5.571770610999863, 10.455787111000177 ], [ -5.573769154999923, 10.455619631000161 ], [ -5.575646458999927, 10.454743814000096 ], [ -5.577304323999954, 10.453585138000108 ], [ -5.579098186999943, 10.452522489000046 ], [ -5.581120061999911, 10.452092745000186 ], [ -5.583118846999923, 10.452321652000023 ], [ -5.585140686999978, 10.452630550000038 ], [ -5.587133366999979, 10.452449487000024 ], [ -5.591017775999944, 10.451594573000023 ], [ -5.593052893999868, 10.452026423000063 ], [ -5.594842466999978, 10.453032887000177 ], [ -5.596672601999956, 10.453856037999969 ], [ -5.59857367099994, 10.454546452999978 ], [ -5.60053877799993, 10.454995760000145 ], [ -5.602621579999948, 10.455019421000031 ], [ -5.604607512999962, 10.454630485000052 ], [ -5.606512122999959, 10.454000502000042 ], [ -5.608400876999951, 10.453300614000057 ], [ -5.610290939999913, 10.45262216500015 ], [ -5.61208537899995, 10.451613566000049 ], [ -5.614103738999972, 10.451338385000156 ], [ -5.616292546999887, 10.451609569000027 ], [ -5.618488826999908, 10.451683025000023 ], [ -5.620260722999944, 10.452617190000183 ], [ -5.622032646999912, 10.453553600000021 ], [ -5.623803590999898, 10.454491136000115 ], [ -5.625550266999937, 10.455544061000126 ], [ -5.627291144999901, 10.456618480000088 ], [ -5.629049822999946, 10.457603516000063 ], [ -5.630929519999938, 10.458426033000023 ], [ -5.63298036499998, 10.458772767000085 ], [ -5.635023081999975, 10.458663269999988 ], [ -5.637023029999966, 10.458337266000058 ], [ -5.639050530999953, 10.457913893000068 ], [ -5.64108889299996, 10.457510748000061 ], [ -5.643121290999886, 10.457246558 ], [ -5.645131170999946, 10.457237789000089 ], [ -5.647148670999968, 10.457505648000165 ], [ -5.649114603999919, 10.45813420200011 ], [ -5.650768227999947, 10.459372958000131 ], [ -5.652162105999935, 10.460910898000179 ], [ -5.65348437199998, 10.462529611999969 ], [ -5.654908663999947, 10.464034525999978 ], [ -5.656832212999973, 10.464889252000035 ], [ -5.658844471999942, 10.465005727000118 ], [ -5.66088764899996, 10.464767301000109 ], [ -5.662918159999833, 10.464315514000134 ], [ -5.66489988099994, 10.463763607000033 ], [ -5.666900110999961, 10.463175395000064 ], [ -5.668895694999946, 10.462628998000071 ], [ -5.670940363999932, 10.462319349000097 ], [ -5.672960351999905, 10.462209796000025 ], [ -5.674969158999943, 10.462060796000117 ], [ -5.677042051999877, 10.46178475500011 ], [ -5.678997974999959, 10.46135834800009 ], [ -5.680929599999899, 10.460777410000162 ], [ -5.682781218999935, 10.45999949600008 ], [ -5.684607008999876, 10.458989139000039 ], [ -5.686248830999943, 10.457833507000032 ], [ -5.687809983999955, 10.456570131000092 ], [ -5.689378289999979, 10.455194881000182 ], [ -5.690876418999949, 10.453737776000139 ], [ -5.692271274999882, 10.452297350000151 ], [ -5.693659263999962, 10.450855850000096 ], [ -5.695101264999892, 10.449344999000061 ], [ -5.696532754999964, 10.447824069000148 ], [ -5.698093921999885, 10.446176680000178 ], [ -5.69955257099997, 10.444682618 ], [ -5.701064596999856, 10.443359764000149 ], [ -5.702654365999933, 10.442106267000099 ], [ -5.70425754099989, 10.440870722000113 ], [ -5.70583485599991, 10.439615062000144 ], [ -5.707413614999894, 10.438247579000063 ], [ -5.708876171999862, 10.436786212000186 ], [ -5.710125881999943, 10.435121106000054 ], [ -5.71098515299991, 10.433296686000119 ], [ -5.711956924999924, 10.431536812000161 ], [ -5.713491873999942, 10.430157264000059 ], [ -5.715440730999887, 10.429640405000043 ], [ -5.717442073999905, 10.42948673799998 ], [ -5.719474802999969, 10.429367801000012 ], [ -5.721447500999943, 10.428971545000081 ], [ -5.723421071999894, 10.428594469000188 ], [ -5.725491502999887, 10.428303515000096 ], [ -5.728759694999951, 10.428241741000136 ], [ -5.73076679199994, 10.42834317500018 ], [ -5.732778548999931, 10.428488599000104 ], [ -5.736254660999975, 10.428706172999966 ], [ -5.738299410999957, 10.428531679000116 ], [ -5.740283900999827, 10.428120531000047 ], [ -5.742260390999945, 10.427692501000138 ], [ -5.744298516999891, 10.427333948000069 ], [ -5.747923890999914, 10.427290371000083 ], [ -5.749876543999846, 10.427918414000089 ], [ -5.751619294999955, 10.429018046000124 ], [ -5.753246339999976, 10.430256439000175 ], [ -5.754900997999925, 10.431455056000175 ], [ -5.756607984999903, 10.432538021000141 ], [ -5.758347055999934, 10.433571006000079 ], [ -5.760120444999927, 10.434532536000063 ], [ -5.76193191599998, 10.435396604000118 ], [ -5.763870279999935, 10.43617599200013 ], [ -5.76578229099988, 10.436844922000091 ], [ -5.767690226999889, 10.43755227000014 ], [ -5.76962046299991, 10.438087758000052 ], [ -5.771621747999973, 10.438352713000029 ], [ -5.773641546999897, 10.438180457000158 ], [ -5.775513649999937, 10.437387231000059 ], [ -5.777263602999938, 10.436345486000107 ], [ -5.780559014999938, 10.434988759000078 ], [ -5.782407219999925, 10.434030834000112 ], [ -5.784070446999863, 10.432911896000064 ], [ -5.785724639999955, 10.431772705000071 ], [ -5.787441201999968, 10.43073685700017 ], [ -5.789188857999875, 10.429591191000043 ], [ -5.790836282999919, 10.428305234000106 ], [ -5.792387922999978, 10.427041565000081 ], [ -5.793984836999925, 10.425835089000088 ], [ -5.795578008999939, 10.424626382000042 ], [ -5.797187302999873, 10.423292180000146 ], [ -5.798768474999974, 10.421924340000089 ], [ -5.800351200999899, 10.420556483000155 ], [ -5.801964228999964, 10.419230139000035 ], [ -5.803661766999937, 10.41801145900007 ], [ -5.805315907999898, 10.416884624000033 ], [ -5.807764552999913, 10.414195812000116 ], [ -5.80894640899993, 10.41340511500016 ], [ -5.819354582999949, 10.406437531000108 ], [ -5.822216066999886, 10.399907818000088 ], [ -5.822525562999942, 10.393761952000148 ], [ -5.826849913999979, 10.387579594000044 ], [ -5.833390231999942, 10.384269654000093 ], [ -5.850812948999931, 10.37363492999998 ], [ -5.858118599999955, 10.374292691000164 ], [ -5.86254697499993, 10.379673488000094 ], [ -5.866860410999948, 10.372408017000168 ], [ -5.875983272999974, 10.332213642000113 ], [ -5.871473323999965, 10.31779880300013 ], [ -5.887043929999891, 10.304650412000171 ], [ -5.891734176999933, 10.298825871000076 ], [ -5.884710316999815, 10.288770967000175 ], [ -5.881009588999859, 10.283021271000166 ], [ -5.883813349999912, 10.270348109000167 ], [ -5.88630478999994, 10.263460392000013 ], [ -5.892111750999902, 10.260155460000135 ], [ -5.900492204999978, 10.258996640000021 ], [ -5.910769510999899, 10.265771160000099 ], [ -5.923258736999969, 10.275053495000122 ], [ -5.929831994999915, 10.275717922000069 ], [ -5.943285959999969, 10.270897609000144 ], [ -5.950960148999968, 10.272273139000106 ], [ -5.956040312999903, 10.269336262000024 ], [ -5.951866578999898, 10.252029576000155 ], [ -5.952149447999943, 10.247615455000073 ], [ -5.956914017999907, 10.24120154000002 ], [ -5.963566345999936, 10.230310348000046 ], [ -5.973755330999893, 10.219386868000072 ], [ -5.980755297999963, 10.211360372000115 ], [ -5.986105474999817, 10.198887813999988 ], [ -5.992815933999907, 10.19436638500008 ], [ -5.997969214999898, 10.195274322000159 ], [ -6.014758173999894, 10.200537046000022 ], [ -6.025030160999904, 10.200759245000029 ], [ -6.042722270999946, 10.201549918000183 ], [ -6.055300695999961, 10.205572561000054 ], [ -6.065671394999868, 10.2140761980001 ], [ -6.071801697999945, 10.216247162000172 ], [ -6.082714510999949, 10.21423379600003 ], [ -6.102988296999968, 10.215951626000049 ], [ -6.117112624999891, 10.213588193000135 ], [ -6.130303359999971, 10.214417984000136 ], [ -6.136695887999906, 10.210532724000188 ], [ -6.146100076999971, 10.218722937999985 ], [ -6.153192110999953, 10.220565655000144 ], [ -6.167716042999871, 10.22615852000007 ], [ -6.178999958999952, 10.229233173000182 ], [ -6.190637604999949, 10.235487406000118 ], [ -6.197015866999948, 10.242463428000178 ], [ -6.200377935999938, 10.244945508 ], [ -6.199429005999946, 10.255164562000175 ], [ -6.198742895999942, 10.257125439000163 ], [ -6.198356560999969, 10.259144322000111 ], [ -6.198485840999979, 10.261205536000148 ], [ -6.199063359999968, 10.263139279000029 ], [ -6.200284968999881, 10.264741543000071 ], [ -6.203382985999895, 10.265689702000088 ], [ -6.205441944999905, 10.265466156000059 ], [ -6.207398360999946, 10.264752547000114 ], [ -6.20920616799998, 10.263813495000022 ], [ -6.211030047999884, 10.262957813000071 ], [ -6.214200470999913, 10.262711924000087 ], [ -6.216064504999963, 10.263519784000152 ], [ -6.21765991399991, 10.264828128000033 ], [ -6.219152024999914, 10.266233441000054 ], [ -6.220609724999974, 10.267630053000119 ], [ -6.222435052999856, 10.268607577000012 ], [ -6.224476360999915, 10.268796119000172 ], [ -6.226318349999929, 10.269729425000094 ], [ -6.226594008999882, 10.271733800000163 ], [ -6.226267337999957, 10.273785941000028 ], [ -6.22595124399993, 10.275841363000097 ], [ -6.225693639999974, 10.277904106000165 ], [ -6.225537826999812, 10.279972608000037 ], [ -6.225497209999901, 10.282047865000095 ], [ -6.225545398999884, 10.284126753000123 ], [ -6.225643206999905, 10.286208533000092 ], [ -6.225520589999974, 10.288275576000103 ], [ -6.225589721999938, 10.290563094000049 ], [ -6.226169544999948, 10.292487668000092 ], [ -6.227356948999955, 10.294202982000115 ], [ -6.228887992999887, 10.295619094000017 ], [ -6.230559376999963, 10.296739161000062 ], [ -6.232201624999959, 10.29789337200009 ], [ -6.23353812299996, 10.299496528000077 ], [ -6.234839482999917, 10.301131634000171 ], [ -6.236524145999965, 10.302347474000044 ], [ -6.238229705999913, 10.303403924000065 ], [ -6.239613122999913, 10.304963672000156 ], [ -6.239996373999929, 10.306937570000059 ], [ -6.239301618999889, 10.308835359000113 ], [ -6.237753373999965, 10.310152449000043 ], [ -6.235911854999927, 10.311050283000043 ], [ -6.233977844999856, 10.311627313000031 ], [ -6.232130007999899, 10.312564704000067 ], [ -6.230638030999899, 10.313899272000185 ], [ -6.2292756679999, 10.315480888000081 ], [ -6.227915690999907, 10.31706022000003 ], [ -6.226265963999936, 10.318342171000154 ], [ -6.223978963999969, 10.319441966000113 ], [ -6.222038766999844, 10.320035940000025 ], [ -6.220107962999975, 10.320629810000185 ], [ -6.218153515999973, 10.321099731000061 ], [ -6.216080243999954, 10.32134843900019 ], [ -6.21407266999995, 10.321345870000073 ], [ -6.212063302999923, 10.321138979000125 ], [ -6.210067322999976, 10.320945488000177 ], [ -6.208099806999826, 10.320523666999975 ], [ -6.207031761999929, 10.318794679000121 ], [ -6.206044142999929, 10.31702763200019 ], [ -6.204893079999977, 10.315329934000033 ], [ -6.204542658999912, 10.313301421000176 ], [ -6.20426510599998, 10.311263151999981 ], [ -6.203273254999885, 10.309453229000098 ], [ -6.201605296999901, 10.308308143000033 ], [ -6.199478575999876, 10.307691394000074 ], [ -6.19764183999996, 10.308599149000145 ], [ -6.196856027999956, 10.310468471999968 ], [ -6.196705798999972, 10.31249745100007 ], [ -6.196824094999897, 10.314503451000121 ], [ -6.196913711999855, 10.316589886000031 ], [ -6.196461692999947, 10.318620726 ], [ -6.194918180999935, 10.320165664000115 ], [ -6.193334073999949, 10.32138926500005 ], [ -6.192238804999931, 10.323070873000063 ], [ -6.191329486999848, 10.324949325999967 ], [ -6.1901439909999, 10.326658919000124 ], [ -6.189261004999935, 10.328507761000139 ], [ -6.18990471799998, 10.330471321000061 ], [ -6.191542676999973, 10.331738663000124 ], [ -6.193467113999873, 10.332472573000132 ], [ -6.195238568999969, 10.333522948000052 ], [ -6.196490725999922, 10.335164356000178 ], [ -6.197554576999948, 10.336897936000071 ], [ -6.198757622999835, 10.338513851000073 ], [ -6.200094264999848, 10.340120528000057 ], [ -6.201277766999965, 10.341802095000048 ], [ -6.202115459999902, 10.343629334000127 ], [ -6.201689658999953, 10.345640728000092 ], [ -6.200766054999917, 10.347469680000074 ], [ -6.199768108999933, 10.349290340000096 ], [ -6.198437635999824, 10.350897560000021 ], [ -6.196999569999946, 10.352295873000173 ], [ -6.195482711999944, 10.353599011000028 ], [ -6.193606334999913, 10.355035539000028 ], [ -6.191980319999971, 10.356202026000176 ], [ -6.190377269999942, 10.357399890000181 ], [ -6.188807058999942, 10.358647096000141 ], [ -6.18723112999993, 10.360020791000011 ], [ -6.185761418999903, 10.361498416000188 ], [ -6.184418157999971, 10.363093321000065 ], [ -6.183007738999891, 10.364630187000046 ], [ -6.181516604999899, 10.366093341000123 ], [ -6.180249730999947, 10.36764910100004 ], [ -6.178717127999903, 10.368988480000155 ], [ -6.176784549999979, 10.369689463000157 ], [ -6.17533014199995, 10.371153369000126 ], [ -6.175113648999911, 10.373188681000101 ], [ -6.176105567999912, 10.37497383800013 ], [ -6.177811091999899, 10.376132154 ], [ -6.179687022999929, 10.376987350000093 ], [ -6.181594334999943, 10.377618698000106 ], [ -6.183611882999969, 10.37814282100004 ], [ -6.185644144999969, 10.378585504000171 ], [ -6.187439890999883, 10.37958481000004 ], [ -6.188170002999925, 10.381461688000115 ], [ -6.188447499999938, 10.38344240400005 ], [ -6.188858438999944, 10.385481623000089 ], [ -6.190434888999903, 10.386833036999974 ], [ -6.192215437999948, 10.387859543000047 ], [ -6.193900526999926, 10.389099218000183 ], [ -6.195282005999957, 10.390602681000132 ], [ -6.195795539999949, 10.392576506000125 ], [ -6.194802711999898, 10.394391501000086 ], [ -6.193284503999962, 10.395830168000032 ], [ -6.192967427999918, 10.397883397000044 ], [ -6.192880648999846, 10.399932073000059 ], [ -6.191830178999965, 10.401702489000172 ], [ -6.19053364399997, 10.403259738000145 ], [ -6.189998604999971, 10.405256441000063 ], [ -6.190672844999938, 10.407206095999982 ], [ -6.191677117999916, 10.409032792000176 ], [ -6.191534111999886, 10.411074129000042 ], [ -6.191683311999896, 10.413100133000171 ], [ -6.191340880999974, 10.415126526000051 ], [ -6.190264236999894, 10.416849801000069 ], [ -6.188541943999951, 10.417952977000027 ], [ -6.18628644599994, 10.418573778000166 ], [ -6.184310861999904, 10.419022441999971 ], [ -6.182302009999944, 10.419214037000131 ], [ -6.180285025999979, 10.419152826000129 ], [ -6.178286573999969, 10.418824996000183 ], [ -6.176475012999845, 10.417808920000141 ], [ -6.174941018999903, 10.416442369000094 ], [ -6.172353804999887, 10.415912620000086 ], [ -6.170428314999924, 10.416595516000086 ], [ -6.168925281999918, 10.418020431000116 ], [ -6.168176695999875, 10.419960555000046 ], [ -6.167748010999958, 10.422001370000089 ], [ -6.167581141999904, 10.424079103000111 ], [ -6.167375524999954, 10.426103033000061 ], [ -6.167376074999879, 10.428115888000093 ], [ -6.168008384999894, 10.430038936000017 ], [ -6.169481751999967, 10.431479491000118 ], [ -6.171171185999924, 10.432562280000127 ], [ -6.172921645999907, 10.433532689 ], [ -6.174711646999867, 10.434437215000059 ], [ -6.176456514999927, 10.435416685000121 ], [ -6.1781602289999, 10.436469931000033 ], [ -6.179857686999924, 10.437537903000134 ], [ -6.181744156999969, 10.438672841000027 ], [ -6.183456464999892, 10.439867075000109 ], [ -6.184920266999939, 10.441323422999972 ], [ -6.186110973999973, 10.442937148 ], [ -6.187321181999948, 10.444532607000099 ], [ -6.18891478099988, 10.44586570700011 ], [ -6.190623290999952, 10.446947032000139 ], [ -6.192196872999943, 10.448285952999981 ], [ -6.193373673999872, 10.449913316999982 ], [ -6.194222866999951, 10.451818277000029 ], [ -6.194670719999976, 10.45383111100017 ], [ -6.194872853999925, 10.455835119000028 ], [ -6.195170425999947, 10.457900257 ], [ -6.195460380999975, 10.459958697000161 ], [ -6.195674860999929, 10.462024665000058 ], [ -6.195758387999831, 10.464096463000033 ], [ -6.195757441999945, 10.466174752000143 ], [ -6.195756500999948, 10.468253042000129 ], [ -6.196088362999944, 10.470237677000114 ], [ -6.196524602999887, 10.472237067000037 ], [ -6.196381617999975, 10.474281786000176 ], [ -6.194734558999926, 10.476139547000116 ], [ -6.19333366099994, 10.477686646000166 ], [ -6.191952760999811, 10.479252734000056 ], [ -6.190514529999916, 10.480762950000155 ], [ -6.188991067999893, 10.482193867000149 ], [ -6.187388410999972, 10.483536392000133 ], [ -6.185814371999868, 10.484792830000174 ], [ -6.184051533999934, 10.485908914000106 ], [ -6.182168069999875, 10.486593832000153 ], [ -6.180241140999954, 10.487184348000142 ], [ -6.178445887999942, 10.488187845000141 ], [ -6.176921393999919, 10.489485529000035 ], [ -6.175457516999927, 10.4908842050001 ], [ -6.173876277999852, 10.492142936999983 ], [ -6.172454370999958, 10.493549089000169 ], [ -6.171349564999957, 10.495277197000178 ], [ -6.171486902999959, 10.497334957000078 ], [ -6.172594978999882, 10.49908498200017 ], [ -6.174136583999882, 10.500462640000137 ], [ -6.175905212999965, 10.50153433800017 ], [ -6.178085862999978, 10.502850255000055 ], [ -6.181687281999871, 10.504096589000142 ], [ -6.183676652999907, 10.504358855000021 ], [ -6.185667948999935, 10.504614314999969 ], [ -6.187660269999924, 10.504858462000016 ], [ -6.189654874999917, 10.505089026000121 ], [ -6.192465716999891, 10.505423123000128 ], [ -6.19446366699998, 10.505618625000125 ], [ -6.196464518999903, 10.505749738000077 ], [ -6.198469154999941, 10.505791619000036 ], [ -6.200476711999954, 10.505771369000172 ], [ -6.202485519999925, 10.505720613000051 ], [ -6.204494514999965, 10.505660811999974 ], [ -6.206532058999869, 10.505521689000091 ], [ -6.208617646999926, 10.505548012000077 ], [ -6.21061137099997, 10.506122751000078 ], [ -6.212264553999887, 10.507299225000111 ], [ -6.213201983999909, 10.509125265000023 ], [ -6.213390822999827, 10.511183532000075 ], [ -6.21311717299983, 10.513178755000013 ], [ -6.212938843999893, 10.515180913000108 ], [ -6.212951136999948, 10.517263547000141 ], [ -6.213221002999887, 10.519254387000046 ], [ -6.213796567999907, 10.521201485000176 ], [ -6.21491238699997, 10.522897004000072 ], [ -6.216585091999889, 10.524143216000141 ], [ -6.218193589999942, 10.525384423000048 ], [ -6.22044038699994, 10.528537055000129 ], [ -6.221945216999927, 10.529980223 ], [ -6.223905068999898, 10.530572104000044 ], [ -6.225929669999971, 10.530931896000141 ], [ -6.227828453999962, 10.531656446000056 ], [ -6.229631357999949, 10.530788028000131 ], [ -6.230669539999951, 10.529005140999971 ], [ -6.231639315999871, 10.527158608000036 ], [ -6.232619356999976, 10.525353738000092 ], [ -6.233781398999952, 10.523664409000048 ], [ -6.23556807499989, 10.52269567400009 ], [ -6.237636090999956, 10.52258987600004 ], [ -6.239633507999827, 10.522291754999969 ], [ -6.241638234999868, 10.521998064000115 ], [ -6.243649075999883, 10.522016985000164 ], [ -6.24552676899998, 10.522706655000036 ], [ -6.247185651999928, 10.523837670000091 ], [ -6.249827395999944, 10.524831029000097 ], [ -6.251618058999952, 10.526084831000105 ], [ -6.253087984999979, 10.527142113000025 ], [ -6.254062618999967, 10.528924665999966 ], [ -6.25474160899995, 10.530877319000183 ], [ -6.25546652099996, 10.533358913000143 ], [ -6.255627573999959, 10.535427512000126 ], [ -6.255214659999979, 10.537411714000029 ], [ -6.254420761999938, 10.53926325000009 ], [ -6.253621070999941, 10.541120491000186 ], [ -6.25295448199995, 10.543092631000093 ], [ -6.252264516999958, 10.545052595000129 ], [ -6.251610299999925, 10.546968169000138 ], [ -6.250930353999877, 10.548891910000066 ], [ -6.250096292999899, 10.550711127000056 ], [ -6.248944686999891, 10.552398153000183 ], [ -6.247414554999978, 10.553782029000104 ], [ -6.24576427299985, 10.554956045999973 ], [ -6.244204966999973, 10.55628038600014 ], [ -6.24260094999994, 10.557490040000062 ], [ -6.240735474999951, 10.558246325000027 ], [ -6.238656948999846, 10.558418921000055 ], [ -6.23659422999998, 10.558412985000132 ], [ -6.234524681999972, 10.558490639000127 ], [ -6.232557778999933, 10.558974742000146 ], [ -6.231122026999969, 10.560381308 ], [ -6.229650923999941, 10.562745495000115 ], [ -6.228423187999965, 10.564327157000093 ], [ -6.22711415699996, 10.565950288000181 ], [ -6.225704124999879, 10.567489786000181 ], [ -6.224239883999871, 10.568865024000104 ], [ -6.222760694999977, 10.570339750000073 ], [ -6.22149466299993, 10.571974851000107 ], [ -6.220438973999876, 10.573773743000118 ], [ -6.219431364999934, 10.575602623000066 ], [ -6.218417127999942, 10.577425927000093 ], [ -6.217471659999944, 10.579280136000136 ], [ -6.216550360999918, 10.581059594000124 ], [ -6.215527036999902, 10.582793810000055 ], [ -6.214579607999951, 10.584626592 ], [ -6.213939656999912, 10.586540900000159 ], [ -6.214132258999882, 10.588584431000015 ], [ -6.215374890999954, 10.590165692000028 ], [ -6.217106837999893, 10.591223797000112 ], [ -6.219174337999959, 10.591143957000043 ], [ -6.220888555999977, 10.59010932200016 ], [ -6.222850312999924, 10.589616253000145 ], [ -6.224224141999912, 10.591110329000117 ], [ -6.223808219999967, 10.59308330600004 ], [ -6.222045389999948, 10.59492445800015 ], [ -6.220480420999934, 10.596307523000064 ], [ -6.218915502999948, 10.597601404000102 ], [ -6.21736328999998, 10.598870316000102 ], [ -6.216336222999814, 10.600589912000089 ], [ -6.216321884999957, 10.602629906000175 ], [ -6.217556437999974, 10.604234927000164 ], [ -6.219407111999942, 10.605152930000031 ], [ -6.221400702999972, 10.605525347000025 ], [ -6.223412923999945, 10.605320716000051 ], [ -6.225411437999924, 10.604815940000037 ], [ -6.227473692999922, 10.604841056000112 ], [ -6.228966752999838, 10.606188240000051 ], [ -6.22925285599996, 10.608238669000173 ], [ -6.229639073999863, 10.610205662000112 ], [ -6.230374307999966, 10.612144230000069 ], [ -6.23166030099992, 10.613774597000088 ], [ -6.233112863999963, 10.615251976000025 ], [ -6.234174724999889, 10.616996388000075 ], [ -6.233659693999925, 10.618963615000041 ], [ -6.232956887999933, 10.620924876000061 ], [ -6.231895419999944, 10.622703572000148 ], [ -6.230206494999891, 10.624768681000035 ], [ -6.228898478999952, 10.626394131999973 ], [ -6.227451821999978, 10.627831363000155 ], [ -6.225734657999908, 10.62891127000006 ], [ -6.223763504999908, 10.629372914000044 ], [ -6.221714944999974, 10.629432343000076 ], [ -6.219662709999966, 10.62942745200013 ], [ -6.217654255999889, 10.629449191000049 ], [ -6.215645264999921, 10.629447216000187 ], [ -6.213630741999964, 10.629462218000185 ], [ -6.211555521999912, 10.629375102000097 ], [ -6.209526034999953, 10.629446674000121 ], [ -6.207546167999851, 10.629939922000062 ], [ -6.205728485999884, 10.630966584000134 ], [ -6.204195451999965, 10.632288353000149 ], [ -6.202833108999869, 10.633865756000034 ], [ -6.201513347999935, 10.635369346000061 ], [ -6.199964574999967, 10.636772545000099 ], [ -6.198270372999843, 10.637951448000024 ], [ -6.196440152999912, 10.638919505000104 ], [ -6.195236627999918, 10.640576553000074 ], [ -6.195874165999896, 10.643864117000135 ], [ -6.197918454999922, 10.644050968000045 ], [ -6.199939654999923, 10.643625062000126 ], [ -6.201963456999977, 10.643681146000176 ], [ -6.203986584999939, 10.643181820000052 ], [ -6.206828607999967, 10.642937127000152 ], [ -6.208672077999836, 10.643769416 ], [ -6.209838833999925, 10.645474464000074 ], [ -6.211219839999956, 10.647027168000079 ], [ -6.212688994999951, 10.648400598000023 ], [ -6.214065134999942, 10.64986753800008 ], [ -6.215609578999818, 10.651262750000058 ], [ -6.21740429099998, 10.652322367000068 ], [ -6.219179212999961, 10.653289606999977 ], [ -6.220883819999926, 10.654501389000075 ], [ -6.222104619999868, 10.65617983900006 ], [ -6.222788753999964, 10.658060229 ], [ -6.22330709299996, 10.660072142000104 ], [ -6.224288060999868, 10.661838837 ], [ -6.226104730999907, 10.662726566 ], [ -6.228077951999921, 10.662145169000155 ], [ -6.230002875999958, 10.66143557200013 ], [ -6.234304451999947, 10.661067143000139 ], [ -6.236161211999956, 10.662008575000016 ], [ -6.237748561999979, 10.663238378000074 ], [ -6.23978421399994, 10.663598839000144 ], [ -6.241363062999937, 10.664872729000024 ], [ -6.242167883999912, 10.666780007000114 ], [ -6.242690527999969, 10.66871278300016 ], [ -6.242795921999914, 10.670714230000101 ], [ -6.242454062999968, 10.672699999000031 ], [ -6.241329697999902, 10.674455705000128 ], [ -6.239847729999951, 10.675813258000119 ], [ -6.239305516999934, 10.677754826000182 ], [ -6.239494838999974, 10.679814107000141 ], [ -6.238688467999964, 10.681653435999976 ], [ -6.237801127999887, 10.683539888000098 ], [ -6.237008144999947, 10.685459227000024 ], [ -6.23643542699989, 10.687458686000184 ], [ -6.236049235999928, 10.689504752000175 ], [ -6.2357916119999, 10.691566417000161 ], [ -6.235617626999897, 10.693564000000151 ], [ -6.235393989999977, 10.695601608000175 ], [ -6.235404461999963, 10.698054456000079 ], [ -6.235906080999882, 10.700029223000115 ], [ -6.236909816999969, 10.701859926000168 ], [ -6.238241710999944, 10.703354207000075 ], [ -6.239405203999922, 10.705030842000156 ], [ -6.238710352999931, 10.706934500000102 ], [ -6.237353335999899, 10.708448824000186 ], [ -6.235860356999979, 10.709790717000089 ], [ -6.234255337999969, 10.711130385000104 ], [ -6.232692738999901, 10.712381558000118 ], [ -6.2311725859999, 10.713680825999973 ], [ -6.229621395999914, 10.715082008000081 ], [ -6.228130392999901, 10.716428378000103 ], [ -6.226664511999957, 10.717803833000175 ], [ -6.225329872999907, 10.719393534000119 ], [ -6.224260376999894, 10.721095627000011 ], [ -6.223898399999939, 10.723103078000122 ], [ -6.223588974999927, 10.725141592000057 ], [ -6.221688760999939, 10.725795695000045 ], [ -6.22007661899994, 10.726988652999978 ], [ -6.219719823999981, 10.72897573500012 ], [ -6.221450854999944, 10.731151152000052 ], [ -6.223337192999963, 10.731890180000107 ], [ -6.225325127999952, 10.732265781000024 ], [ -6.227326821999952, 10.732230325999979 ], [ -6.229321888999891, 10.731934167000077 ], [ -6.231384783999886, 10.731710664000161 ], [ -6.233409446999872, 10.732159203000094 ] ] ] } }
]
}
