{
"type": "FeatureCollection",
"name": "civ_admin0_em",
"crs": { "type": "name", "properties": { "name": "urn:ogc:def:crs:OGC:1.3:CRS84" } },
"features": [
{ "type": "Feature", "properties": { "iso2": "CI", "iso3": "CIV", "adm0_name": "Côte d'Ivoire", "adm0_name1": null, "adm0_name2": null, "adm0_name3": null, "adm0_pcode": "CI", "valid_on": "2018-07-06", "valid_to": null, "area_sqkm": 321693.0963948, "cod_version": "V_01", "lang": "fr", "lang1": null, "lang2": null, "lang3": null, "center_lat": 7.55069069, "center_lon": -5.56454327 }, "geometry": { "type": "MultiPolygon", "coordinates": [ [ [ [ -6.220439999999883, 10.72832000000011 ], [ -6.22242, 10.72894 ], [ -6.227529999999888, 10.73113 ], [ -6.22941, 10.73201 ], [ -6.230439999999874, 10.733290000000125 ], [ -6.23546, 10.736650000000111 ], [ -6.238719999999887, 10.737840000000176 ], [ -6.24057, 10.7385 ], [ -6.245321, 10.739787000000149 ], [ -6.247422, 10.739137 ], [ -6.254184041999906, 10.734255871000187 ], [ -6.260945866999919, 10.729374594000149 ], [ -6.267707475999885, 10.724493168000038 ], [ -6.274468866999882, 10.719611592999968 ], [ -6.281230041999947, 10.714729871000031 ], [ -6.287991, 10.709848000000136 ], [ -6.291007, 10.707423 ], [ -6.294022999999811, 10.704998000000103 ], [ -6.299308823999979, 10.700448758000107 ], [ -6.304594490999818, 10.695899424000118 ], [ -6.30988, 10.691350000000114 ], [ -6.30977, 10.691444 ], [ -6.31541, 10.68352 ], [ -6.3183, 10.68285 ], [ -6.31942, 10.68287 ], [ -6.32079, 10.68296 ], [ -6.3237, 10.683220000000119 ], [ -6.32393, 10.68326 ], [ -6.32726, 10.68498 ], [ -6.32784, 10.685350000000142 ], [ -6.32865, 10.685880000000111 ], [ -6.32935, 10.68641 ], [ -6.32972, 10.68683 ], [ -6.334229999999877, 10.68837 ], [ -6.3377, 10.68816 ], [ -6.33878, 10.68783000000019 ], [ -6.33935, 10.687660000000108 ], [ -6.3402, 10.68752000000012 ], [ -6.342629999999872, 10.68759 ], [ -6.34313, 10.68768 ], [ -6.3465, 10.68905 ], [ -6.34861, 10.690260000000137 ], [ -6.3489, 10.690490000000182 ], [ -6.34911, 10.690850000000125 ], [ -6.34944, 10.69104 ], [ -6.35747, 10.69516 ], [ -6.35777, 10.695230000000151 ], [ -6.36023, 10.695490000000177 ], [ -6.36631, 10.697800000000143 ], [ -6.371079999999836, 10.70007 ], [ -6.37645, 10.70219 ], [ -6.37676, 10.70226 ], [ -6.378419999999892, 10.70255 ], [ -6.37985, 10.70252 ], [ -6.38143, 10.702710000000138 ], [ -6.38201, 10.70282 ], [ -6.38289, 10.703260000000171 ], [ -6.384119999999882, 10.703940000000159 ], [ -6.38629, 10.705140000000142 ], [ -6.38814, 10.70623 ], [ -6.388949999999852, 10.70685 ], [ -6.38944, 10.707270000000165 ], [ -6.38969, 10.70743 ], [ -6.39208, 10.708140000000185 ], [ -6.39738, 10.7081 ], [ -6.39793, 10.70802 ], [ -6.398, 10.708000000000141 ], [ -6.39858, 10.70764 ], [ -6.39909, 10.70729 ], [ -6.4005, 10.706270000000188 ], [ -6.40712, 10.702950000000101 ], [ -6.409269999999879, 10.702130000000125 ], [ -6.41222, 10.70079 ], [ -6.41247, 10.70065 ], [ -6.4133, 10.700140000000147 ], [ -6.414618, 10.699165000000107 ], [ -6.414618, 10.699164 ], [ -6.413900999999896, 10.688112 ], [ -6.413651, 10.685506 ], [ -6.41299664099995, 10.679474337000102 ], [ -6.412342307999893, 10.673442670000099 ], [ -6.411688, 10.667411000000186 ], [ -6.411115999999879, 10.66111 ], [ -6.410587989999954, 10.655291002000126 ], [ -6.410059999999874, 10.649472 ], [ -6.40722, 10.63325 ], [ -6.404171, 10.622673000000134 ], [ -6.396659999999883, 10.606090000000108 ], [ -6.39652, 10.605910000000108 ], [ -6.395779999999888, 10.60308 ], [ -6.39606, 10.6022 ], [ -6.39763, 10.597640000000126 ], [ -6.39775, 10.597370000000126 ], [ -6.39863, 10.595910000000117 ], [ -6.39879, 10.595680000000129 ], [ -6.40059, 10.593810000000133 ], [ -6.401189999999872, 10.593810000000133 ], [ -6.40138, 10.59378 ], [ -6.40188, 10.593510000000151 ], [ -6.40293999999983, 10.59279 ], [ -6.40377, 10.59154 ], [ -6.404949999999872, 10.589720000000113 ], [ -6.40515943399987, 10.58948064700013 ], [ -6.40726, 10.587080000000185 ], [ -6.40821, 10.58608 ], [ -6.40847, 10.58584 ], [ -6.41105, 10.58408 ], [ -6.412909999999897, 10.58272 ], [ -6.41302, 10.58263 ], [ -6.41958, 10.57652 ], [ -6.420609999999897, 10.574630000000127 ], [ -6.421818, 10.571584 ], [ -6.422952, 10.569006 ], [ -6.422996, 10.568907 ], [ -6.426600999999891, 10.562090000000182 ], [ -6.429037, 10.56357 ], [ -6.437587, 10.569153000000142 ], [ -6.44202, 10.572048 ], [ -6.443733, 10.574189000000104 ], [ -6.444005999999831, 10.574149000000148 ], [ -6.444193, 10.574121000000162 ], [ -6.449337, 10.573904000000141 ], [ -6.454547999999875, 10.573725 ], [ -6.4611, 10.575375000000179 ], [ -6.469781477999959, 10.576167119000047 ], [ -6.478463, 10.576959000000102 ], [ -6.48425, 10.57724 ], [ -6.487149999999815, 10.577290000000175 ], [ -6.49525, 10.57731 ], [ -6.49594, 10.57731 ], [ -6.49672, 10.577290000000175 ], [ -6.49715, 10.577270000000112 ], [ -6.49994, 10.57705 ], [ -6.50147, 10.57681 ], [ -6.50181, 10.57672 ], [ -6.50392, 10.57681 ], [ -6.50447, 10.57684 ], [ -6.50533, 10.577150000000131 ], [ -6.505569999999864, 10.57736 ], [ -6.50679, 10.57845 ], [ -6.507899999999893, 10.57976 ], [ -6.508649999999875, 10.580440000000181 ], [ -6.50937, 10.580820000000188 ], [ -6.51226, 10.58213 ], [ -6.512769999999875, 10.58234 ], [ -6.51327, 10.5825 ], [ -6.51699, 10.583020000000147 ], [ -6.52024, 10.583930000000123 ], [ -6.522359999999878, 10.58456 ], [ -6.52721, 10.58626 ], [ -6.5297, 10.58729000000011 ], [ -6.53762, 10.59058 ], [ -6.53933, 10.591390000000104 ], [ -6.539509999999893, 10.59150000000011 ], [ -6.54063, 10.5935 ], [ -6.541879999999878, 10.596350000000143 ], [ -6.54333, 10.59986 ], [ -6.54324, 10.600530000000106 ], [ -6.54341, 10.600910000000113 ], [ -6.543499910999913, 10.60109724199998 ], [ -6.54547, 10.6052 ], [ -6.54586, 10.605670000000146 ], [ -6.54623, 10.606090000000108 ], [ -6.55529, 10.61279 ], [ -6.55703, 10.61384 ], [ -6.55853, 10.614680000000135 ], [ -6.559009999999887, 10.61475 ], [ -6.559709999999882, 10.61498 ], [ -6.560169999999857, 10.615210000000104 ], [ -6.56156, 10.61591 ], [ -6.56244, 10.61642 ], [ -6.56336, 10.617160000000126 ], [ -6.56429, 10.61794 ], [ -6.56545, 10.61952 ], [ -6.56572, 10.62035 ], [ -6.566, 10.62095 ], [ -6.56632999999988, 10.621280000000127 ], [ -6.56693, 10.621280000000127 ], [ -6.56799, 10.621280000000127 ], [ -6.5716, 10.621280000000127 ], [ -6.576049999999896, 10.62118 ], [ -6.5816, 10.62165 ], [ -6.586369999999874, 10.62267 ], [ -6.58693, 10.62257000000011 ], [ -6.587329999999895, 10.622450000000129 ], [ -6.58763, 10.622270000000185 ], [ -6.58791, 10.62208 ], [ -6.58817, 10.62199 ], [ -6.58873, 10.62211 ], [ -6.58947, 10.622340000000122 ], [ -6.58998, 10.62253 ], [ -6.59032, 10.622680000000173 ], [ -6.59151, 10.62322 ], [ -6.595439999999826, 10.627480000000105 ], [ -6.59656, 10.62928 ], [ -6.59813, 10.63211 ], [ -6.60011999999989, 10.635630000000162 ], [ -6.60054, 10.63591 ], [ -6.600909999999885, 10.63577 ], [ -6.601229999999873, 10.635580000000118 ], [ -6.6016, 10.63567 ], [ -6.60193, 10.63591 ], [ -6.605979999999875, 10.639920000000188 ], [ -6.60799, 10.647060000000124 ], [ -6.60831, 10.649050000000102 ], [ -6.60759999999982, 10.65637 ], [ -6.61438, 10.666000000000167 ], [ -6.61891, 10.66964 ], [ -6.62257, 10.66975 ], [ -6.62792, 10.670730000000162 ], [ -6.628639999999848, 10.6709 ], [ -6.62917, 10.67107 ], [ -6.62938, 10.67114 ], [ -6.629889999999875, 10.671640000000139 ], [ -6.63063, 10.672200000000146 ], [ -6.631, 10.672430000000134 ], [ -6.63142, 10.672570000000178 ], [ -6.63456, 10.67276 ], [ -6.64109, 10.67239 ], [ -6.641639999999882, 10.67189 ], [ -6.64045, 10.6697 ], [ -6.63917, 10.665970000000129 ], [ -6.64007, 10.664130000000114 ], [ -6.640599999999893, 10.66397 ], [ -6.642379999999832, 10.66385 ], [ -6.64559, 10.66309 ], [ -6.64904, 10.65975 ], [ -6.650419999999883, 10.658110000000136 ], [ -6.65095, 10.656990000000178 ], [ -6.650901, 10.654904000000101 ], [ -6.65088, 10.654 ], [ -6.65202, 10.65202 ], [ -6.653419999999869, 10.64974 ], [ -6.65437, 10.647450000000106 ], [ -6.65471, 10.645570000000134 ], [ -6.65495, 10.64091 ], [ -6.6544, 10.64 ], [ -6.650469999999871, 10.638820000000123 ], [ -6.64687999999984, 10.63936 ], [ -6.64555, 10.63998 ], [ -6.64433, 10.64036 ], [ -6.64333, 10.64022000000017 ], [ -6.64283, 10.63953 ], [ -6.64264, 10.638170000000173 ], [ -6.64412, 10.634200000000135 ], [ -6.644879999999887, 10.633440000000121 ], [ -6.64607, 10.632920000000126 ], [ -6.64745, 10.632650000000126 ], [ -6.65054, 10.6331 ], [ -6.65411, 10.633460000000184 ], [ -6.655039999999872, 10.63308 ], [ -6.65720999999985, 10.6317 ], [ -6.65797, 10.63089 ], [ -6.65873, 10.630420000000186 ], [ -6.66032, 10.63003 ], [ -6.662919999999872, 10.629630000000191 ], [ -6.664973, 10.628656 ], [ -6.66644, 10.62796 ], [ -6.6676, 10.62708 ], [ -6.66865, 10.62604000000016 ], [ -6.669249999999863, 10.62449 ], [ -6.66982, 10.62161 ], [ -6.6696, 10.62090000000012 ], [ -6.669130999999879, 10.620586000000117 ], [ -6.667749999999899, 10.61966 ], [ -6.66684, 10.61885000000018 ], [ -6.66637, 10.61819 ], [ -6.666129999999896, 10.61592 ], [ -6.66639, 10.61469 ], [ -6.667369999999835, 10.61431 ], [ -6.668789999999888, 10.61407 ], [ -6.66989, 10.613950000000102 ], [ -6.670749999999884, 10.613 ], [ -6.67191, 10.611670000000117 ], [ -6.672579999999869, 10.6101 ], [ -6.67348, 10.607050000000129 ], [ -6.674968, 10.600351 ], [ -6.674619999999891, 10.5977 ], [ -6.66544, 10.593250000000126 ], [ -6.66132, 10.58949 ], [ -6.66127, 10.58801 ], [ -6.662749999999846, 10.585060000000169 ], [ -6.664079999999842, 10.5838 ], [ -6.66568, 10.58026 ], [ -6.66677, 10.57719 ], [ -6.66684, 10.576190000000111 ], [ -6.66639, 10.575190000000134 ], [ -6.66606, 10.57383 ], [ -6.66632, 10.57283 ], [ -6.66706, 10.571500000000185 ], [ -6.66889, 10.56983 ], [ -6.669249999999863, 10.56886 ], [ -6.66813, 10.564340000000186 ], [ -6.66727, 10.563200000000165 ], [ -6.66687, 10.562360000000126 ], [ -6.66484, 10.55665 ], [ -6.66548, 10.556370000000129 ], [ -6.66675, 10.55582 ], [ -6.66798, 10.55451 ], [ -6.668459999999868, 10.55308 ], [ -6.668369999999868, 10.55196 ], [ -6.66786999999988, 10.546630000000164 ], [ -6.66729, 10.54545 ], [ -6.66365, 10.53992 ], [ -6.66313, 10.53954 ], [ -6.65994, 10.53764 ], [ -6.658969999999897, 10.53633 ], [ -6.66016, 10.53455 ], [ -6.661039999999844, 10.53402 ], [ -6.66225, 10.53338 ], [ -6.66503, 10.532710000000179 ], [ -6.66822, 10.532290000000103 ], [ -6.66984, 10.532310000000109 ], [ -6.67058, 10.53262 ], [ -6.67148, 10.53345000000013 ], [ -6.672579999999869, 10.534790000000157 ], [ -6.67348, 10.53612 ], [ -6.67403, 10.53659 ], [ -6.67584, 10.536780000000135 ], [ -6.67707, 10.53638 ], [ -6.67812, 10.53521000000012 ], [ -6.6815, 10.52946 ], [ -6.68236, 10.52731000000017 ], [ -6.68224, 10.526550000000157 ], [ -6.68102, 10.519220000000132 ], [ -6.680499999999881, 10.51806 ], [ -6.67784, 10.51213 ], [ -6.677750999999887, 10.512074 ], [ -6.6766, 10.511350000000164 ], [ -6.67536, 10.51099 ], [ -6.67398, 10.511010000000113 ], [ -6.67348, 10.51068000000015 ], [ -6.67279, 10.50921 ], [ -6.67251, 10.506800000000112 ], [ -6.673699999999883, 10.50340000000017 ], [ -6.6747, 10.50231 ], [ -6.67834, 10.50126 ], [ -6.679119999999898, 10.500740000000178 ], [ -6.680184, 10.499458000000118 ], [ -6.680185, 10.499398000000156 ], [ -6.68006999999983, 10.49824 ], [ -6.67957, 10.49758 ], [ -6.67935, 10.497410000000116 ], [ -6.67888, 10.49699 ], [ -6.67876, 10.49668000000014 ], [ -6.67852, 10.496030000000189 ], [ -6.67809, 10.4947 ], [ -6.67805, 10.49366 ], [ -6.67818, 10.492530000000158 ], [ -6.67871, 10.491360000000157 ], [ -6.67907, 10.490770000000168 ], [ -6.679829999999868, 10.490280000000155 ], [ -6.680328999999858, 10.490057000000149 ], [ -6.68048, 10.48999 ], [ -6.68125, 10.48949000000016 ], [ -6.68146, 10.48901 ], [ -6.68135, 10.488180000000114 ], [ -6.68081, 10.48749 ], [ -6.67965, 10.48687 ], [ -6.679240999999877, 10.48666 ], [ -6.67881, 10.486440000000187 ], [ -6.67711, 10.485860000000173 ], [ -6.67606, 10.485570000000166 ], [ -6.67482, 10.48549 ], [ -6.6741, 10.48549 ], [ -6.67361, 10.48551 ], [ -6.673119999999869, 10.48553 ], [ -6.67239, 10.48575000000011 ], [ -6.671989999999823, 10.485780000000148 ], [ -6.67135, 10.485600000000147 ], [ -6.67099, 10.48544 ], [ -6.67056, 10.4852 ], [ -6.670159999999839, 10.484780000000171 ], [ -6.66985, 10.48405 ], [ -6.669829999999877, 10.483530000000144 ], [ -6.6699, 10.48322 ], [ -6.67178, 10.479960000000119 ], [ -6.67418, 10.473240000000146 ], [ -6.6754, 10.470030000000122 ], [ -6.67587, 10.46946 ], [ -6.67614, 10.469270000000108 ], [ -6.676539999999875, 10.46886000000012 ], [ -6.676989999999876, 10.468360000000132 ], [ -6.677209999999889, 10.467650000000162 ], [ -6.676919999999882, 10.466930000000104 ], [ -6.67664, 10.466740000000186 ], [ -6.67547, 10.466810000000123 ], [ -6.67368, 10.46696 ], [ -6.6733, 10.46705 ], [ -6.67245, 10.467480000000137 ], [ -6.67202, 10.467740000000163 ], [ -6.67166, 10.467890000000125 ], [ -6.670999999999879, 10.468150000000151 ], [ -6.67063, 10.46821000000017 ], [ -6.66964, 10.468240000000151 ], [ -6.66909, 10.46805 ], [ -6.66868, 10.467860000000144 ], [ -6.6683, 10.46758 ], [ -6.66818, 10.467360000000156 ], [ -6.66802, 10.46696 ], [ -6.66799, 10.46667 ], [ -6.668157, 10.465556000000106 ], [ -6.66817, 10.46524 ], [ -6.66811, 10.46446 ], [ -6.66211, 10.456820000000107 ], [ -6.656379999999899, 10.453620000000171 ], [ -6.65606, 10.45350000000019 ], [ -6.655509999999879, 10.453620000000171 ], [ -6.655299999999897, 10.45372 ], [ -6.65516, 10.45379 ], [ -6.65489, 10.454180000000122 ], [ -6.65424, 10.45501 ], [ -6.65378, 10.45548 ], [ -6.65294, 10.4558 ], [ -6.651919999999848, 10.45572 ], [ -6.64739, 10.455290000000161 ], [ -6.640439999999899, 10.45367 ], [ -6.63882, 10.451960000000156 ], [ -6.63868, 10.45172 ], [ -6.63868, 10.4515 ], [ -6.6387, 10.451120000000117 ], [ -6.63963, 10.44915 ], [ -6.63978, 10.44884 ], [ -6.639969999999892, 10.4485 ], [ -6.64049, 10.447840000000156 ], [ -6.64094, 10.44755 ], [ -6.641679999999894, 10.447290000000123 ], [ -6.641889999999876, 10.447050000000161 ], [ -6.6429, 10.444920000000138 ], [ -6.643129999999871, 10.444180000000188 ], [ -6.643169999999827, 10.44362 ], [ -6.642849999999896, 10.44286 ], [ -6.64258, 10.442550000000153 ], [ -6.639969999999892, 10.440940000000126 ], [ -6.63615, 10.43981 ], [ -6.635389999999859, 10.439620000000161 ], [ -6.63511, 10.43964 ], [ -6.63485, 10.43967 ], [ -6.634389999999883, 10.440000000000168 ], [ -6.63416, 10.44012000000015 ], [ -6.63358, 10.440330000000131 ], [ -6.63287, 10.44055 ], [ -6.632389999999873, 10.4406 ], [ -6.62819, 10.44066 ], [ -6.627549999999871, 10.440633000000162 ], [ -6.62725, 10.440620000000138 ], [ -6.62623, 10.43987 ], [ -6.62603, 10.43903 ], [ -6.62594, 10.43864 ], [ -6.625896999999895, 10.437568 ], [ -6.62603, 10.43645 ], [ -6.629419999999811, 10.423310000000185 ], [ -6.63364, 10.414600000000178 ], [ -6.63438, 10.413720000000183 ], [ -6.634929999999883, 10.41335000000015 ], [ -6.636179999999854, 10.412240000000111 ], [ -6.63748, 10.41108 ], [ -6.63866, 10.409580000000119 ], [ -6.63887, 10.408810000000187 ], [ -6.639009999999871, 10.40799 ], [ -6.639009999999871, 10.407620000000122 ], [ -6.63899, 10.40736 ], [ -6.639179999999897, 10.40676 ], [ -6.639269999999897, 10.4065 ], [ -6.63966, 10.40602 ], [ -6.64042, 10.405190000000175 ], [ -6.64104, 10.404690000000187 ], [ -6.64185, 10.40404 ], [ -6.646749999999827, 10.401660000000106 ], [ -6.650669999999877, 10.40029 ], [ -6.6519, 10.400020000000154 ], [ -6.65349, 10.39962 ], [ -6.65423, 10.39919 ], [ -6.65444, 10.398730000000171 ], [ -6.65466, 10.39821000000012 ], [ -6.654629999999884, 10.398060000000157 ], [ -6.653589999999895, 10.39462 ], [ -6.65347, 10.394400000000189 ], [ -6.65313, 10.39393 ], [ -6.65049, 10.39191 ], [ -6.64823, 10.390930000000139 ], [ -6.64748, 10.390900000000158 ], [ -6.646, 10.39066 ], [ -6.64529999999985, 10.39039 ], [ -6.64442, 10.38937 ], [ -6.64373, 10.387890000000141 ], [ -6.64341, 10.387100000000146 ], [ -6.64325, 10.38651 ], [ -6.643039999999814, 10.38566 ], [ -6.643129999999871, 10.38519 ], [ -6.643589999999847, 10.384000000000185 ], [ -6.64387, 10.38367 ], [ -6.64401, 10.38361 ], [ -6.64428, 10.383570000000134 ], [ -6.6462, 10.38426 ], [ -6.64674, 10.38474 ], [ -6.64813, 10.38562 ], [ -6.64891, 10.38604 ], [ -6.64954, 10.38619000000017 ], [ -6.649749999999869, 10.386140000000125 ], [ -6.65025, 10.38571 ], [ -6.650419999999883, 10.38521 ], [ -6.65057999999982, 10.38433 ], [ -6.650669999999877, 10.382980000000146 ], [ -6.65057, 10.38197 ], [ -6.65031, 10.38118 ], [ -6.65012, 10.3808 ], [ -6.64885, 10.379090000000133 ], [ -6.64804, 10.37803 ], [ -6.647629999999879, 10.377280000000155 ], [ -6.64729, 10.37631 ], [ -6.647249999999872, 10.375110000000177 ], [ -6.64771, 10.37256 ], [ -6.648089999999854, 10.371490000000165 ], [ -6.64811, 10.370990000000177 ], [ -6.648009999999886, 10.370560000000125 ], [ -6.647717384999908, 10.37006986900019 ], [ -6.64761, 10.369890000000112 ], [ -6.64741999999984, 10.36964 ], [ -6.64599, 10.36885 ], [ -6.644969999999887, 10.368400000000122 ], [ -6.64373, 10.367520000000127 ], [ -6.643389999999897, 10.366560000000106 ], [ -6.64323, 10.365970000000118 ], [ -6.64358, 10.36397 ], [ -6.64935, 10.360710000000154 ], [ -6.649749999999869, 10.360590000000172 ], [ -6.651589999999885, 10.36023 ], [ -6.65199, 10.360160000000121 ], [ -6.65246999999988, 10.360160000000121 ], [ -6.652554494999947, 10.360203812000179 ], [ -6.653009999999881, 10.36044 ], [ -6.653589999999895, 10.36066 ], [ -6.65466, 10.360940000000141 ], [ -6.65603, 10.361090000000104 ], [ -6.65668, 10.36104 ], [ -6.6579, 10.36092 ], [ -6.65858999999989, 10.36072 ], [ -6.659039999999834, 10.36047 ], [ -6.65956, 10.360090000000184 ], [ -6.66044, 10.359210000000189 ], [ -6.66085, 10.358490000000131 ], [ -6.661061483999845, 10.35804263100016 ], [ -6.66111, 10.35794 ], [ -6.66424, 10.35344 ], [ -6.665119999999831, 10.35219 ], [ -6.66766, 10.349920000000168 ], [ -6.668589999999881, 10.35016000000013 ], [ -6.66984, 10.3502 ], [ -6.67047, 10.3502 ], [ -6.67097, 10.35018 ], [ -6.67137, 10.35011 ], [ -6.67164, 10.349990000000105 ], [ -6.67225, 10.34959 ], [ -6.67337, 10.34739 ], [ -6.67473, 10.34518 ], [ -6.67789, 10.340160000000139 ], [ -6.67864, 10.339510000000189 ], [ -6.68132, 10.337290000000166 ], [ -6.681739999999877, 10.337290000000166 ], [ -6.682569999999828, 10.33743 ], [ -6.682989999999847, 10.33793 ], [ -6.6835, 10.33858000000015 ], [ -6.68419, 10.339000000000112 ], [ -6.685069999999882, 10.339370000000145 ], [ -6.690159999999878, 10.3402 ], [ -6.69328, 10.34047 ], [ -6.69366, 10.340490000000102 ], [ -6.69433, 10.34025000000014 ], [ -6.69502, 10.33974 ], [ -6.696399999999869, 10.339200000000119 ], [ -6.69692, 10.33918 ], [ -6.69845, 10.33918 ], [ -6.70098, 10.339310000000182 ], [ -6.70206, 10.339550000000145 ], [ -6.70248, 10.33974 ], [ -6.70273, 10.34023 ], [ -6.70285, 10.340490000000102 ], [ -6.703489999999874, 10.34094 ], [ -6.70535, 10.34201 ], [ -6.71012, 10.34252 ], [ -6.71238, 10.34205 ], [ -6.712849999999833, 10.34187 ], [ -6.713399999999865, 10.34205 ], [ -6.71729, 10.343910000000108 ], [ -6.719469999999831, 10.34543 ], [ -6.72198, 10.34768 ], [ -6.72288, 10.349040000000173 ], [ -6.723069999999893, 10.349920000000168 ], [ -6.724969999999871, 10.35233 ], [ -6.73054999999988, 10.358230000000106 ], [ -6.731309999999894, 10.358990000000119 ], [ -6.731559999999888, 10.35906 ], [ -6.731879999999819, 10.35906 ], [ -6.73207, 10.3590200000001 ], [ -6.73238, 10.358830000000182 ], [ -6.734189999999899, 10.35803 ], [ -6.736179999999877, 10.35747 ], [ -6.73711, 10.35738 ], [ -6.73993, 10.357490000000155 ], [ -6.740809999999897, 10.35766000000018 ], [ -6.74153, 10.35794 ], [ -6.74188, 10.35821 ], [ -6.7425, 10.3590200000001 ], [ -6.74266, 10.35932 ], [ -6.742695, 10.359437000000128 ], [ -6.744885999999894, 10.361423000000173 ], [ -6.749999999999829, 10.362366000000179 ], [ -6.757195, 10.363693 ], [ -6.762568976999887, 10.365029545000027 ], [ -6.768148, 10.366417000000183 ], [ -6.77520399999986, 10.368171000000189 ], [ -6.779789985999969, 10.369158533000075 ], [ -6.784375999999895, 10.370146000000148 ], [ -6.784492999999884, 10.370171 ], [ -6.788641, 10.371136 ], [ -6.79014, 10.372849 ], [ -6.790561, 10.374905000000126 ], [ -6.790782999999863, 10.375990000000172 ], [ -6.802918, 10.386555 ], [ -6.805772999999874, 10.386769000000129 ], [ -6.809128, 10.386412 ], [ -6.810699, 10.384985000000142 ], [ -6.816552, 10.379417 ], [ -6.816686999999888, 10.379215 ], [ -6.817979999999864, 10.377275000000111 ], [ -6.82266, 10.36701 ], [ -6.82377, 10.36425 ], [ -6.82419, 10.36391 ], [ -6.82807, 10.3621 ], [ -6.82828, 10.36201 ], [ -6.83349, 10.3602 ], [ -6.83379, 10.36013 ], [ -6.8365, 10.3552 ], [ -6.83983, 10.356410000000153 ], [ -6.84057, 10.35659 ], [ -6.841589999999883, 10.356500000000153 ], [ -6.84657, 10.35479 ], [ -6.84689, 10.35467 ], [ -6.85004, 10.352610000000141 ], [ -6.850459999999885, 10.351450000000114 ], [ -6.85006, 10.351360000000113 ], [ -6.84993, 10.351150000000132 ], [ -6.84999, 10.35064 ], [ -6.8502, 10.34965 ], [ -6.85067, 10.348630000000185 ], [ -6.851049999999873, 10.348020000000133 ], [ -6.851849999999899, 10.347080000000176 ], [ -6.85224, 10.346680000000106 ], [ -6.85324, 10.345870000000104 ], [ -6.854829999999879, 10.34511 ], [ -6.85504, 10.34506 ], [ -6.85608, 10.34553 ], [ -6.8562, 10.345780000000104 ], [ -6.85608, 10.346240000000137 ], [ -6.85594, 10.346680000000106 ], [ -6.85668, 10.3474 ], [ -6.85835, 10.349 ], [ -6.859549999999899, 10.349370000000135 ], [ -6.859619999999836, 10.349370000000135 ], [ -6.86043, 10.349250000000154 ], [ -6.86070999999987, 10.34911000000011 ], [ -6.86099, 10.348810000000128 ], [ -6.86099, 10.34847 ], [ -6.86048, 10.34754 ], [ -6.860209999999881, 10.347060000000113 ], [ -6.859739999999817, 10.346680000000106 ], [ -6.859419999999886, 10.346450000000118 ], [ -6.85916, 10.346360000000118 ], [ -6.85867, 10.34611 ], [ -6.858169999999859, 10.345800000000168 ], [ -6.857839999999896, 10.34543 ], [ -6.8577, 10.345160000000135 ], [ -6.8577, 10.34488 ], [ -6.85773, 10.344580000000121 ], [ -6.85803, 10.344250000000159 ], [ -6.85826, 10.34418 ], [ -6.86194, 10.343720000000189 ], [ -6.86409, 10.34354 ], [ -6.86553, 10.34307 ], [ -6.866709999999898, 10.342380000000162 ], [ -6.867049999999892, 10.34205 ], [ -6.86747, 10.34194 ], [ -6.867839999999887, 10.34201 ], [ -6.87381, 10.343910000000108 ], [ -6.87467, 10.344810000000109 ], [ -6.875289999999893, 10.34622 ], [ -6.875949999999875, 10.34806 ], [ -6.87682, 10.34997 ], [ -6.87694, 10.350190000000111 ], [ -6.878539999999873, 10.350480000000118 ], [ -6.88576, 10.35113 ], [ -6.892609999999877, 10.34974 ], [ -6.89335, 10.34955 ], [ -6.89668, 10.3478 ], [ -6.897329999999897, 10.347330000000113 ], [ -6.8975, 10.347200000000157 ], [ -6.899229999999875, 10.34576 ], [ -6.90043, 10.34474 ], [ -6.9009, 10.344420000000184 ], [ -6.90126999999984, 10.34437000000014 ], [ -6.901639999999816, 10.34465 ], [ -6.90437, 10.34687 ], [ -6.90455, 10.34705 ], [ -6.90613, 10.348630000000185 ], [ -6.906359999999893, 10.348910000000103 ], [ -6.906359999999893, 10.34914 ], [ -6.90951, 10.351820000000146 ], [ -6.915889999999877, 10.355570000000114 ], [ -6.916769999999872, 10.35576 ], [ -6.919849999999883, 10.355270000000132 ], [ -6.921269999999879, 10.354510000000175 ], [ -6.92154, 10.35418 ], [ -6.92145, 10.35372000000018 ], [ -6.92113, 10.35321 ], [ -6.92066, 10.352790000000141 ], [ -6.92015, 10.35252 ], [ -6.92015, 10.352240000000108 ], [ -6.92034, 10.35196000000019 ], [ -6.920729999999878, 10.35148 ], [ -6.92096, 10.351410000000158 ], [ -6.921269999999879, 10.351410000000158 ], [ -6.92409, 10.35154 ], [ -6.92589, 10.35315 ], [ -6.93204999999989, 10.356450000000109 ], [ -6.93265, 10.35664 ], [ -6.93418, 10.35701 ], [ -6.93545, 10.356910000000141 ], [ -6.936980374999905, 10.355446527000083 ], [ -6.93728, 10.355160000000126 ], [ -6.9377, 10.354600000000119 ], [ -6.938789999999813, 10.35254 ], [ -6.94138, 10.34865 ], [ -6.94163, 10.34858000000014 ], [ -6.9427, 10.34877 ], [ -6.942929999999876, 10.348910000000103 ], [ -6.94316, 10.34909 ], [ -6.94358, 10.34932 ], [ -6.94441, 10.34951000000018 ], [ -6.94492, 10.34955 ], [ -6.94603, 10.34955 ], [ -6.947049999999876, 10.349040000000173 ], [ -6.94719, 10.3483 ], [ -6.94761, 10.345920000000149 ], [ -6.94762999999989, 10.345710000000167 ], [ -6.947379999999896, 10.345480000000123 ], [ -6.946749999999838, 10.344830000000172 ], [ -6.9465, 10.34437000000014 ], [ -6.94631, 10.34388 ], [ -6.946329999999818, 10.343630000000189 ], [ -6.94654, 10.34143 ], [ -6.94657, 10.341130000000135 ], [ -6.946629999999857, 10.340920000000153 ], [ -6.947749999999871, 10.338170000000162 ], [ -6.95062, 10.33319 ], [ -6.95078, 10.33293 ], [ -6.952379999999891, 10.331270000000188 ], [ -6.95325, 10.331130000000144 ], [ -6.95594, 10.329790000000116 ], [ -6.961839999999881, 10.32632 ], [ -6.96228, 10.326040000000148 ], [ -6.96249, 10.32562 ], [ -6.96261, 10.32516 ], [ -6.962629999999876, 10.32497 ], [ -6.96235, 10.322680000000162 ], [ -6.961909999999875, 10.32071 ], [ -6.96696, 10.307570000000169 ], [ -6.96707, 10.30733 ], [ -6.967239999999833, 10.30706 ], [ -6.967369999999846, 10.30689000000018 ], [ -6.96934, 10.30604 ], [ -6.971859999999822, 10.304970000000139 ], [ -6.972369999999898, 10.305020000000184 ], [ -6.97293, 10.305110000000184 ], [ -6.973439999999812, 10.305200000000184 ], [ -6.973949999999888, 10.30534 ], [ -6.97413, 10.30542 ], [ -6.9752, 10.30699 ], [ -6.97517, 10.307130000000143 ], [ -6.97495, 10.307360000000187 ], [ -6.97492, 10.3077 ], [ -6.97506, 10.30817 ], [ -6.97543, 10.30821 ], [ -6.9758, 10.30821 ], [ -6.97626, 10.30817 ], [ -6.97659, 10.30812 ], [ -6.97761, 10.307800000000157 ], [ -6.978449999999896, 10.30747 ], [ -6.97872, 10.30729 ], [ -6.98256, 10.30463 ], [ -6.98265, 10.30446 ], [ -6.983069999999884, 10.30349 ], [ -6.983159999999884, 10.303070000000162 ], [ -6.98274, 10.302840000000117 ], [ -6.982421, 10.302724000000126 ], [ -6.982, 10.302570000000173 ], [ -6.98187, 10.30238 ], [ -6.98182, 10.30136 ], [ -6.98196, 10.30057 ], [ -6.98344, 10.29294 ], [ -6.98555, 10.28879 ], [ -6.98564, 10.288630000000126 ], [ -6.98648999999989, 10.28747 ], [ -6.98696, 10.28715 ], [ -6.99205, 10.284330000000182 ], [ -6.99573, 10.282170000000121 ], [ -6.99584, 10.28192 ], [ -6.99622, 10.28099 ], [ -6.99626, 10.280480000000125 ], [ -6.99645, 10.27951000000013 ], [ -6.99654, 10.279190000000142 ], [ -6.9973, 10.277960000000178 ], [ -7.00235, 10.27219 ], [ -7.005429999999819, 10.268750000000182 ], [ -7.00951, 10.263870000000168 ], [ -7.01175, 10.26091 ], [ -7.011029999999892, 10.25931 ], [ -7.01107, 10.255950000000155 ], [ -7.01163, 10.24899 ], [ -7.01259, 10.24711 ], [ -7.01275, 10.24691 ], [ -7.01307, 10.246710000000178 ], [ -7.01323, 10.246630000000152 ], [ -7.01395, 10.24639000000019 ], [ -7.01451, 10.24627 ], [ -7.01571, 10.24395 ], [ -7.01399, 10.240790000000118 ], [ -7.01147, 10.23911 ], [ -7.00618999999989, 10.23611000000011 ], [ -6.99689, 10.230520000000183 ], [ -6.99081, 10.226670000000126 ], [ -6.99001, 10.22613 ], [ -6.98851, 10.22498 ], [ -6.98427, 10.221380000000124 ], [ -6.98172, 10.21952 ], [ -6.977317, 10.216391000000158 ], [ -6.977317, 10.21639 ], [ -6.984445999999878, 10.197614000000158 ], [ -6.985430243999872, 10.195610003000127 ], [ -6.987994, 10.19039000000015 ], [ -6.990732, 10.184087 ], [ -6.99502299999989, 10.17236400000013 ], [ -6.996858, 10.170346000000109 ], [ -6.996929, 10.170268 ], [ -6.998324, 10.169338 ], [ -7.004681, 10.163365000000169 ], [ -7.009789, 10.158067 ], [ -7.021039, 10.151671 ], [ -7.022324, 10.151214 ], [ -7.023609, 10.150757 ], [ -7.036686, 10.148416000000168 ], [ -7.045251999999891, 10.147674 ], [ -7.050278, 10.147502 ], [ -7.053076, 10.147617000000139 ], [ -7.063812, 10.148644 ], [ -7.065525, 10.155497 ], [ -7.065696, 10.15761 ], [ -7.067638, 10.159381 ], [ -7.069466, 10.160294 ], [ -7.072092, 10.160865000000115 ], [ -7.07431999999983, 10.160294 ], [ -7.076547, 10.159952 ], [ -7.079116999999883, 10.160580000000152 ], [ -7.08123, 10.161494000000118 ], [ -7.086439999999868, 10.166046000000165 ], [ -7.085033522999936, 10.171365004000052 ], [ -7.083627, 10.176684000000137 ], [ -7.083625, 10.176689 ], [ -7.08123, 10.180739000000131 ], [ -7.080818, 10.181315000000154 ], [ -7.079802, 10.182737 ], [ -7.079482999999868, 10.183314000000166 ], [ -7.076029999999889, 10.19447 ], [ -7.07579, 10.195390000000145 ], [ -7.07575, 10.19567 ], [ -7.07743, 10.19719 ], [ -7.07763, 10.197350000000142 ], [ -7.080269999999814, 10.203230000000133 ], [ -7.08039, 10.20383 ], [ -7.08047, 10.20411 ], [ -7.08079, 10.20471 ], [ -7.08190999999988, 10.20651 ], [ -7.08243, 10.20703 ], [ -7.08275, 10.207350000000133 ], [ -7.083029999999894, 10.20759 ], [ -7.08327, 10.207790000000102 ], [ -7.08555, 10.20955 ], [ -7.085909999999899, 10.20971 ], [ -7.086189999999874, 10.209830000000125 ], [ -7.08651, 10.209950000000106 ], [ -7.08771, 10.21023 ], [ -7.088149999999871, 10.21031 ], [ -7.08851, 10.210350000000176 ], [ -7.089109999999891, 10.210150000000169 ], [ -7.08979, 10.20979 ], [ -7.09035, 10.20955 ], [ -7.09075, 10.20947 ], [ -7.091069999999888, 10.209430000000111 ], [ -7.09151, 10.209430000000111 ], [ -7.09183, 10.209430000000111 ], [ -7.09259, 10.209430000000111 ], [ -7.09279, 10.209430000000111 ], [ -7.093069999999898, 10.209430000000111 ], [ -7.09343, 10.209430000000111 ], [ -7.09383, 10.209430000000111 ], [ -7.09571, 10.20955 ], [ -7.10091, 10.21079 ], [ -7.10451, 10.21207 ], [ -7.10483, 10.212230000000147 ], [ -7.10603, 10.21283 ], [ -7.10683, 10.21335 ], [ -7.114747, 10.219564000000162 ], [ -7.121593, 10.225357 ], [ -7.124358, 10.228122 ], [ -7.125797, 10.231001000000163 ], [ -7.126201, 10.231809 ], [ -7.128833999999813, 10.236417000000131 ], [ -7.131994, 10.240893 ], [ -7.134891, 10.244185000000186 ], [ -7.138182, 10.247081000000151 ], [ -7.141605, 10.249451000000136 ], [ -7.146233, 10.251111 ], [ -7.148583, 10.251953 ], [ -7.153718, 10.253006 ], [ -7.156745999999885, 10.253006 ], [ -7.159774, 10.253006 ], [ -7.170174, 10.253623000000175 ], [ -7.17531, 10.253928 ], [ -7.179873, 10.254259 ], [ -7.182133, 10.254423 ], [ -7.184394, 10.254586 ], [ -7.194744999999898, 10.255138000000102 ], [ -7.205476, 10.25571 ], [ -7.205719999999872, 10.255723 ], [ -7.209807999999896, 10.255941000000121 ], [ -7.214017999999896, 10.256166 ], [ -7.231908, 10.257267 ], [ -7.250864, 10.258434 ], [ -7.261891, 10.259113 ], [ -7.263708999999892, 10.259225 ], [ -7.267472, 10.259457 ], [ -7.270631, 10.259721 ], [ -7.271062, 10.260253 ], [ -7.272359999999878, 10.262380000000178 ], [ -7.27305, 10.263820000000123 ], [ -7.2744, 10.264930000000106 ], [ -7.27518, 10.2653 ], [ -7.27796, 10.265160000000151 ], [ -7.27991, 10.26451 ], [ -7.282269999999869, 10.263120000000129 ], [ -7.28329, 10.262068000000113 ], [ -7.28509, 10.26021 ], [ -7.285689999999875, 10.25933 ], [ -7.28754, 10.25789 ], [ -7.28898, 10.25743 ], [ -7.29134, 10.25711 ], [ -7.29578, 10.257290000000182 ], [ -7.29723, 10.2572 ], [ -7.29796, 10.257150000000138 ], [ -7.302259999999819, 10.25488 ], [ -7.30335410899994, 10.25331429300013 ], [ -7.30342, 10.25322 ], [ -7.30495, 10.25187000000011 ], [ -7.306149999999889, 10.25136 ], [ -7.30888, 10.25169000000011 ], [ -7.31069, 10.2522 ], [ -7.31333, 10.2522 ], [ -7.31458, 10.251920000000155 ], [ -7.31736, 10.25021 ], [ -7.318889999999897, 10.24872 ], [ -7.31912, 10.24757000000011 ], [ -7.31953, 10.24697 ], [ -7.32026999999988, 10.246040000000164 ], [ -7.325919999999826, 10.23919 ], [ -7.32629, 10.238910000000146 ], [ -7.32703, 10.238540000000114 ], [ -7.33059999999989, 10.237660000000119 ], [ -7.33419, 10.23685 ], [ -7.335873275999916, 10.236508553000135 ], [ -7.33981, 10.23571 ], [ -7.340329999999824, 10.235730000000103 ], [ -7.340709999999888, 10.2358 ], [ -7.34099, 10.23592 ], [ -7.34154999999987, 10.23616 ], [ -7.344499999999869, 10.238940000000127 ], [ -7.345619999999826, 10.24133 ], [ -7.35357, 10.2439 ], [ -7.35386, 10.24385000000018 ], [ -7.35441, 10.24366 ], [ -7.354739999999822, 10.24354000000011 ], [ -7.35569, 10.24314 ], [ -7.35661, 10.242590000000177 ], [ -7.356789999999876, 10.24247 ], [ -7.35697, 10.24223 ], [ -7.35709, 10.242010000000164 ], [ -7.357329999999877, 10.24155 ], [ -7.35751, 10.24139 ], [ -7.35773, 10.241310000000112 ], [ -7.35798, 10.24123 ], [ -7.35828, 10.24115 ], [ -7.358659999999873, 10.241050000000143 ], [ -7.35898, 10.24097 ], [ -7.36029, 10.2408 ], [ -7.36055, 10.24083 ], [ -7.36166999999989, 10.241280000000131 ], [ -7.36195, 10.241400000000112 ], [ -7.366329999999891, 10.24381 ], [ -7.366489999999885, 10.243970000000161 ], [ -7.36663, 10.24425 ], [ -7.36661, 10.24565 ], [ -7.36657, 10.24603 ], [ -7.366489999999885, 10.246450000000152 ], [ -7.366489999999885, 10.24677 ], [ -7.366529999999841, 10.24699 ], [ -7.366869999999892, 10.247910000000161 ], [ -7.36759, 10.24971 ], [ -7.36781, 10.249910000000114 ], [ -7.36798999999985, 10.25001 ], [ -7.36819, 10.25011000000012 ], [ -7.36843, 10.25009 ], [ -7.36871, 10.250050000000158 ], [ -7.36936999999989, 10.24965 ], [ -7.37067, 10.24849 ], [ -7.37107, 10.24773 ], [ -7.37117, 10.247450000000129 ], [ -7.37123, 10.247190000000103 ], [ -7.37337, 10.24615 ], [ -7.37643, 10.24521 ], [ -7.37664999999987, 10.245170000000144 ], [ -7.376989999999864, 10.245170000000144 ], [ -7.37737, 10.245230000000106 ], [ -7.37763, 10.24537000000015 ], [ -7.37809, 10.245750000000157 ], [ -7.378269999999816, 10.24595 ], [ -7.378449999999873, 10.24615 ], [ -7.38091, 10.25057 ], [ -7.38113, 10.251010000000178 ], [ -7.38155, 10.25223 ], [ -7.38501, 10.25763 ], [ -7.38537, 10.257650000000126 ], [ -7.388689999999883, 10.258150000000114 ], [ -7.38901, 10.25821 ], [ -7.389189999999871, 10.25833 ], [ -7.38921, 10.258550000000184 ], [ -7.38911, 10.25877 ], [ -7.386569999999892, 10.26381 ], [ -7.38421, 10.26567 ], [ -7.38275, 10.265620000000183 ], [ -7.37851, 10.265800000000183 ], [ -7.37722, 10.265920000000165 ], [ -7.374949999999899, 10.266270000000134 ], [ -7.37442, 10.26656 ], [ -7.373949999999866, 10.266820000000166 ], [ -7.373609999999871, 10.26701 ], [ -7.37321, 10.26746 ], [ -7.3729, 10.26781 ], [ -7.37259, 10.268170000000168 ], [ -7.37231, 10.26871 ], [ -7.36707, 10.27170000000018 ], [ -7.36476, 10.27252 ], [ -7.36439, 10.27275 ], [ -7.36413, 10.273050000000126 ], [ -7.363789999999881, 10.27345 ], [ -7.358869999999854, 10.28666 ], [ -7.357416999999884, 10.29721 ], [ -7.357118999999841, 10.307502 ], [ -7.357, 10.330404000000101 ], [ -7.357655, 10.33296200000018 ], [ -7.358368999999868, 10.334746 ], [ -7.359736999999825, 10.336947 ], [ -7.363600937999877, 10.34203502400004 ], [ -7.367465, 10.347123000000181 ], [ -7.37326, 10.3484 ], [ -7.375449999999887, 10.34851 ], [ -7.37967, 10.34777 ], [ -7.38406, 10.348730000000103 ], [ -7.39064, 10.349870000000124 ], [ -7.39349, 10.34961 ], [ -7.394989999999893, 10.349280000000135 ], [ -7.39863, 10.34842 ], [ -7.401359999999897, 10.34768 ], [ -7.403859999999895, 10.346070000000111 ], [ -7.40408, 10.34588 ], [ -7.40762, 10.34473 ], [ -7.40793, 10.344690000000128 ], [ -7.408189999999877, 10.34473 ], [ -7.4085, 10.3448 ], [ -7.4138, 10.346120000000155 ], [ -7.41674, 10.347330000000113 ], [ -7.41916, 10.343490000000145 ], [ -7.42048, 10.339580000000126 ], [ -7.42048, 10.33936 ], [ -7.42048, 10.338620000000105 ], [ -7.42048, 10.338440000000105 ], [ -7.42049, 10.33831 ], [ -7.42051, 10.3381 ], [ -7.42056, 10.33793 ], [ -7.420589999999834, 10.33786 ], [ -7.4207, 10.337670000000173 ], [ -7.42076, 10.33757 ], [ -7.421019999999885, 10.3372 ], [ -7.42111, 10.33711 ], [ -7.421509999999898, 10.336750000000109 ], [ -7.42161, 10.336680000000172 ], [ -7.42173, 10.336620000000153 ], [ -7.422929999999894, 10.336040000000139 ], [ -7.42364, 10.33574 ], [ -7.423839999999871, 10.33573 ], [ -7.424099999999896, 10.33574 ], [ -7.424179999999865, 10.33576 ], [ -7.42424, 10.335830000000158 ], [ -7.42444, 10.33615 ], [ -7.424509999999884, 10.336270000000184 ], [ -7.42466, 10.33655 ], [ -7.42471, 10.33667 ], [ -7.424759999999878, 10.336880000000178 ], [ -7.42478, 10.336970000000179 ], [ -7.42479, 10.33723 ], [ -7.42478, 10.337440000000129 ], [ -7.42477, 10.337540000000104 ], [ -7.42475, 10.337710000000129 ], [ -7.42481, 10.338500000000124 ], [ -7.42503, 10.339510000000189 ], [ -7.42508, 10.339700000000107 ], [ -7.425969999999893, 10.34239 ], [ -7.425999999999817, 10.34245 ], [ -7.426089999999874, 10.34249 ], [ -7.42621, 10.34249 ], [ -7.42633, 10.342470000000162 ], [ -7.42649, 10.342440000000124 ], [ -7.42762, 10.34222 ], [ -7.4281, 10.34211 ], [ -7.429639999999893, 10.341570000000104 ], [ -7.4302, 10.34137 ], [ -7.43031, 10.34132 ], [ -7.430459999999869, 10.341250000000116 ], [ -7.43057, 10.34117 ], [ -7.43069, 10.34108 ], [ -7.430809999999894, 10.341000000000179 ], [ -7.43095, 10.340920000000153 ], [ -7.431049999999857, 10.34088 ], [ -7.43119, 10.34085 ], [ -7.43131, 10.340830000000153 ], [ -7.431419999999889, 10.340830000000153 ], [ -7.43204999999989, 10.340830000000153 ], [ -7.43215, 10.340830000000153 ], [ -7.432379999999853, 10.340830000000153 ], [ -7.43362999999988, 10.34085 ], [ -7.43381, 10.34086 ], [ -7.43393, 10.340890000000172 ], [ -7.43444, 10.341070000000116 ], [ -7.43469, 10.34123 ], [ -7.43478, 10.34131 ], [ -7.4349, 10.34144 ], [ -7.434999999999832, 10.341590000000167 ], [ -7.435119999999813, 10.34182 ], [ -7.43517, 10.34196 ], [ -7.43520999999987, 10.34211 ], [ -7.43523, 10.3422 ], [ -7.43533, 10.34277 ], [ -7.43536, 10.343410000000119 ], [ -7.43537, 10.34366 ], [ -7.43536, 10.34388 ], [ -7.43529999999987, 10.34424 ], [ -7.43511, 10.344810000000109 ], [ -7.434999999999832, 10.34503 ], [ -7.43486, 10.345190000000116 ], [ -7.43474, 10.345250000000135 ], [ -7.4346, 10.345280000000116 ], [ -7.4344, 10.345280000000116 ], [ -7.43419, 10.345280000000116 ], [ -7.43399, 10.345280000000116 ], [ -7.43381, 10.345250000000135 ], [ -7.43366, 10.345210000000179 ], [ -7.432749999999828, 10.34488 ], [ -7.423749999999814, 10.34821 ], [ -7.42362, 10.34828 ], [ -7.42355, 10.34844 ], [ -7.42355, 10.348670000000141 ], [ -7.42374, 10.35178 ], [ -7.42376, 10.352060000000108 ], [ -7.42382, 10.35221 ], [ -7.42719, 10.357990000000143 ], [ -7.43098, 10.36093 ], [ -7.43123, 10.36101 ], [ -7.43153999999987, 10.361150000000123 ], [ -7.43193, 10.36135000000013 ], [ -7.4321, 10.36144000000013 ], [ -7.43241, 10.36168 ], [ -7.434869999999819, 10.36373 ], [ -7.43474, 10.36531 ], [ -7.433509999999899, 10.369890000000112 ], [ -7.43344, 10.37002 ], [ -7.43341, 10.370090000000118 ], [ -7.43336, 10.3703000000001 ], [ -7.43332, 10.370500000000163 ], [ -7.43331, 10.370680000000107 ], [ -7.43331, 10.3708 ], [ -7.43331, 10.37092 ], [ -7.43333, 10.371060000000114 ], [ -7.43337, 10.37119 ], [ -7.43343, 10.37125 ], [ -7.433509999999899, 10.3713 ], [ -7.43383, 10.371490000000165 ], [ -7.433919999999887, 10.37154 ], [ -7.43445, 10.371820000000127 ], [ -7.43457, 10.37188 ], [ -7.43479, 10.371960000000172 ], [ -7.434929999999895, 10.37201 ], [ -7.43582, 10.37224 ], [ -7.436386803999824, 10.372343055000158 ], [ -7.43648, 10.37236 ], [ -7.43694, 10.37239 ], [ -7.43729, 10.37236 ], [ -7.4374, 10.37235 ], [ -7.437589999999886, 10.372310000000141 ], [ -7.43787, 10.37221 ], [ -7.44064, 10.373310000000117 ], [ -7.4417, 10.379100000000108 ], [ -7.44244, 10.38522 ], [ -7.442409999999825, 10.38563 ], [ -7.442419999999856, 10.38604 ], [ -7.44243, 10.38621 ], [ -7.44245, 10.386400000000151 ], [ -7.44253, 10.3868 ], [ -7.44256, 10.38691 ], [ -7.44294, 10.38805 ], [ -7.44305, 10.388240000000167 ], [ -7.443289999999877, 10.388480000000129 ], [ -7.44339, 10.38855 ], [ -7.44368, 10.388710000000117 ], [ -7.44379, 10.388770000000136 ], [ -7.443869999999833, 10.38881 ], [ -7.44438, 10.38899 ], [ -7.44451, 10.38901 ], [ -7.444619999999873, 10.38902 ], [ -7.44474, 10.38902 ], [ -7.4449, 10.38899 ], [ -7.44503, 10.38896 ], [ -7.44515, 10.38893 ], [ -7.44577, 10.3887 ], [ -7.44587, 10.38866 ], [ -7.45223, 10.39059 ], [ -7.452329999999847, 10.39063 ], [ -7.45248, 10.39071 ], [ -7.45255, 10.39077 ], [ -7.45269, 10.39091 ], [ -7.45282, 10.39113 ], [ -7.45325, 10.39199 ], [ -7.45344, 10.39237 ], [ -7.453489999999874, 10.39266 ], [ -7.453489999999874, 10.39282 ], [ -7.453489999999874, 10.39297 ], [ -7.45341, 10.39305 ], [ -7.45331, 10.393120000000181 ], [ -7.45319, 10.39314 ], [ -7.45306, 10.39314 ], [ -7.452949999999873, 10.39308 ], [ -7.45255, 10.39284 ], [ -7.452379999999891, 10.39271 ], [ -7.45202, 10.392420000000129 ], [ -7.45193, 10.392330000000186 ], [ -7.45176, 10.392240000000186 ], [ -7.4516, 10.3922 ], [ -7.45145, 10.392190000000141 ], [ -7.451329999999871, 10.392220000000123 ], [ -7.4511, 10.39229 ], [ -7.45078999999987, 10.39241 ], [ -7.45046, 10.39254000000011 ], [ -7.450289999999882, 10.39262 ], [ -7.45001, 10.39276 ], [ -7.449879999999894, 10.392830000000117 ], [ -7.449619999999868, 10.393 ], [ -7.44923, 10.39331 ], [ -7.44727, 10.394940000000133 ], [ -7.44718, 10.39505000000014 ], [ -7.44664, 10.395980000000179 ], [ -7.44661, 10.396140000000116 ], [ -7.4466, 10.396360000000186 ], [ -7.4466, 10.396430000000123 ], [ -7.44664, 10.39658 ], [ -7.44674, 10.39678 ], [ -7.44682, 10.3969 ], [ -7.44796, 10.398060000000157 ], [ -7.44807, 10.398150000000157 ], [ -7.44897, 10.398730000000171 ], [ -7.44935, 10.39895 ], [ -7.44963, 10.3991 ], [ -7.450069999999812, 10.39936 ], [ -7.450449999999876, 10.3996 ], [ -7.45094, 10.39995 ], [ -7.45102, 10.40004 ], [ -7.45119, 10.40024 ], [ -7.451499999999896, 10.40061 ], [ -7.4517, 10.40085 ], [ -7.45195, 10.401160000000118 ], [ -7.45224, 10.401630000000125 ], [ -7.45361, 10.404380000000117 ], [ -7.453659999999843, 10.4045 ], [ -7.453709999999887, 10.40466 ], [ -7.45369, 10.40483 ], [ -7.45365, 10.40494 ], [ -7.4536, 10.40504 ], [ -7.45353, 10.405170000000112 ], [ -7.45347, 10.40525 ], [ -7.45336, 10.40533 ], [ -7.45329, 10.405370000000119 ], [ -7.4532, 10.40538 ], [ -7.453079999999886, 10.405370000000119 ], [ -7.45294, 10.40535 ], [ -7.45284, 10.40533 ], [ -7.4521, 10.405170000000112 ], [ -7.45167, 10.40502000000015 ], [ -7.4514, 10.40492 ], [ -7.45125, 10.404900000000168 ], [ -7.45073, 10.40486 ], [ -7.44952, 10.40477 ], [ -7.44936, 10.404760000000124 ], [ -7.44907, 10.40475 ], [ -7.44895, 10.404760000000124 ], [ -7.448829999999873, 10.404780000000187 ], [ -7.448459999999898, 10.40486 ], [ -7.44836, 10.404900000000168 ], [ -7.44815, 10.40503 ], [ -7.44806, 10.40511 ], [ -7.44797, 10.405190000000175 ], [ -7.44789, 10.40527 ], [ -7.44773, 10.405480000000182 ], [ -7.44755, 10.40573 ], [ -7.44751, 10.4058 ], [ -7.44745, 10.40591 ], [ -7.447249999999883, 10.406830000000127 ], [ -7.44723, 10.406970000000172 ], [ -7.44722, 10.407090000000153 ], [ -7.44720999999987, 10.40769 ], [ -7.44723, 10.407850000000167 ], [ -7.44727, 10.40803000000011 ], [ -7.447339999999883, 10.40824 ], [ -7.447379999999896, 10.40829 ], [ -7.44879, 10.409290000000112 ], [ -7.44919, 10.40957 ], [ -7.44956, 10.409780000000183 ], [ -7.44964, 10.40982 ], [ -7.4499, 10.40994 ], [ -7.45056, 10.41024 ], [ -7.4512, 10.41049 ], [ -7.451369999999883, 10.41054 ], [ -7.45165, 10.41058 ], [ -7.45176, 10.41059 ], [ -7.45189, 10.41059 ], [ -7.451999999999884, 10.410600000000159 ], [ -7.452329999999847, 10.41063000000014 ], [ -7.45246, 10.41065 ], [ -7.452579999999898, 10.41067 ], [ -7.45278, 10.41072000000014 ], [ -7.45287999999988, 10.410750000000121 ], [ -7.45296, 10.41082 ], [ -7.45303, 10.41091 ], [ -7.4531, 10.41102 ], [ -7.45316, 10.411130000000128 ], [ -7.453209999999899, 10.41132 ], [ -7.453239999999823, 10.41144 ], [ -7.45327, 10.41162 ], [ -7.45327, 10.411710000000141 ], [ -7.45326, 10.411830000000123 ], [ -7.45322, 10.412030000000186 ], [ -7.4532, 10.4121 ], [ -7.451409999999839, 10.41716 ], [ -7.45103, 10.417940000000101 ], [ -7.4501, 10.41825 ], [ -7.448549999999898, 10.41825 ], [ -7.446239999999818, 10.418520000000171 ], [ -7.445449999999823, 10.41883 ], [ -7.43961999999982, 10.423260000000141 ], [ -7.43893, 10.42394 ], [ -7.43866, 10.424420000000168 ], [ -7.439169999999876, 10.4252 ], [ -7.43986, 10.42605 ], [ -7.4411, 10.426740000000109 ], [ -7.44293, 10.42766 ], [ -7.44575, 10.42943 ], [ -7.44678, 10.43111 ], [ -7.447159999999826, 10.43199 ], [ -7.44809, 10.4396 ], [ -7.44781, 10.44131 ], [ -7.447657999999819, 10.441679 ], [ -7.447289999999896, 10.44257 ], [ -7.44701, 10.44373 ], [ -7.447289999999896, 10.44478 ], [ -7.44822, 10.44557 ], [ -7.44884, 10.44554 ], [ -7.45435, 10.44446 ], [ -7.45439, 10.44435 ], [ -7.45444, 10.444090000000188 ], [ -7.454449999999838, 10.44399 ], [ -7.45455, 10.44355 ], [ -7.45459, 10.44344 ], [ -7.45469, 10.44326 ], [ -7.45476, 10.443190000000129 ], [ -7.45483, 10.44315 ], [ -7.45490999999987, 10.443130000000167 ], [ -7.45499, 10.443130000000167 ], [ -7.45515, 10.44318 ], [ -7.45532999999989, 10.44327 ], [ -7.45639, 10.4439 ], [ -7.456709999999873, 10.444160000000124 ], [ -7.45798, 10.44532 ], [ -7.4581, 10.44546 ], [ -7.4582, 10.445650000000114 ], [ -7.4583, 10.445880000000159 ], [ -7.45835, 10.446060000000102 ], [ -7.45839, 10.44628 ], [ -7.45839, 10.446490000000153 ], [ -7.45839, 10.446670000000154 ], [ -7.458369999999888, 10.44692 ], [ -7.458239999999876, 10.44756 ], [ -7.458209999999895, 10.447689 ], [ -7.4582, 10.44773 ], [ -7.457919999999888, 10.44843 ], [ -7.457669999999894, 10.44897 ], [ -7.45731, 10.44951 ], [ -7.45687, 10.45048 ], [ -7.45686499999988, 10.45051 ], [ -7.460484, 10.450527 ], [ -7.464187, 10.45001 ], [ -7.467876, 10.450486 ], [ -7.473823999999865, 10.451378000000147 ], [ -7.475592, 10.4521 ], [ -7.478048, 10.453103 ], [ -7.480249, 10.454204000000175 ], [ -7.48245, 10.455304 ], [ -7.488339, 10.45703 ], [ -7.490718, 10.456520000000125 ], [ -7.490837, 10.456494000000134 ], [ -7.494407, 10.456018 ], [ -7.501069, 10.456435 ], [ -7.504222, 10.456673 ], [ -7.506899, 10.457386 ], [ -7.509634999999832, 10.458100000000115 ], [ -7.513026, 10.458933000000115 ], [ -7.517963467999948, 10.454669744000171 ], [ -7.522900800999935, 10.450406411000131 ], [ -7.530396, 10.444418000000155 ], [ -7.532062, 10.442634000000169 ], [ -7.535155, 10.437875 ], [ -7.536345, 10.433056 ], [ -7.536668999999847, 10.431577000000118 ], [ -7.537513, 10.427732000000105 ], [ -7.554096, 10.419097000000136 ], [ -7.556338, 10.420498 ], [ -7.556476, 10.420584 ], [ -7.558617, 10.421714000000122 ], [ -7.561413, 10.422607 ], [ -7.563852, 10.423261 ], [ -7.565783999999894, 10.423042 ], [ -7.56647, 10.42296400000015 ], [ -7.568671, 10.423261 ], [ -7.57155, 10.423951000000102 ], [ -7.571644999999819, 10.423975000000155 ], [ -7.591394, 10.430221000000188 ], [ -7.591772999999876, 10.430486 ], [ -7.593773999999883, 10.431887000000188 ], [ -7.599431, 10.437093000000175 ], [ -7.601422, 10.43923100000012 ], [ -7.603124, 10.441059 ], [ -7.607693940999923, 10.445073033000085 ], [ -7.612263999999868, 10.449087 ], [ -7.616163, 10.452512000000183 ], [ -7.618162, 10.454682000000105 ], [ -7.620555, 10.457764 ], [ -7.623073, 10.461021 ], [ -7.625529, 10.462163 ], [ -7.628669999999886, 10.46045 ], [ -7.632952999999816, 10.457195 ], [ -7.637578810999912, 10.452322069000161 ], [ -7.64220447699995, 10.447449069000015 ], [ -7.646829999999852, 10.442576000000145 ], [ -7.652055050999877, 10.439549043000056 ], [ -7.65728, 10.436522 ], [ -7.663428858999964, 10.431630120000079 ], [ -7.669577524999852, 10.426738120000152 ], [ -7.675726, 10.421846000000187 ], [ -7.675764, 10.418301000000156 ], [ -7.675783, 10.416592000000151 ], [ -7.676239999999893, 10.414365 ], [ -7.677039, 10.411681 ], [ -7.679552, 10.409111 ], [ -7.681008, 10.408083 ], [ -7.682464, 10.407055000000128 ], [ -7.686747, 10.404771000000153 ], [ -7.693201, 10.403115 ], [ -7.717127999999832, 10.396661 ], [ -7.717985, 10.395188000000189 ], [ -7.717759999999885, 10.39454 ], [ -7.71729, 10.392390000000148 ], [ -7.71705, 10.39127 ], [ -7.71695, 10.39054 ], [ -7.71691, 10.38975 ], [ -7.71691, 10.38951 ], [ -7.716929999999877, 10.38936 ], [ -7.71695, 10.389230000000168 ], [ -7.71707, 10.388770000000136 ], [ -7.717259999999897, 10.388390000000129 ], [ -7.7175, 10.38805 ], [ -7.71766, 10.38784 ], [ -7.71862, 10.38663 ], [ -7.72336, 10.381440000000111 ], [ -7.72376, 10.381110000000149 ], [ -7.73202, 10.37502 ], [ -7.732709999999884, 10.37455 ], [ -7.73301, 10.37437 ], [ -7.73357, 10.374120000000175 ], [ -7.73383, 10.37402 ], [ -7.73399, 10.374010000000112 ], [ -7.73425, 10.374 ], [ -7.73437, 10.374 ], [ -7.73456, 10.374 ], [ -7.73485, 10.37405 ], [ -7.734959999999887, 10.37408 ], [ -7.73509, 10.374120000000175 ], [ -7.73527, 10.374190000000112 ], [ -7.735749999999882, 10.374410000000182 ], [ -7.73614, 10.3746000000001 ], [ -7.73627, 10.374740000000145 ], [ -7.736539999999877, 10.374980000000107 ], [ -7.737049999999897, 10.37528 ], [ -7.737169999999878, 10.375290000000177 ], [ -7.73745, 10.375270000000114 ], [ -7.73773, 10.375200000000177 ], [ -7.737959999999873, 10.375060000000133 ], [ -7.738379999999893, 10.37458 ], [ -7.73896, 10.37384 ], [ -7.73944, 10.373100000000136 ], [ -7.73953, 10.37291 ], [ -7.73965, 10.372610000000122 ], [ -7.73977, 10.37169 ], [ -7.73975, 10.37154 ], [ -7.73973, 10.37145 ], [ -7.7396, 10.37105 ], [ -7.739549999999895, 10.37098 ], [ -7.739489999999819, 10.37093 ], [ -7.7394, 10.370910000000151 ], [ -7.73695, 10.370500000000163 ], [ -7.73685, 10.370500000000163 ], [ -7.736699999999814, 10.370500000000163 ], [ -7.73655, 10.370500000000163 ], [ -7.73639, 10.370500000000163 ], [ -7.733049999999878, 10.371150000000114 ], [ -7.72914, 10.371940000000109 ], [ -7.728089999999895, 10.372230000000116 ], [ -7.72798, 10.37226 ], [ -7.72749, 10.37239 ], [ -7.726969999999881, 10.372450000000185 ], [ -7.72586, 10.37256 ], [ -7.72535, 10.37256 ], [ -7.72486, 10.372520000000122 ], [ -7.72445, 10.37248 ], [ -7.72424999999987, 10.372430000000122 ], [ -7.72377, 10.37224 ], [ -7.72366, 10.37219000000016 ], [ -7.723389999999881, 10.37204 ], [ -7.723209999999881, 10.371930000000134 ], [ -7.72315, 10.37189 ], [ -7.72295, 10.371730000000127 ], [ -7.71995, 10.36715 ], [ -7.71948, 10.3664 ], [ -7.71919, 10.36589 ], [ -7.71902, 10.36554 ], [ -7.71896, 10.3654 ], [ -7.718839999999886, 10.36499 ], [ -7.718769999999893, 10.36473 ], [ -7.7186, 10.363740000000178 ], [ -7.7185, 10.36302000000012 ], [ -7.71844, 10.361560000000111 ], [ -7.71844, 10.36142 ], [ -7.71844, 10.36134 ], [ -7.718879999999842, 10.358750000000157 ], [ -7.72151, 10.34885 ], [ -7.72157, 10.348660000000166 ], [ -7.72164, 10.34849000000014 ], [ -7.72169, 10.348370000000159 ], [ -7.721919999999841, 10.347940000000108 ], [ -7.722099999999898, 10.34763 ], [ -7.72287, 10.34643 ], [ -7.723339999999894, 10.345870000000104 ], [ -7.72366, 10.34567 ], [ -7.72401, 10.34546 ], [ -7.72502, 10.34508000000011 ], [ -7.725089999999852, 10.34506 ], [ -7.72525, 10.34502 ], [ -7.72547, 10.34497 ], [ -7.72852, 10.3443 ], [ -7.72958999999986, 10.344160000000159 ], [ -7.72978, 10.34414 ], [ -7.73057, 10.34406 ], [ -7.73072, 10.34406 ], [ -7.73091, 10.34407 ], [ -7.73098, 10.344080000000133 ], [ -7.732499999999845, 10.344510000000184 ], [ -7.732669999999871, 10.34456 ], [ -7.732929999999897, 10.34464 ], [ -7.73328, 10.34477 ], [ -7.73351, 10.344920000000172 ], [ -7.73365, 10.34502 ], [ -7.734039999999879, 10.34534 ], [ -7.73468, 10.34579 ], [ -7.73477, 10.34584 ], [ -7.735369999999875, 10.34613 ], [ -7.73581, 10.34631 ], [ -7.736089999999876, 10.346420000000137 ], [ -7.736209999999858, 10.346450000000118 ], [ -7.73991, 10.347170000000176 ], [ -7.74061, 10.34727 ], [ -7.7409, 10.3473 ], [ -7.74105, 10.34731 ], [ -7.74124, 10.347320000000138 ], [ -7.7414, 10.347320000000138 ], [ -7.741869999999835, 10.34731 ], [ -7.742209999999886, 10.34728 ], [ -7.743159999999875, 10.34711 ], [ -7.75249, 10.34502 ], [ -7.75258, 10.34498 ], [ -7.7533, 10.344610000000102 ], [ -7.75337, 10.344540000000165 ], [ -7.75348, 10.34441 ], [ -7.75359, 10.34414 ], [ -7.75365, 10.34395 ], [ -7.75385, 10.34304 ], [ -7.75414, 10.341680000000167 ], [ -7.75417, 10.341420000000141 ], [ -7.754159999999899, 10.34106 ], [ -7.75415, 10.34091 ], [ -7.75407, 10.340310000000102 ], [ -7.75327, 10.33647000000019 ], [ -7.75321, 10.33624 ], [ -7.752999999999872, 10.335780000000113 ], [ -7.752539999999897, 10.335040000000163 ], [ -7.752319999999827, 10.33473 ], [ -7.75219, 10.334550000000149 ], [ -7.75207, 10.33439 ], [ -7.751369999999895, 10.33243 ], [ -7.74981, 10.32519 ], [ -7.75051, 10.3234 ], [ -7.75644, 10.320870000000127 ], [ -7.756659999999897, 10.320780000000127 ], [ -7.75689, 10.320720000000165 ], [ -7.757609999999829, 10.32058000000012 ], [ -7.757859999999823, 10.32054 ], [ -7.75798, 10.32053 ], [ -7.75813, 10.32053 ], [ -7.758359999999868, 10.32056 ], [ -7.759739999999852, 10.320760000000121 ], [ -7.75994, 10.32082 ], [ -7.76015, 10.32089000000019 ], [ -7.760289999999884, 10.32092 ], [ -7.760489999999891, 10.320930000000146 ], [ -7.76068, 10.320930000000146 ], [ -7.76075, 10.320930000000146 ], [ -7.76164, 10.32082 ], [ -7.76213, 10.320750000000146 ], [ -7.76285, 10.32062 ], [ -7.76325, 10.320520000000158 ], [ -7.76864, 10.31795000000011 ], [ -7.7688, 10.31787 ], [ -7.76913, 10.31764 ], [ -7.77005, 10.31688 ], [ -7.77019, 10.31676 ], [ -7.77271, 10.311510000000169 ], [ -7.77275, 10.31142 ], [ -7.772779999999898, 10.3112 ], [ -7.772809999999822, 10.310970000000111 ], [ -7.77279, 10.31069 ], [ -7.77277, 10.310610000000167 ], [ -7.77272, 10.31044 ], [ -7.77264, 10.310310000000186 ], [ -7.77259, 10.31024 ], [ -7.77251, 10.310170000000141 ], [ -7.77206, 10.309800000000109 ], [ -7.77193, 10.3097 ], [ -7.76601, 10.307370000000105 ], [ -7.765709999999899, 10.30726 ], [ -7.76559, 10.30723 ], [ -7.7655, 10.30721 ], [ -7.765269999999816, 10.3072 ], [ -7.76513, 10.3072 ], [ -7.764909999999873, 10.30721 ], [ -7.764789999999891, 10.307220000000143 ], [ -7.76453, 10.30729 ], [ -7.76421, 10.307390000000169 ], [ -7.763619999999889, 10.307630000000131 ], [ -7.763529999999889, 10.307680000000175 ], [ -7.76343, 10.307750000000112 ], [ -7.763329999999883, 10.30785 ], [ -7.763213, 10.308003 ], [ -7.762467, 10.309442000000161 ], [ -7.76244, 10.309510000000103 ], [ -7.76221, 10.31021 ], [ -7.76215, 10.310400000000186 ], [ -7.76213, 10.310520000000167 ], [ -7.76196, 10.31086 ], [ -7.76161, 10.31136 ], [ -7.76151, 10.31142 ], [ -7.76089, 10.31172000000015 ], [ -7.760739999999885, 10.31179 ], [ -7.75949, 10.312220000000138 ], [ -7.75851, 10.31249 ], [ -7.75837, 10.3125 ], [ -7.758239999999887, 10.31249 ], [ -7.75793, 10.312460000000101 ], [ -7.75742, 10.312310000000139 ], [ -7.75705, 10.312180000000183 ], [ -7.75698, 10.31215 ], [ -7.756829999999866, 10.31208 ], [ -7.7486, 10.30708 ], [ -7.74851, 10.307020000000136 ], [ -7.748449999999877, 10.306960000000117 ], [ -7.74827, 10.30632 ], [ -7.74824, 10.30621 ], [ -7.74823, 10.306080000000122 ], [ -7.74824, 10.305670000000134 ], [ -7.748379999999884, 10.305410000000109 ], [ -7.748499999999865, 10.30528 ], [ -7.74864, 10.30517 ], [ -7.74876, 10.30508 ], [ -7.74886, 10.30501 ], [ -7.748989999999878, 10.30496 ], [ -7.74903065999996, 10.30495120900008 ], [ -7.74936, 10.304880000000139 ], [ -7.74963, 10.304850000000158 ], [ -7.74972, 10.30484 ], [ -7.749999999999886, 10.304820000000177 ], [ -7.75022, 10.30481 ], [ -7.75064, 10.30478 ], [ -7.75094, 10.30475 ], [ -7.75159, 10.304650000000152 ], [ -7.75199, 10.304560000000151 ], [ -7.752869999999859, 10.30435000000017 ], [ -7.752949999999885, 10.304330000000107 ], [ -7.75315, 10.304270000000145 ], [ -7.75993, 10.302170000000103 ], [ -7.76082, 10.30151 ], [ -7.76093, 10.30141 ], [ -7.76102, 10.30132 ], [ -7.761239999999873, 10.301090000000102 ], [ -7.76138, 10.300850000000139 ], [ -7.761449999999854, 10.300640000000158 ], [ -7.76149, 10.29917 ], [ -7.76142, 10.29835 ], [ -7.7614, 10.29823 ], [ -7.76135, 10.29811 ], [ -7.761279999999886, 10.297980000000166 ], [ -7.76122, 10.297870000000103 ], [ -7.76117, 10.2978 ], [ -7.761, 10.29758 ], [ -7.760899999999822, 10.29747 ], [ -7.76062, 10.2972 ], [ -7.75978, 10.296260000000132 ], [ -7.758779999999888, 10.29511 ], [ -7.75863, 10.29481 ], [ -7.75859, 10.29464 ], [ -7.75857, 10.29455 ], [ -7.75855, 10.29446 ], [ -7.758449999999868, 10.2932 ], [ -7.758449999999868, 10.29312 ], [ -7.75847, 10.293020000000126 ], [ -7.7585, 10.292900000000145 ], [ -7.758529999999837, 10.2928 ], [ -7.75918, 10.29183 ], [ -7.75929, 10.29177 ], [ -7.759439999999813, 10.291730000000143 ], [ -7.759569999999883, 10.29172 ], [ -7.75972, 10.29172 ], [ -7.75993, 10.29174 ], [ -7.76022, 10.291790000000105 ], [ -7.76081, 10.29191 ], [ -7.76095, 10.291970000000106 ], [ -7.76127, 10.29211000000015 ], [ -7.761329999999873, 10.292140000000131 ], [ -7.76188, 10.29244 ], [ -7.76198, 10.29251 ], [ -7.76213, 10.29262 ], [ -7.762229999999818, 10.29271 ], [ -7.76231, 10.29279 ], [ -7.76239, 10.292870000000107 ], [ -7.76243, 10.292930000000126 ], [ -7.762569999999869, 10.29318 ], [ -7.76263, 10.2933 ], [ -7.76267, 10.293390000000159 ], [ -7.76284, 10.29379 ], [ -7.76292, 10.294040000000109 ], [ -7.76296, 10.29417 ], [ -7.76296, 10.29431000000011 ], [ -7.76296, 10.29443 ], [ -7.762989999999888, 10.29456000000016 ], [ -7.763029999999844, 10.29466 ], [ -7.76313, 10.294800000000123 ], [ -7.76323, 10.294820000000186 ], [ -7.76361, 10.29464 ], [ -7.76554, 10.293570000000159 ], [ -7.76563, 10.293520000000115 ], [ -7.76572, 10.29347 ], [ -7.765819999999849, 10.29341 ], [ -7.765869999999893, 10.29332 ], [ -7.76588, 10.293220000000133 ], [ -7.765359999999873, 10.290320000000179 ], [ -7.76481, 10.288280000000157 ], [ -7.76475, 10.28792 ], [ -7.76471, 10.287440000000117 ], [ -7.76474, 10.28724 ], [ -7.7648, 10.28713 ], [ -7.765, 10.28686 ], [ -7.76879, 10.282960000000116 ], [ -7.769159999999886, 10.2826 ], [ -7.76931, 10.28248 ], [ -7.76947, 10.28243 ], [ -7.769899999999836, 10.28239 ], [ -7.77055, 10.28234 ], [ -7.77083, 10.282380000000103 ], [ -7.77093, 10.28242 ], [ -7.77109, 10.28251 ], [ -7.77133, 10.282730000000129 ], [ -7.7714, 10.28283 ], [ -7.78538, 10.278320000000122 ], [ -7.78767, 10.277280000000189 ], [ -7.79277, 10.27116 ], [ -7.7953, 10.266010000000108 ], [ -7.795349999999871, 10.265800000000183 ], [ -7.79534, 10.26567 ], [ -7.7953, 10.26551000000012 ], [ -7.79516, 10.26532 ], [ -7.79497, 10.2652 ], [ -7.79480999999987, 10.26513000000017 ], [ -7.794649999999876, 10.26508 ], [ -7.79454, 10.265010000000188 ], [ -7.79424, 10.26479 ], [ -7.79396, 10.264570000000163 ], [ -7.79375, 10.26438 ], [ -7.79360899999989, 10.264128 ], [ -7.79353, 10.263940000000105 ], [ -7.79347, 10.26377 ], [ -7.79346, 10.26371 ], [ -7.79351, 10.263490000000161 ], [ -7.7936, 10.26338 ], [ -7.79886, 10.25981000000013 ], [ -7.80007, 10.25985 ], [ -7.800269999999898, 10.25985 ], [ -7.80046, 10.259820000000104 ], [ -7.80057, 10.25977 ], [ -7.80063, 10.25969 ], [ -7.800639999999873, 10.25951 ], [ -7.800639999999873, 10.25938 ], [ -7.80057, 10.255280000000141 ], [ -7.800389999999879, 10.248830000000112 ], [ -7.80126, 10.24866 ], [ -7.80196, 10.24852 ], [ -7.80262, 10.248330000000124 ], [ -7.80274, 10.248260000000187 ], [ -7.802859999999896, 10.24819 ], [ -7.803089999999827, 10.248030000000142 ], [ -7.80316, 10.24798 ], [ -7.80737, 10.2438 ], [ -7.80754, 10.24363 ], [ -7.80761, 10.24354000000011 ], [ -7.80766, 10.243380000000172 ], [ -7.80769, 10.243270000000109 ], [ -7.807719999999847, 10.2431 ], [ -7.80774, 10.242970000000184 ], [ -7.80774, 10.24284 ], [ -7.807719999999847, 10.242750000000115 ], [ -7.80767, 10.24256 ], [ -7.80762, 10.242480000000114 ], [ -7.80745, 10.24234 ], [ -7.806759999999883, 10.242 ], [ -7.806629999999871, 10.24194 ], [ -7.8063, 10.2418100000001 ], [ -7.80585, 10.24152 ], [ -7.80494, 10.24091 ], [ -7.80486, 10.24083 ], [ -7.80459, 10.24051 ], [ -7.804549999999836, 10.24038000000013 ], [ -7.80453, 10.24031 ], [ -7.8045, 10.240020000000186 ], [ -7.80450999999988, 10.23986 ], [ -7.80453, 10.23954 ], [ -7.804559999999867, 10.23936 ], [ -7.80461, 10.239140000000191 ], [ -7.805519999999888, 10.23758 ], [ -7.80561, 10.23747 ], [ -7.806629999999871, 10.236460000000136 ], [ -7.80675, 10.23639 ], [ -7.80715, 10.23616 ], [ -7.80737, 10.23607 ], [ -7.807639999999878, 10.235990000000129 ], [ -7.808019999999885, 10.235960000000148 ], [ -7.80817, 10.235960000000148 ], [ -7.80833, 10.235960000000148 ], [ -7.80978, 10.235990000000129 ], [ -7.80995, 10.236000000000104 ], [ -7.81004, 10.23602000000011 ], [ -7.81015, 10.23606 ], [ -7.81037, 10.23619 ], [ -7.810469999999896, 10.236250000000155 ], [ -7.810559999999896, 10.236340000000155 ], [ -7.81082, 10.23660000000018 ], [ -7.810929999999871, 10.23677 ], [ -7.81163, 10.238070000000107 ], [ -7.81166, 10.238130000000126 ], [ -7.81166, 10.2382 ], [ -7.8115, 10.23861 ], [ -7.81107, 10.23957 ], [ -7.810969999999884, 10.23978 ], [ -7.81086, 10.23998 ], [ -7.81071, 10.24024 ], [ -7.81033, 10.241050000000143 ], [ -7.810269999999889, 10.24118 ], [ -7.810089999999832, 10.241780000000119 ], [ -7.810049999999876, 10.24193 ], [ -7.81003, 10.242040000000145 ], [ -7.81003, 10.242190000000107 ], [ -7.810049999999876, 10.24285 ], [ -7.81007, 10.24305 ], [ -7.81011, 10.243160000000103 ], [ -7.81022, 10.24332 ], [ -7.81028, 10.243380000000172 ], [ -7.81038, 10.2434 ], [ -7.81053, 10.24337 ], [ -7.81406, 10.24191 ], [ -7.81501999999989, 10.24019 ], [ -7.81469, 10.23989 ], [ -7.81428, 10.2393 ], [ -7.814219999999864, 10.239210000000128 ], [ -7.81339, 10.237800000000163 ], [ -7.81336, 10.23762 ], [ -7.81336, 10.237480000000119 ], [ -7.813379999999881, 10.237330000000156 ], [ -7.81342, 10.23715 ], [ -7.81345, 10.23703 ], [ -7.81353, 10.23685 ], [ -7.81361, 10.23671 ], [ -7.81382, 10.236460000000136 ], [ -7.81398, 10.23633 ], [ -7.81470999999982, 10.23574 ], [ -7.814889999999878, 10.235630000000185 ], [ -7.816099999999892, 10.234970000000146 ], [ -7.81634, 10.2349 ], [ -7.81657, 10.2349 ], [ -7.81682, 10.2349 ], [ -7.817009999999868, 10.23492 ], [ -7.81729, 10.234940000000108 ], [ -7.817629999999838, 10.23492 ], [ -7.818079, 10.234868 ], [ -7.81823, 10.234850000000165 ], [ -7.81839, 10.234830000000102 ], [ -7.81894, 10.234730000000184 ], [ -7.819339999999897, 10.23463 ], [ -7.82004, 10.234420000000114 ], [ -7.82059, 10.23419 ], [ -7.829179999999894, 10.23016 ], [ -7.83053, 10.229330000000118 ], [ -7.83098, 10.22905 ], [ -7.831079999999872, 10.22887 ], [ -7.83114, 10.22873 ], [ -7.83106, 10.22782 ], [ -7.831049999999891, 10.22776 ], [ -7.83099, 10.227600000000166 ], [ -7.83094, 10.227480000000185 ], [ -7.83061, 10.226790000000108 ], [ -7.83144, 10.22428 ], [ -7.834919999999897, 10.219330000000127 ], [ -7.835739999999817, 10.21709 ], [ -7.835629999999867, 10.216960000000142 ], [ -7.83547, 10.21674 ], [ -7.83536, 10.21651 ], [ -7.83506, 10.215820000000178 ], [ -7.83497, 10.21557 ], [ -7.83481, 10.21498 ], [ -7.834749999999872, 10.2147 ], [ -7.834719999999891, 10.21443 ], [ -7.8347, 10.21421 ], [ -7.834659999999872, 10.21364 ], [ -7.83503, 10.212890000000186 ], [ -7.835129999999879, 10.21275 ], [ -7.835199999999816, 10.21268 ], [ -7.835619999999835, 10.21233 ], [ -7.835829999999874, 10.212170000000128 ], [ -7.83611, 10.21196 ], [ -7.83622, 10.211900000000185 ], [ -7.836459999999875, 10.211810000000185 ], [ -7.836959999999863, 10.21176000000014 ], [ -7.837089999999876, 10.21177 ], [ -7.83722, 10.21183 ], [ -7.83732, 10.211900000000185 ], [ -7.8374, 10.21196 ], [ -7.84022, 10.21349 ], [ -7.842959999999891, 10.211440000000152 ], [ -7.84506, 10.20909 ], [ -7.84986, 10.209600000000137 ], [ -7.85101, 10.210510000000113 ], [ -7.851069999999822, 10.21055 ], [ -7.851319999999873, 10.21071000000012 ], [ -7.85177, 10.21099 ], [ -7.851949999999874, 10.2111 ], [ -7.85206, 10.21116 ], [ -7.8525, 10.21139 ], [ -7.852649999999812, 10.21142 ], [ -7.85294, 10.211350000000152 ], [ -7.85301, 10.21127 ], [ -7.85314, 10.211030000000108 ], [ -7.85321, 10.21086 ], [ -7.855209999999886, 10.20290000000017 ], [ -7.85972, 10.198750000000132 ], [ -7.863229999999817, 10.199950000000172 ], [ -7.87384, 10.20289 ], [ -7.8786, 10.2016 ], [ -7.885689999999897, 10.200740000000167 ], [ -7.8871, 10.20081 ], [ -7.89136, 10.19988 ], [ -7.89496999999983, 10.1982900000001 ], [ -7.895939999999882, 10.19734 ], [ -7.89895, 10.19435 ], [ -7.90223, 10.19097 ], [ -7.90253, 10.19059 ], [ -7.90669, 10.17583000000019 ], [ -7.907309999999882, 10.17333 ], [ -7.90723, 10.17185 ], [ -7.90717, 10.17177 ], [ -7.907129999999825, 10.17167 ], [ -7.90711, 10.17141 ], [ -7.90711, 10.171250000000157 ], [ -7.907129999999825, 10.171110000000112 ], [ -7.90721, 10.17097 ], [ -7.90822999999989, 10.170110000000136 ], [ -7.910389999999893, 10.16957 ], [ -7.91107, 10.16951 ], [ -7.91135, 10.169490000000167 ], [ -7.91411, 10.169470000000103 ], [ -7.91453, 10.169490000000167 ], [ -7.91641, 10.16977 ], [ -7.91666999999984, 10.16993 ], [ -7.91949, 10.169490000000167 ], [ -7.91965, 10.16943 ], [ -7.92083, 10.16799 ], [ -7.92085, 10.16785 ], [ -7.92065, 10.16697 ], [ -7.92025, 10.16605 ], [ -7.91982999999982, 10.16515 ], [ -7.919089999999869, 10.163330000000144 ], [ -7.91907, 10.163150000000144 ], [ -7.919089999999869, 10.16277 ], [ -7.92045, 10.160610000000133 ], [ -7.920629999999846, 10.160410000000127 ], [ -7.92191, 10.15901 ], [ -7.922049999999899, 10.15893 ], [ -7.92223, 10.15887 ], [ -7.92245, 10.15881 ], [ -7.92279, 10.15875 ], [ -7.92459, 10.15875 ], [ -7.92621, 10.158910000000162 ], [ -7.92747, 10.158790000000181 ], [ -7.92909, 10.15849 ], [ -7.93001, 10.15793 ], [ -7.934318, 10.15381 ], [ -7.93871, 10.15223 ], [ -7.94539, 10.15209 ], [ -7.94557, 10.15215 ], [ -7.94587, 10.152310000000114 ], [ -7.94647, 10.15265 ], [ -7.94659, 10.15273 ], [ -7.94702999999987, 10.15305 ], [ -7.94713, 10.153130000000147 ], [ -7.94715, 10.15331 ], [ -7.94719, 10.15351 ], [ -7.94727, 10.15363 ], [ -7.950289999999882, 10.155050000000188 ], [ -7.951569999999833, 10.15531 ], [ -7.95181, 10.15533 ], [ -7.95351, 10.15519 ], [ -7.954409999999882, 10.15511 ], [ -7.95539, 10.154910000000143 ], [ -7.95547, 10.15489 ], [ -7.95893, 10.15657 ], [ -7.967649999999878, 10.160050000000183 ], [ -7.968029999999885, 10.16019 ], [ -7.96881, 10.16045 ], [ -7.96931, 10.160550000000171 ], [ -7.96943, 10.160550000000171 ], [ -7.96971, 10.16051 ], [ -7.974149999999895, 10.163710000000151 ], [ -7.97887, 10.16883 ], [ -7.981202382999982, 10.171413489000088 ], [ -7.982421, 10.172131 ], [ -7.983402999999896, 10.172602 ], [ -7.985755, 10.173619 ], [ -7.988074, 10.17375 ], [ -7.989510999999823, 10.173500000000161 ], [ -7.99052399999988, 10.168727000000104 ], [ -7.99114, 10.159131000000173 ], [ -7.991327, 10.155007000000182 ], [ -7.992359, 10.154167000000143 ], [ -7.99278, 10.153517 ], [ -7.994422999999813, 10.150077000000124 ], [ -7.994882, 10.148854 ], [ -7.995073, 10.14602600000012 ], [ -7.997299999999825, 10.143474 ], [ -7.99779999999987, 10.143033000000116 ], [ -7.998524, 10.142832000000169 ], [ -7.999168, 10.142704 ], [ -8.000113, 10.142521 ], [ -8.000664, 10.142563000000109 ], [ -8.001714999999876, 10.142764 ], [ -8.002216, 10.142938 ], [ -8.004761999999857, 10.143077 ], [ -8.007112, 10.142128000000184 ], [ -8.011532, 10.138626000000158 ], [ -8.013232, 10.136819 ], [ -8.014238, 10.134687 ], [ -8.01337999999987, 10.133107 ], [ -8.012284, 10.132186 ], [ -8.010546, 10.131901 ], [ -8.009146, 10.130500000000154 ], [ -8.008816, 10.127991 ], [ -8.010051, 10.127574 ], [ -8.012272, 10.125311000000181 ], [ -8.012441898999896, 10.124643105000075 ], [ -8.013666, 10.119831 ], [ -8.013745, 10.114518000000146 ], [ -8.013551999999891, 10.108904000000166 ], [ -8.013361, 10.107150000000161 ], [ -8.011757999999872, 10.10135 ], [ -8.010864, 10.100722000000133 ], [ -8.010075, 10.100057000000163 ], [ -8.009050999999886, 10.098891000000151 ], [ -8.00879, 10.098106 ], [ -8.008805999999879, 10.097318 ], [ -8.015503, 10.095631 ], [ -8.020924999999863, 10.091467 ], [ -8.022182, 10.091005000000109 ], [ -8.023117, 10.090786 ], [ -8.025931, 10.090980000000172 ], [ -8.026557, 10.091115000000173 ], [ -8.02683299999984, 10.091595 ], [ -8.027437, 10.092311000000166 ], [ -8.028002999999899, 10.092268000000161 ], [ -8.029466, 10.09214900000012 ], [ -8.0298, 10.092099 ], [ -8.032228, 10.090971000000138 ], [ -8.032588, 10.090539 ], [ -8.033894, 10.088129 ], [ -8.034327, 10.086848 ], [ -8.03448, 10.086113000000182 ], [ -8.034426, 10.085667 ], [ -8.034251999999867, 10.08328100000017 ], [ -8.034503, 10.083149000000105 ], [ -8.035613, 10.082934 ], [ -8.038045999999895, 10.082964 ], [ -8.038986, 10.0830610000001 ], [ -8.04177, 10.082324 ], [ -8.045149, 10.080610000000149 ], [ -8.049427, 10.079617 ], [ -8.05140299999988, 10.080061 ], [ -8.052661999999884, 10.079568000000108 ], [ -8.056450999999868, 10.078041 ], [ -8.057713, 10.07697 ], [ -8.058401999999887, 10.075756000000183 ], [ -8.058569, 10.074190000000101 ], [ -8.058417, 10.072903000000167 ], [ -8.059513, 10.071541 ], [ -8.059950999999899, 10.071015000000102 ], [ -8.065938, 10.069632 ], [ -8.069363999999894, 10.070174000000179 ], [ -8.069985999999858, 10.07068 ], [ -8.070622, 10.071221 ], [ -8.071418, 10.071925 ], [ -8.074054, 10.072754 ], [ -8.074566999999888, 10.072794 ], [ -8.078025, 10.070403000000113 ], [ -8.078334, 10.068672 ], [ -8.078287, 10.067729 ], [ -8.078081, 10.065763 ], [ -8.079852999999844, 10.062453000000119 ], [ -8.081357, 10.062952000000166 ], [ -8.08257, 10.0631360000001 ], [ -8.085347, 10.063158000000158 ], [ -8.087583, 10.063126000000182 ], [ -8.090603999999871, 10.062341 ], [ -8.092439999999897, 10.061721 ], [ -8.09438, 10.062955 ], [ -8.095165, 10.064073 ], [ -8.096355, 10.06493 ], [ -8.099813, 10.065910000000144 ], [ -8.101907, 10.065411 ], [ -8.108381999999892, 10.060892 ], [ -8.109784, 10.059684000000118 ], [ -8.111960999999837, 10.057613 ], [ -8.113893, 10.057914 ], [ -8.115599, 10.058481 ], [ -8.116052, 10.058185 ], [ -8.11691699999983, 10.0573 ], [ -8.11769, 10.056258000000184 ], [ -8.12011, 10.051315000000102 ], [ -8.121296999999856, 10.048462000000143 ], [ -8.12311, 10.041183 ], [ -8.124109, 10.035925000000191 ], [ -8.124085, 10.03483 ], [ -8.123729, 10.034093000000155 ], [ -8.122539, 10.032784 ], [ -8.121883, 10.031972000000167 ], [ -8.121065, 10.030768 ], [ -8.120994, 10.029625000000124 ], [ -8.121232, 10.028287 ], [ -8.121801999999889, 10.027383 ], [ -8.122536, 10.026005000000112 ], [ -8.1229, 10.01947500000017 ], [ -8.12321999999989, 10.019079 ], [ -8.125084999999899, 10.018983000000162 ], [ -8.127131, 10.01746 ], [ -8.127705999999876, 10.016718000000139 ], [ -8.12834, 10.015112000000101 ], [ -8.128530098999931, 10.014475711000159 ], [ -8.128533, 10.014466000000141 ], [ -8.127447, 10.013487000000168 ], [ -8.126805, 10.012226 ], [ -8.12652, 10.011212 ], [ -8.127045999999893, 10.010105 ], [ -8.128639, 10.00776 ], [ -8.130492999999831, 10.002685 ], [ -8.130843, 10.001610000000142 ], [ -8.130859252999926, 10.001438682000128 ], [ -8.131002, 9.999934000000167 ], [ -8.131005, 9.999650000000145 ], [ -8.130933, 9.999237 ], [ -8.130858, 9.998688000000129 ], [ -8.130816, 9.996765000000153 ], [ -8.130806, 9.995685000000151 ], [ -8.13208, 9.993574 ], [ -8.132696, 9.992886 ], [ -8.133189, 9.992667 ], [ -8.133781999999826, 9.992518000000132 ], [ -8.134173, 9.992512 ], [ -8.137609, 9.99157 ], [ -8.140591, 9.990064000000132 ], [ -8.142057, 9.989312 ], [ -8.145022, 9.987703000000181 ], [ -8.145633, 9.987074000000177 ], [ -8.146618999999873, 9.985839000000112 ], [ -8.146972, 9.984595 ], [ -8.147053, 9.983271000000116 ], [ -8.145594, 9.97762100000017 ], [ -8.144875, 9.976182000000108 ], [ -8.144696, 9.975857 ], [ -8.144457999999872, 9.975445 ], [ -8.144038, 9.975057000000106 ], [ -8.136445, 9.971176000000185 ], [ -8.135477, 9.970697000000143 ], [ -8.134758, 9.970562 ], [ -8.131765, 9.970342 ], [ -8.131095, 9.970455000000186 ], [ -8.130612999999812, 9.970927000000188 ], [ -8.128767, 9.973605 ], [ -8.127724, 9.975247 ], [ -8.126982, 9.976364 ], [ -8.126164999999844, 9.97704 ], [ -8.122638, 9.979598000000124 ], [ -8.121878, 9.979921 ], [ -8.115126, 9.979763000000105 ], [ -8.11462, 9.979639000000134 ], [ -8.114415, 9.979532000000177 ], [ -8.114188, 9.979330000000175 ], [ -8.113895, 9.97894 ], [ -8.113663, 9.978355000000136 ], [ -8.11148, 9.971344 ], [ -8.111613, 9.96453600000018 ], [ -8.111871, 9.963140000000124 ], [ -8.11211, 9.961894 ], [ -8.116124, 9.956754 ], [ -8.116465999999889, 9.956468 ], [ -8.117266, 9.956252 ], [ -8.118259, 9.956437000000108 ], [ -8.118920999999887, 9.95695400000011 ], [ -8.119948, 9.957542 ], [ -8.122176, 9.958709000000169 ], [ -8.123287, 9.959079 ], [ -8.12516399999987, 9.959345 ], [ -8.125999, 9.959414 ], [ -8.126789, 9.959398 ], [ -8.128165999999851, 9.959275000000105 ], [ -8.12924, 9.959105 ], [ -8.130044999999882, 9.958259 ], [ -8.136293, 9.953139 ], [ -8.138459999999895, 9.951838 ], [ -8.140482, 9.950839 ], [ -8.144661999999869, 9.949116000000117 ], [ -8.147781999999893, 9.948703 ], [ -8.148977, 9.948681 ], [ -8.150889, 9.94882900000016 ], [ -8.151976, 9.948989 ], [ -8.15399699999989, 9.949531 ], [ -8.154623999999899, 9.949910000000102 ], [ -8.156401999999844, 9.951013 ], [ -8.158829, 9.952392 ], [ -8.15972, 9.952880000000164 ], [ -8.160910999999885, 9.952922 ], [ -8.161519, 9.952644 ], [ -8.162058, 9.952193 ], [ -8.16273, 9.951528 ], [ -8.16335, 9.950423 ], [ -8.163695, 9.949284000000148 ], [ -8.163913, 9.947505 ], [ -8.163769999999829, 9.947019000000182 ], [ -8.163216, 9.946545000000185 ], [ -8.162337, 9.946156 ], [ -8.160857, 9.945681 ], [ -8.15831699999984, 9.94535 ], [ -8.15706699999987, 9.945496000000105 ], [ -8.155102, 9.94565 ], [ -8.154635, 9.945573 ], [ -8.153498, 9.94510200000019 ], [ -8.152389, 9.944564 ], [ -8.147127999999896, 9.940319 ], [ -8.146956999999873, 9.9398 ], [ -8.14693, 9.938888 ], [ -8.147278, 9.937770000000171 ], [ -8.147995999999864, 9.936452 ], [ -8.14877, 9.93598 ], [ -8.151087, 9.935934 ], [ -8.153704999999889, 9.935745000000111 ], [ -8.153993999999898, 9.935612000000106 ], [ -8.157832, 9.933613 ], [ -8.159179, 9.932648 ], [ -8.159587, 9.932340000000124 ], [ -8.16035, 9.931747 ], [ -8.160963, 9.930994000000112 ], [ -8.161263, 9.930493 ], [ -8.161384, 9.929866 ], [ -8.161209, 9.9291 ], [ -8.159333, 9.922318 ], [ -8.158728, 9.921309 ], [ -8.151816999999824, 9.909872 ], [ -8.149373, 9.909711 ], [ -8.148866999999882, 9.910546 ], [ -8.14844399999987, 9.911077 ], [ -8.146067, 9.913454000000115 ], [ -8.144505, 9.914501 ], [ -8.138673, 9.91618300000016 ], [ -8.137461, 9.916502 ], [ -8.135423999999887, 9.916977000000145 ], [ -8.133118, 9.917479 ], [ -8.132196, 9.917545 ], [ -8.128727, 9.915679 ], [ -8.128379999999879, 9.915419 ], [ -8.128245999999876, 9.915045000000134 ], [ -8.128337999999871, 9.914627 ], [ -8.128738, 9.91419900000011 ], [ -8.129564, 9.91381900000016 ], [ -8.130849, 9.913368000000105 ], [ -8.132464, 9.912985 ], [ -8.132808, 9.912592 ], [ -8.133033, 9.912008 ], [ -8.133359, 9.911116000000106 ], [ -8.133286999999882, 9.910440000000165 ], [ -8.132957, 9.910078 ], [ -8.130611, 9.908674 ], [ -8.129936, 9.908430000000124 ], [ -8.128475, 9.908203000000185 ], [ -8.128147, 9.908185000000117 ], [ -8.127126, 9.908087 ], [ -8.125685, 9.907597000000123 ], [ -8.124228, 9.907051 ], [ -8.122945, 9.906275000000164 ], [ -8.12229, 9.90565700000019 ], [ -8.121711999999889, 9.904721 ], [ -8.121362, 9.904022 ], [ -8.120809, 9.901701 ], [ -8.120649, 9.900961000000109 ], [ -8.1207, 9.900488 ], [ -8.120912, 9.900049 ], [ -8.121448, 9.899642 ], [ -8.12178699999987, 9.898917 ], [ -8.122469, 9.896415 ], [ -8.122689, 9.895272000000148 ], [ -8.122731, 9.89277 ], [ -8.122663999999872, 9.891128 ], [ -8.122728, 9.889781 ], [ -8.122959, 9.888807 ], [ -8.123205999999868, 9.887936000000138 ], [ -8.12349, 9.886959000000104 ], [ -8.124036999999873, 9.885176 ], [ -8.12479999999988, 9.883912 ], [ -8.126095, 9.882096000000104 ], [ -8.126742, 9.881197000000157 ], [ -8.127565, 9.880253 ], [ -8.130274, 9.87844600000011 ], [ -8.130791999999872, 9.878436000000136 ], [ -8.131363, 9.878842000000191 ], [ -8.132485, 9.880795 ], [ -8.133246999999869, 9.882139000000109 ], [ -8.133704, 9.883098 ], [ -8.135621999999898, 9.885824000000184 ], [ -8.136063, 9.886411 ], [ -8.136643, 9.886891 ], [ -8.137499999999875, 9.886937000000103 ], [ -8.138166999999896, 9.886721 ], [ -8.138626999999872, 9.886418000000106 ], [ -8.139455999999882, 9.885800000000131 ], [ -8.139843, 9.885282000000132 ], [ -8.139944, 9.88507200000015 ], [ -8.140883, 9.878694000000166 ], [ -8.140944999999817, 9.878054000000134 ], [ -8.141039999999862, 9.876683 ], [ -8.140382, 9.873606 ], [ -8.139437, 9.869975000000125 ], [ -8.138969, 9.868941 ], [ -8.13806, 9.868243000000177 ], [ -8.135171999999898, 9.866124000000184 ], [ -8.134673, 9.865759 ], [ -8.13145999999989, 9.863587 ], [ -8.130793999999867, 9.863693000000126 ], [ -8.130419, 9.864152000000104 ], [ -8.129237, 9.865829000000133 ], [ -8.126514, 9.868339000000162 ], [ -8.125555, 9.868946000000108 ], [ -8.12399, 9.869521 ], [ -8.123224, 9.869759 ], [ -8.121777, 9.869708 ], [ -8.117823, 9.869989 ], [ -8.115986, 9.870136000000116 ], [ -8.108025, 9.870834000000173 ], [ -8.106738, 9.871190000000126 ], [ -8.10583, 9.871686000000125 ], [ -8.105197, 9.872213 ], [ -8.104813, 9.872784 ], [ -8.104553999999894, 9.87348500000013 ], [ -8.104185, 9.873687000000132 ], [ -8.103127, 9.873546 ], [ -8.098114, 9.869233 ], [ -8.097915, 9.869048 ], [ -8.096952655999871, 9.86720149100006 ], [ -8.095686999999884, 9.864773000000127 ], [ -8.095501, 9.864415000000179 ], [ -8.095230999999899, 9.863847 ], [ -8.095063, 9.863403000000119 ], [ -8.094756, 9.860211000000163 ], [ -8.094763999999884, 9.859938000000113 ], [ -8.094824712999866, 9.859555353000189 ], [ -8.094959, 9.858709 ], [ -8.09517499999987, 9.857873000000154 ], [ -8.0955, 9.857489 ], [ -8.095906, 9.856829000000118 ], [ -8.097424999999873, 9.85411 ], [ -8.097725, 9.853246000000127 ], [ -8.097639999999899, 9.849798000000135 ], [ -8.097611, 9.849063 ], [ -8.097544, 9.848442 ], [ -8.097051, 9.846406000000115 ], [ -8.096613, 9.845000000000141 ], [ -8.096263999999849, 9.843955 ], [ -8.096454, 9.842937000000177 ], [ -8.096945, 9.842479 ], [ -8.098156, 9.841748 ], [ -8.098789, 9.841466000000139 ], [ -8.099536, 9.841221 ], [ -8.100109, 9.840919000000156 ], [ -8.100942, 9.840146000000175 ], [ -8.101327, 9.839335 ], [ -8.101416, 9.838706 ], [ -8.101267999999891, 9.83811500000013 ], [ -8.098829, 9.83403 ], [ -8.097866, 9.833179000000143 ], [ -8.097549, 9.833016000000157 ], [ -8.097224999999867, 9.833012000000167 ], [ -8.096996, 9.833031000000119 ], [ -8.096739, 9.833203 ], [ -8.096512999999845, 9.833386000000189 ], [ -8.096327, 9.833585000000141 ], [ -8.095886999999891, 9.834068000000116 ], [ -8.095572, 9.834936 ], [ -8.095495, 9.835311000000161 ], [ -8.095485, 9.835847 ], [ -8.095278, 9.836555 ], [ -8.09457, 9.836678 ], [ -8.094193, 9.83671 ], [ -8.093253, 9.836351 ], [ -8.093016, 9.836049000000116 ], [ -8.09258, 9.834616 ], [ -8.092244, 9.833087000000148 ], [ -8.092627, 9.830353 ], [ -8.093042, 9.829279 ], [ -8.093243, 9.828965000000153 ], [ -8.093633, 9.828984000000105 ], [ -8.093871, 9.828909000000124 ], [ -8.094543, 9.828664000000117 ], [ -8.094818, 9.82851600000015 ], [ -8.097809999999868, 9.826028000000179 ], [ -8.097943, 9.825624000000118 ], [ -8.097306999999887, 9.824607000000185 ], [ -8.096759, 9.824317000000178 ], [ -8.09612, 9.824417 ], [ -8.095217999999875, 9.824334000000135 ], [ -8.094869, 9.824061000000142 ], [ -8.094668, 9.82365 ], [ -8.09439, 9.82285300000018 ], [ -8.094291, 9.821963 ], [ -8.094600999999898, 9.817587 ], [ -8.094662, 9.817432000000167 ], [ -8.095795, 9.812700000000177 ], [ -8.095449, 9.808623000000125 ], [ -8.095916, 9.807243 ], [ -8.097039, 9.806072 ], [ -8.097509999999886, 9.805663 ], [ -8.097821, 9.805431 ], [ -8.098322, 9.805107 ], [ -8.098801, 9.805129 ], [ -8.103203, 9.80684 ], [ -8.103462, 9.806957000000125 ], [ -8.103927999999883, 9.807212000000106 ], [ -8.104129999999827, 9.807798000000105 ], [ -8.104887, 9.808547 ], [ -8.10689, 9.809756000000107 ], [ -8.107403, 9.809839 ], [ -8.109027, 9.809918 ], [ -8.109589, 9.809924000000137 ], [ -8.109863, 9.809892000000161 ], [ -8.110921999999846, 9.808522000000153 ], [ -8.111283, 9.808028000000149 ], [ -8.11139, 9.806633 ], [ -8.111260999999899, 9.805526 ], [ -8.109218999999882, 9.802584 ], [ -8.10895, 9.802265 ], [ -8.108579, 9.801849000000118 ], [ -8.10332, 9.797599 ], [ -8.102797, 9.797325 ], [ -8.100959999999816, 9.796635 ], [ -8.100602, 9.796693000000175 ], [ -8.100318, 9.796792 ], [ -8.09973, 9.796937000000128 ], [ -8.098889999999869, 9.796989000000167 ], [ -8.098607, 9.796885 ], [ -8.098284, 9.796352 ], [ -8.097819, 9.795328 ], [ -8.096946, 9.793102 ], [ -8.09709, 9.792025000000137 ], [ -8.097228, 9.791646 ], [ -8.097503, 9.791423 ], [ -8.097736, 9.791333 ], [ -8.097953, 9.79132 ], [ -8.10142599999989, 9.791172 ], [ -8.102418, 9.791303 ], [ -8.102887999999894, 9.791764 ], [ -8.103147, 9.792003 ], [ -8.10356, 9.792262 ], [ -8.104051999999854, 9.792486 ], [ -8.109130999999877, 9.792771 ], [ -8.1097, 9.792667000000108 ], [ -8.110074, 9.792547000000127 ], [ -8.110621, 9.792229000000134 ], [ -8.112018, 9.791274000000158 ], [ -8.112568, 9.790753 ], [ -8.113328, 9.789659000000142 ], [ -8.113373, 9.789273000000151 ], [ -8.113309, 9.785916 ], [ -8.113286, 9.785612000000128 ], [ -8.112989, 9.784366 ], [ -8.112817, 9.784286000000179 ], [ -8.112597999999878, 9.784212 ], [ -8.112431999999899, 9.784151 ], [ -8.111682, 9.783824000000152 ], [ -8.1115, 9.783693000000142 ], [ -8.111335999999881, 9.783484000000101 ], [ -8.111271, 9.783245 ], [ -8.111209, 9.783015 ], [ -8.11117199999984, 9.782808000000102 ], [ -8.111139, 9.78257200000013 ], [ -8.111157, 9.782365 ], [ -8.111558999999886, 9.780146000000116 ], [ -8.111992, 9.77770100000015 ], [ -8.111993, 9.77729 ], [ -8.110362, 9.77538 ], [ -8.110181999999895, 9.77522 ], [ -8.109906, 9.775018 ], [ -8.109290999999814, 9.774752 ], [ -8.108998999999812, 9.774862 ], [ -8.108754, 9.774913 ], [ -8.108315, 9.774939 ], [ -8.107869, 9.774768000000108 ], [ -8.107564, 9.774325 ], [ -8.106641, 9.772554 ], [ -8.1063, 9.771882 ], [ -8.105813999999896, 9.770834 ], [ -8.10570899999982, 9.770028000000138 ], [ -8.10576, 9.769309 ], [ -8.105706, 9.767972 ], [ -8.105574, 9.766861000000119 ], [ -8.105098999999882, 9.76564000000019 ], [ -8.104386, 9.764748 ], [ -8.103174, 9.763822 ], [ -8.102379999999869, 9.763375000000167 ], [ -8.101746, 9.762922000000174 ], [ -8.101787, 9.762542000000167 ], [ -8.102144999999894, 9.762381000000175 ], [ -8.104601999999886, 9.76128800000015 ], [ -8.105415, 9.761253 ], [ -8.107746, 9.761898 ], [ -8.108629999999835, 9.762372000000141 ], [ -8.108896, 9.762498 ], [ -8.10933, 9.762489 ], [ -8.111092999999869, 9.762434 ], [ -8.12016599999987, 9.760696 ], [ -8.120609, 9.760608 ], [ -8.121056999999894, 9.760416000000134 ], [ -8.121502999999848, 9.760174000000177 ], [ -8.121842, 9.759762 ], [ -8.121903, 9.759557 ], [ -8.121883, 9.75911 ], [ -8.121715999999878, 9.758699000000149 ], [ -8.121507999999892, 9.758368000000132 ], [ -8.121365, 9.758153000000107 ], [ -8.118618, 9.75525 ], [ -8.118502, 9.755142 ], [ -8.117569, 9.754529000000105 ], [ -8.11700599999989, 9.754544000000124 ], [ -8.116527, 9.754639000000168 ], [ -8.11486, 9.754407000000128 ], [ -8.11385, 9.754097 ], [ -8.111327, 9.753255 ], [ -8.111073, 9.75295 ], [ -8.111079, 9.752580000000137 ], [ -8.11246599999987, 9.750128000000132 ], [ -8.113623, 9.748592 ], [ -8.115970999999888, 9.745569 ], [ -8.117846, 9.744511 ], [ -8.11863099999988, 9.744273 ], [ -8.119184, 9.744213000000116 ], [ -8.119864, 9.744234 ], [ -8.120227, 9.74412800000016 ], [ -8.120514999999898, 9.743984000000125 ], [ -8.120917999999847, 9.743778000000134 ], [ -8.122979, 9.740979 ], [ -8.122871, 9.740680000000168 ], [ -8.121735, 9.738982 ], [ -8.121398, 9.738593000000151 ], [ -8.119046999999853, 9.735909000000106 ], [ -8.118808, 9.735673000000133 ], [ -8.118495999999823, 9.735444 ], [ -8.118143, 9.735285 ], [ -8.117253999999889, 9.735009 ], [ -8.116117, 9.734771 ], [ -8.115605, 9.7347 ], [ -8.113458, 9.733046 ], [ -8.113334, 9.732749000000126 ], [ -8.113467999999898, 9.73246 ], [ -8.114249, 9.731348 ], [ -8.117447, 9.72377100000017 ], [ -8.117573, 9.72322 ], [ -8.117026, 9.720034 ], [ -8.116824, 9.719958000000133 ], [ -8.114946, 9.718103000000156 ], [ -8.111586999999872, 9.714421000000129 ], [ -8.111484, 9.714204000000109 ], [ -8.111458, 9.711949 ], [ -8.1119963189999, 9.705894275000105 ], [ -8.112051999999892, 9.705268000000103 ], [ -8.11533699999984, 9.701065000000142 ], [ -8.117398, 9.701097000000118 ], [ -8.11974999999984, 9.700456 ], [ -8.124494, 9.698279000000184 ], [ -8.127576, 9.69122 ], [ -8.127811, 9.688639 ], [ -8.127805, 9.688201000000163 ], [ -8.127649, 9.687832000000185 ], [ -8.127133999999899, 9.687714 ], [ -8.126719, 9.687736 ], [ -8.12587, 9.688138 ], [ -8.125199, 9.688562 ], [ -8.124774, 9.688993000000153 ], [ -8.124532, 9.689263 ], [ -8.124224, 9.689314 ], [ -8.123698, 9.689223 ], [ -8.123016, 9.688919 ], [ -8.122743, 9.688604000000112 ], [ -8.12286, 9.68668700000012 ], [ -8.123041999999884, 9.686176000000103 ], [ -8.124292, 9.683063000000118 ], [ -8.12443, 9.68274300000013 ], [ -8.124697, 9.68229 ], [ -8.12587399999984, 9.679225 ], [ -8.121979, 9.673143 ], [ -8.121684, 9.672708 ], [ -8.12002, 9.671450000000107 ], [ -8.118842, 9.671213 ], [ -8.118593, 9.671199000000115 ], [ -8.118335999999886, 9.670966 ], [ -8.118226, 9.670172 ], [ -8.118183, 9.669641000000126 ], [ -8.118201, 9.669339 ], [ -8.119097999999894, 9.667157000000145 ], [ -8.11931, 9.666706000000147 ], [ -8.121818, 9.665908 ], [ -8.122324, 9.665859 ], [ -8.123885, 9.665861 ], [ -8.125863, 9.665875000000142 ], [ -8.126505999999893, 9.665472 ], [ -8.126863, 9.665185 ], [ -8.126891, 9.66478700000016 ], [ -8.126766, 9.664332000000172 ], [ -8.12604599999986, 9.663553 ], [ -8.125340999999878, 9.66295 ], [ -8.12491, 9.662741000000153 ], [ -8.124529, 9.662631000000147 ], [ -8.123802999999896, 9.662445 ], [ -8.123589999999865, 9.66247 ], [ -8.123256, 9.662701 ], [ -8.122617, 9.662536000000102 ], [ -8.119195, 9.660701000000131 ], [ -8.11852, 9.660089000000141 ], [ -8.115962999999851, 9.653904000000125 ], [ -8.115749999999878, 9.65091 ], [ -8.116325, 9.649524 ], [ -8.116682, 9.648867000000109 ], [ -8.119162, 9.646995000000118 ], [ -8.121937, 9.644668000000138 ], [ -8.124061, 9.642388000000153 ], [ -8.121678, 9.64091500000012 ], [ -8.121299, 9.640528 ], [ -8.12112999999988, 9.639984 ], [ -8.121128999999883, 9.639631000000122 ], [ -8.121187, 9.639264000000139 ], [ -8.12362499999989, 9.635013000000129 ], [ -8.125922999999887, 9.633078 ], [ -8.128151, 9.632669000000135 ], [ -8.130886, 9.631484000000171 ], [ -8.131247, 9.631171 ], [ -8.133723, 9.628718000000106 ], [ -8.134122999999875, 9.628282 ], [ -8.134396, 9.62771 ], [ -8.134584, 9.627066000000184 ], [ -8.134655, 9.626492 ], [ -8.134254999999882, 9.625881 ], [ -8.133603, 9.625144000000148 ], [ -8.13274, 9.6244 ], [ -8.132457999999872, 9.624191000000167 ], [ -8.132024, 9.62402 ], [ -8.131857, 9.623829 ], [ -8.131972, 9.623499 ], [ -8.132254999999873, 9.62323600000019 ], [ -8.13462399999986, 9.622423 ], [ -8.135142, 9.622266 ], [ -8.136601, 9.623214000000132 ], [ -8.137113999999826, 9.623553000000129 ], [ -8.138177, 9.624692 ], [ -8.138308, 9.624909 ], [ -8.138333999999873, 9.625818 ], [ -8.138782999999876, 9.626476 ], [ -8.139246, 9.626991 ], [ -8.139781, 9.627376 ], [ -8.140734, 9.627737 ], [ -8.14145, 9.627756 ], [ -8.14264, 9.627377000000138 ], [ -8.143473, 9.626793000000134 ], [ -8.144277999999872, 9.625924 ], [ -8.144749999999874, 9.625215000000139 ], [ -8.145032999999842, 9.624497 ], [ -8.145124999999894, 9.624047000000132 ], [ -8.145256, 9.623279 ], [ -8.145303, 9.62249300000019 ], [ -8.145172, 9.622070000000178 ], [ -8.144747999999879, 9.621690000000171 ], [ -8.139215, 9.618546 ], [ -8.138654, 9.618252 ], [ -8.137798, 9.617844000000105 ], [ -8.137160999999878, 9.617599 ], [ -8.136948, 9.617521000000181 ], [ -8.1367, 9.617515 ], [ -8.136381, 9.61753 ], [ -8.135672999999883, 9.617673000000138 ], [ -8.135172999999895, 9.617552000000103 ], [ -8.134959999999865, 9.617473000000132 ], [ -8.134779, 9.617284 ], [ -8.133234, 9.613752 ], [ -8.133162, 9.613478000000157 ], [ -8.133117, 9.613258 ], [ -8.133071, 9.613028 ], [ -8.133076, 9.612676 ], [ -8.134392, 9.610926 ], [ -8.135736, 9.609645000000114 ], [ -8.136014, 9.609507 ], [ -8.136383, 9.609528000000182 ], [ -8.139135, 9.609129 ], [ -8.139298, 9.60909 ], [ -8.140099, 9.608378 ], [ -8.145079018999979, 9.589287762000083 ], [ -8.145086, 9.589261 ], [ -8.144847, 9.58836 ], [ -8.144705999999871, 9.587917000000175 ], [ -8.14451, 9.587723 ], [ -8.144293999999888, 9.587824000000126 ], [ -8.13929499999989, 9.584969000000115 ], [ -8.138857, 9.584545 ], [ -8.138475, 9.583471 ], [ -8.136723, 9.578002 ], [ -8.135373999999899, 9.570349 ], [ -8.135165999999856, 9.570189 ], [ -8.135091, 9.569932000000108 ], [ -8.134851, 9.56905200000017 ], [ -8.134607, 9.567257000000154 ], [ -8.13457499999987, 9.566895 ], [ -8.13463, 9.565400000000125 ], [ -8.13470999999987, 9.565188 ], [ -8.134988, 9.56486800000016 ], [ -8.137102, 9.562451 ], [ -8.137408999999877, 9.562352 ], [ -8.139280999999869, 9.562129 ], [ -8.139605, 9.562174 ], [ -8.139902, 9.562427000000184 ], [ -8.140397, 9.562725000000114 ], [ -8.142857, 9.562568000000113 ], [ -8.143076999999892, 9.562339000000179 ], [ -8.143105, 9.561955 ], [ -8.14309, 9.560061000000189 ], [ -8.141953999999885, 9.557861 ], [ -8.143684, 9.549880000000144 ], [ -8.143709999999885, 9.549483000000123 ], [ -8.143426, 9.549113 ], [ -8.143095, 9.548711 ], [ -8.142290999999886, 9.54812 ], [ -8.140492999999879, 9.547198 ], [ -8.138426, 9.545754000000159 ], [ -8.137633, 9.545111 ], [ -8.136849, 9.543040000000133 ], [ -8.137175999999897, 9.539536000000112 ], [ -8.137663, 9.539319 ], [ -8.138678, 9.538799 ], [ -8.139225, 9.538417 ], [ -8.13952, 9.537901 ], [ -8.140481, 9.531532 ], [ -8.140351, 9.530765 ], [ -8.140113999999869, 9.529907 ], [ -8.138729, 9.528176 ], [ -8.138404, 9.527936 ], [ -8.137785999999892, 9.527843 ], [ -8.137305, 9.527896000000169 ], [ -8.137013, 9.528064 ], [ -8.136846, 9.528383000000133 ], [ -8.133170999999891, 9.527355000000171 ], [ -8.129047, 9.526162 ], [ -8.124261, 9.52397400000018 ], [ -8.123306, 9.522576000000186 ], [ -8.123241, 9.522149000000184 ], [ -8.125707, 9.516951000000176 ], [ -8.127195, 9.514498 ], [ -8.127895, 9.511949000000186 ], [ -8.128719, 9.507987 ], [ -8.128735, 9.507796 ], [ -8.128638, 9.507449000000179 ], [ -8.128294999999866, 9.507048 ], [ -8.127881999999886, 9.50682200000017 ], [ -8.127178999999899, 9.506853 ], [ -8.124487, 9.503677 ], [ -8.124078999999824, 9.502139000000113 ], [ -8.122687, 9.497103000000152 ], [ -8.121291999999869, 9.496272000000147 ], [ -8.120098, 9.495705000000157 ], [ -8.118590999999867, 9.494663 ], [ -8.117864, 9.493222 ], [ -8.117057, 9.491168 ], [ -8.116874999999879, 9.487106 ], [ -8.113760999999897, 9.481981 ], [ -8.113112, 9.48114900000013 ], [ -8.111776, 9.481458000000146 ], [ -8.110115, 9.481326 ], [ -8.109164, 9.480854 ], [ -8.105085, 9.476294 ], [ -8.102299, 9.469502000000148 ], [ -8.10282, 9.465500000000134 ], [ -8.100170999999818, 9.463063 ], [ -8.096382999999832, 9.457829000000118 ], [ -8.09507, 9.455991 ], [ -8.093652, 9.455414000000133 ], [ -8.091852, 9.454387 ], [ -8.090302, 9.451455000000124 ], [ -8.090127, 9.450718 ], [ -8.089957, 9.44942500000019 ], [ -8.089590999999814, 9.447845 ], [ -8.089172, 9.446524000000181 ], [ -8.087008, 9.442748 ], [ -8.085694, 9.440939 ], [ -8.084713, 9.43985 ], [ -8.083104999999875, 9.439166000000114 ], [ -8.08222499999988, 9.438942 ], [ -8.081638999999825, 9.439295000000129 ], [ -8.080877, 9.439204 ], [ -8.077733, 9.437372 ], [ -8.073929, 9.433855000000165 ], [ -8.073531999999886, 9.433463 ], [ -8.07276899999988, 9.431831 ], [ -8.072650999999894, 9.431412 ], [ -8.072861999999873, 9.430221 ], [ -8.071499, 9.42813800000016 ], [ -8.069902, 9.426399000000174 ], [ -8.069377, 9.425971000000118 ], [ -8.067695999999899, 9.424762000000101 ], [ -8.067193999999859, 9.424478 ], [ -8.066523, 9.424281 ], [ -8.06589, 9.424558 ], [ -8.065517, 9.425057000000152 ], [ -8.063354999999831, 9.425319000000172 ], [ -8.061998033999885, 9.424273137000057 ], [ -8.056507, 9.420041 ], [ -8.055314, 9.418906000000163 ], [ -8.055349, 9.417801 ], [ -8.054763, 9.416908 ], [ -8.053807, 9.416022 ], [ -8.052756, 9.415567 ], [ -8.051503, 9.415454000000182 ], [ -8.050504, 9.41633800000011 ], [ -8.049461999999892, 9.416434 ], [ -8.048918999999898, 9.415916 ], [ -8.045917, 9.412549000000126 ], [ -8.045104, 9.411385000000109 ], [ -8.044966, 9.410836000000131 ], [ -8.040676, 9.40697 ], [ -8.037815, 9.402711 ], [ -8.037648, 9.402112 ], [ -8.035926, 9.396462 ], [ -8.035084999999867, 9.395482 ], [ -8.034007, 9.395057 ], [ -8.033144, 9.395008 ], [ -8.031913, 9.395354000000111 ], [ -8.028725, 9.396354 ], [ -8.022138, 9.397908 ], [ -8.020239, 9.396796 ], [ -8.018899, 9.395941000000164 ], [ -8.017771, 9.395369 ], [ -8.016467999999861, 9.395199 ], [ -8.013253, 9.395963 ], [ -8.012652, 9.396642 ], [ -8.009678999999892, 9.39963 ], [ -8.005778, 9.403104 ], [ -8.005031, 9.403091 ], [ -8.003430999999864, 9.402754 ], [ -8.001879, 9.402295 ], [ -8.00029, 9.401565000000119 ], [ -7.998791, 9.400137 ], [ -7.997812999999894, 9.399232000000154 ], [ -7.996672999999817, 9.398210000000176 ], [ -7.995807999999897, 9.398248 ], [ -7.994934999999884, 9.398465000000101 ], [ -7.993669, 9.399007 ], [ -7.993119, 9.399458 ], [ -7.992186999999888, 9.399587 ], [ -7.987531, 9.39939500000014 ], [ -7.981742, 9.398876 ], [ -7.974859999999865, 9.398513 ], [ -7.968136, 9.400767000000144 ], [ -7.967628, 9.401088 ], [ -7.965008, 9.402765000000102 ], [ -7.961361529999976, 9.405633019000163 ], [ -7.957715, 9.408501 ], [ -7.954845, 9.410089 ], [ -7.938677, 9.413915 ], [ -7.936965, 9.414198000000169 ], [ -7.934031, 9.414427000000103 ], [ -7.927597, 9.41349600000018 ], [ -7.925952, 9.413196 ], [ -7.925019, 9.413193000000149 ], [ -7.923987, 9.413504000000103 ], [ -7.923168, 9.414274 ], [ -7.92244, 9.41513 ], [ -7.921066, 9.416845000000137 ], [ -7.920571, 9.417994 ], [ -7.920515, 9.419181000000151 ], [ -7.917884, 9.4212050000001 ], [ -7.917004, 9.421681 ], [ -7.916337999999882, 9.421968 ], [ -7.915163, 9.421732000000191 ], [ -7.914326, 9.421079000000191 ], [ -7.91265, 9.420510000000149 ], [ -7.910649, 9.42021 ], [ -7.908408, 9.420255 ], [ -7.901328, 9.420526 ], [ -7.89735, 9.420943 ], [ -7.892720999999881, 9.420247 ], [ -7.892186, 9.419872000000112 ], [ -7.889926, 9.419444 ], [ -7.88709, 9.419183000000146 ], [ -7.886034, 9.419299000000137 ], [ -7.88551, 9.419448 ], [ -7.883223999999871, 9.420319000000177 ], [ -7.876273, 9.421559000000116 ], [ -7.87015, 9.422516 ], [ -7.864795, 9.420742000000189 ], [ -7.85848899999985, 9.421365 ], [ -7.850594, 9.422059 ], [ -7.849361999999871, 9.421675000000107 ], [ -7.849146153999868, 9.421582494000063 ], [ -7.849096, 9.421561 ], [ -7.848937, 9.421265000000119 ], [ -7.849159653999948, 9.420688173000087 ], [ -7.849945999999875, 9.418651000000182 ], [ -7.85109655499997, 9.416978553000092 ], [ -7.85264, 9.414735000000178 ], [ -7.855163999999888, 9.409784000000172 ], [ -7.855424, 9.408919 ], [ -7.855604, 9.408316000000184 ], [ -7.855645, 9.407912000000181 ], [ -7.855651, 9.40752 ], [ -7.855134, 9.406902 ], [ -7.855005, 9.406762 ], [ -7.854154999999878, 9.406342000000109 ], [ -7.853872, 9.406061000000136 ], [ -7.853769, 9.405802 ], [ -7.853599, 9.405268 ], [ -7.853620999999862, 9.404633000000103 ], [ -7.853719, 9.403886000000114 ], [ -7.853846, 9.403326000000163 ], [ -7.85541499999988, 9.399508 ], [ -7.857985999999869, 9.394853 ], [ -7.857804, 9.394623 ], [ -7.856626999999889, 9.394304 ], [ -7.856018, 9.393469 ], [ -7.855693, 9.392310000000123 ], [ -7.857222345999958, 9.389183985000045 ], [ -7.860736, 9.382002 ], [ -7.86092, 9.381868000000168 ], [ -7.861111999999878, 9.381838000000187 ], [ -7.861313999999822, 9.381902000000139 ], [ -7.862299, 9.382138000000111 ], [ -7.864462, 9.38183 ], [ -7.864706999999896, 9.381446 ], [ -7.864177, 9.379233000000113 ], [ -7.863186999999812, 9.378342 ], [ -7.862295, 9.378080000000125 ], [ -7.861889, 9.37806 ], [ -7.861713, 9.377865 ], [ -7.859982, 9.375679 ], [ -7.859996, 9.375067 ], [ -7.86008, 9.374833 ], [ -7.860303, 9.374557 ], [ -7.860949999999889, 9.373996 ], [ -7.865013, 9.371214 ], [ -7.865884, 9.371127000000172 ], [ -7.866087, 9.371029 ], [ -7.869493, 9.368173000000183 ], [ -7.870191, 9.367355 ], [ -7.870197, 9.3655720000001 ], [ -7.87, 9.365463000000148 ], [ -7.869832, 9.365253000000166 ], [ -7.868501, 9.362337000000139 ], [ -7.869288, 9.36094 ], [ -7.869632, 9.360516 ], [ -7.870115999999882, 9.360455 ], [ -7.87125, 9.361457000000144 ], [ -7.871924, 9.361766000000102 ], [ -7.872672, 9.361486 ], [ -7.874364, 9.360188000000107 ], [ -7.875177, 9.356922 ], [ -7.875566999999876, 9.353982 ], [ -7.875526999999863, 9.353656 ], [ -7.878081, 9.347037 ], [ -7.878720999999814, 9.346788 ], [ -7.880269999999882, 9.34283500000015 ], [ -7.88206, 9.335956000000124 ], [ -7.882404999999892, 9.332209 ], [ -7.882426, 9.331284 ], [ -7.881669, 9.32931 ], [ -7.881161, 9.328539 ], [ -7.880400999999893, 9.326884 ], [ -7.876688999999885, 9.318644000000177 ], [ -7.877935, 9.31375 ], [ -7.878326999999899, 9.304498 ], [ -7.877235999999868, 9.301104 ], [ -7.877013, 9.300534000000141 ], [ -7.876106999999877, 9.300407 ], [ -7.878716, 9.293592 ], [ -7.879024, 9.29360400000013 ], [ -7.879225, 9.293572000000154 ], [ -7.881262999999819, 9.292948 ], [ -7.882739999999899, 9.291664 ], [ -7.888071, 9.285952000000123 ], [ -7.888682999999844, 9.285100000000114 ], [ -7.88893499999989, 9.284524 ], [ -7.891303999999877, 9.277672000000166 ], [ -7.894697, 9.26925800000015 ], [ -7.897885, 9.257920000000126 ], [ -7.898075, 9.257477 ], [ -7.900013999999885, 9.253014 ], [ -7.900951, 9.251155 ], [ -7.901512, 9.250508 ], [ -7.902087999999821, 9.250206000000105 ], [ -7.902608, 9.250143 ], [ -7.902829, 9.250041000000124 ], [ -7.903247, 9.24976700000019 ], [ -7.903525, 9.249514 ], [ -7.90386, 9.249032000000113 ], [ -7.904124, 9.248450000000105 ], [ -7.905308999999875, 9.243182000000161 ], [ -7.905558999999869, 9.239725000000135 ], [ -7.905821, 9.239248 ], [ -7.906819, 9.239124000000118 ], [ -7.9084, 9.239293 ], [ -7.909755, 9.238692 ], [ -7.911367, 9.23566 ], [ -7.911502999999868, 9.234009 ], [ -7.911121, 9.233388000000161 ], [ -7.910881999999845, 9.232522 ], [ -7.910725999999897, 9.231588000000102 ], [ -7.911032, 9.230182000000127 ], [ -7.911248, 9.229825 ], [ -7.914792, 9.224986 ], [ -7.916114, 9.223398000000145 ], [ -7.916746999999816, 9.223002 ], [ -7.917604, 9.222544 ], [ -7.919048999999859, 9.218043 ], [ -7.920069, 9.212409 ], [ -7.920137999999895, 9.210776000000124 ], [ -7.92004, 9.209789000000171 ], [ -7.91976099999988, 9.208766 ], [ -7.919535, 9.208625 ], [ -7.918984, 9.209095000000104 ], [ -7.918278, 9.209122 ], [ -7.91788199999985, 9.208671 ], [ -7.916712, 9.206342 ], [ -7.916515999999888, 9.205812 ], [ -7.916572, 9.204458000000102 ], [ -7.915841999999884, 9.198224 ], [ -7.914415, 9.189365000000123 ], [ -7.905307999999877, 9.1787700000001 ], [ -7.903629, 9.177639000000113 ], [ -7.90262899999982, 9.177305 ], [ -7.899674999999831, 9.175841 ], [ -7.897375, 9.173777 ], [ -7.894496, 9.170865000000106 ], [ -7.893663, 9.17000000000013 ], [ -7.890657, 9.167330000000163 ], [ -7.88264, 9.161609 ], [ -7.881477999999845, 9.161385000000166 ], [ -7.877442999999857, 9.160968000000139 ], [ -7.87212, 9.1599 ], [ -7.870176, 9.159018 ], [ -7.869616999999892, 9.159224 ], [ -7.869419, 9.159384000000159 ], [ -7.868509, 9.160376000000156 ], [ -7.865384, 9.163202 ], [ -7.859277, 9.167245 ], [ -7.858135, 9.167425 ], [ -7.856771, 9.167484000000115 ], [ -7.855070999999839, 9.168669000000136 ], [ -7.855042, 9.16949 ], [ -7.854517, 9.171454000000153 ], [ -7.854263, 9.172178 ], [ -7.852146, 9.176601 ], [ -7.851271, 9.177745 ], [ -7.850184, 9.179103000000111 ], [ -7.848794999999882, 9.179695 ], [ -7.848071, 9.17902800000013 ], [ -7.847373999999888, 9.178573000000142 ], [ -7.846859, 9.178467 ], [ -7.839816, 9.178156000000115 ], [ -7.838412999999889, 9.178344 ], [ -7.835481, 9.178972000000101 ], [ -7.824028, 9.176465000000178 ], [ -7.823357, 9.176020000000108 ], [ -7.821744, 9.174847 ], [ -7.820362, 9.173235 ], [ -7.821242, 9.1714750000001 ], [ -7.822519, 9.169926 ], [ -7.82344, 9.168895 ], [ -7.82398, 9.161325 ], [ -7.823769, 9.15855 ], [ -7.823593, 9.157919000000106 ], [ -7.823111, 9.156685 ], [ -7.820816, 9.152082000000121 ], [ -7.820325, 9.151362 ], [ -7.819815, 9.150912000000119 ], [ -7.813152, 9.146484 ], [ -7.81113699999986, 9.145575000000122 ], [ -7.810265999999899, 9.145103000000177 ], [ -7.807486, 9.143323000000123 ], [ -7.806633, 9.14115 ], [ -7.806478, 9.140754 ], [ -7.806562, 9.140122000000133 ], [ -7.806854, 9.138686000000178 ], [ -7.807396, 9.137546 ], [ -7.807177, 9.135748 ], [ -7.806972384999881, 9.134453651 ], [ -7.806735, 9.132952 ], [ -7.806592, 9.132381 ], [ -7.805533, 9.131102 ], [ -7.805226999999888, 9.130883 ], [ -7.80495, 9.130882 ], [ -7.804498, 9.130834000000107 ], [ -7.803977, 9.13071600000012 ], [ -7.801239, 9.129708 ], [ -7.797678, 9.126348 ], [ -7.792791, 9.120936 ], [ -7.78684, 9.114342 ], [ -7.785524999999893, 9.112053000000117 ], [ -7.782387, 9.107203 ], [ -7.781565999999884, 9.106166 ], [ -7.780287, 9.104996 ], [ -7.773494, 9.100615000000175 ], [ -7.770481, 9.100095000000124 ], [ -7.767516, 9.099848000000122 ], [ -7.766916, 9.099230000000148 ], [ -7.766661999999883, 9.098314 ], [ -7.766733999999872, 9.097887 ], [ -7.766806, 9.097548 ], [ -7.767164, 9.096974 ], [ -7.766977, 9.096794 ], [ -7.763395, 9.094544 ], [ -7.762965, 9.094399000000124 ], [ -7.757598, 9.09455800000012 ], [ -7.756688, 9.094762000000117 ], [ -7.75572, 9.094925000000103 ], [ -7.754653, 9.095083 ], [ -7.75417, 9.095055 ], [ -7.748923, 9.091994 ], [ -7.74762399999986, 9.090568 ], [ -7.746273, 9.088979 ], [ -7.742105, 9.085925 ], [ -7.739721, 9.084704000000158 ], [ -7.734387, 9.082881000000157 ], [ -7.730568, 9.081084000000146 ], [ -7.726767, 9.073397 ], [ -7.726567664999891, 9.072828454000046 ], [ -7.726564, 9.072818 ], [ -7.72783034899993, 9.071081179000032 ], [ -7.730335, 9.067646 ], [ -7.731056, 9.06683900000013 ], [ -7.733578, 9.064959000000158 ], [ -7.73403, 9.064721000000191 ], [ -7.734792, 9.06453 ], [ -7.737334, 9.064234 ], [ -7.74074, 9.064340000000129 ], [ -7.741573, 9.064649 ], [ -7.742325999999878, 9.065147 ], [ -7.743929, 9.06572 ], [ -7.745309, 9.065839000000153 ], [ -7.748834999999872, 9.065817 ], [ -7.751102, 9.065665000000138 ], [ -7.755179, 9.066789 ], [ -7.756036999999878, 9.067102 ], [ -7.7568, 9.067406000000119 ], [ -7.757666677999964, 9.067904974000044 ], [ -7.757962, 9.068075 ], [ -7.758065999999815, 9.068475 ], [ -7.766496, 9.072848 ], [ -7.767903999999874, 9.072976 ], [ -7.768951, 9.07264 ], [ -7.773599, 9.073293000000149 ], [ -7.776862999999878, 9.074181 ], [ -7.77733, 9.074448000000132 ], [ -7.779932, 9.074435000000108 ], [ -7.780709, 9.074146 ], [ -7.783406999999897, 9.073639000000185 ], [ -7.78788, 9.072901 ], [ -7.788715, 9.073097 ], [ -7.790248, 9.073705000000132 ], [ -7.791312999999889, 9.074366000000111 ], [ -7.792564, 9.074688 ], [ -7.797016999999869, 9.073853 ], [ -7.802350999999874, 9.073346 ], [ -7.805097999999873, 9.073852 ], [ -7.805803999999853, 9.073929 ], [ -7.806627, 9.073449 ], [ -7.808937999999898, 9.07086500000014 ], [ -7.816453, 9.067683000000102 ], [ -7.821226, 9.06379800000019 ], [ -7.822147, 9.063604000000112 ], [ -7.829124, 9.065365 ], [ -7.830904, 9.065914000000134 ], [ -7.832863, 9.067073000000107 ], [ -7.840262, 9.066225 ], [ -7.841425999999899, 9.065429000000165 ], [ -7.847511, 9.059247 ], [ -7.848686, 9.058022000000108 ], [ -7.849014, 9.057331000000147 ], [ -7.849144, 9.05699600000014 ], [ -7.849254, 9.056278 ], [ -7.849185, 9.055711 ], [ -7.848816, 9.0549 ], [ -7.84806, 9.054322 ], [ -7.847942999999816, 9.053854 ], [ -7.848086, 9.052612000000124 ], [ -7.849575999999843, 9.04502 ], [ -7.85119799999984, 9.041106 ], [ -7.854402999999877, 9.03585500000014 ], [ -7.856739999999888, 9.032525 ], [ -7.865371, 9.030177000000151 ], [ -7.868764, 9.029756000000134 ], [ -7.876723, 9.029778 ], [ -7.878183, 9.030059000000165 ], [ -7.87978, 9.03118 ], [ -7.880932, 9.031431000000168 ], [ -7.881828, 9.031421 ], [ -7.883766, 9.030742 ], [ -7.890693619999922, 9.027555238000105 ], [ -7.891606571999887, 9.026870524000117 ], [ -7.892747762999875, 9.025786393000033 ], [ -7.896021987999916, 9.027738369000076 ], [ -7.89788311999996, 9.030351155000119 ], [ -7.898125266999955, 9.031090340000048 ], [ -7.897540761999892, 9.031549405000135 ], [ -7.897826059999886, 9.032747655000151 ], [ -7.898168416999965, 9.033489429000042 ], [ -7.898967249999885, 9.033660607000172 ], [ -7.901021392999951, 9.033204131000048 ], [ -7.903303773999937, 9.032062941000163 ], [ -7.903931428999954, 9.031549405000135 ], [ -7.910093856999936, 9.025386977000039 ], [ -7.911520344999815, 9.021392810000066 ], [ -7.915638061999971, 9.014270982000028 ], [ -7.916941, 9.013918013000023 ], [ -7.919166320999977, 9.014431548000175 ], [ -7.920364570999823, 9.014317429000016 ], [ -7.920935165999936, 9.013803894000091 ], [ -7.923160487999951, 9.011122096000065 ], [ -7.923788142999911, 9.009923846000049 ], [ -7.920193392999977, 9.000509025000099 ], [ -7.918995142999847, 8.997598988999982 ], [ -7.918310427999927, 8.996286620000035 ], [ -7.919394558999954, 8.994403656000031 ], [ -7.92333166599991, 8.988754764000021 ], [ -7.924815213999921, 8.9880700490001 ], [ -7.926755237999942, 8.987499454000044 ], [ -7.927668189999963, 8.988526525000054 ], [ -7.929778, 8.989399 ], [ -7.930376595999974, 8.989403651000146 ], [ -7.931065, 8.989409000000137 ], [ -7.934000999999853, 8.987946 ], [ -7.934717, 8.981848000000184 ], [ -7.934516, 8.980992 ], [ -7.933768, 8.979736 ], [ -7.932475, 8.97770700000018 ], [ -7.931661, 8.97757700000011 ], [ -7.930139, 8.975305 ], [ -7.927106, 8.967487000000119 ], [ -7.927073, 8.96713700000015 ], [ -7.927007999999887, 8.966435000000104 ], [ -7.927022, 8.965806000000157 ], [ -7.927208999999891, 8.964308000000187 ], [ -7.928119, 8.962194 ], [ -7.928671999999892, 8.961327 ], [ -7.929483, 8.960054 ], [ -7.929964999999868, 8.958181 ], [ -7.92991499999988, 8.957371000000137 ], [ -7.929487, 8.955277 ], [ -7.929056, 8.953911 ], [ -7.927753999999879, 8.951518 ], [ -7.927071, 8.950574000000131 ], [ -7.926704, 8.949741000000131 ], [ -7.926201999999819, 8.9471190000001 ], [ -7.925944, 8.945577 ], [ -7.926108, 8.944522000000177 ], [ -7.923395, 8.941215000000113 ], [ -7.918621, 8.936601 ], [ -7.917538, 8.936899 ], [ -7.916443, 8.936633 ], [ -7.916698, 8.935632 ], [ -7.917383999999856, 8.934292 ], [ -7.919139, 8.930978 ], [ -7.921041999999829, 8.928335 ], [ -7.921926999999869, 8.927207000000124 ], [ -7.923809, 8.925904000000173 ], [ -7.925993, 8.924725000000137 ], [ -7.928687533999948, 8.920078010000054 ], [ -7.934428, 8.911237 ], [ -7.93744229899994, 8.906710593000071 ], [ -7.932938590999981, 8.90454594400012 ], [ -7.925248131999922, 8.903058913999985 ], [ -7.920689091999918, 8.896761677000029 ], [ -7.916742632999899, 8.892065697000021 ], [ -7.915604124999845, 8.891471692000152 ], [ -7.914515116999894, 8.888699672000087 ], [ -7.914564616999883, 8.885135647000027 ], [ -7.915257621999956, 8.883650636000141 ], [ -7.916099127999928, 8.882957631000124 ], [ -7.918326643999933, 8.883056632000034 ], [ -7.919960155999945, 8.883254633000149 ], [ -7.921643167999832, 8.883650636000141 ], [ -7.925086999999849, 8.884126 ], [ -7.928737, 8.881338000000142 ], [ -7.93211899999983, 8.87731 ], [ -7.933117, 8.876018000000101 ], [ -7.933833999999877, 8.871711000000118 ], [ -7.937526, 8.849592000000143 ], [ -7.937639, 8.84904900000015 ], [ -7.937881999999888, 8.849035 ], [ -7.941959999999881, 8.849369 ], [ -7.948279, 8.849711 ], [ -7.949875, 8.849511000000177 ], [ -7.951658999999893, 8.849106 ], [ -7.952587, 8.848583000000133 ], [ -7.9546, 8.846643 ], [ -7.955295, 8.845816000000184 ], [ -7.9557, 8.845308 ], [ -7.955847, 8.844918000000121 ], [ -7.955756200999815, 8.842582034000088 ], [ -7.95502876799992, 8.833724253000071 ], [ -7.954301369999939, 8.824866466000174 ], [ -7.956436335999967, 8.822427876 ], [ -7.958549490999928, 8.817740907000086 ], [ -7.958741999999859, 8.814446 ], [ -7.956397, 8.812582 ], [ -7.954221, 8.811472 ], [ -7.951893, 8.809368000000177 ], [ -7.950152, 8.805547 ], [ -7.949385, 8.803718 ], [ -7.948992, 8.80267600000019 ], [ -7.948714, 8.797876 ], [ -7.948849, 8.796672 ], [ -7.948982, 8.795742 ], [ -7.949151, 8.794873 ], [ -7.949603, 8.794139 ], [ -7.950322, 8.793824000000143 ], [ -7.949568999999826, 8.790247000000136 ], [ -7.948614, 8.788675 ], [ -7.944804, 8.785917000000154 ], [ -7.944376, 8.785702000000128 ], [ -7.943709999999896, 8.785512 ], [ -7.943067, 8.785417000000166 ], [ -7.940712, 8.785750000000178 ], [ -7.935432, 8.780682 ], [ -7.932859, 8.777636 ], [ -7.93153999999987, 8.776612000000114 ], [ -7.925604, 8.775216 ], [ -7.923173, 8.774996000000158 ], [ -7.920477, 8.774769 ], [ -7.912655, 8.774835000000166 ], [ -7.907528, 8.77638300000018 ], [ -7.9023, 8.777796 ], [ -7.901347999999871, 8.777758 ], [ -7.899792, 8.778565 ], [ -7.89804, 8.780111 ], [ -7.897501, 8.780622000000108 ], [ -7.897015999999894, 8.781313 ], [ -7.896277, 8.784534000000122 ], [ -7.89386, 8.789414000000136 ], [ -7.893289, 8.788891 ], [ -7.890898999999877, 8.788036000000147 ], [ -7.889623, 8.787871000000166 ], [ -7.881351999999879, 8.789904000000149 ], [ -7.877295, 8.791417000000138 ], [ -7.871086, 8.789789 ], [ -7.869434, 8.789041000000168 ], [ -7.8692, 8.788876000000187 ], [ -7.863255, 8.779896 ], [ -7.864061, 8.779873000000123 ], [ -7.864529999999888, 8.779118000000153 ], [ -7.863777, 8.775846000000172 ], [ -7.863163, 8.774599 ], [ -7.859683, 8.773736 ], [ -7.847954999999899, 8.775619 ], [ -7.846937, 8.774709 ], [ -7.846219, 8.77423 ], [ -7.845413999999892, 8.773734 ], [ -7.841778, 8.772979 ], [ -7.837895, 8.772278 ], [ -7.837257, 8.77221800000018 ], [ -7.835524, 8.772028 ], [ -7.835182, 8.771879000000183 ], [ -7.830733, 8.76857600000011 ], [ -7.830638, 8.766762000000142 ], [ -7.831136999999899, 8.765215000000182 ], [ -7.831763, 8.763397 ], [ -7.832191, 8.762808000000177 ], [ -7.833141, 8.761417 ], [ -7.833184, 8.760718 ], [ -7.833083999999872, 8.759335 ], [ -7.827098, 8.759190000000103 ], [ -7.826428, 8.759219 ], [ -7.822119, 8.759481 ], [ -7.817775, 8.763952000000131 ], [ -7.817043, 8.766019 ], [ -7.816562, 8.766415 ], [ -7.809339, 8.768196000000103 ], [ -7.808786, 8.768213000000117 ], [ -7.80825, 8.76800500000013 ], [ -7.80744, 8.767504 ], [ -7.80655, 8.767095000000154 ], [ -7.805923, 8.767011000000139 ], [ -7.800983, 8.766403 ], [ -7.800741, 8.766398 ], [ -7.80045, 8.76651100000015 ], [ -7.79936, 8.766818000000114 ], [ -7.798462, 8.767046000000164 ], [ -7.797537, 8.767231 ], [ -7.795300999999824, 8.766246 ], [ -7.793968, 8.765627000000165 ], [ -7.793433999999877, 8.765342 ], [ -7.793111999999894, 8.7652700000001 ], [ -7.791424, 8.765713000000176 ], [ -7.786602298999981, 8.767446480999979 ], [ -7.785916608999969, 8.768420882000044 ], [ -7.786097053999981, 8.770441862000098 ], [ -7.785555719999877, 8.772498931000086 ], [ -7.784509140999944, 8.774411645000043 ], [ -7.783823451999979, 8.774628178000114 ], [ -7.778987534999885, 8.773545510000076 ], [ -7.77786877799997, 8.773220710000032 ], [ -7.775234286999932, 8.772174130999986 ], [ -7.774801218999926, 8.771668886000043 ], [ -7.774151961999905, 8.767482489000145 ], [ -7.77451250799993, 8.766941236000036 ], [ -7.776028242999928, 8.766039013000068 ], [ -7.776930465999953, 8.765136790000099 ], [ -7.777940955999895, 8.764090211000109 ], [ -7.777940955999895, 8.763079721000167 ], [ -7.77786877799997, 8.761672253000086 ], [ -7.777832688999979, 8.761167008000086 ], [ -7.777435710999839, 8.761022652000065 ], [ -7.777100250999979, 8.761425515999974 ], [ -7.776605665999909, 8.76160007500016 ], [ -7.776064331999976, 8.761672253000086 ], [ -7.775306463999868, 8.761563986000112 ], [ -7.774548596999978, 8.761347452000109 ], [ -7.772924594999893, 8.760300873000119 ], [ -7.772274993999872, 8.759723451000127 ], [ -7.772085464999918, 8.759040529000117 ], [ -7.772708061999936, 8.757882915000096 ], [ -7.77317721799983, 8.757413759000144 ], [ -7.773826817999918, 8.756836336000049 ], [ -7.774115529999904, 8.756258913000181 ], [ -7.774079440999969, 8.755681491000189 ], [ -7.773718551999934, 8.755212335000067 ], [ -7.771914104999951, 8.753480066 ], [ -7.771336681999969, 8.753010910000114 ], [ -7.770738301999927, 8.753116247000037 ], [ -7.770037480999918, 8.754165756000077 ], [ -7.769366446999925, 8.754189441 ], [ -7.768810456999915, 8.754021400000056 ], [ -7.768035021999879, 8.753339882000148 ], [ -7.767511255999977, 8.752361309000094 ], [ -7.767763877999926, 8.749402017000023 ], [ -7.768990901999928, 8.748499794000054 ], [ -7.772184692999929, 8.744460368000148 ], [ -7.778911207999954, 8.729589041000111 ], [ -7.772132873999908, 8.72678690000015 ], [ -7.764495364999959, 8.724718863000021 ], [ -7.757349218999934, 8.722515424000051 ], [ -7.755171666999956, 8.718742239000051 ], [ -7.748690215999943, 8.719237162000013 ], [ -7.747861699999874, 8.719300427 ], [ -7.744938710999975, 8.713417828000104 ], [ -7.742635327999892, 8.70965732000019 ], [ -7.739999328999943, 8.708031407000021 ], [ -7.734015831999955, 8.704906129000108 ], [ -7.73091097899993, 8.703876484999967 ], [ -7.729579414999932, 8.701880332000087 ], [ -7.729780495999876, 8.69868290800008 ], [ -7.729970537999975, 8.69453898 ], [ -7.721791990999975, 8.686705134000022 ], [ -7.717831320999949, 8.683674257000177 ], [ -7.71542974099998, 8.681690116000027 ], [ -7.714105398999948, 8.68028539900007 ], [ -7.713114539999935, 8.676864881000029 ], [ -7.713111565999952, 8.672204358000158 ], [ -7.712878235999938, 8.666690589000041 ], [ -7.709514400999865, 8.663770434000071 ], [ -7.708040115999893, 8.66420215300019 ], [ -7.703829902999928, 8.664627905000089 ], [ -7.703025704999959, 8.664107542000124 ], [ -7.700802334999935, 8.660370387000057 ], [ -7.699624731999961, 8.657791482000107 ], [ -7.698824661999936, 8.654663675000052 ], [ -7.692725692999943, 8.651775776000079 ], [ -7.689912368999956, 8.651342061000037 ], [ -7.685528504999979, 8.646133227000178 ], [ -7.684697325999934, 8.643488706000085 ], [ -7.682203797999875, 8.638728250000042 ], [ -7.679483577999974, 8.635479054000143 ], [ -7.668527144999871, 8.622935827000163 ], [ -7.664975743999946, 8.619308822000164 ], [ -7.662784462999923, 8.617797611000071 ], [ -7.663917880999975, 8.615983909000136 ], [ -7.666789222999967, 8.615152707000107 ], [ -7.670038376999969, 8.609183738000127 ], [ -7.669962814999849, 8.603214107000099 ], [ -7.670945106999852, 8.601627108000173 ], [ -7.674041957999918, 8.5960091070001 ], [ -7.677138716999934, 8.590391078999971 ], [ -7.680235384999889, 8.584773025 ], [ -7.683565564999924, 8.578479425000126 ], [ -7.686895634999928, 8.57218579400012 ], [ -7.690225595999948, 8.565892132000045 ], [ -7.689816478999944, 8.558584435000114 ], [ -7.690053936999959, 8.55190451600015 ], [ -7.686579919999929, 8.546435292000069 ], [ -7.683106001999931, 8.540966036000157 ], [ -7.67963218299991, 8.535496747000138 ], [ -7.677437072999908, 8.531194878000122 ], [ -7.675242011999842, 8.526892995000082 ], [ -7.671834590999822, 8.520068692000052 ], [ -7.667345396999906, 8.51219168 ], [ -7.666496970999958, 8.510781792999978 ], [ -7.663629192999906, 8.509512825000172 ], [ -7.660747952999884, 8.507061130000068 ], [ -7.659179, 8.49871 ], [ -7.658928, 8.496617000000128 ], [ -7.659928, 8.49524700000012 ], [ -7.660809, 8.494673 ], [ -7.661299, 8.493727 ], [ -7.661689, 8.492535 ], [ -7.661993999999879, 8.491579000000172 ], [ -7.663712, 8.485944 ], [ -7.664021, 8.484064000000103 ], [ -7.663375, 8.479899000000103 ], [ -7.663052, 8.47876 ], [ -7.662706999999898, 8.477085000000159 ], [ -7.66406899999987, 8.472761000000162 ], [ -7.665190999999822, 8.47089300000016 ], [ -7.665691, 8.470586000000139 ], [ -7.667937, 8.469647 ], [ -7.668261, 8.469612 ], [ -7.668605, 8.469792000000155 ], [ -7.66870299999988, 8.470337000000143 ], [ -7.670522, 8.470025 ], [ -7.671148, 8.469793 ], [ -7.673277999999868, 8.467683 ], [ -7.673876, 8.46703 ], [ -7.674404, 8.466289 ], [ -7.674459, 8.465821 ], [ -7.674069999999858, 8.465398 ], [ -7.673428, 8.464671000000124 ], [ -7.673134, 8.46399300000013 ], [ -7.670744999999897, 8.451457000000119 ], [ -7.670586, 8.450377000000117 ], [ -7.671324, 8.447864 ], [ -7.67163, 8.44693100000012 ], [ -7.672595, 8.445116 ], [ -7.673403999999891, 8.443613 ], [ -7.673666, 8.443327000000181 ], [ -7.673808, 8.443198000000166 ], [ -7.675721, 8.442006000000106 ], [ -7.676483999999846, 8.441609000000142 ], [ -7.677529999999877, 8.441208000000131 ], [ -7.676433, 8.43727900000016 ], [ -7.67433, 8.429918 ], [ -7.673532, 8.427536 ], [ -7.672268, 8.425217 ], [ -7.67013, 8.422352 ], [ -7.667548, 8.419044 ], [ -7.664003, 8.413404 ], [ -7.663219, 8.411621000000139 ], [ -7.660494856999946, 8.408858443000042 ], [ -7.659886, 8.408241 ], [ -7.655366999999842, 8.405728000000124 ], [ -7.650982, 8.402693 ], [ -7.649799, 8.401648 ], [ -7.649354, 8.400875 ], [ -7.649012, 8.398676 ], [ -7.649199999999837, 8.397821000000135 ], [ -7.649369, 8.397245000000112 ], [ -7.649661, 8.396669 ], [ -7.649352, 8.394704000000161 ], [ -7.648166999999887, 8.388193 ], [ -7.647962999999891, 8.387329000000136 ], [ -7.646347, 8.384827 ], [ -7.645751, 8.384159 ], [ -7.643468, 8.382352 ], [ -7.640421999999887, 8.38058 ], [ -7.639559, 8.380483 ], [ -7.638352, 8.380496 ], [ -7.638079999999832, 8.380289000000118 ], [ -7.637887540999884, 8.378192303999981 ], [ -7.637853, 8.377816000000109 ], [ -7.637862, 8.377278 ], [ -7.638129999999876, 8.376552000000174 ], [ -7.63825, 8.37628100000012 ], [ -7.638459999999895, 8.376052000000186 ], [ -7.639829, 8.37529 ], [ -7.640292999999872, 8.375116 ], [ -7.643437, 8.374826 ], [ -7.644752999999866, 8.37488100000013 ], [ -7.646069, 8.375642 ], [ -7.647666, 8.376934000000176 ], [ -7.648041999999862, 8.377322000000106 ], [ -7.648512, 8.377802 ], [ -7.649455999999873, 8.377801000000147 ], [ -7.6503, 8.377719 ], [ -7.650831999999866, 8.37746600000014 ], [ -7.652728, 8.376240000000109 ], [ -7.653042, 8.375861 ], [ -7.653205, 8.375642 ], [ -7.653479, 8.375272000000109 ], [ -7.653991999999846, 8.37462 ], [ -7.654839, 8.37394 ], [ -7.6559, 8.373735000000124 ], [ -7.65882299999987, 8.373284000000126 ], [ -7.659889, 8.373731 ], [ -7.660096, 8.373952 ], [ -7.660175, 8.37426100000016 ], [ -7.660223, 8.374600000000157 ], [ -7.660184, 8.374972000000184 ], [ -7.660318, 8.375749000000155 ], [ -7.660472, 8.376127000000167 ], [ -7.661183, 8.377677000000176 ], [ -7.663918, 8.381639 ], [ -7.664594, 8.382575 ], [ -7.664783999999884, 8.382729 ], [ -7.665074999999888, 8.382876000000124 ], [ -7.665433, 8.382801000000143 ], [ -7.669889, 8.381759 ], [ -7.670886, 8.381034000000113 ], [ -7.670801, 8.380894 ], [ -7.67085, 8.380348 ], [ -7.671569, 8.378835 ], [ -7.67179, 8.378510000000176 ], [ -7.672701, 8.377836000000173 ], [ -7.674607, 8.37672600000019 ], [ -7.675135, 8.376439 ], [ -7.67547999999988, 8.376335000000154 ], [ -7.680914, 8.375211 ], [ -7.68183, 8.375192 ], [ -7.682235999999875, 8.375503 ], [ -7.682792, 8.376163000000133 ], [ -7.683268999999882, 8.377062 ], [ -7.683975, 8.378138000000149 ], [ -7.684542, 8.378704 ], [ -7.684819999999888, 8.378939000000116 ], [ -7.685127, 8.379171000000156 ], [ -7.68659, 8.379577 ], [ -7.686942999999872, 8.379623 ], [ -7.68737, 8.379569 ], [ -7.689328, 8.378368000000137 ], [ -7.697554, 8.374944 ], [ -7.698948, 8.375431000000162 ], [ -7.70172, 8.376739 ], [ -7.701887999999883, 8.377074 ], [ -7.702482, 8.377555 ], [ -7.703559999999868, 8.377900000000125 ], [ -7.716380999999842, 8.380576 ], [ -7.718884999999887, 8.380911 ], [ -7.723149, 8.380825 ], [ -7.733946, 8.379721000000188 ], [ -7.734920999999872, 8.379149 ], [ -7.735315, 8.378783 ], [ -7.735752999999875, 8.378617000000133 ], [ -7.737465705999909, 8.37820309000017 ], [ -7.739340649999974, 8.377749972000174 ], [ -7.740494999999839, 8.377471000000185 ], [ -7.741242999999827, 8.377628 ], [ -7.742133, 8.378456000000142 ], [ -7.745689, 8.382614000000103 ], [ -7.746269, 8.383302000000185 ], [ -7.747548, 8.385004000000151 ], [ -7.748272, 8.386265 ], [ -7.749598, 8.389872 ], [ -7.753533999999888, 8.394470000000183 ], [ -7.756163, 8.39765 ], [ -7.756428, 8.39818200000019 ], [ -7.757454999999879, 8.404306 ], [ -7.757217, 8.405162000000189 ], [ -7.75637399999988, 8.406608000000119 ], [ -7.755715, 8.407854 ], [ -7.755666, 8.408451000000184 ], [ -7.755871, 8.409221000000116 ], [ -7.759062, 8.416144 ], [ -7.759772, 8.41738 ], [ -7.760946999999874, 8.418446000000131 ], [ -7.762416, 8.418775000000153 ], [ -7.763186, 8.419524000000138 ], [ -7.763462, 8.419872000000169 ], [ -7.763847, 8.420465 ], [ -7.764065, 8.421141 ], [ -7.764513, 8.422653 ], [ -7.764457, 8.423132 ], [ -7.763993, 8.424317 ], [ -7.763357999999869, 8.4255 ], [ -7.763255, 8.425753 ], [ -7.763319, 8.426013 ], [ -7.765038999999888, 8.430108000000132 ], [ -7.768144, 8.436009 ], [ -7.771304, 8.439644 ], [ -7.773697, 8.443324 ], [ -7.77414, 8.444033000000104 ], [ -7.777998, 8.450603000000172 ], [ -7.779506, 8.45888 ], [ -7.779492999999889, 8.460252 ], [ -7.782145999999841, 8.465896 ], [ -7.783174, 8.466768 ], [ -7.78336499999989, 8.467241000000115 ], [ -7.785712, 8.473304000000155 ], [ -7.786158, 8.474563 ], [ -7.786286, 8.474836 ], [ -7.788988, 8.476519 ], [ -7.78977, 8.476627000000121 ], [ -7.79081699999989, 8.476531 ], [ -7.791295, 8.476208 ], [ -7.791749, 8.475863000000118 ], [ -7.792781, 8.475875 ], [ -7.794113, 8.47647 ], [ -7.794994, 8.477184 ], [ -7.795564999999897, 8.477874 ], [ -7.797055999999884, 8.480168000000162 ], [ -7.797378, 8.480802 ], [ -7.797622, 8.481591000000151 ], [ -7.79786, 8.482364000000132 ], [ -7.797904, 8.48347600000011 ], [ -7.797958, 8.484506 ], [ -7.798199, 8.48558700000018 ], [ -7.798537, 8.486385000000155 ], [ -7.799239, 8.486848 ], [ -7.800695, 8.487473 ], [ -7.801497, 8.487725000000182 ], [ -7.802293, 8.487545000000182 ], [ -7.804404, 8.486339 ], [ -7.805629, 8.485401 ], [ -7.807495, 8.484244000000103 ], [ -7.809251, 8.483852000000184 ], [ -7.811802999999884, 8.483991000000117 ], [ -7.812904, 8.484272 ], [ -7.813241, 8.484416000000124 ], [ -7.81346399999984, 8.484622000000115 ], [ -7.813749, 8.484951000000137 ], [ -7.813877999999875, 8.485276 ], [ -7.813697, 8.485752000000161 ], [ -7.813653, 8.486374000000126 ], [ -7.813731, 8.488029 ], [ -7.813959, 8.488898 ], [ -7.814508999999873, 8.489926 ], [ -7.818006999999852, 8.493646000000126 ], [ -7.818916999999828, 8.494116000000133 ], [ -7.820562, 8.494687000000113 ], [ -7.825814, 8.495486000000142 ], [ -7.826473, 8.49533300000013 ], [ -7.826909, 8.494767 ], [ -7.827165, 8.494094 ], [ -7.829844, 8.484246 ], [ -7.829873, 8.483726 ], [ -7.829376999999852, 8.482943 ], [ -7.828507999999886, 8.482225 ], [ -7.827271, 8.481304 ], [ -7.827212999999858, 8.480585 ], [ -7.827414, 8.479617 ], [ -7.828604, 8.475611 ], [ -7.829141, 8.475266 ], [ -7.83081, 8.475274 ], [ -7.831939, 8.474975 ], [ -7.833354, 8.474551000000133 ], [ -7.834249999999884, 8.474169000000131 ], [ -7.835346999999899, 8.473404 ], [ -7.835256, 8.47234200000014 ], [ -7.83449899999988, 8.470778 ], [ -7.833206, 8.469563 ], [ -7.831805, 8.467892000000177 ], [ -7.831598, 8.467321 ], [ -7.831242, 8.465584000000149 ], [ -7.830657, 8.46316400000012 ], [ -7.830351, 8.462396000000183 ], [ -7.828458999999839, 8.459773 ], [ -7.828106, 8.459329 ], [ -7.827811, 8.459215 ], [ -7.827413, 8.459180000000174 ], [ -7.827021, 8.45924 ], [ -7.82616599999983, 8.457548000000145 ], [ -7.82787599999989, 8.452647000000184 ], [ -7.828583, 8.448685000000125 ], [ -7.828658, 8.44806 ], [ -7.828502999999898, 8.447517000000119 ], [ -7.828282, 8.447276 ], [ -7.827467999999897, 8.446576 ], [ -7.826971999999898, 8.446379 ], [ -7.826221, 8.446289 ], [ -7.825506, 8.446337 ], [ -7.825052, 8.446441 ], [ -7.823943, 8.446940000000154 ], [ -7.823354, 8.447239 ], [ -7.822844, 8.447209 ], [ -7.822531, 8.446889000000169 ], [ -7.822344999999871, 8.446459000000118 ], [ -7.823177999999871, 8.443343 ], [ -7.823603, 8.442839000000106 ], [ -7.831627999999853, 8.435189 ], [ -7.833072, 8.434054000000117 ], [ -7.837705, 8.427188000000115 ], [ -7.837911, 8.426868 ], [ -7.838027, 8.426752 ], [ -7.838303, 8.426507 ], [ -7.844335999999885, 8.42656600000015 ], [ -7.845833, 8.426746 ], [ -7.848884, 8.428108000000179 ], [ -7.849598, 8.429067000000146 ], [ -7.849807, 8.430066000000181 ], [ -7.850072999999838, 8.43060000000014 ], [ -7.850763, 8.430616 ], [ -7.852348, 8.429871 ], [ -7.853964, 8.428536 ], [ -7.855746999999894, 8.426807 ], [ -7.85842, 8.426426000000106 ], [ -7.858961, 8.426798000000133 ], [ -7.859952, 8.426796 ], [ -7.860805, 8.426577000000179 ], [ -7.86261, 8.425936 ], [ -7.862974, 8.425773000000106 ], [ -7.863624, 8.425389000000109 ], [ -7.864032999999893, 8.425070000000176 ], [ -7.864345, 8.42481800000013 ], [ -7.864755, 8.424382 ], [ -7.866227, 8.42322 ], [ -7.866291538999974, 8.42322725300005 ], [ -7.86693, 8.423299 ], [ -7.872302, 8.425474 ], [ -7.873095, 8.425865 ], [ -7.873736999999892, 8.426238000000183 ], [ -7.873933, 8.42644300000012 ], [ -7.874133, 8.426806000000113 ], [ -7.874204, 8.42738 ], [ -7.874638, 8.427634 ], [ -7.874929, 8.427687000000162 ], [ -7.875990999999885, 8.427656 ], [ -7.876417, 8.427509 ], [ -7.876552, 8.427308 ], [ -7.876943999999867, 8.426717 ], [ -7.877258, 8.425766 ], [ -7.877444, 8.424956000000179 ], [ -7.877629, 8.42389100000014 ], [ -7.877628, 8.423077000000148 ], [ -7.877856999999892, 8.421986000000118 ], [ -7.878351, 8.421233000000143 ], [ -7.878717, 8.421048 ], [ -7.879224, 8.420793000000174 ], [ -7.87961399999989, 8.420625 ], [ -7.880459, 8.420469 ], [ -7.880821, 8.420557 ], [ -7.881220999999812, 8.420848 ], [ -7.881451, 8.421718000000112 ], [ -7.881538, 8.422193000000163 ], [ -7.881690999999876, 8.423562000000118 ], [ -7.881738, 8.424674 ], [ -7.880924, 8.429101000000117 ], [ -7.879989, 8.432771000000173 ], [ -7.879727999999886, 8.433626 ], [ -7.879655999999898, 8.43445 ], [ -7.880087, 8.435561000000121 ], [ -7.880317999999875, 8.435987000000182 ], [ -7.880701, 8.436632 ], [ -7.881118, 8.437493 ], [ -7.881681, 8.4394640000001 ], [ -7.881718, 8.439797000000112 ], [ -7.881614, 8.440205000000105 ], [ -7.881422, 8.44046 ], [ -7.881269, 8.440633 ], [ -7.881028999999899, 8.440757000000133 ], [ -7.880616, 8.440878 ], [ -7.879883, 8.440897000000177 ], [ -7.879449, 8.440866 ], [ -7.879177, 8.441025000000138 ], [ -7.878992, 8.441440000000171 ], [ -7.879151999999863, 8.441852000000154 ], [ -7.879605, 8.442126 ], [ -7.880285999999899, 8.442169 ], [ -7.880913, 8.441956 ], [ -7.883857999999861, 8.439327000000105 ], [ -7.884593, 8.438000000000102 ], [ -7.885534, 8.437122000000102 ], [ -7.887275999999872, 8.435981 ], [ -7.887754, 8.435901000000172 ], [ -7.890835, 8.43634 ], [ -7.891593999999827, 8.436655 ], [ -7.895326, 8.439727000000175 ], [ -7.895862, 8.440250000000106 ], [ -7.896517, 8.441084 ], [ -7.897409, 8.441965 ], [ -7.899590999999873, 8.442489 ], [ -7.902771, 8.44144400000016 ], [ -7.903207, 8.441293 ], [ -7.903418999999815, 8.440679000000102 ], [ -7.904335, 8.440146 ], [ -7.905187999999896, 8.439724000000126 ], [ -7.90575699999988, 8.439794 ], [ -7.906526, 8.439931 ], [ -7.907791, 8.440160000000105 ], [ -7.908492, 8.440356000000179 ], [ -7.90874, 8.440729000000147 ], [ -7.908695, 8.441377000000102 ], [ -7.908083, 8.442178000000126 ], [ -7.907697, 8.442611 ], [ -7.9073, 8.44307 ], [ -7.906844, 8.443708 ], [ -7.906467999999848, 8.444493 ], [ -7.904339999999877, 8.453615000000184 ], [ -7.904507, 8.45394 ], [ -7.905644999999879, 8.45526800000016 ], [ -7.906013999999857, 8.455621 ], [ -7.906897999999899, 8.455823 ], [ -7.910309, 8.454626000000133 ], [ -7.914201, 8.453205 ], [ -7.91511, 8.452978 ], [ -7.919297, 8.453157 ], [ -7.920152, 8.454734 ], [ -7.919574, 8.458848 ], [ -7.918307, 8.463842000000113 ], [ -7.918148, 8.464333 ], [ -7.917927, 8.464645 ], [ -7.913393, 8.470858 ], [ -7.912815, 8.471329000000139 ], [ -7.911693, 8.471467000000189 ], [ -7.910927, 8.471241 ], [ -7.910569, 8.470424 ], [ -7.910249, 8.469282 ], [ -7.909897, 8.467812 ], [ -7.909847, 8.467172000000119 ], [ -7.910013999999876, 8.466458 ], [ -7.91032, 8.465888 ], [ -7.910564, 8.465235 ], [ -7.910789, 8.464383000000112 ], [ -7.910684999999887, 8.463486000000103 ], [ -7.9105, 8.462806000000171 ], [ -7.910168, 8.462311 ], [ -7.909535, 8.462042 ], [ -7.908643, 8.461908000000108 ], [ -7.907118, 8.461878000000127 ], [ -7.90654899999987, 8.462306000000183 ], [ -7.906488, 8.462847000000181 ], [ -7.907547, 8.469363 ], [ -7.91396, 8.480343 ], [ -7.914562, 8.481402000000116 ], [ -7.914741, 8.484201 ], [ -7.914797999999848, 8.486282000000131 ], [ -7.915363, 8.486914 ], [ -7.916644, 8.487182000000189 ], [ -7.917726, 8.486881000000153 ], [ -7.918422999999848, 8.486157000000105 ], [ -7.918666, 8.485430000000179 ], [ -7.918748999999821, 8.485167 ], [ -7.91931, 8.485139 ], [ -7.920442, 8.485381000000189 ], [ -7.920744, 8.485732 ], [ -7.920702, 8.486189 ], [ -7.92018, 8.486862 ], [ -7.918134999999893, 8.488775 ], [ -7.917624999999873, 8.488942000000122 ], [ -7.91587, 8.48869 ], [ -7.914406, 8.488183 ], [ -7.912380999999868, 8.487341000000185 ], [ -7.910553999999877, 8.486467000000175 ], [ -7.909863, 8.486639 ], [ -7.909249, 8.487399 ], [ -7.908488, 8.488832000000116 ], [ -7.907889999999895, 8.490508 ], [ -7.907843999999898, 8.49097300000011 ], [ -7.90807, 8.491245000000106 ], [ -7.913507, 8.494006 ], [ -7.914638, 8.494232000000125 ], [ -7.91528, 8.494311 ], [ -7.915797999999882, 8.494071000000133 ], [ -7.916828, 8.493757 ], [ -7.918114, 8.493453000000159 ], [ -7.918557, 8.493598 ], [ -7.927077999999824, 8.499005000000182 ], [ -7.928494999999828, 8.501462 ], [ -7.929152, 8.502811000000122 ], [ -7.92992, 8.505786 ], [ -7.930958, 8.509474 ], [ -7.931348, 8.509843 ], [ -7.93314, 8.509671 ], [ -7.933701999999869, 8.509291000000189 ], [ -7.934057, 8.508603000000107 ], [ -7.934357, 8.507651 ], [ -7.934567, 8.506988 ], [ -7.935388, 8.506036000000165 ], [ -7.936277, 8.50520900000015 ], [ -7.93718, 8.504714 ], [ -7.938159999999868, 8.504283 ], [ -7.943609, 8.501771 ], [ -7.944242, 8.500592 ], [ -7.944961, 8.4994 ], [ -7.945732, 8.498705 ], [ -7.946399999999812, 8.498576 ], [ -7.950147, 8.499643 ], [ -7.952734, 8.500697 ], [ -7.955379, 8.500699000000168 ], [ -7.955671, 8.500611 ], [ -7.955912999999896, 8.500387000000103 ], [ -7.956265, 8.499780000000158 ], [ -7.95645, 8.499387000000183 ], [ -7.956631, 8.498807000000113 ], [ -7.956482999999821, 8.497625 ], [ -7.956643, 8.496446 ], [ -7.956762, 8.496062 ], [ -7.956926, 8.495971000000111 ], [ -7.957278, 8.496017 ], [ -7.958066, 8.496552 ], [ -7.960753, 8.499200000000144 ], [ -7.961204999999893, 8.499866000000168 ], [ -7.963114, 8.502812 ], [ -7.963569999999891, 8.503577000000121 ], [ -7.964053, 8.504535000000146 ], [ -7.96406, 8.505094 ], [ -7.963796, 8.505973 ], [ -7.963669, 8.506443000000104 ], [ -7.964007, 8.50672 ], [ -7.964373, 8.50664 ], [ -7.965424, 8.50576500000011 ], [ -7.966904999999883, 8.50354 ], [ -7.968885, 8.500481 ], [ -7.969204, 8.500304 ], [ -7.969756, 8.500306 ], [ -7.970246, 8.500392 ], [ -7.973941999999852, 8.501402 ], [ -7.97455, 8.502003 ], [ -7.975314, 8.502508 ], [ -7.976064999999892, 8.502757 ], [ -7.976521999999875, 8.502375000000143 ], [ -7.977244, 8.501141000000132 ], [ -7.977461, 8.500130000000183 ], [ -7.976251, 8.492868000000101 ], [ -7.975297, 8.490343 ], [ -7.975022999999851, 8.489893000000109 ], [ -7.975161999999898, 8.489492000000155 ], [ -7.976363999999876, 8.489099000000181 ], [ -7.983196, 8.489500000000135 ], [ -7.98834, 8.490265 ], [ -7.989239, 8.491128000000174 ], [ -7.990296, 8.491682 ], [ -8.000793, 8.496986000000106 ], [ -8.001383, 8.496871000000169 ], [ -8.001839, 8.495928000000106 ], [ -8.002014999999858, 8.494892 ], [ -8.002009999999871, 8.494472 ], [ -8.001837, 8.493887 ], [ -8.0013, 8.492784 ], [ -8.001390999999899, 8.492329 ], [ -8.001565, 8.491845000000183 ], [ -8.001903, 8.491622000000177 ], [ -8.004618, 8.489833000000147 ], [ -8.005452, 8.489917000000162 ], [ -8.012009999999862, 8.492880000000184 ], [ -8.012725, 8.493341000000157 ], [ -8.013306999999884, 8.49377 ], [ -8.01384899999988, 8.494195000000104 ], [ -8.014316, 8.494629000000145 ], [ -8.015298999999857, 8.495654 ], [ -8.015509999999892, 8.495955 ], [ -8.015826, 8.496412 ], [ -8.017111, 8.498322000000144 ], [ -8.01726699999989, 8.498853 ], [ -8.01737699999984, 8.499731 ], [ -8.017369, 8.500208 ], [ -8.017975, 8.501056 ], [ -8.018485, 8.501092 ], [ -8.027666999999894, 8.499993 ], [ -8.028831, 8.499754000000166 ], [ -8.029849, 8.498912000000132 ], [ -8.030461999999886, 8.498072 ], [ -8.031072, 8.497276000000113 ], [ -8.031645, 8.496841000000188 ], [ -8.035855, 8.49743100000012 ], [ -8.036689, 8.497576 ], [ -8.03721, 8.497669000000144 ], [ -8.038146, 8.497956 ], [ -8.047541299999864, 8.502613908000171 ], [ -8.047956999999883, 8.502820000000156 ], [ -8.047862999999836, 8.503464000000179 ], [ -8.047955999999886, 8.504212 ], [ -8.048161999999877, 8.504963 ], [ -8.048453999999879, 8.505542000000162 ], [ -8.049941999999817, 8.507118000000162 ], [ -8.050424, 8.507357 ], [ -8.050998999999877, 8.507457000000159 ], [ -8.053494999999884, 8.507330000000138 ], [ -8.054764, 8.507203 ], [ -8.059045, 8.509879000000183 ], [ -8.059333, 8.510503 ], [ -8.060432, 8.510714000000178 ], [ -8.062918, 8.511079000000166 ], [ -8.063306, 8.510710000000188 ], [ -8.06356, 8.510116 ], [ -8.063651999999877, 8.509732 ], [ -8.063957, 8.508441 ], [ -8.064475, 8.506505 ], [ -8.065226999999823, 8.503829000000167 ], [ -8.065309, 8.503667 ], [ -8.065439, 8.503479 ], [ -8.069826, 8.501269 ], [ -8.072563999999886, 8.501062 ], [ -8.082683, 8.502931000000103 ], [ -8.083741, 8.503358000000105 ], [ -8.084356999999898, 8.503641 ], [ -8.084633, 8.503855 ], [ -8.085643999999888, 8.504707000000167 ], [ -8.086194, 8.505849000000126 ], [ -8.085973, 8.507337000000177 ], [ -8.085604999999873, 8.508419000000174 ], [ -8.085459, 8.508922 ], [ -8.085671, 8.509458000000166 ], [ -8.088055999999881, 8.510926 ], [ -8.088457, 8.510849000000121 ], [ -8.088859, 8.51046 ], [ -8.089853999999889, 8.509140000000116 ], [ -8.090105999999878, 8.508778 ], [ -8.090286, 8.508504 ], [ -8.090401, 8.508181 ], [ -8.091532, 8.503285000000119 ], [ -8.092792, 8.497779000000151 ], [ -8.09358, 8.49454 ], [ -8.094343, 8.491413000000136 ], [ -8.099267999999881, 8.486291000000165 ], [ -8.101291, 8.485689 ], [ -8.102419, 8.48550900000015 ], [ -8.103145, 8.485599 ], [ -8.103522, 8.485766 ], [ -8.105113, 8.48655 ], [ -8.109587, 8.483472000000177 ], [ -8.109682, 8.483235 ], [ -8.109784, 8.482735000000105 ], [ -8.109823, 8.482397 ], [ -8.109758999999883, 8.48208000000011 ], [ -8.10962899999987, 8.481653000000108 ], [ -8.109221999999875, 8.480918 ], [ -8.109151, 8.480785 ], [ -8.109192, 8.480596 ], [ -8.109358, 8.480301000000168 ], [ -8.109549999999899, 8.480162 ], [ -8.109889999999893, 8.480048000000181 ], [ -8.110257999999874, 8.480155 ], [ -8.110409, 8.480442 ], [ -8.110557, 8.481523 ], [ -8.110729, 8.482863 ], [ -8.110819, 8.483850000000189 ], [ -8.110764, 8.485091000000182 ], [ -8.110351, 8.487635000000182 ], [ -8.111575, 8.489225 ], [ -8.114121, 8.490152 ], [ -8.115059, 8.490256000000159 ], [ -8.117705999999828, 8.489479000000131 ], [ -8.118039, 8.489162 ], [ -8.118173999999897, 8.488844 ], [ -8.118216, 8.487875000000145 ], [ -8.118283, 8.487421 ], [ -8.118534, 8.48664 ], [ -8.118986, 8.486057000000187 ], [ -8.119274, 8.48576300000019 ], [ -8.119782, 8.485574 ], [ -8.120289, 8.485672000000136 ], [ -8.128735, 8.488681 ], [ -8.129555, 8.489354000000105 ], [ -8.129917999999861, 8.489735 ], [ -8.130075, 8.489990000000148 ], [ -8.130652, 8.490992000000119 ], [ -8.130942, 8.491846 ], [ -8.131197999999813, 8.493505 ], [ -8.131252, 8.494228 ], [ -8.131305, 8.494817 ], [ -8.131721, 8.49542 ], [ -8.132099, 8.495633 ], [ -8.135433, 8.496289000000161 ], [ -8.13713, 8.496504000000186 ], [ -8.137474, 8.496190000000126 ], [ -8.13759, 8.495739000000128 ], [ -8.13769, 8.494396 ], [ -8.137368, 8.493034000000137 ], [ -8.136794999999893, 8.492054 ], [ -8.13666899999987, 8.491137 ], [ -8.136907, 8.490311 ], [ -8.137202999999886, 8.489894 ], [ -8.13765, 8.489587 ], [ -8.140806, 8.489056000000176 ], [ -8.14524699999987, 8.48768600000011 ], [ -8.145204999999862, 8.485756000000151 ], [ -8.144401, 8.485079 ], [ -8.144224, 8.484839000000136 ], [ -8.144232, 8.4844030000001 ], [ -8.14512, 8.484318 ], [ -8.146855, 8.48436 ], [ -8.150407999999857, 8.485037000000148 ], [ -8.150704, 8.485883000000172 ], [ -8.150872999999876, 8.487787000000139 ], [ -8.149606, 8.492982 ], [ -8.149239, 8.493835000000161 ], [ -8.148750999999891, 8.494242 ], [ -8.148362, 8.494738 ], [ -8.14838, 8.49556 ], [ -8.148965, 8.495920000000183 ], [ -8.157104, 8.496106000000111 ], [ -8.157749, 8.49585900000011 ], [ -8.15868799999987, 8.494782000000157 ], [ -8.159533999999894, 8.493626 ], [ -8.159862, 8.492716 ], [ -8.160292, 8.492542000000128 ], [ -8.162189, 8.492948000000126 ], [ -8.163347, 8.493857 ], [ -8.166770999999869, 8.498954 ], [ -8.167120999999895, 8.500212 ], [ -8.167279999999892, 8.501765 ], [ -8.16735999999986, 8.50278 ], [ -8.167632, 8.50307 ], [ -8.169348, 8.50366200000019 ], [ -8.170556, 8.503470000000107 ], [ -8.176113, 8.503814 ], [ -8.184632, 8.504764 ], [ -8.184893999999872, 8.50481 ], [ -8.185186999999871, 8.504919 ], [ -8.186162, 8.505363000000102 ], [ -8.187282, 8.505951 ], [ -8.187987, 8.506411000000128 ], [ -8.188184, 8.506582 ], [ -8.188505, 8.506828000000155 ], [ -8.188907, 8.506537 ], [ -8.189299, 8.505690000000129 ], [ -8.190083, 8.503014 ], [ -8.190178999999887, 8.502574 ], [ -8.190315999999882, 8.501431 ], [ -8.190264999999897, 8.50111 ], [ -8.190031, 8.500834000000168 ], [ -8.189431999999897, 8.50071 ], [ -8.189064, 8.500696000000119 ], [ -8.188562999999874, 8.500678 ], [ -8.187634, 8.499932000000115 ], [ -8.187572, 8.499737000000152 ], [ -8.187628, 8.499419000000159 ], [ -8.187815999999884, 8.499089 ], [ -8.190029, 8.495437 ], [ -8.190384999999878, 8.495196000000135 ], [ -8.190915, 8.494856 ], [ -8.191327, 8.494614000000126 ], [ -8.192087, 8.494114000000138 ], [ -8.195208, 8.490821 ], [ -8.195162, 8.490322000000106 ], [ -8.194935999999871, 8.489814 ], [ -8.19453, 8.489018 ], [ -8.194335, 8.488402 ], [ -8.194573, 8.487659 ], [ -8.194736, 8.487432 ], [ -8.197664, 8.483578 ], [ -8.203564, 8.478177 ], [ -8.205927999999858, 8.476058 ], [ -8.206366, 8.47566600000016 ], [ -8.210748, 8.473434 ], [ -8.21150299999988, 8.473369 ], [ -8.212239, 8.473617000000104 ], [ -8.212586999999871, 8.473950000000116 ], [ -8.212954, 8.474619 ], [ -8.213399, 8.474736000000121 ], [ -8.213829, 8.474736000000121 ], [ -8.215384, 8.474361 ], [ -8.215859, 8.474099 ], [ -8.216166999999871, 8.473728 ], [ -8.216365, 8.473447 ], [ -8.216848, 8.472733000000119 ], [ -8.217198, 8.471989 ], [ -8.218058, 8.469758000000184 ], [ -8.217692, 8.469210000000146 ], [ -8.216595, 8.46821400000016 ], [ -8.215118, 8.466554000000144 ], [ -8.214916, 8.466177000000187 ], [ -8.214804999999899, 8.465968000000146 ], [ -8.214548, 8.464010000000144 ], [ -8.214668999999844, 8.463671000000147 ], [ -8.215151, 8.463512000000151 ], [ -8.215428, 8.463486000000103 ], [ -8.216217, 8.463508000000161 ], [ -8.217218999999886, 8.463748000000123 ], [ -8.218158, 8.464139000000159 ], [ -8.218704999999829, 8.464423 ], [ -8.219066, 8.464589000000103 ], [ -8.219542999999874, 8.464802000000134 ], [ -8.22062499999987, 8.465077000000122 ], [ -8.221757, 8.465031 ], [ -8.223647, 8.464485 ], [ -8.224243999999828, 8.464243 ], [ -8.224613, 8.464089000000115 ], [ -8.224857, 8.463659 ], [ -8.224855, 8.463271 ], [ -8.224782, 8.462634000000151 ], [ -8.224744999999871, 8.462237000000187 ], [ -8.224771, 8.462029 ], [ -8.224852, 8.461871 ], [ -8.225265, 8.461938 ], [ -8.225914999999873, 8.462639 ], [ -8.226472, 8.463246 ], [ -8.227342, 8.464624000000128 ], [ -8.228498999999886, 8.466958000000147 ], [ -8.228469, 8.467182 ], [ -8.227833999999859, 8.468619000000103 ], [ -8.227511, 8.46890500000012 ], [ -8.227085999999872, 8.468767 ], [ -8.226726, 8.467942 ], [ -8.226566, 8.467739000000108 ], [ -8.226307, 8.467576000000122 ], [ -8.22599799999989, 8.467655 ], [ -8.225726, 8.46803100000011 ], [ -8.225582, 8.468316 ], [ -8.225477, 8.468742000000134 ], [ -8.225427, 8.469101 ], [ -8.22668, 8.470537 ], [ -8.227134, 8.470755000000111 ], [ -8.227248, 8.470743 ], [ -8.235502999999881, 8.465025 ], [ -8.235679, 8.464792 ], [ -8.235981, 8.464282 ], [ -8.237958999999876, 8.459826 ], [ -8.238102, 8.459333 ], [ -8.238034, 8.458799000000113 ], [ -8.237146, 8.457104000000186 ], [ -8.236129999999889, 8.456089 ], [ -8.235774, 8.455882000000145 ], [ -8.235388, 8.455917 ], [ -8.235214, 8.455913 ], [ -8.235065, 8.455883 ], [ -8.234735, 8.455596000000128 ], [ -8.234565, 8.455383 ], [ -8.234613, 8.455161 ], [ -8.234861, 8.454208 ], [ -8.237734, 8.44643 ], [ -8.238466, 8.445806000000118 ], [ -8.23978499999987, 8.444537 ], [ -8.239944, 8.442674000000125 ], [ -8.23995, 8.442409 ], [ -8.239949, 8.441048 ], [ -8.239949908999847, 8.439954668000041 ], [ -8.239953999999898, 8.435033 ], [ -8.240943, 8.431094 ], [ -8.240963, 8.430809 ], [ -8.24052799999987, 8.428799 ], [ -8.239966, 8.427339000000131 ], [ -8.238567, 8.425987 ], [ -8.238137, 8.425593000000106 ], [ -8.235654, 8.423679 ], [ -8.235463, 8.423612000000162 ], [ -8.235146, 8.423568 ], [ -8.234607, 8.423453000000166 ], [ -8.234479, 8.423301 ], [ -8.234172999999885, 8.422584 ], [ -8.23449799999986, 8.419971 ], [ -8.234793, 8.419025 ], [ -8.235397, 8.417998000000182 ], [ -8.236479, 8.417014000000108 ], [ -8.238012, 8.415615000000173 ], [ -8.236052, 8.413698000000181 ], [ -8.23456, 8.412386 ], [ -8.233468, 8.411729 ], [ -8.232336, 8.410943000000145 ], [ -8.231344, 8.410033000000169 ], [ -8.226809, 8.40454300000016 ], [ -8.22602, 8.403404 ], [ -8.226299, 8.401415000000156 ], [ -8.227475, 8.400669 ], [ -8.227805, 8.400648000000103 ], [ -8.228558, 8.400486 ], [ -8.229369, 8.400095 ], [ -8.230298999999889, 8.399506 ], [ -8.230502999999885, 8.399132 ], [ -8.230624, 8.398813000000132 ], [ -8.230795999999884, 8.397637 ], [ -8.230258, 8.387042000000179 ], [ -8.230168999999876, 8.385969 ], [ -8.230127999999866, 8.385569 ], [ -8.228938, 8.382844000000148 ], [ -8.227104, 8.380740000000117 ], [ -8.225042, 8.380196 ], [ -8.222435, 8.376867000000118 ], [ -8.221131999999898, 8.375157 ], [ -8.22048, 8.374286 ], [ -8.220064, 8.372135000000128 ], [ -8.219873999999834, 8.369929000000184 ], [ -8.219147, 8.366293 ], [ -8.218344999999886, 8.363685000000146 ], [ -8.218113, 8.363137 ], [ -8.216921999999897, 8.362391000000173 ], [ -8.215007, 8.359580000000108 ], [ -8.214964999999893, 8.358161000000109 ], [ -8.214964999999893, 8.358144055000025 ], [ -8.214964999999893, 8.357937 ], [ -8.217476, 8.352077000000122 ], [ -8.218997999999829, 8.349908 ], [ -8.219920999999886, 8.349094 ], [ -8.22061, 8.348187000000166 ], [ -8.221251999999879, 8.346258 ], [ -8.22183, 8.343501 ], [ -8.222015, 8.341702 ], [ -8.222181, 8.338561 ], [ -8.222500999999852, 8.335508 ], [ -8.222798999999895, 8.335132 ], [ -8.223281, 8.334694000000184 ], [ -8.224277, 8.334129000000132 ], [ -8.225442, 8.33334 ], [ -8.226465, 8.331397 ], [ -8.227498, 8.328274000000135 ], [ -8.228689, 8.323551000000123 ], [ -8.22878999999989, 8.323119 ], [ -8.228685, 8.322272 ], [ -8.227827999999874, 8.320905 ], [ -8.227395, 8.320371 ], [ -8.226441, 8.318859 ], [ -8.225583999999856, 8.31738300000012 ], [ -8.224964999999884, 8.315789 ], [ -8.224751999999853, 8.31493300000011 ], [ -8.224037999999837, 8.311887000000127 ], [ -8.224209999999857, 8.310868 ], [ -8.224389, 8.308065000000113 ], [ -8.223171999999863, 8.304891 ], [ -8.222621999999831, 8.303835 ], [ -8.221868, 8.303733000000136 ], [ -8.221289, 8.303514000000121 ], [ -8.219851, 8.301696 ], [ -8.218524, 8.299221 ], [ -8.217664, 8.296395000000132 ], [ -8.219288999999833, 8.289359000000104 ], [ -8.219484, 8.288655000000119 ], [ -8.219574, 8.288441 ], [ -8.220655, 8.286565 ], [ -8.221169, 8.285717 ], [ -8.222076, 8.284428000000162 ], [ -8.222895, 8.283548000000167 ], [ -8.223373, 8.282286 ], [ -8.223866999999814, 8.279862 ], [ -8.223790999999892, 8.279258000000141 ], [ -8.22316, 8.27886500000011 ], [ -8.222898, 8.278404 ], [ -8.222679, 8.277996000000144 ], [ -8.222427, 8.27617 ], [ -8.222664999999836, 8.275848 ], [ -8.228689, 8.272411 ], [ -8.230845, 8.271603 ], [ -8.231179, 8.271481 ], [ -8.231485, 8.271418000000153 ], [ -8.23231, 8.27149 ], [ -8.233154, 8.271333 ], [ -8.233343, 8.271266 ], [ -8.233707, 8.271015 ], [ -8.238428, 8.267161 ], [ -8.239198999999871, 8.263297 ], [ -8.239203, 8.261927 ], [ -8.239137, 8.2614 ], [ -8.238731, 8.260874000000115 ], [ -8.23895599999986, 8.259108 ], [ -8.239501, 8.258478000000139 ], [ -8.24232499999988, 8.25363700000014 ], [ -8.243652999999824, 8.250647000000185 ], [ -8.243753, 8.250386000000105 ], [ -8.243668, 8.249944 ], [ -8.242482, 8.247642 ], [ -8.240812, 8.244927000000132 ], [ -8.241889, 8.242767000000129 ], [ -8.242973, 8.24043 ], [ -8.243153999999834, 8.240015000000142 ], [ -8.243209, 8.239632 ], [ -8.24355, 8.236008 ], [ -8.243448999999885, 8.235372 ], [ -8.242461, 8.233701000000167 ], [ -8.23382, 8.232197 ], [ -8.231321, 8.232774000000177 ], [ -8.228494999999839, 8.230948 ], [ -8.226914, 8.229594000000134 ], [ -8.2238, 8.229677 ], [ -8.221246, 8.230103000000156 ], [ -8.215446, 8.228336000000184 ], [ -8.214831, 8.227728000000127 ], [ -8.214199, 8.227159000000142 ], [ -8.213260999999875, 8.226716 ], [ -8.207949, 8.224732 ], [ -8.206884999999886, 8.225043 ], [ -8.205814, 8.223645000000147 ], [ -8.206206, 8.220247 ], [ -8.206434999999885, 8.218516 ], [ -8.206541, 8.218038 ], [ -8.206327, 8.21712900000017 ], [ -8.204134999999894, 8.21231 ], [ -8.201470999999856, 8.213216 ], [ -8.199323, 8.214232 ], [ -8.199090999999839, 8.214383000000112 ], [ -8.198699, 8.214635 ], [ -8.197673999999836, 8.215218000000107 ], [ -8.196661, 8.215715 ], [ -8.195805999999891, 8.215903000000139 ], [ -8.19399, 8.21473 ], [ -8.19346, 8.214314000000115 ], [ -8.193764999999871, 8.213501000000178 ], [ -8.193784, 8.213295000000187 ], [ -8.19374, 8.211832 ], [ -8.193571, 8.210978000000125 ], [ -8.191962999999816, 8.207726 ], [ -8.189350999999874, 8.206642 ], [ -8.188347, 8.206735 ], [ -8.185866, 8.207316 ], [ -8.184730999999886, 8.207568 ], [ -8.185127, 8.205154 ], [ -8.185049, 8.203910000000121 ], [ -8.184414, 8.202715000000182 ], [ -8.183577, 8.201860000000124 ], [ -8.182171, 8.200754 ], [ -8.181365, 8.199725 ], [ -8.177081, 8.193284 ], [ -8.176412, 8.191229 ], [ -8.176271999999869, 8.190453000000105 ], [ -8.176298, 8.189726000000178 ], [ -8.17589699999985, 8.188059 ], [ -8.175628, 8.187338000000125 ], [ -8.174899999999866, 8.186280000000124 ], [ -8.17360699999989, 8.18483300000014 ], [ -8.170581, 8.184158 ], [ -8.166618, 8.183816 ], [ -8.16485699999987, 8.183788 ], [ -8.164731999999844, 8.184083000000101 ], [ -8.164245, 8.185383000000172 ], [ -8.163444999999854, 8.187653 ], [ -8.159036, 8.187749000000167 ], [ -8.157836, 8.187634 ], [ -8.155791, 8.187133000000188 ], [ -8.155426, 8.184843 ], [ -8.155295, 8.184387000000186 ], [ -8.153058, 8.184506 ], [ -8.151544, 8.184701 ], [ -8.151163999999881, 8.184786000000145 ], [ -8.150889, 8.184862 ], [ -8.149874999999895, 8.185430000000167 ], [ -8.147081999999898, 8.187226 ], [ -8.146397, 8.187923000000183 ], [ -8.144292999999891, 8.189268 ], [ -8.141749999999888, 8.190404000000115 ], [ -8.141095, 8.190419000000134 ], [ -8.135804478999944, 8.188837035000063 ], [ -8.130514, 8.187255000000164 ], [ -8.124934, 8.184956 ], [ -8.123399, 8.184417000000167 ], [ -8.116477, 8.182134000000133 ], [ -8.115958, 8.181504 ], [ -8.114651, 8.179688 ], [ -8.114137, 8.179665000000114 ], [ -8.113796, 8.179956 ], [ -8.111057, 8.182579000000146 ], [ -8.110396, 8.183327 ], [ -8.109899, 8.183749000000148 ], [ -8.109224, 8.183882000000153 ], [ -8.100291, 8.181936 ], [ -8.099919, 8.18184900000017 ], [ -8.09925, 8.181118 ], [ -8.098372, 8.179751000000124 ], [ -8.095367, 8.17767 ], [ -8.093691, 8.178205000000105 ], [ -8.089184999999873, 8.177226 ], [ -8.088584, 8.176595000000134 ], [ -8.084481999999866, 8.172007000000121 ], [ -8.082049, 8.171018000000174 ], [ -8.077555, 8.167174000000102 ], [ -8.077309999999841, 8.166669 ], [ -8.077172, 8.165168 ], [ -8.076141, 8.162362 ], [ -8.075303, 8.161612000000105 ], [ -8.067866, 8.157473000000152 ], [ -8.062297, 8.15713600000015 ], [ -8.05423, 8.156722000000173 ], [ -8.053533539999876, 8.161083552000093 ], [ -8.056197718999954, 8.17118985999997 ], [ -8.055637323999974, 8.173795006000091 ], [ -8.050205167999934, 8.174229039000181 ], [ -8.044773, 8.174663000000123 ], [ -8.044613, 8.17486700000012 ], [ -8.044106, 8.175514 ], [ -8.043740999999841, 8.176117 ], [ -8.042374999999879, 8.178594000000146 ], [ -8.042311, 8.179043000000149 ], [ -8.042045, 8.180446 ], [ -8.041389, 8.181822 ], [ -8.039830999999879, 8.183331 ], [ -8.03965, 8.18334300000015 ], [ -8.039067, 8.18338000000017 ], [ -8.038282, 8.182921 ], [ -8.037583999999868, 8.182475 ], [ -8.03669, 8.181907 ], [ -8.035276, 8.18116 ], [ -8.033523, 8.180477000000167 ], [ -8.032798, 8.181444 ], [ -8.033997999999883, 8.18825500000014 ], [ -8.034411, 8.19021 ], [ -8.034988, 8.192098000000101 ], [ -8.035463999999877, 8.192998000000159 ], [ -8.034691, 8.194630000000188 ], [ -8.027911, 8.194128 ], [ -8.024752, 8.193317 ], [ -8.024873999999841, 8.193007 ], [ -8.025214999999889, 8.19229300000012 ], [ -8.025421999999878, 8.191920000000152 ], [ -8.025621999999828, 8.191614 ], [ -8.024896, 8.189631000000134 ], [ -8.020974, 8.183527 ], [ -8.019867, 8.181959 ], [ -8.017622435999897, 8.178942818000053 ], [ -8.014960236999968, 8.181417978000184 ], [ -8.014162286999863, 8.183013878000054 ], [ -8.010885999999857, 8.187322 ], [ -8.004221999999857, 8.19075700000019 ], [ -8.00276, 8.190886 ], [ -8.001334, 8.191782000000103 ], [ -8.001089, 8.192004000000168 ], [ -7.999588, 8.193817 ], [ -7.99821, 8.196048 ], [ -7.997589, 8.197073 ], [ -7.99734299999983, 8.197805000000187 ], [ -7.996323, 8.198316 ], [ -7.996171, 8.19836 ], [ -7.994568999999899, 8.198517 ], [ -7.994052, 8.198397000000114 ], [ -7.99205, 8.197299 ], [ -7.987612306999949, 8.199770833 ], [ -7.986016406999966, 8.200532513000155 ], [ -7.981845302999886, 8.201584356000069 ], [ -7.980974811999886, 8.201475545000051 ], [ -7.979573265999932, 8.20007399900004 ], [ -7.979378910999912, 8.199879644000077 ], [ -7.978890757999864, 8.198493598000141 ], [ -7.979724380999926, 8.196282463000045 ], [ -7.981025999999872, 8.192830000000129 ], [ -7.982439999999883, 8.189828 ], [ -7.983951, 8.187144 ], [ -7.987715, 8.183917 ], [ -7.990735, 8.180565000000115 ], [ -7.993198, 8.175926000000175 ], [ -7.993243, 8.175778 ], [ -7.993763999999885, 8.173167000000149 ], [ -7.993748, 8.172962 ], [ -7.995071, 8.165576 ], [ -7.997247, 8.158184000000176 ], [ -7.997633, 8.156284 ], [ -7.997659, 8.156027 ], [ -7.997572, 8.155535 ], [ -7.99658, 8.154768000000161 ], [ -7.995899999999892, 8.154250000000104 ], [ -7.995356, 8.151301 ], [ -7.996527999999898, 8.150185 ], [ -7.99705699999987, 8.149348 ], [ -7.997096999999883, 8.149160000000109 ], [ -7.997129, 8.145085000000108 ], [ -7.99601, 8.14375200000012 ], [ -7.995915, 8.143571 ], [ -7.996209, 8.135175000000118 ], [ -7.994472, 8.132422 ], [ -7.992683999999883, 8.128068 ], [ -7.992654, 8.127782 ], [ -7.993676999999877, 8.125997000000154 ], [ -7.994302999999832, 8.125111000000174 ], [ -7.99492, 8.124431 ], [ -7.99515, 8.124225 ], [ -7.998516999999879, 8.121724 ], [ -7.998784, 8.121581000000162 ], [ -7.999919, 8.121051 ], [ -8.000355999999897, 8.120974 ], [ -8.002792, 8.12117 ], [ -8.002929999999878, 8.121212000000185 ], [ -8.003071, 8.121667000000173 ], [ -8.003195, 8.122169 ], [ -8.004304999999874, 8.122334 ], [ -8.00482, 8.122163000000171 ], [ -8.006788, 8.120987 ], [ -8.007621, 8.120313 ], [ -8.008175999999878, 8.119587 ], [ -8.012574, 8.109365000000139 ], [ -8.01295, 8.108301 ], [ -8.012981, 8.102008000000183 ], [ -8.012385999999879, 8.101037000000133 ], [ -8.011071, 8.101162000000159 ], [ -8.009654, 8.101268 ], [ -8.007334, 8.098895 ], [ -8.007257, 8.097768 ], [ -8.007157, 8.097033000000124 ], [ -8.006777, 8.096057 ], [ -8.001537, 8.094850000000179 ], [ -8.001189999999895, 8.095009000000175 ], [ -7.997874, 8.0979430000001 ], [ -7.996541, 8.098628000000133 ], [ -7.993405, 8.098127 ], [ -7.993137999999874, 8.096994000000109 ], [ -7.993032, 8.096565000000112 ], [ -7.992399, 8.095308 ], [ -7.987095, 8.091329000000144 ], [ -7.985524999999882, 8.0904460000001 ], [ -7.983576, 8.090146000000118 ], [ -7.977463, 8.090008 ], [ -7.975662, 8.090208000000132 ], [ -7.974611999999865, 8.086641 ], [ -7.971833, 8.080821 ], [ -7.970323999999891, 8.078824 ], [ -7.970568999999898, 8.077170000000137 ], [ -7.971123, 8.07721 ], [ -7.972645999999884, 8.077228000000162 ], [ -7.972685, 8.076623 ], [ -7.972729999999842, 8.075795 ], [ -7.972754, 8.075269 ], [ -7.972296, 8.073583 ], [ -7.971178, 8.070725000000152 ], [ -7.970835, 8.069946000000186 ], [ -7.967784999999878, 8.066673 ], [ -7.967490999999882, 8.066378 ], [ -7.967312999999876, 8.066208000000131 ], [ -7.96465499999988, 8.062069000000179 ], [ -7.961643, 8.053457 ], [ -7.959276999999872, 8.051173000000119 ], [ -7.958988, 8.050968 ], [ -7.958387, 8.050884 ], [ -7.957157999999879, 8.051208 ], [ -7.956487, 8.052291 ], [ -7.955825999999888, 8.05359 ], [ -7.952779, 8.052760000000148 ], [ -7.951221, 8.051752 ], [ -7.946258, 8.049393000000123 ], [ -7.94536, 8.04910800000016 ], [ -7.944983, 8.049141 ], [ -7.944477, 8.04922 ], [ -7.944095, 8.049117 ], [ -7.943617, 8.048829000000183 ], [ -7.943524, 8.048513000000128 ], [ -7.943866, 8.04643300000015 ], [ -7.944027525999957, 8.04591213700013 ], [ -7.944279999999821, 8.045098 ], [ -7.944655, 8.044366 ], [ -7.945081, 8.043742 ], [ -7.946262, 8.04313500000012 ], [ -7.9481, 8.041954 ], [ -7.948489999999879, 8.041501 ], [ -7.948904, 8.040477000000124 ], [ -7.949514, 8.038371 ], [ -7.949534, 8.037891 ], [ -7.949063, 8.033463 ], [ -7.94839, 8.029204000000163 ], [ -7.947314, 8.025211000000184 ], [ -7.944786159999865, 8.020418995000057 ], [ -7.943446544999972, 8.017879498000184 ], [ -7.943345, 8.017687 ], [ -7.944447, 8.014989000000128 ], [ -7.944910999999877, 8.013882 ], [ -7.94558499999988, 8.012469000000181 ], [ -7.946039999999869, 8.011984 ], [ -7.94674, 8.011691 ], [ -7.947297, 8.011766 ], [ -7.95519899999988, 8.016348000000107 ], [ -7.960268, 8.01969 ], [ -7.961405, 8.019682000000103 ], [ -7.9626, 8.019844 ], [ -7.964214, 8.020414 ], [ -7.965393, 8.020960000000173 ], [ -7.966706, 8.021974 ], [ -7.967544, 8.022771 ], [ -7.967917, 8.023294 ], [ -7.968366999999887, 8.023770000000127 ], [ -7.96895099999989, 8.024043000000177 ], [ -7.969572, 8.024053 ], [ -7.971647, 8.023209 ], [ -7.972603999999876, 8.022573 ], [ -7.973967, 8.021345 ], [ -7.975717, 8.019933 ], [ -7.97664, 8.019199000000128 ], [ -7.979529, 8.017287000000181 ], [ -7.980207, 8.017046000000164 ], [ -7.980654, 8.01698 ], [ -7.9809, 8.017136000000107 ], [ -7.981111999999882, 8.017323000000147 ], [ -7.981255, 8.017559000000119 ], [ -7.982632, 8.02032000000014 ], [ -7.982533, 8.021583 ], [ -7.982154, 8.022207000000151 ], [ -7.981878, 8.022619000000134 ], [ -7.981833, 8.023064000000147 ], [ -7.981858999999872, 8.023459000000173 ], [ -7.98204, 8.023853 ], [ -7.982252, 8.02422700000011 ], [ -7.982653, 8.024695000000122 ], [ -7.983418, 8.024971 ], [ -7.984259, 8.02495 ], [ -7.985225999999841, 8.024639 ], [ -7.985755, 8.024188 ], [ -7.986127, 8.02384 ], [ -7.986549, 8.023796000000175 ], [ -7.987327, 8.023981 ], [ -7.98761, 8.02426400000013 ], [ -7.988741, 8.026889 ], [ -7.988718, 8.027412 ], [ -7.988535, 8.027762 ], [ -7.984266999999875, 8.032894000000113 ], [ -7.982270999999855, 8.034833000000106 ], [ -7.982201, 8.034998 ], [ -7.982734999999877, 8.036139 ], [ -7.983891, 8.037936 ], [ -7.988825, 8.0413420000001 ], [ -7.992618, 8.042882000000134 ], [ -7.994473, 8.046783000000175 ], [ -7.998424999999827, 8.046219 ], [ -7.998908, 8.045116 ], [ -7.999415, 8.044164 ], [ -8.000055, 8.043547000000103 ], [ -8.00067799999988, 8.042983000000163 ], [ -8.001012999999887, 8.042812 ], [ -8.003169, 8.042461000000117 ], [ -8.00355, 8.042749000000185 ], [ -8.004208, 8.043793 ], [ -8.004601, 8.044108000000165 ], [ -8.005145, 8.044230000000141 ], [ -8.008392999999899, 8.044205 ], [ -8.008973, 8.044048 ], [ -8.009752999999876, 8.043486 ], [ -8.010094, 8.042929000000129 ], [ -8.010352999999895, 8.042105000000163 ], [ -8.009788, 8.037651 ], [ -8.00947699999989, 8.037265000000104 ], [ -8.007727, 8.036439000000144 ], [ -8.006616, 8.036408 ], [ -8.00612, 8.036046000000113 ], [ -8.006106, 8.035403 ], [ -8.006639999999891, 8.034776 ], [ -8.007558, 8.034214 ], [ -8.008284, 8.034026000000154 ], [ -8.009588999999835, 8.033743000000186 ], [ -8.010715999999888, 8.033989000000133 ], [ -8.011755999999878, 8.034231 ], [ -8.012252999999873, 8.03459 ], [ -8.012519, 8.035160000000189 ], [ -8.012535, 8.035797000000116 ], [ -8.012819, 8.036333 ], [ -8.013585, 8.036637 ], [ -8.015004, 8.037105000000167 ], [ -8.020282, 8.036506 ], [ -8.020931, 8.036327 ], [ -8.021212999999875, 8.035960000000102 ], [ -8.021500999999887, 8.035479000000123 ], [ -8.021783, 8.035285 ], [ -8.022282, 8.035187000000121 ], [ -8.023445, 8.035232000000121 ], [ -8.023771, 8.035285 ], [ -8.024052, 8.035392 ], [ -8.026016, 8.037208 ], [ -8.028237, 8.03892500000012 ], [ -8.029443, 8.039401 ], [ -8.031051, 8.039689000000124 ], [ -8.032018, 8.039808 ], [ -8.032808, 8.039485000000127 ], [ -8.033284, 8.038961 ], [ -8.033355, 8.038319 ], [ -8.03349999999989, 8.037896000000103 ], [ -8.03373, 8.037767 ], [ -8.034196, 8.037783000000161 ], [ -8.034682, 8.038175 ], [ -8.038403, 8.041311 ], [ -8.040018, 8.043744 ], [ -8.040232, 8.044571 ], [ -8.040689, 8.04526 ], [ -8.04122, 8.045613000000174 ], [ -8.043762, 8.046026 ], [ -8.047635, 8.046488 ], [ -8.048619999999858, 8.046533 ], [ -8.050224, 8.046181000000104 ], [ -8.050855, 8.045754000000102 ], [ -8.051727, 8.045005000000117 ], [ -8.052023, 8.044709000000125 ], [ -8.053019, 8.043697 ], [ -8.053513, 8.043178000000125 ], [ -8.053805, 8.042651 ], [ -8.053961999999899, 8.04159 ], [ -8.053984, 8.041157 ], [ -8.05464, 8.040294 ], [ -8.055737999999849, 8.039688 ], [ -8.057978, 8.03905 ], [ -8.059083, 8.039022000000159 ], [ -8.060432, 8.039234000000135 ], [ -8.060702999999876, 8.039321 ], [ -8.062146999999868, 8.036965000000123 ], [ -8.062268, 8.036496 ], [ -8.062201, 8.036028 ], [ -8.062094, 8.035546000000124 ], [ -8.062081, 8.030808 ], [ -8.06216099999989, 8.030460000000176 ], [ -8.062776999999869, 8.028718 ], [ -8.062965, 8.028477 ], [ -8.063139, 8.028450000000134 ], [ -8.064799, 8.028414000000168 ], [ -8.06611, 8.027834 ], [ -8.066592, 8.026456000000167 ], [ -8.06781999999987, 8.021901 ], [ -8.06799199999989, 8.020328 ], [ -8.067941999999846, 8.018593 ], [ -8.066964, 8.013836 ], [ -8.066899, 8.009169000000156 ], [ -8.066895999999872, 8.007474 ], [ -8.067081, 8.005739 ], [ -8.067769999999825, 8.002698000000123 ], [ -8.068275999999855, 8.001806 ], [ -8.070279, 8.000724 ], [ -8.074313999999845, 8.000435 ], [ -8.075132, 8.000393 ], [ -8.075542, 8.000537 ], [ -8.07605, 8.000875000000121 ], [ -8.07646, 8.001149 ], [ -8.077008, 8.001119 ], [ -8.078053, 8.000437 ], [ -8.080443999999886, 7.996689000000117 ], [ -8.080967999999814, 7.995425000000182 ], [ -8.081028999999887, 7.994316 ], [ -8.080286, 7.993415000000141 ], [ -8.080206, 7.992556 ], [ -8.080536, 7.988930000000153 ], [ -8.081754, 7.987839000000122 ], [ -8.082506, 7.987305000000163 ], [ -8.082849999999837, 7.986865 ], [ -8.083844, 7.985587000000123 ], [ -8.084579, 7.983873 ], [ -8.085739, 7.981346 ], [ -8.087308999999891, 7.979535000000112 ], [ -8.08774, 7.979083 ], [ -8.088273999999899, 7.979062 ], [ -8.088562, 7.978939 ], [ -8.090727999999899, 7.977499 ], [ -8.091284, 7.976572 ], [ -8.09383, 7.966043 ], [ -8.093735, 7.963222 ], [ -8.093351999999868, 7.960477000000139 ], [ -8.09255, 7.957768000000158 ], [ -8.092678, 7.956983 ], [ -8.093852, 7.952246000000116 ], [ -8.094879, 7.950147000000186 ], [ -8.095425, 7.949521000000118 ], [ -8.099972, 7.945017000000121 ], [ -8.100973999999894, 7.944158 ], [ -8.104559999999879, 7.941400000000158 ], [ -8.105997, 7.93995 ], [ -8.106397999999899, 7.938429 ], [ -8.106584, 7.937690000000146 ], [ -8.106281, 7.936761 ], [ -8.106153, 7.936423000000104 ], [ -8.105976999999882, 7.935986000000185 ], [ -8.10586, 7.934793 ], [ -8.105963, 7.93431100000015 ], [ -8.106574, 7.932894000000147 ], [ -8.106783, 7.932689 ], [ -8.108107, 7.931489 ], [ -8.11003, 7.930128 ], [ -8.110251, 7.930073000000164 ], [ -8.111024, 7.929745 ], [ -8.111668, 7.92917100000011 ], [ -8.111973, 7.928888 ], [ -8.112472, 7.928408 ], [ -8.113101, 7.927677000000131 ], [ -8.114299, 7.926248 ], [ -8.114354, 7.926078000000189 ], [ -8.114397, 7.92592 ], [ -8.114432, 7.925778 ], [ -8.114113, 7.923489 ], [ -8.113537, 7.921851 ], [ -8.111347, 7.919481 ], [ -8.111639, 7.917623000000162 ], [ -8.112630999999851, 7.91602 ], [ -8.114332999999874, 7.914373000000182 ], [ -8.11592899999988, 7.915473 ], [ -8.116324, 7.915390000000116 ], [ -8.116524, 7.915327 ], [ -8.116791, 7.915007 ], [ -8.117834999999843, 7.913185000000112 ], [ -8.118012, 7.909463000000187 ], [ -8.117646, 7.908501000000172 ], [ -8.11656, 7.907803000000172 ], [ -8.116186, 7.906807000000185 ], [ -8.11519, 7.903238000000101 ], [ -8.114983, 7.901661000000161 ], [ -8.118191, 7.895490000000109 ], [ -8.118938, 7.894619000000148 ], [ -8.120183, 7.893342000000189 ], [ -8.124043, 7.889639 ], [ -8.129445041999873, 7.886374535000016 ], [ -8.134847, 7.88311 ], [ -8.134847, 7.883102 ], [ -8.134473, 7.860303000000158 ], [ -8.130102934999968, 7.854099524000105 ], [ -8.125733, 7.847896000000162 ], [ -8.1251674909999, 7.841442001000019 ], [ -8.124602, 7.834988000000124 ], [ -8.117637999999886, 7.836729000000105 ], [ -8.111291999999821, 7.837528000000134 ], [ -8.111254, 7.836627 ], [ -8.107983, 7.817084 ], [ -8.107501, 7.814731 ], [ -8.105443, 7.810699 ], [ -8.104970999999864, 7.810024000000112 ], [ -8.103984, 7.808924 ], [ -8.101912, 7.808267 ], [ -8.100243, 7.807215 ], [ -8.099001, 7.806107 ], [ -8.097506, 7.804761 ], [ -8.094380973999932, 7.801261012000168 ], [ -8.091255999999817, 7.79776100000015 ], [ -8.091811999999891, 7.797646 ], [ -8.092995, 7.79741300000012 ], [ -8.094352, 7.797437000000116 ], [ -8.09535099999988, 7.797342 ], [ -8.095949, 7.796731 ], [ -8.096117, 7.795713000000148 ], [ -8.096064999999896, 7.794962000000169 ], [ -8.09616, 7.793892 ], [ -8.096922, 7.792488000000105 ], [ -8.09744099999989, 7.791576000000134 ], [ -8.09975999999989, 7.792106000000103 ], [ -8.100228999999899, 7.791726 ], [ -8.101180999999883, 7.790441 ], [ -8.102084999999818, 7.788752000000102 ], [ -8.104488, 7.781614000000104 ], [ -8.104559999999879, 7.780043000000148 ], [ -8.102489, 7.774689 ], [ -8.101508, 7.77323100000018 ], [ -8.100607, 7.76953 ], [ -8.100574, 7.768588 ], [ -8.10095, 7.766947000000187 ], [ -8.101424999999836, 7.765817 ], [ -8.101832, 7.765502 ], [ -8.103393, 7.764671000000135 ], [ -8.104324, 7.764278000000161 ], [ -8.104612, 7.764140000000111 ], [ -8.105844999999874, 7.763197 ], [ -8.106096999999863, 7.762807000000123 ], [ -8.106687, 7.755914000000189 ], [ -8.105698, 7.753039000000115 ], [ -8.114061419999814, 7.737580625000021 ], [ -8.115587999999889, 7.734759 ], [ -8.115826, 7.734021 ], [ -8.116276508999931, 7.730461022000043 ], [ -8.117051999999887, 7.724333000000172 ], [ -8.116491, 7.723346 ], [ -8.120131, 7.71877000000012 ], [ -8.121929, 7.717865 ], [ -8.123568, 7.716698000000122 ], [ -8.125352, 7.714557 ], [ -8.130296999999871, 7.708007 ], [ -8.133823, 7.703207000000134 ], [ -8.134745999999893, 7.70174 ], [ -8.135948999999869, 7.699424000000135 ], [ -8.13587699999988, 7.69789 ], [ -8.135784999999885, 7.696345 ], [ -8.135823, 7.695563 ], [ -8.136771, 7.691930000000184 ], [ -8.137294999999881, 7.691192 ], [ -8.141173, 7.686386000000141 ], [ -8.142212, 7.6867 ], [ -8.143717, 7.686943 ], [ -8.144178, 7.686846000000173 ], [ -8.144591, 7.685729 ], [ -8.147942, 7.674881000000141 ], [ -8.148085, 7.673071000000107 ], [ -8.147736, 7.671965000000114 ], [ -8.147447999999883, 7.671512000000121 ], [ -8.145683, 7.669638000000134 ], [ -8.144568999999819, 7.668631000000119 ], [ -8.143921, 7.666196 ], [ -8.143519, 7.663475000000176 ], [ -8.143601, 7.659741000000167 ], [ -8.144591, 7.657397000000174 ], [ -8.146218, 7.655771000000129 ], [ -8.148087, 7.655989 ], [ -8.150272, 7.656815000000165 ], [ -8.151656999999886, 7.65738800000014 ], [ -8.15338, 7.656665 ], [ -8.155506, 7.655406 ], [ -8.156166, 7.654589 ], [ -8.156488999999851, 7.654105000000129 ], [ -8.156547, 7.653938000000153 ], [ -8.156732, 7.653731 ], [ -8.159134, 7.651618 ], [ -8.160744, 7.650482000000181 ], [ -8.162023, 7.649771000000158 ], [ -8.163535, 7.64948800000019 ], [ -8.163539, 7.649487000000136 ], [ -8.169557, 7.642796 ], [ -8.171815, 7.640255 ], [ -8.170622, 7.63895500000018 ], [ -8.168867, 7.635233 ], [ -8.170003, 7.629266 ], [ -8.170882, 7.626544 ], [ -8.175028433999898, 7.6212990410001 ], [ -8.179174767999882, 7.616054041000098 ], [ -8.183321, 7.610809000000188 ], [ -8.184913, 7.608218 ], [ -8.183449, 7.605789000000129 ], [ -8.181453, 7.604289000000165 ], [ -8.179174, 7.601851 ], [ -8.17718, 7.597542 ], [ -8.174141, 7.591828000000135 ], [ -8.172369, 7.588610000000187 ], [ -8.170411, 7.584276 ], [ -8.173419, 7.580547 ], [ -8.177207, 7.575632000000155 ], [ -8.17962, 7.572071 ], [ -8.180886999999871, 7.57006900000016 ], [ -8.181564999999864, 7.56855 ], [ -8.182349999999872, 7.565256 ], [ -8.182649, 7.563559000000112 ], [ -8.183194999999898, 7.561416 ], [ -8.19312, 7.553311 ], [ -8.194164, 7.55286400000017 ], [ -8.19573, 7.552769000000126 ], [ -8.196778, 7.552728000000116 ], [ -8.197479, 7.552999000000113 ], [ -8.198247, 7.553256 ], [ -8.19894, 7.553165 ], [ -8.204359, 7.549587 ], [ -8.20507, 7.548761000000127 ], [ -8.20514, 7.546642000000134 ], [ -8.205428999999867, 7.545162 ], [ -8.206334, 7.542307000000108 ], [ -8.207241, 7.540364000000125 ], [ -8.210092999999858, 7.536841 ], [ -8.218713, 7.538724000000116 ], [ -8.21895, 7.539032 ], [ -8.222978449999914, 7.544472019000068 ], [ -8.227007, 7.549912000000177 ], [ -8.229211, 7.552144000000112 ], [ -8.235206169999913, 7.556308966000074 ], [ -8.237265868999884, 7.557739825000112 ], [ -8.241201454999839, 7.560473850000108 ], [ -8.247196854999856, 7.564638650000063 ], [ -8.253192369999965, 7.568803366000054 ], [ -8.259187999999824, 7.572968 ], [ -8.260291, 7.573656 ], [ -8.267828841999972, 7.575927061000129 ], [ -8.275366762999965, 7.578197992000014 ], [ -8.282904762999976, 7.580468792000147 ], [ -8.290442841999948, 7.582739462000063 ], [ -8.297981, 7.585010000000182 ], [ -8.300466132999873, 7.591805775000182 ], [ -8.302951343999894, 7.598601533000078 ], [ -8.305436632999886, 7.605397275000144 ], [ -8.307921999999849, 7.612193000000104 ], [ -8.311402, 7.611264000000176 ], [ -8.311492, 7.611236000000133 ], [ -8.311665999999832, 7.611090000000161 ], [ -8.313068, 7.609906 ], [ -8.314049999999895, 7.608801 ], [ -8.314521, 7.608279 ], [ -8.314954999999827, 7.607978 ], [ -8.318296999999859, 7.606636 ], [ -8.319644, 7.607152 ], [ -8.321004, 7.607706000000121 ], [ -8.324059, 7.60864 ], [ -8.325062, 7.608755 ], [ -8.330468, 7.607509000000164 ], [ -8.331264, 7.605943 ], [ -8.331273, 7.605789000000129 ], [ -8.330981, 7.60485100000011 ], [ -8.330824, 7.604801 ], [ -8.330057, 7.604806000000167 ], [ -8.329515, 7.604654 ], [ -8.329274, 7.603853000000186 ], [ -8.329018, 7.602368 ], [ -8.329472, 7.601661000000149 ], [ -8.332748, 7.5975380000001 ], [ -8.333446, 7.596872 ], [ -8.33456, 7.595825000000104 ], [ -8.339283, 7.592304 ], [ -8.340739999999869, 7.591480000000104 ], [ -8.343486999999868, 7.590162000000134 ], [ -8.343932, 7.5900630000001 ], [ -8.345904, 7.589691 ], [ -8.347157, 7.590859 ], [ -8.347851, 7.591847000000143 ], [ -8.349382, 7.592215000000181 ], [ -8.351911, 7.591036 ], [ -8.352435, 7.590582 ], [ -8.352488999999878, 7.589697 ], [ -8.352475, 7.588935 ], [ -8.353611999999885, 7.587937 ], [ -8.354658, 7.587412 ], [ -8.356582, 7.587514 ], [ -8.360237999999867, 7.587915 ], [ -8.361966, 7.588316 ], [ -8.362192999999877, 7.588627000000145 ], [ -8.362808, 7.589576 ], [ -8.36348, 7.59034400000013 ], [ -8.366419, 7.591450000000123 ], [ -8.369605, 7.592249000000152 ], [ -8.376219999999819, 7.593759 ], [ -8.376977262999958, 7.593784889000119 ], [ -8.377624, 7.593807 ], [ -8.379243, 7.593664 ], [ -8.381645999999876, 7.593192 ], [ -8.38224, 7.593105 ], [ -8.382548999999813, 7.593391000000167 ], [ -8.384167, 7.596841000000154 ], [ -8.384191, 7.597293 ], [ -8.384009999999876, 7.600452000000132 ], [ -8.383571, 7.602987 ], [ -8.382596, 7.604891 ], [ -8.381644999999878, 7.606573000000139 ], [ -8.380223999999885, 7.616457000000139 ], [ -8.38017, 7.616995 ], [ -8.380852999999888, 7.619582 ], [ -8.381359, 7.620160000000112 ], [ -8.384141999999883, 7.623256 ], [ -8.385088, 7.623990000000106 ], [ -8.38602, 7.624404 ], [ -8.387544, 7.623416 ], [ -8.388693, 7.623274 ], [ -8.390689999999893, 7.623755000000187 ], [ -8.39237, 7.624642 ], [ -8.394567, 7.626123000000177 ], [ -8.395535, 7.626825000000167 ], [ -8.396346999999878, 7.627697 ], [ -8.397062999999889, 7.62807800000013 ], [ -8.404926999999873, 7.625165000000152 ], [ -8.407228, 7.623686 ], [ -8.407605, 7.623322 ], [ -8.407902, 7.622887000000105 ], [ -8.410393, 7.618595 ], [ -8.412965999999869, 7.613899 ], [ -8.413598, 7.613326 ], [ -8.414581999999882, 7.612754000000166 ], [ -8.417485, 7.610708000000159 ], [ -8.420528, 7.608323 ], [ -8.421798, 7.607024 ], [ -8.422626, 7.605436 ], [ -8.42273, 7.6048550000001 ], [ -8.422744, 7.604701000000148 ], [ -8.423309, 7.603597 ], [ -8.423405, 7.60345500000011 ], [ -8.425313, 7.601975 ], [ -8.430952999999874, 7.596645 ], [ -8.434408, 7.592506000000128 ], [ -8.440519, 7.587377000000117 ], [ -8.444038, 7.584595000000149 ], [ -8.450933, 7.576973000000123 ], [ -8.451511, 7.575468000000114 ], [ -8.452439, 7.573826000000111 ], [ -8.453843, 7.572636000000102 ], [ -8.455308, 7.57155900000015 ], [ -8.463741, 7.563499 ], [ -8.466169, 7.561072 ], [ -8.469643, 7.557717 ], [ -8.470911, 7.557276000000172 ], [ -8.46973899999989, 7.551423000000113 ], [ -8.46960799999988, 7.551008 ], [ -8.466698999999892, 7.544765 ], [ -8.466519999999889, 7.544481 ], [ -8.466269999999838, 7.544114 ], [ -8.465983999999878, 7.543782000000135 ], [ -8.465508, 7.543332 ], [ -8.464639, 7.542658000000188 ], [ -8.463864999999885, 7.542173 ], [ -8.463259, 7.542043 ], [ -8.462747, 7.541949000000159 ], [ -8.462331, 7.541842 ], [ -8.461795, 7.541606 ], [ -8.460701, 7.54105 ], [ -8.460236999999893, 7.540801 ], [ -8.45788, 7.539346 ], [ -8.457653999999877, 7.53918 ], [ -8.45744, 7.539015 ], [ -8.457463, 7.538484000000153 ], [ -8.457573, 7.538109 ], [ -8.457663, 7.537728000000129 ], [ -8.457702, 7.537378000000103 ], [ -8.457277, 7.53432 ], [ -8.457218, 7.534022000000107 ], [ -8.457022999999879, 7.533841 ], [ -8.453217, 7.531077000000153 ], [ -8.451366999999891, 7.530910000000176 ], [ -8.447152999999844, 7.530614 ], [ -8.441398999999819, 7.534111000000166 ], [ -8.439579999999864, 7.535272000000134 ], [ -8.439442999999869, 7.535389 ], [ -8.439410999999893, 7.535515 ], [ -8.439453, 7.535621 ], [ -8.439772, 7.536243000000184 ], [ -8.439053, 7.537087 ], [ -8.432595, 7.536049000000105 ], [ -8.425935, 7.533734 ], [ -8.424664999999891, 7.533187000000112 ], [ -8.42453799999987, 7.53307100000012 ], [ -8.424368, 7.532628 ], [ -8.42322, 7.527809000000104 ], [ -8.42345, 7.525077000000181 ], [ -8.423330999999848, 7.512557 ], [ -8.423636, 7.510711000000128 ], [ -8.423593, 7.510089000000164 ], [ -8.423454999999876, 7.509762 ], [ -8.423232, 7.509414000000106 ], [ -8.422607, 7.50895 ], [ -8.421654, 7.508445 ], [ -8.420891, 7.50796 ], [ -8.417712999999878, 7.504451000000131 ], [ -8.417384, 7.503903 ], [ -8.415972999999894, 7.500961 ], [ -8.415814, 7.50056 ], [ -8.41536, 7.499394 ], [ -8.415341999999896, 7.499159000000134 ], [ -8.415409, 7.497383000000127 ], [ -8.415452, 7.497070000000122 ], [ -8.415618, 7.496626000000163 ], [ -8.416184, 7.496068 ], [ -8.41662, 7.495867 ], [ -8.416837999999871, 7.495684 ], [ -8.416968999999881, 7.49547500000017 ], [ -8.417330999999876, 7.492523000000176 ], [ -8.417303999999888, 7.492105 ], [ -8.416331, 7.489565 ], [ -8.416121, 7.489348000000177 ], [ -8.414609, 7.488375000000133 ], [ -8.412241, 7.486716000000172 ], [ -8.412066, 7.486542 ], [ -8.411174, 7.485516000000189 ], [ -8.410964, 7.48516 ], [ -8.410543, 7.484003 ], [ -8.409874999999829, 7.481645000000185 ], [ -8.409873999999832, 7.481027 ], [ -8.41013, 7.477423000000101 ], [ -8.410251999999844, 7.477109 ], [ -8.411296999999877, 7.475532000000101 ], [ -8.412421999999879, 7.47506900000019 ], [ -8.412037999999825, 7.469568000000152 ], [ -8.409091999999873, 7.466622 ], [ -8.408489, 7.461078 ], [ -8.407034, 7.457241000000181 ], [ -8.406815, 7.451592000000119 ], [ -8.408649, 7.441554 ], [ -8.41387, 7.437037 ], [ -8.414062, 7.436784 ], [ -8.414541999999869, 7.431491000000165 ], [ -8.414559, 7.431221 ], [ -8.414336999999875, 7.429098 ], [ -8.413381999999899, 7.42661 ], [ -8.40915, 7.422203000000138 ], [ -8.408321, 7.42223 ], [ -8.406154, 7.421015 ], [ -8.40591, 7.420849 ], [ -8.405708999999831, 7.420641 ], [ -8.404738, 7.419441 ], [ -8.403644, 7.417780000000107 ], [ -8.403503999999884, 7.417563 ], [ -8.400975, 7.413049000000171 ], [ -8.400640999999894, 7.411587000000168 ], [ -8.4007, 7.410620000000108 ], [ -8.400479, 7.408619000000101 ], [ -8.399571, 7.403223 ], [ -8.398516, 7.398542000000134 ], [ -8.39834999999988, 7.398246000000142 ], [ -8.398051999999893, 7.397376000000122 ], [ -8.397591, 7.392972 ], [ -8.397125, 7.385313000000167 ], [ -8.397176999999886, 7.385043 ], [ -8.397956, 7.381099000000177 ], [ -8.398207, 7.380341000000158 ], [ -8.398338, 7.380132000000117 ], [ -8.399369, 7.375256 ], [ -8.398744, 7.366770000000145 ], [ -8.398708, 7.36637 ], [ -8.398593999999889, 7.366074 ], [ -8.398411, 7.365726000000109 ], [ -8.398192, 7.365456000000108 ], [ -8.397920999999826, 7.365126 ], [ -8.397711, 7.364761 ], [ -8.397597, 7.36416 ], [ -8.397446, 7.362568 ], [ -8.397247, 7.35833700000012 ], [ -8.397504, 7.355491 ], [ -8.397937999999897, 7.353801 ], [ -8.397781, 7.348509 ], [ -8.397274, 7.34797 ], [ -8.395754, 7.341784000000132 ], [ -8.395177999999873, 7.336318000000119 ], [ -8.395131999999876, 7.329824000000144 ], [ -8.395131999999876, 7.329555 ], [ -8.395184, 7.329363 ], [ -8.395532, 7.328910000000178 ], [ -8.39575, 7.328727000000129 ], [ -8.39582, 7.328518 ], [ -8.395863, 7.328309 ], [ -8.395800999999892, 7.328065 ], [ -8.389926999999886, 7.32151 ], [ -8.388396999999884, 7.31985 ], [ -8.385706, 7.317808000000184 ], [ -8.38546, 7.316285000000107 ], [ -8.385624, 7.315101 ], [ -8.385658, 7.314866000000109 ], [ -8.38343, 7.312763000000189 ], [ -8.380834, 7.310329 ], [ -8.380502, 7.310138 ], [ -8.380258, 7.309904 ], [ -8.377098999999873, 7.304433000000188 ], [ -8.375976, 7.300335 ], [ -8.376192999999887, 7.300047000000177 ], [ -8.376532, 7.299228 ], [ -8.375763, 7.298106000000189 ], [ -8.374521, 7.296446000000117 ], [ -8.374346, 7.296237 ], [ -8.370762, 7.292133000000149 ], [ -8.365688, 7.288772 ], [ -8.364098, 7.282167000000129 ], [ -8.364888, 7.279294000000107 ], [ -8.364123161999885, 7.278950080000072 ], [ -8.36012, 7.277150000000177 ], [ -8.358127, 7.274437 ], [ -8.356378, 7.27202 ], [ -8.357446, 7.263079000000175 ], [ -8.357498, 7.262757 ], [ -8.35755, 7.262495000000172 ], [ -8.357707, 7.262347000000148 ], [ -8.357977, 7.262234 ], [ -8.361531999999897, 7.259226 ], [ -8.36718999999988, 7.250618000000145 ], [ -8.368878, 7.24792 ], [ -8.369079, 7.247598 ], [ -8.369158, 7.24727600000017 ], [ -8.369184, 7.246997 ], [ -8.369097, 7.246788000000151 ], [ -8.365934, 7.242306 ], [ -8.364399999999875, 7.240169 ], [ -8.36318, 7.238809 ], [ -8.362411999999892, 7.238294 ], [ -8.360336, 7.237481000000116 ], [ -8.360056999999813, 7.237516 ], [ -8.358232999999871, 7.237584 ], [ -8.356794, 7.237234000000115 ], [ -8.355511, 7.236718 ], [ -8.350409999999897, 7.233724000000109 ], [ -8.347087, 7.231620000000134 ], [ -8.346947999999884, 7.231359 ], [ -8.346957, 7.231158000000107 ], [ -8.347088, 7.230941 ], [ -8.34742, 7.230558 ], [ -8.348030999999878, 7.22994 ], [ -8.348406999999895, 7.229531000000122 ], [ -8.34894, 7.228738 ], [ -8.349063, 7.228338000000178 ], [ -8.349098, 7.227954000000182 ], [ -8.349046, 7.227588 ], [ -8.348862999999881, 7.227196 ], [ -8.348523, 7.226821 ], [ -8.348227, 7.2265680000001 ], [ -8.346108, 7.225137000000188 ], [ -8.34589, 7.225084 ], [ -8.345689, 7.225136 ], [ -8.345531999999878, 7.225345000000175 ], [ -8.345427, 7.225571 ], [ -8.345373999999879, 7.225824000000159 ], [ -8.345302, 7.227671 ], [ -8.345074999999895, 7.227959 ], [ -8.344927, 7.228011 ], [ -8.342371, 7.227572 ], [ -8.342231, 7.227537000000154 ], [ -8.342091, 7.227467 ], [ -8.340451999999857, 7.226533 ], [ -8.34019, 7.226263 ], [ -8.339842, 7.225522 ], [ -8.339702999999872, 7.225173000000154 ], [ -8.339607, 7.22489400000012 ], [ -8.339555, 7.224615000000142 ], [ -8.339521, 7.224162000000149 ], [ -8.339687, 7.223387000000173 ], [ -8.340081999999882, 7.221584000000178 ], [ -8.340319, 7.219806000000176 ], [ -8.340276, 7.21944 ], [ -8.340171, 7.219257 ], [ -8.338409999999897, 7.217687000000126 ], [ -8.338219, 7.217608 ], [ -8.337774, 7.217529 ], [ -8.337442, 7.217485000000124 ], [ -8.337249999999869, 7.217328000000123 ], [ -8.335978, 7.216089 ], [ -8.335847, 7.215872000000104 ], [ -8.335508, 7.21493 ], [ -8.334821, 7.21269 ], [ -8.334856, 7.21249 ], [ -8.334934, 7.212298000000146 ], [ -8.335092, 7.212133000000165 ], [ -8.335291999999868, 7.212037 ], [ -8.335579999999879, 7.211994 ], [ -8.336277999999822, 7.211977 ], [ -8.336514, 7.212021000000107 ], [ -8.336723, 7.212073 ], [ -8.336814, 7.209137 ], [ -8.33628019199989, 7.208438867000098 ], [ -8.334147, 7.205649000000108 ], [ -8.331906999999831, 7.203503 ], [ -8.331445, 7.203171000000111 ], [ -8.330398, 7.203292000000147 ], [ -8.33011, 7.203379 ], [ -8.328512, 7.204344000000162 ], [ -8.328145, 7.204779 ], [ -8.325692, 7.206223 ], [ -8.32087799999988, 7.203926 ], [ -8.318593, 7.202372 ], [ -8.318455, 7.201048000000128 ], [ -8.318289999999877, 7.200804000000176 ], [ -8.31531, 7.197114 ], [ -8.313539999999875, 7.195108000000175 ], [ -8.312276, 7.194140000000175 ], [ -8.31204, 7.194758000000149 ], [ -8.312354, 7.194976 ], [ -8.312485, 7.195307 ], [ -8.31251, 7.195612 ], [ -8.312378999999851, 7.195734 ], [ -8.311217999999883, 7.196456000000126 ], [ -8.311052, 7.196543 ], [ -8.310895, 7.196525000000179 ], [ -8.308401, 7.195773 ], [ -8.308129999999892, 7.195607 ], [ -8.306709, 7.194473000000187 ], [ -8.3065, 7.194211 ], [ -8.306405, 7.193967 ], [ -8.306378999999879, 7.19361 ], [ -8.306431, 7.193462 ], [ -8.306606, 7.193366 ], [ -8.306772, 7.19330500000018 ], [ -8.306937, 7.193323 ], [ -8.307173, 7.193428 ], [ -8.307487, 7.193428 ], [ -8.307722999999896, 7.193307000000175 ], [ -8.307906, 7.193071 ], [ -8.307958999999869, 7.192906 ], [ -8.307968, 7.192540000000122 ], [ -8.30742, 7.191319 ], [ -8.307324, 7.191206 ], [ -8.307071, 7.191145000000176 ], [ -8.301879999999869, 7.190572 ], [ -8.3014, 7.190580000000125 ], [ -8.297448, 7.190001 ], [ -8.297152, 7.189861000000178 ], [ -8.296864, 7.189721000000134 ], [ -8.296698, 7.189521 ], [ -8.294199, 7.185396 ], [ -8.294146999999896, 7.185143 ], [ -8.294260999999892, 7.184934000000169 ], [ -8.294392, 7.184804 ], [ -8.294644999999889, 7.184778 ], [ -8.295168, 7.184692 ], [ -8.295526, 7.184465000000102 ], [ -8.295788, 7.184178000000145 ], [ -8.295919, 7.183926 ], [ -8.295946, 7.183595 ], [ -8.295884999999885, 7.183333 ], [ -8.295718999999849, 7.183202 ], [ -8.293784, 7.181806000000165 ], [ -8.292850999999871, 7.181665 ], [ -8.291376, 7.181585 ], [ -8.29121, 7.181672000000106 ], [ -8.290966, 7.181802 ], [ -8.290896, 7.181889000000126 ], [ -8.29075499999982, 7.182795000000112 ], [ -8.290763999999854, 7.183022 ], [ -8.291042, 7.183798000000138 ], [ -8.291103, 7.184321 ], [ -8.291163, 7.184861000000183 ], [ -8.291058, 7.185349 ], [ -8.290847999999869, 7.185654 ], [ -8.290228, 7.186149000000171 ], [ -8.288718, 7.187167 ], [ -8.288385999999832, 7.187376 ], [ -8.28815, 7.187489 ], [ -8.287941, 7.187497000000121 ], [ -8.287774999999897, 7.187349000000154 ], [ -8.284193, 7.183694 ], [ -8.283735, 7.180068 ], [ -8.283564999999896, 7.176147000000185 ], [ -8.284661, 7.171191000000135 ], [ -8.284906, 7.170520000000181 ], [ -8.285054999999886, 7.17005 ], [ -8.285142999999891, 7.169597 ], [ -8.285239, 7.169065 ], [ -8.285266, 7.168621 ], [ -8.285249, 7.168237000000147 ], [ -8.285197, 7.168028 ], [ -8.285092, 7.167958000000112 ], [ -8.284935, 7.167932000000121 ], [ -8.282956, 7.167128 ], [ -8.282037214999889, 7.165946863999977 ], [ -8.280473, 7.163936 ], [ -8.280238, 7.1635 ], [ -8.280106999999873, 7.163038 ], [ -8.28016, 7.155475 ], [ -8.280212, 7.15525700000012 ], [ -8.280317, 7.155092 ], [ -8.282640999999842, 7.152254 ], [ -8.282929, 7.152028000000143 ], [ -8.283828, 7.151733 ], [ -8.284413, 7.151725000000113 ], [ -8.284875, 7.151656 ], [ -8.285511999999869, 7.151491000000135 ], [ -8.28608, 7.151152000000138 ], [ -8.294837, 7.145167000000185 ], [ -8.295255999999824, 7.144854 ], [ -8.296609, 7.143732000000114 ], [ -8.300916, 7.138544 ], [ -8.301399, 7.135564 ], [ -8.301041, 7.135538000000167 ], [ -8.298180999999886, 7.134628 ], [ -8.297770999999898, 7.134497000000181 ], [ -8.297666, 7.134262 ], [ -8.297571, 7.133991 ], [ -8.296517842999947, 7.128953281000065 ], [ -8.296163561999947, 7.127258599000186 ], [ -8.295904, 7.126017 ], [ -8.295766, 7.125345 ], [ -8.295705, 7.124718 ], [ -8.295636999999886, 7.122897 ], [ -8.295786, 7.122357 ], [ -8.29801, 7.115345 ], [ -8.299951, 7.110668000000146 ], [ -8.300904, 7.109545000000139 ], [ -8.301122, 7.109328000000119 ], [ -8.301383999999871, 7.109206000000142 ], [ -8.304127999999878, 7.104243 ], [ -8.304644, 7.102928000000134 ], [ -8.30517, 7.100811 ], [ -8.305275, 7.100323 ], [ -8.305127, 7.100009000000171 ], [ -8.304420999999877, 7.099294000000157 ], [ -8.303907, 7.099006000000145 ], [ -8.303523, 7.098814 ], [ -8.303218, 7.098578 ], [ -8.302809, 7.097724000000142 ], [ -8.302322, 7.096433 ], [ -8.30207, 7.095631000000139 ], [ -8.302114, 7.095213 ], [ -8.302219, 7.095004000000131 ], [ -8.302376, 7.094821 ], [ -8.302593999999885, 7.094630000000109 ], [ -8.304648, 7.091652 ], [ -8.306614, 7.088544000000127 ], [ -8.304488, 7.077293 ], [ -8.304435999999896, 7.07704 ], [ -8.303731, 7.075863 ], [ -8.303469999999891, 7.075566000000151 ], [ -8.303077, 7.075269 ], [ -8.30279, 7.075121 ], [ -8.301760999999885, 7.074815000000171 ], [ -8.301238, 7.074614 ], [ -8.299354, 7.073827000000108 ], [ -8.299057999999889, 7.073557000000164 ], [ -8.298875, 7.073112000000151 ], [ -8.298762999999894, 7.07265 ], [ -8.298798, 7.072319 ], [ -8.298938, 7.072032 ], [ -8.29917399999988, 7.071684000000118 ], [ -8.302091999999845, 7.066476000000137 ], [ -8.302296, 7.064054000000112 ], [ -8.301956, 7.06401 ], [ -8.299167, 7.061846 ], [ -8.296627, 7.055169 ], [ -8.296426999999881, 7.054611 ], [ -8.295444, 7.051726 ], [ -8.29461, 7.049111 ], [ -8.292117, 7.039314 ], [ -8.292091, 7.038861 ], [ -8.292127, 7.038347000000101 ], [ -8.292171, 7.038024 ], [ -8.292423999999869, 7.037659 ], [ -8.292712, 7.037467000000106 ], [ -8.292983, 7.037224 ], [ -8.293114, 7.03698 ], [ -8.293096999999875, 7.036657000000105 ], [ -8.292985, 7.035568 ], [ -8.292767, 7.034740000000113 ], [ -8.292601999999874, 7.034522 ], [ -8.289622, 7.032009 ], [ -8.289386, 7.031852 ], [ -8.290095999999892, 7.029343 ], [ -8.290706, 7.029048 ], [ -8.291422, 7.028674 ], [ -8.292626999999811, 7.027577 ], [ -8.292915, 7.02729 ], [ -8.293141999999875, 7.026977000000102 ], [ -8.293588, 7.025766 ], [ -8.293640999999866, 7.025104 ], [ -8.293581, 7.024712000000136 ], [ -8.293191, 7.022472 ], [ -8.293025, 7.022228 ], [ -8.28975, 7.018721 ], [ -8.289375, 7.018459000000178 ], [ -8.288991, 7.018224 ], [ -8.288519999999892, 7.018023 ], [ -8.287683, 7.018109 ], [ -8.287186, 7.01823 ], [ -8.286741, 7.018465000000162 ], [ -8.286434999999869, 7.018831 ], [ -8.286295, 7.019231000000104 ], [ -8.286067999999887, 7.019492 ], [ -8.285745, 7.019710000000146 ], [ -8.285544, 7.01984 ], [ -8.285274, 7.019831 ], [ -8.280618, 7.018780000000106 ], [ -8.279711, 7.018413000000123 ], [ -8.279152999999894, 7.01804600000014 ], [ -8.278761, 7.017724000000101 ], [ -8.278448, 7.017122 ], [ -8.278395999999873, 7.016512 ], [ -8.278466, 7.016146000000106 ], [ -8.278615, 7.015850000000171 ], [ -8.278956, 7.015354000000116 ], [ -8.279313999999886, 7.015075000000138 ], [ -8.279916, 7.014815000000112 ], [ -8.280394999999885, 7.014719000000184 ], [ -8.281651999999895, 7.014599 ], [ -8.282096, 7.014443 ], [ -8.28248, 7.014225000000181 ], [ -8.282803999999828, 7.013102000000174 ], [ -8.282953, 7.012466000000131 ], [ -8.282892999999888, 7.012169 ], [ -8.282717999999818, 7.011925000000133 ], [ -8.281377, 7.010233 ], [ -8.28122, 7.010041 ], [ -8.281003, 7.009867 ], [ -8.280793, 7.009745 ], [ -8.279650999999888, 7.009464 ], [ -8.279144999999858, 7.009351 ], [ -8.278631, 7.009184000000175 ], [ -8.278186999999889, 7.008949 ], [ -8.277585, 7.008477 ], [ -8.27710599999989, 7.007936 ], [ -8.276009, 7.006567000000189 ], [ -8.275729999999896, 7.006157 ], [ -8.275391, 7.005573 ], [ -8.275121, 7.004710000000159 ], [ -8.27506099999988, 7.004370000000108 ], [ -8.275157, 7.004013 ], [ -8.275348999999835, 7.003787 ], [ -8.27802899999989, 7.001472000000149 ], [ -8.278623, 7.001055 ], [ -8.278989, 7.000837000000161 ], [ -8.279417, 7.000698 ], [ -8.279923, 7.000603000000183 ], [ -8.28062, 7.000578 ], [ -8.281048, 7.000613000000101 ], [ -8.281283, 7.000683 ], [ -8.281701, 7.000928 ], [ -8.282451, 7.001425000000154 ], [ -8.282861, 7.001469 ], [ -8.283566999999891, 7.001522 ], [ -8.285451, 7.001542 ], [ -8.285851999999863, 7.001464000000169 ], [ -8.286149, 7.001212000000123 ], [ -8.286306, 7.000924000000111 ], [ -8.287565, 6.996567 ], [ -8.287633, 6.99625 ], [ -8.287619, 6.995865 ], [ -8.287591, 6.995562000000177 ], [ -8.287425999999869, 6.995328 ], [ -8.28675, 6.994543 ], [ -8.285908, 6.993524 ], [ -8.284831, 6.992202 ], [ -8.284389, 6.991623 ], [ -8.284085, 6.991141000000141 ], [ -8.283961, 6.990770000000168 ], [ -8.283919, 6.990467000000137 ], [ -8.283905, 6.990163 ], [ -8.284194, 6.989034 ], [ -8.284538, 6.987835000000132 ], [ -8.284758, 6.987381 ], [ -8.284937, 6.987257000000113 ], [ -8.28513, 6.987271 ], [ -8.285474999999849, 6.987518 ], [ -8.285654, 6.987918 ], [ -8.286109999999894, 6.988840000000152 ], [ -8.286414, 6.98935 ], [ -8.28660699999989, 6.989612 ], [ -8.2868, 6.989777 ], [ -8.287118, 6.989859 ], [ -8.288207, 6.9896940000001 ], [ -8.289999, 6.989404 ], [ -8.290687999999875, 6.989266 ], [ -8.291142999999863, 6.989114 ], [ -8.29151499999989, 6.988811 ], [ -8.292972000999953, 6.987603409000087 ], [ -8.293361, 6.98728100000011 ], [ -8.293677999999886, 6.986951 ], [ -8.293966999999839, 6.986317000000156 ], [ -8.294325, 6.985697000000187 ], [ -8.294586, 6.985339 ], [ -8.296157, 6.983616 ], [ -8.296472999999878, 6.983327 ], [ -8.296844999999848, 6.983051000000103 ], [ -8.297506999999882, 6.982734000000164 ], [ -8.297892999999874, 6.982665000000111 ], [ -8.298196, 6.982638 ], [ -8.298582, 6.982734000000164 ], [ -8.299106, 6.982885 ], [ -8.30003, 6.982940000000156 ], [ -8.300706, 6.982926 ], [ -8.301312, 6.982719000000145 ], [ -8.301753, 6.982499 ], [ -8.30205599999988, 6.982237 ], [ -8.302208, 6.981920000000116 ], [ -8.302276, 6.981589 ], [ -8.30255099999988, 6.98022600000013 ], [ -8.302674, 6.979261 ], [ -8.302768999999898, 6.978146000000152 ], [ -8.302824, 6.977553000000114 ], [ -8.302906, 6.977071 ], [ -8.30303, 6.976727000000153 ], [ -8.303195, 6.976493000000175 ], [ -8.303443, 6.976258 ], [ -8.306819, 6.974095000000148 ], [ -8.307026, 6.974067000000161 ], [ -8.311258999999893, 6.974520000000155 ], [ -8.320688, 6.97307 ], [ -8.321542999999849, 6.972932 ], [ -8.325926, 6.972007 ], [ -8.326353, 6.971704 ], [ -8.326739, 6.971276000000159 ], [ -8.326945, 6.970767000000137 ], [ -8.326999999999884, 6.970285 ], [ -8.326944, 6.969761 ], [ -8.326764, 6.968701 ], [ -8.32657, 6.968026000000179 ], [ -8.326210999999887, 6.967034000000183 ], [ -8.325299, 6.964693000000125 ], [ -8.32491199999987, 6.964060000000131 ], [ -8.324442, 6.963371000000166 ], [ -8.323904, 6.962614 ], [ -8.321532, 6.94811 ], [ -8.320018, 6.935824000000139 ], [ -8.3191, 6.928235 ], [ -8.318989, 6.927712 ], [ -8.318463999999892, 6.926045000000158 ], [ -8.317633323999928, 6.924866724000026 ], [ -8.3166, 6.923401 ], [ -8.315177999999889, 6.921446000000117 ], [ -8.311728, 6.91693 ], [ -8.311038, 6.916145 ], [ -8.310334, 6.91541500000011 ], [ -8.309741, 6.914961000000176 ], [ -8.30912, 6.91471300000012 ], [ -8.30878899999982, 6.914548000000138 ], [ -8.308471999999881, 6.914135 ], [ -8.308237, 6.913625000000138 ], [ -8.307947, 6.912868 ], [ -8.307905, 6.912289000000101 ], [ -8.308137999999872, 6.911724 ], [ -8.310834999999884, 6.906572 ], [ -8.312322, 6.904298 ], [ -8.312666, 6.903926000000183 ], [ -8.313107, 6.903747000000124 ], [ -8.313713999999891, 6.903609 ], [ -8.314416999999878, 6.903678000000127 ], [ -8.315065, 6.903801000000158 ], [ -8.317877999999894, 6.904585 ], [ -8.319657, 6.905122 ], [ -8.320124999999848, 6.90509400000019 ], [ -8.326837999999896, 6.90432 ], [ -8.327555, 6.904237 ], [ -8.328161, 6.903892 ], [ -8.328395, 6.903506000000107 ], [ -8.328421999999875, 6.902983000000177 ], [ -8.328297, 6.902625 ], [ -8.328049, 6.902308 ], [ -8.327663, 6.902102 ], [ -8.327111, 6.901826 ], [ -8.326587, 6.901634000000115 ], [ -8.326366, 6.9014 ], [ -8.326187, 6.901014000000146 ], [ -8.325508999999897, 6.898590000000127 ], [ -8.325245999999879, 6.897612 ], [ -8.325162, 6.896827 ], [ -8.325231, 6.896180000000186 ], [ -8.325450999999873, 6.895725 ], [ -8.326414999999884, 6.894664 ], [ -8.326676, 6.894499 ], [ -8.330066, 6.892927000000157 ], [ -8.33285, 6.891934 ], [ -8.333414999999889, 6.891727000000174 ], [ -8.334062, 6.891396000000157 ], [ -8.334503, 6.890955 ], [ -8.336442, 6.88657400000011 ], [ -8.336538, 6.886009000000115 ], [ -8.33651, 6.885610000000156 ], [ -8.336371999999869, 6.885183000000154 ], [ -8.33553, 6.884012 ], [ -8.331429, 6.877334000000133 ], [ -8.330157999999869, 6.87458 ], [ -8.329699999999832, 6.871839 ], [ -8.329686, 6.871577 ], [ -8.329548, 6.871233000000188 ], [ -8.326869999999872, 6.86722600000013 ], [ -8.32647, 6.866881 ], [ -8.32607, 6.866592 ], [ -8.325435, 6.86630300000013 ], [ -8.324745999999834, 6.865987000000132 ], [ -8.324056, 6.865546 ], [ -8.323642, 6.865243 ], [ -8.32327, 6.864872 ], [ -8.322814, 6.864183 ], [ -8.322234, 6.862792 ], [ -8.321998999999892, 6.862007000000119 ], [ -8.321639, 6.860905 ], [ -8.321308, 6.860079000000155 ], [ -8.320878999999877, 6.859198 ], [ -8.320396, 6.85833 ], [ -8.319941, 6.857669 ], [ -8.319568, 6.857284000000163 ], [ -8.319058, 6.857036 ], [ -8.318671999999879, 6.856981000000133 ], [ -8.318327, 6.856981000000133 ], [ -8.318065, 6.85716 ], [ -8.317804, 6.857464000000107 ], [ -8.317419, 6.858511 ], [ -8.317117, 6.859985000000165 ], [ -8.316801999999882, 6.862023 ], [ -8.316542, 6.863539 ], [ -8.3158, 6.865881 ], [ -8.31545599999987, 6.866432000000145 ], [ -8.315000999999882, 6.866776000000186 ], [ -8.314533, 6.867066 ], [ -8.31394, 6.867135 ], [ -8.313402, 6.867149000000154 ], [ -8.309762, 6.865621 ], [ -8.309403, 6.865208000000109 ], [ -8.309305999999879, 6.864644 ], [ -8.309305999999879, 6.864120000000185 ], [ -8.309484, 6.863693000000183 ], [ -8.309717999999862, 6.863280000000145 ], [ -8.30998, 6.862949 ], [ -8.310352, 6.862618 ], [ -8.310917, 6.862191000000109 ], [ -8.311260999999888, 6.861805000000118 ], [ -8.311701, 6.861309000000119 ], [ -8.312251999999887, 6.860565 ], [ -8.312789, 6.859835 ], [ -8.313078, 6.859146 ], [ -8.313036, 6.858609000000172 ], [ -8.312898, 6.858237000000145 ], [ -8.312649, 6.85792 ], [ -8.31229, 6.857617000000175 ], [ -8.311877, 6.857342000000131 ], [ -8.311256, 6.857108000000153 ], [ -8.310635999999874, 6.856792 ], [ -8.310455999999817, 6.856489000000124 ], [ -8.310304, 6.856062000000122 ], [ -8.310285261999979, 6.855914330000132 ], [ -8.310262, 6.855731000000105 ], [ -8.313564, 6.849173000000178 ], [ -8.313991, 6.848526000000106 ], [ -8.314389999999889, 6.847933 ], [ -8.314637999999889, 6.847589 ], [ -8.317735, 6.843359000000135 ], [ -8.318602, 6.842339 ], [ -8.31895999999989, 6.841981 ], [ -8.319346, 6.841705 ], [ -8.319938, 6.841429000000119 ], [ -8.320985, 6.841085 ], [ -8.321785, 6.840864000000124 ], [ -8.322762999999895, 6.840629 ], [ -8.324623, 6.840091 ], [ -8.328564, 6.838629 ], [ -8.329115, 6.838202000000138 ], [ -8.329404, 6.837678 ], [ -8.329623999999853, 6.837169 ], [ -8.329787999999894, 6.836563 ], [ -8.329815, 6.835998000000188 ], [ -8.32895399999984, 6.829511 ], [ -8.328816, 6.829028000000108 ], [ -8.328484, 6.828271 ], [ -8.328153, 6.82761 ], [ -8.327808, 6.827101 ], [ -8.326386999999897, 6.825779 ], [ -8.325420999999892, 6.825173000000177 ], [ -8.323917999999878, 6.824347 ], [ -8.322525, 6.82348 ], [ -8.321987, 6.823067 ], [ -8.321752999999887, 6.822737 ], [ -8.321489999999812, 6.822131000000184 ], [ -8.321378999999865, 6.821663 ], [ -8.320313, 6.816098000000181 ], [ -8.320380999999884, 6.81553300000013 ], [ -8.320518, 6.815134000000171 ], [ -8.320766, 6.814762000000144 ], [ -8.321055, 6.814486 ], [ -8.321441, 6.814293 ], [ -8.325574, 6.812404 ], [ -8.325959999999895, 6.812308 ], [ -8.326277, 6.812349000000154 ], [ -8.326594, 6.812514 ], [ -8.326966, 6.812789000000123 ], [ -8.327338999999881, 6.813134 ], [ -8.327863, 6.813795 ], [ -8.328222, 6.814511000000152 ], [ -8.328719, 6.815433 ], [ -8.329258, 6.816246000000149 ], [ -8.329615999999874, 6.81659000000019 ], [ -8.330003, 6.816796000000181 ], [ -8.33037499999989, 6.816851 ], [ -8.330704999999853, 6.816727000000185 ], [ -8.331091, 6.816465000000164 ], [ -8.331353, 6.816107 ], [ -8.331517, 6.815721 ], [ -8.332272, 6.812222 ], [ -8.332202999999879, 6.81185 ], [ -8.331994999999893, 6.811327000000119 ], [ -8.331388, 6.81028 ], [ -8.330822, 6.809275000000184 ], [ -8.32973, 6.80671400000017 ], [ -8.329494999999838, 6.805929 ], [ -8.329398, 6.805254000000161 ], [ -8.329397, 6.804661000000124 ], [ -8.329535, 6.804055 ], [ -8.329645, 6.803807000000177 ], [ -8.32981, 6.803573 ], [ -8.338432, 6.798018 ], [ -8.339161999999874, 6.797728 ], [ -8.339698999999882, 6.797563 ], [ -8.34014, 6.79750700000011 ], [ -8.340967, 6.797686000000169 ], [ -8.342056, 6.797741 ], [ -8.343007, 6.797726 ], [ -8.347623999999882, 6.797600000000159 ], [ -8.34818899999982, 6.797379000000149 ], [ -8.348602, 6.796938 ], [ -8.349138, 6.795505 ], [ -8.349275, 6.795051000000115 ], [ -8.349494999999877, 6.794266000000164 ], [ -8.349522, 6.793522 ], [ -8.349383, 6.792489 ], [ -8.349189, 6.791869 ], [ -8.348871, 6.79107 ], [ -8.34854, 6.790230000000179 ], [ -8.34773499999983, 6.785713 ], [ -8.34772, 6.783922000000132 ], [ -8.347788, 6.783095000000117 ], [ -8.347896999999818, 6.782352000000117 ], [ -8.348034999999868, 6.781828 ], [ -8.34835, 6.780685000000176 ], [ -8.348501, 6.779968 ], [ -8.348487, 6.779376 ], [ -8.348431, 6.77888 ], [ -8.345167999999887, 6.769281 ], [ -8.344698999999878, 6.768331000000103 ], [ -8.344257, 6.767546 ], [ -8.343539, 6.766417 ], [ -8.342684, 6.765481 ], [ -8.342408, 6.764971000000116 ], [ -8.34252999999984, 6.76345600000019 ], [ -8.342708, 6.762850000000128 ], [ -8.342887, 6.762285 ], [ -8.343231, 6.761858000000132 ], [ -8.34363, 6.761472 ], [ -8.343961, 6.761293 ], [ -8.346137, 6.760341 ], [ -8.346822967999969, 6.760049536000054 ], [ -8.348507, 6.759334 ], [ -8.348864999999876, 6.759430000000123 ], [ -8.348988999999847, 6.759857000000125 ], [ -8.349365, 6.762943000000178 ], [ -8.350841, 6.76463600000011 ], [ -8.351792, 6.764512 ], [ -8.352963, 6.764497000000176 ], [ -8.353556, 6.764607 ], [ -8.354466, 6.764855000000125 ], [ -8.355403999999851, 6.765502 ], [ -8.355983, 6.766162 ], [ -8.35652199999987, 6.766906000000176 ], [ -8.35699099999988, 6.767649000000176 ], [ -8.35735, 6.76798 ], [ -8.357667, 6.768145 ], [ -8.358535, 6.768158 ], [ -8.359059, 6.767951000000153 ], [ -8.359665, 6.767552 ], [ -8.360145999999872, 6.767014 ], [ -8.363972, 6.761929000000123 ], [ -8.364191999999889, 6.761268000000143 ], [ -8.364122, 6.760813000000155 ], [ -8.363956, 6.760331 ], [ -8.363625, 6.759987 ], [ -8.363212, 6.759781 ], [ -8.362853, 6.759685000000104 ], [ -8.362219, 6.759630000000186 ], [ -8.361461, 6.759644 ], [ -8.360937, 6.759493 ], [ -8.360662, 6.759342000000117 ], [ -8.360413, 6.758984000000169 ], [ -8.360206, 6.758474 ], [ -8.360012, 6.757882000000109 ], [ -8.359527, 6.754989 ], [ -8.35943, 6.754370000000165 ], [ -8.359524999999849, 6.753791 ], [ -8.360198, 6.751711 ], [ -8.360474, 6.751325000000122 ], [ -8.360817999999881, 6.751242000000161 ], [ -8.361383, 6.751242000000161 ], [ -8.362665, 6.751406 ], [ -8.36312, 6.751337 ], [ -8.363518999999826, 6.751172 ], [ -8.363973999999814, 6.750896000000125 ], [ -8.364304, 6.750593 ], [ -8.364469, 6.750427 ], [ -8.365072999999882, 6.749473 ], [ -8.36546, 6.748833000000161 ], [ -8.365758, 6.748148000000128 ], [ -8.366174, 6.746705000000134 ], [ -8.366368, 6.745857000000115 ], [ -8.366665, 6.745053 ], [ -8.367008, 6.744176 ], [ -8.367424, 6.743357 ], [ -8.367767, 6.742777 ], [ -8.36806399999989, 6.742450000000133 ], [ -8.368555, 6.742226 ], [ -8.369046, 6.742107 ], [ -8.369448, 6.742152000000146 ], [ -8.369760999999812, 6.742226 ], [ -8.369999, 6.742449 ], [ -8.370147999999858, 6.742762 ], [ -8.370147999999858, 6.743089 ], [ -8.370028999999874, 6.743283000000133 ], [ -8.369849999999872, 6.743417 ], [ -8.369508, 6.743476000000101 ], [ -8.369031999999891, 6.743595 ], [ -8.368541, 6.743878000000166 ], [ -8.368242999999893, 6.744161000000133 ], [ -8.36806399999989, 6.744473 ], [ -8.36799, 6.744815 ], [ -8.368005, 6.745158000000174 ], [ -8.368958, 6.748639 ], [ -8.369121, 6.749086 ], [ -8.369345, 6.749487000000101 ], [ -8.369746, 6.749725 ], [ -8.370104, 6.749755 ], [ -8.370535, 6.749666000000161 ], [ -8.374731999999881, 6.748505 ], [ -8.375089, 6.747359 ], [ -8.374642999999878, 6.747181 ], [ -8.374241, 6.746898000000101 ], [ -8.373928, 6.746481 ], [ -8.373631, 6.74605 ], [ -8.373407, 6.745514000000128 ], [ -8.373363, 6.745068 ], [ -8.373363, 6.744086000000152 ], [ -8.373496, 6.743654000000106 ], [ -8.375564999999881, 6.740247000000124 ], [ -8.377886999999873, 6.739027 ], [ -8.378497, 6.73966600000017 ], [ -8.379301, 6.740202000000124 ], [ -8.380267999999887, 6.740827000000138 ], [ -8.380804, 6.740782000000138 ], [ -8.381086, 6.740708 ], [ -8.386681999999894, 6.738044 ], [ -8.387054, 6.737791000000129 ], [ -8.387158, 6.737374 ], [ -8.387277, 6.736720000000105 ], [ -8.387619, 6.732449 ], [ -8.387588999999821, 6.731125000000134 ], [ -8.387366, 6.730664000000161 ], [ -8.387068, 6.730366 ], [ -8.386443, 6.730247000000134 ], [ -8.385863, 6.730232000000115 ], [ -8.385267999999883, 6.730292000000134 ], [ -8.384866, 6.730530000000101 ], [ -8.384270999999899, 6.731036 ], [ -8.383644999999888, 6.731661 ], [ -8.38305, 6.732078000000115 ], [ -8.38244, 6.732316 ], [ -8.381904, 6.732420000000161 ], [ -8.381339, 6.732331 ], [ -8.380624, 6.732108 ], [ -8.379925, 6.731840000000147 ], [ -8.379464, 6.731468 ], [ -8.379121, 6.731081 ], [ -8.379032, 6.730709000000161 ], [ -8.379047, 6.730159000000128 ], [ -8.379166, 6.729772 ], [ -8.380340999999817, 6.727703000000133 ], [ -8.383868, 6.722317 ], [ -8.384136, 6.721930000000157 ], [ -8.384343999999828, 6.72172200000017 ], [ -8.384730999999874, 6.721439 ], [ -8.385505, 6.720903 ], [ -8.38616, 6.72062000000011 ], [ -8.386502, 6.720516 ], [ -8.386874, 6.720591000000184 ], [ -8.387082, 6.720739 ], [ -8.387066999999888, 6.721082000000138 ], [ -8.387008, 6.721483 ], [ -8.386502, 6.722570000000132 ], [ -8.386144999999885, 6.723209000000111 ], [ -8.386085, 6.7237 ], [ -8.386026, 6.72437 ], [ -8.386099999999885, 6.724682 ], [ -8.386308999999869, 6.724965 ], [ -8.386487, 6.725129000000152 ], [ -8.390506, 6.727420000000166 ], [ -8.390863, 6.727598000000171 ], [ -8.39125, 6.727673000000152 ], [ -8.394389999999873, 6.72786600000012 ], [ -8.395253, 6.72786600000012 ], [ -8.395758999999885, 6.727806000000101 ], [ -8.396236, 6.727583000000152 ], [ -8.396578, 6.727300000000184 ], [ -8.396889999999871, 6.726928000000157 ], [ -8.396965, 6.726735000000133 ], [ -8.39695, 6.726541000000111 ], [ -8.396875, 6.726333000000125 ], [ -8.396681999999885, 6.726139 ], [ -8.395774, 6.725277000000119 ], [ -8.393899, 6.723581000000138 ], [ -8.392930999999862, 6.722747 ], [ -8.392306, 6.721899 ], [ -8.392083, 6.721260000000143 ], [ -8.391843999999878, 6.719548 ], [ -8.391785, 6.718849 ], [ -8.391799999999876, 6.717852 ], [ -8.391963, 6.717629 ], [ -8.399642, 6.713968 ], [ -8.39994, 6.713864000000115 ], [ -8.401993, 6.713402 ], [ -8.402767, 6.713342000000125 ], [ -8.403882999999894, 6.713402 ], [ -8.404507999999851, 6.713595 ], [ -8.405342, 6.713922000000139 ], [ -8.406056, 6.714518 ], [ -8.406741, 6.715098 ], [ -8.407232, 6.715380000000152 ], [ -8.407708, 6.715484 ], [ -8.408079999999813, 6.715306 ], [ -8.408393, 6.714934 ], [ -8.410833, 6.71099 ], [ -8.41113, 6.710395000000176 ], [ -8.411501999999871, 6.709383000000116 ], [ -8.411978, 6.708044000000143 ], [ -8.412081999999828, 6.707375 ], [ -8.412142, 6.706794000000116 ], [ -8.412186, 6.706095000000175 ], [ -8.412112, 6.705425000000162 ], [ -8.411963, 6.70490500000011 ], [ -8.411725, 6.704414 ], [ -8.41142699999989, 6.703878 ], [ -8.41098, 6.703372000000115 ], [ -8.41043, 6.702881000000161 ], [ -8.409567, 6.70239 ], [ -8.408897, 6.702093000000161 ], [ -8.407111, 6.699787000000129 ], [ -8.407691, 6.698939000000166 ], [ -8.408999999999878, 6.695605000000171 ], [ -8.409164, 6.69504000000012 ], [ -8.409238, 6.694296 ], [ -8.409297, 6.693537000000106 ], [ -8.409222999999884, 6.693046 ], [ -8.409119, 6.692644000000143 ], [ -8.407882999999856, 6.69035300000013 ], [ -8.407184, 6.689371 ], [ -8.406782, 6.688836 ], [ -8.406246, 6.688226000000157 ], [ -8.40577, 6.687526000000162 ], [ -8.405502, 6.68696100000011 ], [ -8.405323, 6.686321 ], [ -8.405293, 6.685324 ], [ -8.405397, 6.685116 ], [ -8.405635, 6.685012000000143 ], [ -8.406082, 6.684997000000124 ], [ -8.406975, 6.685056 ], [ -8.407509999999888, 6.68516000000011 ], [ -8.408269, 6.685309 ], [ -8.408775, 6.685488 ], [ -8.409192, 6.685800000000143 ], [ -8.40946, 6.68603800000011 ], [ -8.409639, 6.686336 ], [ -8.409639, 6.686663000000124 ], [ -8.409624, 6.68699 ], [ -8.409787999999821, 6.687288 ], [ -8.410026, 6.687481000000162 ], [ -8.410323, 6.687615 ], [ -8.41074, 6.687555 ], [ -8.411097, 6.687347000000102 ], [ -8.415218, 6.682808 ], [ -8.415723999999898, 6.682168 ], [ -8.416631999999879, 6.680665 ], [ -8.41748, 6.678895000000125 ], [ -8.418283, 6.677183 ], [ -8.418982, 6.67568 ], [ -8.419294999999863, 6.675174 ], [ -8.419799999999896, 6.67472800000013 ], [ -8.42049999999989, 6.674281 ], [ -8.422627999999861, 6.673180000000116 ], [ -8.423595, 6.672897000000148 ], [ -8.42419, 6.672778 ], [ -8.424665999999888, 6.672823 ], [ -8.424949, 6.673090000000116 ], [ -8.425321, 6.673507 ], [ -8.425559, 6.674057 ], [ -8.425723, 6.674697 ], [ -8.425976, 6.675411000000167 ], [ -8.426259, 6.676125 ], [ -8.426676, 6.676825 ], [ -8.427018, 6.67718200000013 ], [ -8.427538999999854, 6.677390000000116 ], [ -8.42803, 6.677524000000176 ], [ -8.428863, 6.677524000000176 ], [ -8.42989, 6.677196 ], [ -8.431363, 6.676556 ], [ -8.431704999999852, 6.67611 ], [ -8.431973, 6.675589000000116 ], [ -8.432046999999898, 6.675261 ], [ -8.432062, 6.674607 ], [ -8.432002999999895, 6.674086000000102 ], [ -8.432209999999884, 6.668223000000125 ], [ -8.432849, 6.665768 ], [ -8.432976201999963, 6.665335756000161 ], [ -8.433785999999884, 6.662584 ], [ -8.436486607999882, 6.659445583000149 ], [ -8.436642, 6.659265 ], [ -8.437089, 6.658804 ], [ -8.437565, 6.65864 ], [ -8.437906999999882, 6.65858 ], [ -8.438085999999885, 6.65864 ], [ -8.438279, 6.658759 ], [ -8.438339, 6.658952 ], [ -8.438383, 6.659518 ], [ -8.438607, 6.660961 ], [ -8.438905, 6.662568000000135 ], [ -8.439069, 6.663222 ], [ -8.439471, 6.664279000000136 ], [ -8.439977, 6.66484400000013 ], [ -8.440394, 6.665261 ], [ -8.441227, 6.665841 ], [ -8.443028, 6.666778000000136 ], [ -8.443978627999911, 6.667157825 ], [ -8.444366999999886, 6.667313000000149 ], [ -8.444918, 6.667328000000168 ], [ -8.445602, 6.667164 ], [ -8.445988999999884, 6.666926000000103 ], [ -8.453234999999893, 6.662282 ], [ -8.453666, 6.66191 ], [ -8.453949, 6.661508 ], [ -8.455107999999882, 6.654380000000174 ], [ -8.455256, 6.653339000000187 ], [ -8.455240999999887, 6.652372 ], [ -8.455211, 6.651672 ], [ -8.455151999999885, 6.650854 ], [ -8.454958, 6.650318000000141 ], [ -8.454675, 6.649842 ], [ -8.454199, 6.649441 ], [ -8.452978, 6.648533 ], [ -8.452145, 6.64767 ], [ -8.451803, 6.64703100000014 ], [ -8.451728, 6.646302 ], [ -8.451652999999851, 6.644784 ], [ -8.451757, 6.643980000000113 ], [ -8.451905999999894, 6.643236 ], [ -8.452263, 6.642477 ], [ -8.452664, 6.641793000000177 ], [ -8.453155, 6.641391000000112 ], [ -8.453660999999897, 6.641108 ], [ -8.459181, 6.638369 ], [ -8.459627, 6.638205000000141 ], [ -8.460445999999877, 6.638041 ], [ -8.461203999999896, 6.638026 ], [ -8.461695, 6.638101 ], [ -8.46235, 6.638249 ], [ -8.463035, 6.638502000000187 ], [ -8.463719, 6.63877 ], [ -8.464166, 6.639067 ], [ -8.464984, 6.639781000000141 ], [ -8.46537924799992, 6.640103154000144 ], [ -8.465714, 6.640376000000174 ], [ -8.46613, 6.640673 ], [ -8.466592, 6.640807000000109 ], [ -8.466889, 6.64053900000016 ], [ -8.467261, 6.640123000000187 ], [ -8.467483999999899, 6.639438 ], [ -8.467557999999826, 6.638739000000101 ], [ -8.467528, 6.638114 ], [ -8.467274999999859, 6.637400000000127 ], [ -8.466976999999872, 6.636700000000133 ], [ -8.46665, 6.63609 ], [ -8.467259, 6.633948000000146 ], [ -8.470548, 6.633515 ], [ -8.471083, 6.63347 ], [ -8.471558999999843, 6.633515 ], [ -8.471917, 6.633619000000124 ], [ -8.47208, 6.633857 ], [ -8.472095, 6.634229000000119 ], [ -8.47217, 6.635092000000157 ], [ -8.472245, 6.63567200000017 ], [ -8.472556999999881, 6.636654 ], [ -8.47287, 6.637205000000165 ], [ -8.473197, 6.6376360000001 ], [ -8.473524999999881, 6.638023 ], [ -8.474015999999835, 6.638439000000119 ], [ -8.474448, 6.638588 ], [ -8.474998, 6.638632 ], [ -8.475489, 6.638632 ], [ -8.475995, 6.638454000000138 ], [ -8.477526999999895, 6.637605 ], [ -8.478048, 6.637188 ], [ -8.478389999999877, 6.636727 ], [ -8.478717, 6.63628 ], [ -8.478911, 6.635760000000175 ], [ -8.481945, 6.631786000000147 ], [ -8.48352199999988, 6.632514000000185 ], [ -8.484252, 6.632782000000134 ], [ -8.48507, 6.633005000000139 ], [ -8.485829, 6.633109 ], [ -8.486602999999889, 6.633138 ], [ -8.487079, 6.63290000000012 ], [ -8.487509999999872, 6.632573 ], [ -8.487926999999843, 6.632156 ], [ -8.48873, 6.63098 ], [ -8.489101999999889, 6.630385 ], [ -8.4905, 6.628093000000149 ], [ -8.490930999999875, 6.627364 ], [ -8.491228, 6.626649 ], [ -8.491377, 6.626054000000181 ], [ -8.491392, 6.625429000000167 ], [ -8.491301999999848, 6.624849 ], [ -8.491064, 6.624254000000121 ], [ -8.490720999999894, 6.623644 ], [ -8.490348999999867, 6.623049 ], [ -8.489724, 6.622394 ], [ -8.488638, 6.621666 ], [ -8.486212, 6.619806000000153 ], [ -8.486002999999812, 6.619464 ], [ -8.485869, 6.619033000000115 ], [ -8.485719999999844, 6.618363000000102 ], [ -8.485854, 6.617902000000129 ], [ -8.487966, 6.614167 ], [ -8.488352, 6.613824 ], [ -8.488754, 6.61366 ], [ -8.49533, 6.612111 ], [ -8.495806, 6.612021 ], [ -8.496297, 6.612036000000103 ], [ -8.496729, 6.612185000000181 ], [ -8.49719, 6.612542 ], [ -8.497488, 6.612899 ], [ -8.497607, 6.613479 ], [ -8.497591999999884, 6.613925 ], [ -8.497399, 6.614342000000136 ], [ -8.496938, 6.61461 ], [ -8.496298, 6.614729000000182 ], [ -8.495807, 6.614804000000163 ], [ -8.495435, 6.614923 ], [ -8.495048999999881, 6.61528 ], [ -8.494706, 6.615637000000163 ], [ -8.494602, 6.616173000000117 ], [ -8.494632, 6.616709 ], [ -8.494915, 6.617289 ], [ -8.495763999999895, 6.618375 ], [ -8.496285, 6.618895 ], [ -8.496955, 6.619505000000117 ], [ -8.497565, 6.620026 ], [ -8.49883, 6.620903000000112 ], [ -8.499276, 6.621082 ], [ -8.504535, 6.620172 ], [ -8.504821, 6.620095 ], [ -8.507039, 6.618765000000167 ], [ -8.508411, 6.617788000000132 ], [ -8.508894, 6.617305000000158 ], [ -8.509365, 6.616734000000122 ], [ -8.509617, 6.61605400000019 ], [ -8.509683, 6.615297000000112 ], [ -8.509704, 6.614563 ], [ -8.509592999999882, 6.613675000000171 ], [ -8.509362, 6.612820000000113 ], [ -8.509109, 6.612053 ], [ -8.508603, 6.611209 ], [ -8.508284, 6.610541 ], [ -8.507557, 6.608316000000173 ], [ -8.507335999999839, 6.607329 ], [ -8.507237, 6.606792 ], [ -8.507269, 6.606233 ], [ -8.507301999999868, 6.605739 ], [ -8.50751, 6.605070000000183 ], [ -8.510941, 6.597106 ], [ -8.511226, 6.59665600000011 ], [ -8.511413, 6.59644800000018 ], [ -8.511643, 6.59640300000018 ], [ -8.511928999999895, 6.596425 ], [ -8.512116, 6.596491000000185 ], [ -8.512324, 6.596633 ], [ -8.512819, 6.597104 ], [ -8.513292, 6.597432 ], [ -8.514852, 6.598483000000158 ], [ -8.516918999999859, 6.599807 ], [ -8.518170999999882, 6.600397 ], [ -8.518567, 6.600517 ], [ -8.519039, 6.600550000000112 ], [ -8.519434, 6.600461 ], [ -8.520533, 6.600131 ], [ -8.521598, 6.59968 ], [ -8.522223, 6.599405 ], [ -8.522849, 6.599021 ], [ -8.523607, 6.598417 ], [ -8.524342, 6.597747 ], [ -8.524869, 6.597209 ], [ -8.525396, 6.59683600000011 ], [ -8.52589, 6.596681 ], [ -8.526241, 6.596692 ], [ -8.526406, 6.596779 ], [ -8.526516, 6.596911 ], [ -8.526746999999887, 6.597415 ], [ -8.52689, 6.597864 ], [ -8.526923999999894, 6.598314000000187 ], [ -8.526847, 6.598895000000141 ], [ -8.526476, 6.600902 ], [ -8.52595, 6.602811000000145 ], [ -8.525435, 6.604412 ], [ -8.525172999999882, 6.605476000000181 ], [ -8.525151, 6.606123 ], [ -8.525185, 6.606583000000114 ], [ -8.525295, 6.606901000000107 ], [ -8.529804, 6.612882000000127 ], [ -8.530277, 6.613298 ], [ -8.531035, 6.613703 ], [ -8.531474, 6.613888 ], [ -8.531925, 6.61391 ], [ -8.53243, 6.613854 ], [ -8.533133, 6.613733 ], [ -8.533506, 6.61364500000019 ], [ -8.534076999999854, 6.613414 ], [ -8.538645, 6.611259000000132 ], [ -8.539324999999849, 6.610830000000135 ], [ -8.540323999999885, 6.610028 ], [ -8.540478, 6.609655 ], [ -8.540531999999871, 6.609305 ], [ -8.540542, 6.608131000000128 ], [ -8.540399, 6.607846000000166 ], [ -8.540212, 6.60754 ], [ -8.539981, 6.607321 ], [ -8.538608, 6.606862 ], [ -8.538079999999866, 6.606742000000111 ], [ -8.537685, 6.606589 ], [ -8.537211999999897, 6.606381000000113 ], [ -8.536707, 6.606075 ], [ -8.536321999999871, 6.605769 ], [ -8.536025, 6.605374 ], [ -8.535232, 6.603654 ], [ -8.535056, 6.603084000000138 ], [ -8.534681, 6.601462 ], [ -8.53457, 6.600113 ], [ -8.534602, 6.598655000000178 ], [ -8.534905, 6.594269000000168 ], [ -8.535342, 6.591374 ], [ -8.535473, 6.590551 ], [ -8.535582, 6.589718 ], [ -8.535559, 6.588325 ], [ -8.535502999999892, 6.587448000000165 ], [ -8.535205, 6.585727 ], [ -8.534897, 6.584927000000107 ], [ -8.534576999999899, 6.584324 ], [ -8.534105, 6.583766000000139 ], [ -8.533467, 6.583175 ], [ -8.531378, 6.581248000000187 ], [ -8.53118, 6.580623000000116 ], [ -8.530782999999872, 6.578474000000142 ], [ -8.530781999999874, 6.577663 ], [ -8.530836, 6.577115000000163 ], [ -8.530979, 6.576775 ], [ -8.531569611999942, 6.575946331000182 ], [ -8.533325999999875, 6.573482000000126 ], [ -8.533535, 6.573208 ], [ -8.533886, 6.57309800000013 ], [ -8.534259, 6.57302 ], [ -8.534556, 6.572878 ], [ -8.535697, 6.572229000000164 ], [ -8.536609, 6.57168 ], [ -8.53757499999989, 6.571043 ], [ -8.537937, 6.57077900000013 ], [ -8.538485, 6.570153000000175 ], [ -8.53888, 6.569605000000138 ], [ -8.538979, 6.569264 ], [ -8.539022, 6.568848 ], [ -8.539087, 6.567729000000156 ], [ -8.539065, 6.567137 ], [ -8.538943, 6.566491 ], [ -8.538767, 6.56569 ], [ -8.53881, 6.565197000000126 ], [ -8.538908999999876, 6.564901000000134 ], [ -8.541058, 6.561718 ], [ -8.541749, 6.560763 ], [ -8.541990999999882, 6.560500000000161 ], [ -8.542242999999871, 6.560401000000127 ], [ -8.542528999999888, 6.56039 ], [ -8.544692999999882, 6.560617 ], [ -8.54533, 6.560781000000134 ], [ -8.545934, 6.56094400000012 ], [ -8.546484, 6.561141 ], [ -8.54711, 6.561513000000105 ], [ -8.547879, 6.56217 ], [ -8.548078, 6.562762 ], [ -8.548265, 6.563408 ], [ -8.548486, 6.56423 ], [ -8.548871, 6.565578000000187 ], [ -8.549323, 6.566904000000136 ], [ -8.549642, 6.567156000000182 ], [ -8.550113999999894, 6.567485 ], [ -8.550674, 6.567659 ], [ -8.551157999999873, 6.567648 ], [ -8.551729, 6.567548000000102 ], [ -8.552365999999893, 6.567427 ], [ -8.554924, 6.566941000000156 ], [ -8.555759, 6.566896000000156 ], [ -8.556594, 6.566972 ], [ -8.557517, 6.567376 ], [ -8.559076999999888, 6.568262 ], [ -8.563835, 6.569999 ], [ -8.56765, 6.56321800000012 ], [ -8.569721, 6.558303 ], [ -8.569852, 6.55761200000012 ], [ -8.56972, 6.557184 ], [ -8.569214, 6.556286000000171 ], [ -8.568302, 6.555575000000147 ], [ -8.567356, 6.554896 ], [ -8.566796, 6.55482 ], [ -8.565961, 6.554744000000142 ], [ -8.564841, 6.554702 ], [ -8.564138, 6.554813000000138 ], [ -8.563578, 6.554978000000119 ], [ -8.562996, 6.555209 ], [ -8.562436999999875, 6.555528000000152 ], [ -8.561679, 6.556099000000131 ], [ -8.56112, 6.556560000000104 ], [ -8.560615, 6.556703 ], [ -8.560241, 6.556748 ], [ -8.559702999999899, 6.556595000000129 ], [ -8.558395, 6.555566000000113 ], [ -8.556942999999876, 6.553013 ], [ -8.556756, 6.552619000000163 ], [ -8.556744, 6.552224 ], [ -8.556832, 6.551895000000115 ], [ -8.556974, 6.551555 ], [ -8.558213, 6.54934900000012 ], [ -8.558870999999897, 6.548417000000143 ], [ -8.55908, 6.548252000000161 ], [ -8.559376, 6.548229 ], [ -8.561002, 6.548183000000108 ], [ -8.56160599999987, 6.548073000000102 ], [ -8.562856999999894, 6.547611 ], [ -8.563317999999867, 6.547347 ], [ -8.56368, 6.54712700000016 ], [ -8.563899999999876, 6.54693 ], [ -8.565106999999898, 6.545711 ], [ -8.568857999999864, 6.540794000000176 ], [ -8.568977999999845, 6.540486000000101 ], [ -8.569260999999813, 6.537482 ], [ -8.569294, 6.537065 ], [ -8.570418, 6.530244000000152 ], [ -8.571653, 6.524135 ], [ -8.571795, 6.523784 ], [ -8.57208, 6.523575000000108 ], [ -8.5732, 6.522817 ], [ -8.574055999999871, 6.52237700000012 ], [ -8.574364, 6.522344 ], [ -8.576384, 6.522209 ], [ -8.582074, 6.522783000000118 ], [ -8.582744, 6.522858 ], [ -8.582984999999894, 6.523077000000114 ], [ -8.583249, 6.523406 ], [ -8.58336, 6.523790000000133 ], [ -8.583405, 6.524853000000178 ], [ -8.583471, 6.525313 ], [ -8.583625, 6.52584000000013 ], [ -8.583779, 6.526201000000128 ], [ -8.584088, 6.526848 ], [ -8.584494, 6.527264000000173 ], [ -8.585143, 6.527767 ], [ -8.585648, 6.528139 ], [ -8.586615, 6.528533 ], [ -8.587242, 6.528707000000168 ], [ -8.589834, 6.52878 ], [ -8.59039399999989, 6.528768 ], [ -8.590866, 6.528713000000153 ], [ -8.59201899999988, 6.52833900000013 ], [ -8.59613499999989, 6.526304000000152 ], [ -8.598612, 6.522003 ], [ -8.59882, 6.521509 ], [ -8.598929999999882, 6.520972 ], [ -8.598896, 6.520588 ], [ -8.598719, 6.5189 ], [ -8.598586999999839, 6.518494 ], [ -8.598519999999894, 6.518253000000129 ], [ -8.598419, 6.516027000000122 ], [ -8.59850699999987, 6.515457 ], [ -8.59863799999988, 6.514919000000134 ], [ -8.598824, 6.514459000000102 ], [ -8.599613, 6.513186 ], [ -8.599997, 6.51272500000016 ], [ -8.600215999999875, 6.512286 ], [ -8.600896, 6.510772 ], [ -8.601375, 6.507525000000101 ], [ -8.601162632999944, 6.507440595000162 ], [ -8.599727, 6.506870000000106 ], [ -8.599466999999891, 6.506988 ], [ -8.59924, 6.507022 ], [ -8.59903, 6.507005000000106 ], [ -8.597578, 6.506681000000128 ], [ -8.597066, 6.506212 ], [ -8.597032, 6.506078000000116 ], [ -8.59676, 6.502962 ], [ -8.596767999999884, 6.502593000000104 ], [ -8.596952, 6.501881000000139 ], [ -8.597078, 6.501738 ], [ -8.597229, 6.501646 ], [ -8.595004, 6.500836 ], [ -8.587681999999859, 6.499173 ], [ -8.583447, 6.501173 ], [ -8.582088, 6.502091000000121 ], [ -8.581273999999894, 6.502656000000115 ], [ -8.581001, 6.502874 ], [ -8.581045, 6.503608 ], [ -8.579975999999874, 6.504295 ], [ -8.579805999999849, 6.504356 ], [ -8.578653, 6.504563000000189 ], [ -8.577572, 6.504674000000136 ], [ -8.571217, 6.504072 ], [ -8.570942999999886, 6.503963000000113 ], [ -8.570778, 6.503744 ], [ -8.569828, 6.502118 ], [ -8.569427, 6.501234 ], [ -8.56931, 6.500921000000119 ], [ -8.569097999999826, 6.500655000000108 ], [ -8.568854999999871, 6.50057 ], [ -8.568627, 6.500507000000141 ], [ -8.566613, 6.500385000000165 ], [ -8.566268, 6.500393000000145 ], [ -8.562868, 6.501666000000114 ], [ -8.559741, 6.501897 ], [ -8.559488999999871, 6.500833000000114 ], [ -8.559347, 6.500669 ], [ -8.557901, 6.499962 ], [ -8.556785, 6.499574 ], [ -8.55644199999989, 6.499459000000115 ], [ -8.554497, 6.499014 ], [ -8.554195999999877, 6.499115 ], [ -8.554053, 6.499417 ], [ -8.55401, 6.499805000000151 ], [ -8.554238999999882, 6.500194 ], [ -8.554108999999869, 6.500515000000121 ], [ -8.553675, 6.500785 ], [ -8.553388, 6.500872000000129 ], [ -8.553049, 6.500838 ], [ -8.552848, 6.500751 ], [ -8.550298, 6.499520000000189 ], [ -8.549926, 6.499204 ], [ -8.546707, 6.496288000000106 ], [ -8.544017, 6.493674 ], [ -8.543673, 6.493387 ], [ -8.53486, 6.486780000000181 ], [ -8.533944, 6.486133000000109 ], [ -8.533315, 6.485774 ], [ -8.532671, 6.485559 ], [ -8.531727, 6.485415 ], [ -8.53091099999989, 6.485473 ], [ -8.530367999999839, 6.485272000000123 ], [ -8.53001, 6.484784 ], [ -8.526703999999881, 6.479497 ], [ -8.526861, 6.47721300000012 ], [ -8.526817, 6.474828000000173 ], [ -8.526659999999879, 6.474296 ], [ -8.525758, 6.471337000000119 ], [ -8.524814, 6.470073000000184 ], [ -8.519948, 6.46233 ], [ -8.517786999999828, 6.458408000000134 ], [ -8.514682, 6.453409 ], [ -8.514381999999898, 6.453064 ], [ -8.511606, 6.449947000000122 ], [ -8.510147, 6.448668000000168 ], [ -8.506113, 6.445250000000158 ], [ -8.499960999999871, 6.440351 ], [ -8.496556999999882, 6.4388 ], [ -8.495426999999893, 6.438298000000145 ], [ -8.49238, 6.437005 ], [ -8.491236, 6.43656 ], [ -8.48879, 6.43584200000015 ], [ -8.483254, 6.43509500000016 ], [ -8.48211, 6.434995 ], [ -8.480995, 6.435081 ], [ -8.479563999999868, 6.435656 ], [ -8.477976999999896, 6.436576000000116 ], [ -8.47656099999989, 6.437553 ], [ -8.47573199999988, 6.438329 ], [ -8.475031, 6.439205 ], [ -8.474617, 6.439995 ], [ -8.472887, 6.446662000000117 ], [ -8.472759, 6.447653 ], [ -8.472659, 6.44886 ], [ -8.472674, 6.451073 ], [ -8.472831, 6.452322000000152 ], [ -8.473145999999872, 6.45532500000013 ], [ -8.473132, 6.455799 ], [ -8.473018, 6.45613 ], [ -8.472746, 6.456748 ], [ -8.472374, 6.457135000000108 ], [ -8.471702, 6.457380000000171 ], [ -8.470429, 6.45784 ], [ -8.469614, 6.457998000000146 ], [ -8.469085, 6.458156 ], [ -8.467940999999882, 6.458774 ], [ -8.464437, 6.460843000000125 ], [ -8.463606999999854, 6.461346 ], [ -8.462878, 6.462150000000122 ], [ -8.457601, 6.469392000000141 ], [ -8.456856999999843, 6.470871000000159 ], [ -8.456528999999875, 6.471834 ], [ -8.456557, 6.473199 ], [ -8.459706, 6.482868000000167 ], [ -8.459935, 6.483543 ], [ -8.460464, 6.484922 ], [ -8.462997, 6.490841000000103 ], [ -8.464628, 6.494447 ], [ -8.466503, 6.497651 ], [ -8.466773999999873, 6.498355 ], [ -8.466746, 6.499260000000163 ], [ -8.466489, 6.500108000000182 ], [ -8.466286, 6.500712 ], [ -8.465089, 6.502056 ], [ -8.463770999999838, 6.503462 ], [ -8.463284, 6.503972000000147 ], [ -8.462451, 6.504237 ], [ -8.461741, 6.50434 ], [ -8.460969, 6.504403 ], [ -8.460115, 6.504201 ], [ -8.459384, 6.503998 ], [ -8.458301146999872, 6.503639229000044 ], [ -8.458225, 6.503614 ], [ -8.45729, 6.503147 ], [ -8.456009, 6.502437000000157 ], [ -8.455154999999877, 6.50191 ], [ -8.454401999999845, 6.501301000000126 ], [ -8.453589, 6.500549 ], [ -8.453085, 6.50015900000011 ], [ -8.452384, 6.499742 ], [ -8.451426, 6.499426 ], [ -8.449109, 6.49866500000013 ], [ -8.448106999999823, 6.498464 ], [ -8.444832, 6.498392000000138 ], [ -8.444088, 6.498521000000153 ], [ -8.443529999999839, 6.498564000000158 ], [ -8.443172, 6.498449 ], [ -8.442815, 6.498176 ], [ -8.442241999999851, 6.497458000000108 ], [ -8.441541, 6.496079 ], [ -8.441041, 6.495088000000123 ], [ -8.439823999999874, 6.491596 ], [ -8.43961, 6.490706000000102 ], [ -8.439552, 6.490117 ], [ -8.439667, 6.489326000000176 ], [ -8.439881, 6.484988 ], [ -8.439136, 6.47789 ], [ -8.43875, 6.475534000000152 ], [ -8.438592, 6.47496 ], [ -8.43729, 6.472043 ], [ -8.43699, 6.471468000000129 ], [ -8.436361, 6.470592000000124 ], [ -8.435001999999884, 6.468954000000167 ], [ -8.434558, 6.468581 ], [ -8.434015, 6.468265 ], [ -8.433241999999836, 6.467805000000112 ], [ -8.432198, 6.467173 ], [ -8.431711999999891, 6.466727000000105 ], [ -8.431139, 6.466124 ], [ -8.428320999999812, 6.462762000000112 ], [ -8.427177, 6.461124000000154 ], [ -8.42659, 6.460535 ], [ -8.425975, 6.46014700000012 ], [ -8.425432, 6.459932 ], [ -8.424502, 6.45976 ], [ -8.423758, 6.459788 ], [ -8.422786, 6.459846 ], [ -8.422284999999874, 6.459774000000152 ], [ -8.416392, 6.45773400000013 ], [ -8.41602, 6.457489000000123 ], [ -8.411772, 6.453452 ], [ -8.408453, 6.450062 ], [ -8.407996, 6.449501000000168 ], [ -8.405979, 6.447519000000113 ], [ -8.405636, 6.447303 ], [ -8.402317, 6.44549300000017 ], [ -8.401758999999856, 6.445478 ], [ -8.401159, 6.44557900000018 ], [ -8.400501, 6.445651000000112 ], [ -8.399271, 6.4453630000001 ], [ -8.398598999999876, 6.445191 ], [ -8.397883, 6.444947000000127 ], [ -8.396897, 6.444372000000158 ], [ -8.396552999999869, 6.444027 ], [ -8.39641, 6.443682 ], [ -8.39631, 6.443380000000161 ], [ -8.396453, 6.44312200000013 ], [ -8.40349, 6.437189 ], [ -8.404381748999981, 6.436525481000103 ], [ -8.408838999999887, 6.433209 ], [ -8.409253, 6.432922000000133 ], [ -8.41004, 6.432419 ], [ -8.410754999999881, 6.432046000000128 ], [ -8.41171299999985, 6.431572000000131 ], [ -8.412041999999872, 6.431342000000143 ], [ -8.412528, 6.430954000000156 ], [ -8.413085999999851, 6.430379000000187 ], [ -8.413257999999871, 6.429891000000168 ], [ -8.413257999999871, 6.429546000000187 ], [ -8.413257999999871, 6.428914000000134 ], [ -8.413014, 6.427506000000164 ], [ -8.4129, 6.427089000000137 ], [ -8.41187, 6.425365000000113 ], [ -8.411169, 6.424489000000108 ], [ -8.410769, 6.424216 ], [ -8.410154, 6.424101000000178 ], [ -8.40958199999983, 6.424058000000173 ], [ -8.409324, 6.424129000000164 ], [ -8.408938, 6.424474 ], [ -8.408623, 6.424891000000173 ], [ -8.407908, 6.426011 ], [ -8.407765, 6.426629 ], [ -8.40748, 6.428655 ], [ -8.407108, 6.431255 ], [ -8.406965, 6.431672 ], [ -8.406678999999883, 6.432002000000182 ], [ -8.406479, 6.432189 ], [ -8.406177999999898, 6.432304000000158 ], [ -8.405878, 6.432204 ], [ -8.403889999999876, 6.430810000000179 ], [ -8.403704, 6.430465 ], [ -8.40358899999984, 6.430120000000102 ], [ -8.40358899999984, 6.429330000000107 ], [ -8.403717999999856, 6.427592000000175 ], [ -8.403904, 6.425552000000152 ], [ -8.403974999999889, 6.424977000000183 ], [ -8.404017999999894, 6.424517 ], [ -8.403918, 6.422865 ], [ -8.403403, 6.420724000000178 ], [ -8.403246, 6.420322000000112 ], [ -8.401543999999831, 6.416429 ], [ -8.401256999999873, 6.416055 ], [ -8.400971, 6.415768 ], [ -8.400485, 6.415667 ], [ -8.399999, 6.415624 ], [ -8.399455, 6.415437 ], [ -8.399054999999862, 6.415279000000112 ], [ -8.39854, 6.414920000000109 ], [ -8.398096999999893, 6.414417 ], [ -8.39445, 6.409963000000118 ], [ -8.393992, 6.409144 ], [ -8.393763, 6.408584 ], [ -8.393749, 6.407794 ], [ -8.393949, 6.407291 ], [ -8.394378, 6.406544 ], [ -8.394677999999885, 6.406012 ], [ -8.395708, 6.403556 ], [ -8.395979999999895, 6.402665 ], [ -8.396136999999896, 6.402004 ], [ -8.396223, 6.401243 ], [ -8.395921999999871, 6.399202 ], [ -8.395349999999894, 6.396674000000132 ], [ -8.395220999999879, 6.396272 ], [ -8.395093, 6.395970000000148 ], [ -8.39269, 6.391961 ], [ -8.392461, 6.391631000000132 ], [ -8.390601999999888, 6.389648 ], [ -8.389586, 6.388801000000115 ], [ -8.388684999999896, 6.388068 ], [ -8.388012999999887, 6.38752200000016 ], [ -8.387398, 6.387105000000133 ], [ -8.386883, 6.386789 ], [ -8.38643999999988, 6.386372 ], [ -8.386025, 6.385913 ], [ -8.385482, 6.385151 ], [ -8.385381999999822, 6.384778000000153 ], [ -8.385282, 6.38414500000016 ], [ -8.385282, 6.38331200000016 ], [ -8.385352999999895, 6.382623 ], [ -8.385453, 6.381832 ], [ -8.385682, 6.381330000000105 ], [ -8.386125, 6.380798 ], [ -8.386682999999891, 6.38018 ], [ -8.388356, 6.378643 ], [ -8.388942, 6.378155000000163 ], [ -8.389371, 6.37781 ], [ -8.390902, 6.376876 ], [ -8.391230999999891, 6.37677600000012 ], [ -8.391745, 6.376632 ], [ -8.392503, 6.376517000000149 ], [ -8.393204, 6.376416000000177 ], [ -8.393961999999817, 6.376316 ], [ -8.394577, 6.376373000000171 ], [ -8.395235, 6.376488 ], [ -8.395735, 6.376646000000164 ], [ -8.396379, 6.37669000000011 ], [ -8.397151, 6.37669000000011 ], [ -8.398051999999893, 6.376575000000173 ], [ -8.398509999999874, 6.376489000000163 ], [ -8.403357, 6.374492000000146 ], [ -8.403800999999874, 6.374190000000169 ], [ -8.404687, 6.373342 ], [ -8.405344999999897, 6.372638 ], [ -8.405831, 6.371963000000108 ], [ -8.407519, 6.370412 ], [ -8.408577, 6.369794 ], [ -8.409149, 6.369607 ], [ -8.409692, 6.36949200000015 ], [ -8.410321, 6.369449000000145 ], [ -8.410979, 6.369521 ], [ -8.411394, 6.369794 ], [ -8.411823, 6.370053 ], [ -8.412767, 6.370584 ], [ -8.413295999999889, 6.370828000000188 ], [ -8.413967999999898, 6.370943000000125 ], [ -8.41444, 6.370886 ], [ -8.414912, 6.37067 ], [ -8.415198, 6.370211 ], [ -8.415455, 6.369665 ], [ -8.415926999999897, 6.368602 ], [ -8.415998999999886, 6.368257 ], [ -8.415856, 6.367941 ], [ -8.415541, 6.367639000000111 ], [ -8.414282, 6.366561000000104 ], [ -8.41361, 6.366059000000121 ], [ -8.413209999999879, 6.365814000000114 ], [ -8.412923999999862, 6.365685 ], [ -8.412580999999875, 6.365699000000177 ], [ -8.412366, 6.365900000000124 ], [ -8.412123, 6.366145000000131 ], [ -8.411537, 6.366576 ], [ -8.411065, 6.366906 ], [ -8.410635999999897, 6.367107000000146 ], [ -8.410264, 6.367265 ], [ -8.409821, 6.367337 ], [ -8.409219999999891, 6.367352 ], [ -8.408547999999882, 6.367237 ], [ -8.407933, 6.367107000000146 ], [ -8.406689, 6.366547 ], [ -8.405916999999874, 6.366145000000131 ], [ -8.405674, 6.365958 ], [ -8.405387, 6.365627 ], [ -8.404486, 6.364564 ], [ -8.401817980999851, 6.361053729000162 ], [ -8.401483, 6.360613000000171 ], [ -8.40094, 6.359521 ], [ -8.400696, 6.358257 ], [ -8.400496, 6.357366000000127 ], [ -8.399723999999878, 6.35422 ], [ -8.39928, 6.352769 ], [ -8.39905199999987, 6.352280000000121 ], [ -8.398723, 6.351792 ], [ -8.398337, 6.351476 ], [ -8.391716, 6.348602 ], [ -8.391072, 6.348387 ], [ -8.3903, 6.3482 ], [ -8.389427999999839, 6.348027000000116 ], [ -8.388369, 6.348070000000121 ], [ -8.387839999999869, 6.34843 ], [ -8.387569, 6.348774000000105 ], [ -8.387468, 6.349349 ], [ -8.38754, 6.350398 ], [ -8.387655, 6.354535000000169 ], [ -8.387669, 6.355354 ], [ -8.387626, 6.356087000000173 ], [ -8.387296999999819, 6.356705000000147 ], [ -8.386954, 6.357222 ], [ -8.386510999999871, 6.357624000000158 ], [ -8.385996, 6.35808400000019 ], [ -8.385180999999875, 6.35873 ], [ -8.383837, 6.35975000000019 ], [ -8.382892999999854, 6.360081 ], [ -8.382591999999818, 6.360124 ], [ -8.381506, 6.35998 ], [ -8.380991, 6.35988 ], [ -8.379461, 6.359477 ], [ -8.378388, 6.359161000000142 ], [ -8.377788, 6.35896 ], [ -8.377229999999884, 6.358874000000185 ], [ -8.37660099999988, 6.358816 ], [ -8.375942999999893, 6.358859 ], [ -8.375385, 6.358945 ], [ -8.374756, 6.359146000000123 ], [ -8.374341, 6.359534 ], [ -8.374097999999833, 6.359908000000132 ], [ -8.373968999999818, 6.360396 ], [ -8.374026999999899, 6.360899 ], [ -8.374284, 6.362767 ], [ -8.37274, 6.36416 ], [ -8.369564999999852, 6.364074000000187 ], [ -8.369264999999871, 6.363973 ], [ -8.368907, 6.363686 ], [ -8.367549, 6.362565 ], [ -8.366561999999874, 6.361645000000124 ], [ -8.366247, 6.361257 ], [ -8.366047, 6.360826 ], [ -8.363831, 6.361573 ], [ -8.362043, 6.362766 ], [ -8.358311, 6.364647 ], [ -8.356166, 6.364848000000109 ], [ -8.355894, 6.364489 ], [ -8.355522, 6.364230000000134 ], [ -8.355208, 6.364043 ], [ -8.354664, 6.363813000000107 ], [ -8.354320999999857, 6.363670000000184 ], [ -8.352433, 6.363267 ], [ -8.351961, 6.363353 ], [ -8.347256, 6.367936 ], [ -8.346012, 6.369387000000131 ], [ -8.345612, 6.369861000000128 ], [ -8.34544, 6.370234 ], [ -8.345426, 6.370780000000138 ], [ -8.345497, 6.371197000000166 ], [ -8.345311, 6.372159000000181 ], [ -8.344182, 6.374386 ], [ -8.343408999999895, 6.375866000000144 ], [ -8.343266, 6.376124000000175 ], [ -8.343023, 6.376354000000163 ], [ -8.342794, 6.376483000000178 ], [ -8.341907999999876, 6.376684000000125 ], [ -8.341579, 6.376713 ], [ -8.34135, 6.376598000000115 ], [ -8.34123499999987, 6.376383 ], [ -8.341277999999875, 6.376095 ], [ -8.34135, 6.37572200000011 ], [ -8.341536, 6.37524800000017 ], [ -8.341622, 6.374831 ], [ -8.341665, 6.374328 ], [ -8.341693, 6.373021000000108 ], [ -8.341608, 6.372676000000126 ], [ -8.34140699999989, 6.372274000000118 ], [ -8.341221, 6.371958 ], [ -8.340978, 6.371656000000144 ], [ -8.338791, 6.369831 ], [ -8.337904, 6.369256000000121 ], [ -8.33761799999985, 6.369213000000116 ], [ -8.336145, 6.369931 ], [ -8.334686, 6.370664 ], [ -8.334042999999895, 6.370649000000128 ], [ -8.333714, 6.370563000000118 ], [ -8.333385, 6.370405000000176 ], [ -8.33001, 6.368120000000147 ], [ -8.324648, 6.364398 ], [ -8.323561, 6.363536 ], [ -8.322146, 6.362199000000146 ], [ -8.32176, 6.361826000000178 ], [ -8.320629999999881, 6.36036 ], [ -8.318012999999894, 6.357271 ], [ -8.317198, 6.356897 ], [ -8.316984, 6.356825000000129 ], [ -8.316598, 6.357127 ], [ -8.316283, 6.357615000000123 ], [ -8.315967999999884, 6.358291 ], [ -8.315697, 6.358851 ], [ -8.315252999999871, 6.359411 ], [ -8.314967, 6.35977 ], [ -8.314723999999899, 6.360043 ], [ -8.314438, 6.360345 ], [ -8.314094999999895, 6.36056 ], [ -8.313823, 6.360617000000161 ], [ -8.313666, 6.360474 ], [ -8.30992, 6.355200000000139 ], [ -8.309891, 6.354942000000108 ], [ -8.30992, 6.353635000000111 ], [ -8.310106, 6.353204000000176 ], [ -8.310162999999818, 6.352859 ], [ -8.31022, 6.352457000000186 ], [ -8.310077, 6.351982000000135 ], [ -8.309877, 6.351436 ], [ -8.309191, 6.350158 ], [ -8.308833999999877, 6.349554000000182 ], [ -8.30829, 6.349008 ], [ -8.306259999999895, 6.347370000000126 ], [ -8.305316, 6.346637 ], [ -8.304886999999894, 6.346407 ], [ -8.30463, 6.346278 ], [ -8.304387, 6.346249 ], [ -8.304100999999889, 6.346364 ], [ -8.303486, 6.346838000000162 ], [ -8.30157, 6.348533 ], [ -8.301341, 6.348949 ], [ -8.301283, 6.349538 ], [ -8.301283, 6.350415000000169 ], [ -8.301298, 6.351219 ], [ -8.301169, 6.351549 ], [ -8.300582, 6.352498 ], [ -8.300252999999827, 6.352713 ], [ -8.299824, 6.352813 ], [ -8.299524, 6.352828000000159 ], [ -8.29828, 6.352641000000119 ], [ -8.297165, 6.352023 ], [ -8.296979, 6.351836000000162 ], [ -8.296763999999882, 6.351606000000118 ], [ -8.296464, 6.351462 ], [ -8.29147399999988, 6.350613 ], [ -8.291059, 6.350556 ], [ -8.289386, 6.350354 ], [ -8.287555999999881, 6.350541000000135 ], [ -8.286712, 6.35077 ], [ -8.286011, 6.351072000000158 ], [ -8.285510999999872, 6.351057 ], [ -8.284824, 6.350985 ], [ -8.283966, 6.349879 ], [ -8.283838, 6.349563 ], [ -8.283252, 6.346287 ], [ -8.283137999999838, 6.345468 ], [ -8.283109, 6.345253 ], [ -8.283252, 6.344965 ], [ -8.28401, 6.343773 ], [ -8.284181999999873, 6.34373 ], [ -8.284568, 6.343773 ], [ -8.28474, 6.343759 ], [ -8.284868, 6.34347200000019 ], [ -8.284881945999871, 6.343204243000116 ], [ -8.284883, 6.343184000000122 ], [ -8.284726, 6.341489 ], [ -8.284611, 6.34113 ], [ -8.283825, 6.339894 ], [ -8.283425, 6.339291000000117 ], [ -8.28298199999989, 6.338816 ], [ -8.282538, 6.338601 ], [ -8.282295, 6.338500000000181 ], [ -8.281808999999896, 6.338529000000108 ], [ -8.281093999999825, 6.338902 ], [ -8.280536, 6.339218 ], [ -8.279364, 6.340008 ], [ -8.278891999999871, 6.340353 ], [ -8.278404691999981, 6.340438194000171 ], [ -8.278319999999894, 6.340453000000139 ], [ -8.277647999999886, 6.340496000000144 ], [ -8.276961, 6.34043800000012 ], [ -8.276274999999885, 6.340309000000104 ], [ -8.275530999999887, 6.340165000000127 ], [ -8.271641999999872, 6.338770000000125 ], [ -8.271328, 6.338598000000104 ], [ -8.268383, 6.333899 ], [ -8.267997, 6.333094000000187 ], [ -8.267983, 6.332778000000133 ], [ -8.268684, 6.332161 ], [ -8.26914099999982, 6.331902000000127 ], [ -8.270199, 6.331371000000104 ], [ -8.270543, 6.331328 ], [ -8.27356, 6.33107 ], [ -8.274360999999885, 6.331071000000122 ], [ -8.275075, 6.331143 ], [ -8.275562, 6.331344000000172 ], [ -8.275847999999826, 6.331387000000177 ], [ -8.276018999999849, 6.331373 ], [ -8.276262, 6.331301000000167 ], [ -8.278622, 6.330583000000104 ], [ -8.278851, 6.330511000000172 ], [ -8.279294, 6.330368 ], [ -8.28284, 6.328630000000146 ], [ -8.285114, 6.327309 ], [ -8.285586, 6.32695 ], [ -8.286086, 6.326462000000163 ], [ -8.286229999999875, 6.326088000000141 ], [ -8.286314999999888, 6.3257440000001 ], [ -8.286314999999888, 6.32537 ], [ -8.28337, 6.32149 ], [ -8.282927, 6.321145 ], [ -8.282241, 6.321030000000121 ], [ -8.280668, 6.321059 ], [ -8.279839, 6.321173 ], [ -8.279038, 6.321317 ], [ -8.278393999999878, 6.321417 ], [ -8.277446054999871, 6.321541282000169 ], [ -8.275549, 6.321790000000135 ], [ -8.274061999999844, 6.321818000000121 ], [ -8.270616, 6.321128000000101 ], [ -8.270001, 6.320927000000154 ], [ -8.269472, 6.320639000000142 ], [ -8.268714, 6.320007 ], [ -8.268214, 6.319633000000181 ], [ -8.267628, 6.319317000000183 ], [ -8.26697, 6.319087000000138 ], [ -8.266384, 6.3189 ], [ -8.265669, 6.318871 ], [ -8.265067999999872, 6.318899 ], [ -8.264481999999873, 6.319014000000152 ], [ -8.26341, 6.319301 ], [ -8.261923, 6.319847000000152 ], [ -8.261679, 6.320077 ], [ -8.261278999999888, 6.320551000000137 ], [ -8.260664, 6.32165700000013 ], [ -8.260092, 6.322777 ], [ -8.259849, 6.322992000000113 ], [ -8.259505, 6.323222000000158 ], [ -8.25907599999988, 6.323236 ], [ -8.258575999999891, 6.323107 ], [ -8.258047, 6.322776 ], [ -8.255944999999883, 6.321239 ], [ -8.25485899999984, 6.320333 ], [ -8.25448699999987, 6.320060000000183 ], [ -8.253700999999865, 6.319528 ], [ -8.253229, 6.319212000000164 ], [ -8.2528, 6.319025000000181 ], [ -8.252371, 6.318853000000161 ], [ -8.251928, 6.318781 ], [ -8.251628, 6.318838000000142 ], [ -8.248900999999876, 6.319848 ], [ -8.248719, 6.319924000000128 ], [ -8.245986, 6.321106 ], [ -8.245742999999891, 6.321288 ], [ -8.241645, 6.321012 ], [ -8.23468, 6.317246 ], [ -8.232798999999886, 6.316107000000102 ], [ -8.229886, 6.3135410000001 ], [ -8.22883899999988, 6.312494000000129 ], [ -8.226321, 6.309944 ], [ -8.225153, 6.307835000000125 ], [ -8.225108, 6.307698000000187 ], [ -8.225017, 6.307516 ], [ -8.222847, 6.306286 ], [ -8.221861, 6.305769 ], [ -8.221177999999895, 6.305450000000121 ], [ -8.221011, 6.305405000000178 ], [ -8.220797999999888, 6.30542000000014 ], [ -8.220616, 6.305435000000159 ], [ -8.215835, 6.305841000000157 ], [ -8.215744, 6.306054 ], [ -8.215592, 6.306327 ], [ -8.212675999999874, 6.308964000000117 ], [ -8.212524, 6.309086 ], [ -8.212145, 6.309298 ], [ -8.211795999999879, 6.309373 ], [ -8.210794, 6.309433000000183 ], [ -8.210323, 6.309403 ], [ -8.20999, 6.309251 ], [ -8.209504, 6.308978 ], [ -8.209443, 6.308856 ], [ -8.209412999999813, 6.308720000000164 ], [ -8.209444, 6.308553 ], [ -8.209565, 6.308356 ], [ -8.209823, 6.308098 ], [ -8.210005, 6.307946 ], [ -8.210217999999884, 6.30778 ], [ -8.210355, 6.307673 ], [ -8.210476, 6.307537 ], [ -8.210567, 6.307385 ], [ -8.210689, 6.307158 ], [ -8.210871, 6.306809000000158 ], [ -8.211053999999876, 6.306066000000158 ], [ -8.211024, 6.30555 ], [ -8.210962999999879, 6.304822 ], [ -8.210857, 6.304473000000144 ], [ -8.210524, 6.304093000000137 ], [ -8.210205, 6.303896000000179 ], [ -8.209902, 6.303759 ], [ -8.209659, 6.303683000000149 ], [ -8.209264, 6.303637 ], [ -8.205561, 6.303681000000154 ], [ -8.203724, 6.303968000000111 ], [ -8.203389999999899, 6.30462 ], [ -8.202934, 6.305575 ], [ -8.202569, 6.306349000000125 ], [ -8.202431999999874, 6.306606 ], [ -8.202219999999897, 6.306788 ], [ -8.202007, 6.30695500000013 ], [ -8.20092899999986, 6.307698000000187 ], [ -8.200656, 6.307879 ], [ -8.200443, 6.307970000000125 ], [ -8.200231, 6.308046 ], [ -8.200033, 6.308076 ], [ -8.199791, 6.308076 ], [ -8.199592999999879, 6.308015000000125 ], [ -8.199202376999892, 6.307788954000046 ], [ -8.199199, 6.307787 ], [ -8.199108, 6.307681000000173 ], [ -8.196013999999877, 6.30416 ], [ -8.190763999999888, 6.30094 ], [ -8.18992999999989, 6.299862000000189 ], [ -8.189854, 6.299741 ], [ -8.188778, 6.296357 ], [ -8.188717999999824, 6.29599300000018 ], [ -8.188552, 6.294946 ], [ -8.188582, 6.294734 ], [ -8.188658, 6.294673 ], [ -8.188809999999876, 6.294598 ], [ -8.188916, 6.294476 ], [ -8.188947, 6.294400000000167 ], [ -8.188083, 6.291973 ], [ -8.187992, 6.291836000000103 ], [ -8.186869, 6.291365 ], [ -8.186716999999817, 6.291335 ], [ -8.184881, 6.291409000000101 ], [ -8.184092, 6.2915 ], [ -8.183909, 6.291636 ], [ -8.183650999999884, 6.291712000000132 ], [ -8.183454, 6.291712000000132 ], [ -8.183241, 6.291711 ], [ -8.183075, 6.291651 ], [ -8.182953, 6.29159 ], [ -8.179008, 6.289296 ], [ -8.17872, 6.289114000000154 ], [ -8.175594999999817, 6.286518000000115 ], [ -8.175504, 6.286366000000157 ], [ -8.175459, 6.286169 ], [ -8.175474, 6.285926000000131 ], [ -8.175505, 6.28563800000012 ], [ -8.175595999999814, 6.285092 ], [ -8.175686999999868, 6.284834 ], [ -8.17584, 6.283059 ], [ -8.175917, 6.281345 ], [ -8.175932999999873, 6.280769000000134 ], [ -8.175887999999816, 6.280222 ], [ -8.175827, 6.279767 ], [ -8.175706, 6.279327 ], [ -8.17523599999987, 6.278599 ], [ -8.17425, 6.277354 ], [ -8.173916, 6.27708100000018 ], [ -8.17252, 6.277125 ], [ -8.16739, 6.277486000000124 ], [ -8.167101999999829, 6.277516000000105 ], [ -8.164962, 6.277969 ], [ -8.164399999999887, 6.278151 ], [ -8.163822999999866, 6.278348 ], [ -8.163292, 6.278590000000122 ], [ -8.162791, 6.278833 ], [ -8.162395999999831, 6.27909000000011 ], [ -8.162061999999821, 6.279393000000141 ], [ -8.161819, 6.279879 ], [ -8.161667, 6.280455 ], [ -8.152909, 6.281161 ], [ -8.148508, 6.280506 ], [ -8.14605, 6.279563000000167 ], [ -8.14366699999988, 6.280184 ], [ -8.1435, 6.280654 ], [ -8.143302, 6.28103300000015 ], [ -8.142876999999885, 6.281381000000124 ], [ -8.142194, 6.2815930000001 ], [ -8.135818, 6.283500000000117 ], [ -8.135499, 6.283515000000136 ], [ -8.135029, 6.283423 ], [ -8.134801, 6.283317000000125 ], [ -8.13418, 6.282846 ], [ -8.133982, 6.282603000000165 ], [ -8.133830999999873, 6.282360000000153 ], [ -8.133618, 6.282102000000123 ], [ -8.133209, 6.281935000000146 ], [ -8.130537999999888, 6.281129 ], [ -8.129703999999833, 6.280992 ], [ -8.129126999999869, 6.281143000000156 ], [ -8.128687, 6.281355000000133 ], [ -8.128504, 6.281689 ], [ -8.128381999999874, 6.282144 ], [ -8.128169999999898, 6.282599 ], [ -8.12776, 6.282962 ], [ -8.12738, 6.283265 ], [ -8.12662099999983, 6.283614000000171 ], [ -8.126164999999844, 6.283704000000171 ], [ -8.122370999999873, 6.284232000000145 ], [ -8.121960999999885, 6.284186 ], [ -8.117862, 6.286352 ], [ -8.115143, 6.288853 ], [ -8.111893999999893, 6.291414 ], [ -8.111286, 6.291747 ], [ -8.110057, 6.292065 ], [ -8.109267, 6.292155 ], [ -8.108812, 6.2922 ], [ -8.108205, 6.29217 ], [ -8.107704, 6.292124000000115 ], [ -8.107249, 6.292063 ], [ -8.106991, 6.292017000000158 ], [ -8.106794, 6.291941 ], [ -8.106612, 6.291789000000108 ], [ -8.106307999999899, 6.291592 ], [ -8.10592899999989, 6.29144 ], [ -8.10558, 6.291318 ], [ -8.105201, 6.291196 ], [ -8.104304999999897, 6.290998 ], [ -8.103682999999876, 6.290907000000175 ], [ -8.102377999999817, 6.290951 ], [ -8.10171, 6.290981 ], [ -8.100753999999824, 6.291223 ], [ -8.100100999999881, 6.291571 ], [ -8.096590999999876, 6.296483 ], [ -8.096348, 6.297044 ], [ -8.09617999999989, 6.297681 ], [ -8.096255999999869, 6.298076 ], [ -8.096317, 6.298364 ], [ -8.096300999999869, 6.298682 ], [ -8.094234, 6.302367000000118 ], [ -8.09191, 6.304307 ], [ -8.089982, 6.305579 ], [ -8.088327, 6.306533 ], [ -8.088084, 6.306655 ], [ -8.087688999999898, 6.306654 ], [ -8.087371, 6.306578 ], [ -8.087006, 6.306456 ], [ -8.08659699999987, 6.306229000000144 ], [ -8.085414, 6.305545 ], [ -8.085018999999875, 6.305089000000123 ], [ -8.084868, 6.304801000000111 ], [ -8.084413, 6.30386 ], [ -8.084307, 6.303587 ], [ -8.084352999999851, 6.303344000000152 ], [ -8.084444, 6.302889000000164 ], [ -8.084565999999882, 6.302662 ], [ -8.084627, 6.302374 ], [ -8.084520999999881, 6.302116000000183 ], [ -8.084293, 6.301842 ], [ -8.083747, 6.301417 ], [ -8.083383, 6.301189 ], [ -8.082579, 6.300718000000131 ], [ -8.080668, 6.299897 ], [ -8.08003, 6.299715000000106 ], [ -8.079545, 6.299593000000129 ], [ -8.078998, 6.299486000000172 ], [ -8.078619, 6.299441000000172 ], [ -8.07789, 6.299501 ], [ -8.076631, 6.299727000000189 ], [ -8.076069, 6.299833 ], [ -8.075416, 6.30009 ], [ -8.074809, 6.300453 ], [ -8.074292, 6.300787000000128 ], [ -8.073897999999872, 6.30109 ], [ -8.073639, 6.301393000000189 ], [ -8.073441999999886, 6.301924 ], [ -8.073229, 6.302576 ], [ -8.063936, 6.307937 ], [ -8.063282999999899, 6.30827 ], [ -8.06265999999988, 6.308406000000105 ], [ -8.062234999999873, 6.308467 ], [ -8.061278999999899, 6.308375 ], [ -8.058519606999937, 6.307338820000098 ], [ -8.056379, 6.306535 ], [ -8.053268, 6.305257000000154 ], [ -8.05298, 6.305045 ], [ -8.052646, 6.304847000000166 ], [ -8.052313, 6.30471 ], [ -8.051871999999889, 6.304665 ], [ -8.051235, 6.30472500000019 ], [ -8.050461, 6.305149 ], [ -8.048318999999822, 6.306861 ], [ -8.046998, 6.308012 ], [ -8.046663, 6.308315 ], [ -8.044931, 6.31069500000018 ], [ -8.044673, 6.31112000000013 ], [ -8.044505999999899, 6.311514 ], [ -8.040997999999888, 6.313407 ], [ -8.034804, 6.314918000000148 ], [ -8.032573, 6.315447 ], [ -8.022948, 6.317621 ], [ -8.010196, 6.320642 ], [ -8.008283, 6.321065 ], [ -8.006142999999895, 6.321518 ], [ -8.005839, 6.321563 ], [ -8.005353999999897, 6.321593000000178 ], [ -8.004868, 6.321547000000123 ], [ -8.004413, 6.321379 ], [ -8.004155, 6.32127300000019 ], [ -8.003805999999884, 6.321106 ], [ -8.003609, 6.320923000000164 ], [ -8.002911, 6.320195000000126 ], [ -7.998693, 6.315602 ], [ -7.997881, 6.314519000000189 ], [ -7.997381, 6.313629000000105 ], [ -7.995019, 6.304765000000145 ], [ -7.994878, 6.304140000000132 ], [ -7.994856, 6.303516000000172 ], [ -7.994907, 6.302893000000154 ], [ -7.995052999999871, 6.302485000000161 ], [ -7.995199, 6.301934000000188 ], [ -7.995249, 6.30143 ], [ -7.995086, 6.300278000000162 ], [ -7.994922, 6.299365 ], [ -7.994731999999885, 6.298812000000169 ], [ -7.99447, 6.298332 ], [ -7.99416, 6.297946 ], [ -7.992773999999883, 6.296453 ], [ -7.992223999999851, 6.295947 ], [ -7.991722, 6.295657 ], [ -7.990905, 6.295750000000112 ], [ -7.990424, 6.296156000000167 ], [ -7.989966, 6.296586 ], [ -7.989458, 6.2974 ], [ -7.989048, 6.29795 ], [ -7.987383, 6.300103 ], [ -7.986974, 6.300365 ], [ -7.986325, 6.300603 ], [ -7.981619, 6.30116 ], [ -7.981066999999882, 6.301134000000104 ], [ -7.980610999999897, 6.301036000000124 ], [ -7.98022799999984, 6.300770000000171 ], [ -7.980012999999815, 6.300529 ], [ -7.979967, 6.300169 ], [ -7.980016, 6.299978000000181 ], [ -7.980161, 6.299642000000119 ], [ -7.980619, 6.299236 ], [ -7.980980999999872, 6.29871 ], [ -7.981249, 6.297799 ], [ -7.981347, 6.297271 ], [ -7.981209, 6.295879000000127 ], [ -7.980899, 6.29535 ], [ -7.980445, 6.294892000000175 ], [ -7.979536, 6.294193 ], [ -7.978794, 6.293734000000143 ], [ -7.978147, 6.293683000000158 ], [ -7.977569, 6.29401700000011 ], [ -7.977087, 6.294471000000158 ], [ -7.976602, 6.29564500000015 ], [ -7.97643099999982, 6.296508000000131 ], [ -7.976185999999871, 6.297683000000177 ], [ -7.975795, 6.299265000000162 ], [ -7.975337, 6.299719 ], [ -7.974783999999886, 6.299981 ], [ -7.974232, 6.300002 ], [ -7.973752, 6.299976000000186 ], [ -7.973271999999838, 6.299878 ], [ -7.97281699999985, 6.299781 ], [ -7.972361999999862, 6.299587 ], [ -7.971668, 6.299080000000117 ], [ -7.970807, 6.298429000000112 ], [ -7.969659, 6.297392000000116 ], [ -7.969396, 6.297127 ], [ -7.969156999999882, 6.296862 ], [ -7.968421, 6.295204 ], [ -7.968254, 6.294795 ], [ -7.968019, 6.293762000000129 ], [ -7.967666, 6.292225000000144 ], [ -7.967429, 6.291480000000149 ], [ -7.967144, 6.290759 ], [ -7.966025999999886, 6.288499 ], [ -7.965548, 6.287873000000104 ], [ -7.964759, 6.287198 ], [ -7.96397, 6.286667 ], [ -7.963322999999889, 6.286281 ], [ -7.962532999999894, 6.285917 ], [ -7.961909999999875, 6.285699 ], [ -7.959897, 6.285043 ], [ -7.959345, 6.284969 ], [ -7.958673, 6.284966000000111 ], [ -7.958169, 6.285060000000101 ], [ -7.957688, 6.285370000000171 ], [ -7.957278, 6.2858 ], [ -7.95706, 6.286255 ], [ -7.956961, 6.286975 ], [ -7.956789999999899, 6.28767 ], [ -7.953571999999838, 6.293560000000127 ], [ -7.950350604999926, 6.298787941000057 ], [ -7.94956, 6.300071 ], [ -7.949151, 6.300309 ], [ -7.948767, 6.300331 ], [ -7.948455, 6.30033 ], [ -7.948166999999899, 6.300305 ], [ -7.947783999999842, 6.300111000000186 ], [ -7.947545, 6.299894000000165 ], [ -7.942195, 6.294018000000165 ], [ -7.941766, 6.293320000000165 ], [ -7.94148, 6.292791 ], [ -7.941242999999872, 6.29231 ], [ -7.941029, 6.291829 ], [ -7.940863, 6.291373 ], [ -7.940506, 6.290627 ], [ -7.940243999999836, 6.290266 ], [ -7.938000999999872, 6.287234000000183 ], [ -7.937643, 6.286776000000145 ], [ -7.934107, 6.283234000000164 ], [ -7.933366, 6.282511 ], [ -7.933007, 6.282222000000104 ], [ -7.93236, 6.281979 ], [ -7.931642, 6.281713 ], [ -7.930921999999896, 6.281662 ], [ -7.930202, 6.2816830000001 ], [ -7.929456999999843, 6.281824 ], [ -7.928857, 6.281989000000181 ], [ -7.928351, 6.282299 ], [ -7.927845, 6.282825 ], [ -7.925554, 6.285431 ], [ -7.925262, 6.286174 ], [ -7.925043999999843, 6.286749 ], [ -7.924922, 6.287204 ], [ -7.924775, 6.287875 ], [ -7.924556, 6.288522000000171 ], [ -7.9239, 6.290343 ], [ -7.923392, 6.291373 ], [ -7.922884999999894, 6.292115 ], [ -7.922402, 6.292617 ], [ -7.921897, 6.292975 ], [ -7.921488, 6.293237 ], [ -7.920863, 6.29333 ], [ -7.920192, 6.293303000000151 ], [ -7.919544, 6.293205 ], [ -7.919113, 6.293011000000149 ], [ -7.918658, 6.292745 ], [ -7.918251999999882, 6.292408 ], [ -7.917845999999884, 6.29195 ], [ -7.917511999999874, 6.291421 ], [ -7.91725, 6.290916 ], [ -7.916678999999874, 6.28976200000011 ], [ -7.916353999999899, 6.287361 ], [ -7.916332, 6.286833 ], [ -7.916381999999885, 6.286473000000115 ], [ -7.91648, 6.286017 ], [ -7.916601999999898, 6.285538 ], [ -7.916894, 6.284507000000133 ], [ -7.917088, 6.284052 ], [ -7.917308, 6.283213 ], [ -7.917406, 6.282830000000104 ], [ -7.917460999999832, 6.281222000000128 ], [ -7.91741699999983, 6.280190000000175 ], [ -7.917231, 6.278846 ], [ -7.917138, 6.278294000000187 ], [ -7.91647399999988, 6.276443000000143 ], [ -7.916237, 6.275842000000125 ], [ -7.915451, 6.27439900000013 ], [ -7.914829, 6.273869000000161 ], [ -7.914255, 6.273434 ], [ -7.913609, 6.273144 ], [ -7.913201, 6.273022 ], [ -7.912879863999933, 6.273072311000021 ], [ -7.912600999999881, 6.273116000000186 ], [ -7.912143999999898, 6.273330000000158 ], [ -7.911783, 6.27352 ], [ -7.91151699999989, 6.274119 ], [ -7.911225999999886, 6.274838 ], [ -7.910972, 6.277860000000146 ], [ -7.911058, 6.280188 ], [ -7.911221999999896, 6.281053 ], [ -7.911265999999898, 6.281989000000181 ], [ -7.911287, 6.282733000000121 ], [ -7.911212, 6.283332 ], [ -7.91097, 6.283715 ], [ -7.910658, 6.28393 ], [ -7.908059, 6.285527000000172 ], [ -7.907482, 6.28574 ], [ -7.906689, 6.285857000000135 ], [ -7.906041, 6.285950000000184 ], [ -7.904914, 6.28585 ], [ -7.903954, 6.285702 ], [ -7.903331, 6.285459 ], [ -7.902781, 6.285217000000102 ], [ -7.902158, 6.28483 ], [ -7.901418, 6.284011000000135 ], [ -7.901295498999957, 6.283841358000132 ], [ -7.901036, 6.283482 ], [ -7.900845999999888, 6.2831690000001 ], [ -7.90079826799996, 6.282991518000188 ], [ -7.900704, 6.282641000000126 ], [ -7.900658, 6.282137 ], [ -7.900708, 6.281801 ], [ -7.900997, 6.281442 ], [ -7.901526, 6.28118 ], [ -7.901984, 6.280870000000164 ], [ -7.902465, 6.280512 ], [ -7.903116, 6.279843 ], [ -7.903382, 6.279532 ], [ -7.903626, 6.27855 ], [ -7.903676, 6.278118000000177 ], [ -7.903654, 6.277710000000184 ], [ -7.903608, 6.277254 ], [ -7.903418, 6.276773000000105 ], [ -7.903204, 6.276340000000118 ], [ -7.902846999999895, 6.275691000000108 ], [ -7.902536, 6.275498 ], [ -7.901984, 6.275423000000103 ], [ -7.901577, 6.275230000000136 ], [ -7.901194, 6.275012 ], [ -7.900883, 6.274675 ], [ -7.900693, 6.274362 ], [ -7.899931, 6.272967000000108 ], [ -7.899288, 6.27176500000013 ], [ -7.896077, 6.265489000000116 ], [ -7.894626, 6.262579000000187 ], [ -7.894007999999815, 6.261209000000179 ], [ -7.893915, 6.260465 ], [ -7.893893999999875, 6.259865000000161 ], [ -7.893894999999873, 6.259505 ], [ -7.893729999999891, 6.258928 ], [ -7.893467999999871, 6.258423 ], [ -7.890100999999845, 6.254714 ], [ -7.889671, 6.254424 ], [ -7.889335, 6.254399 ], [ -7.887099, 6.255301 ], [ -7.885968, 6.255944000000113 ], [ -7.885512, 6.256134 ], [ -7.885007, 6.256204000000139 ], [ -7.884673, 6.255939 ], [ -7.882121, 6.252377 ], [ -7.881931, 6.251944 ], [ -7.881932999999833, 6.251536 ], [ -7.881816, 6.250696 ], [ -7.881405, 6.249709 ], [ -7.88085, 6.248507 ], [ -7.879646, 6.247235 ], [ -7.87918999999988, 6.247043000000133 ], [ -7.878733999999895, 6.247069000000124 ], [ -7.87743799999987, 6.246904000000143 ], [ -7.876933, 6.246761 ], [ -7.87518, 6.246260000000177 ], [ -7.874868, 6.246116000000143 ], [ -7.866767, 6.2413 ], [ -7.866551, 6.241060000000118 ], [ -7.86640599999987, 6.240772000000106 ], [ -7.864888, 6.238537000000122 ], [ -7.861398, 6.235129 ], [ -7.860772999999824, 6.234577 ], [ -7.859884, 6.234098000000188 ], [ -7.859595, 6.233954000000153 ], [ -7.859139, 6.233763000000181 ], [ -7.858298, 6.233500000000106 ], [ -7.857865999999888, 6.233525 ], [ -7.857506, 6.233526 ], [ -7.857002, 6.23348 ], [ -7.856594, 6.23336 ], [ -7.856113999999877, 6.233169 ], [ -7.855729, 6.232905 ], [ -7.855415999999877, 6.232593000000179 ], [ -7.855199999999854, 6.232377 ], [ -7.854452999999864, 6.231417 ], [ -7.852815, 6.229303 ], [ -7.85214, 6.228125000000148 ], [ -7.851946999999882, 6.22774 ], [ -7.849411999999859, 6.222403 ], [ -7.845633, 6.218177 ], [ -7.841660999999874, 6.213638000000174 ], [ -7.836628, 6.207441 ], [ -7.834777, 6.206002 ], [ -7.829993, 6.202886000000149 ], [ -7.825113, 6.199529 ], [ -7.824488, 6.199097000000165 ], [ -7.823069, 6.197994 ], [ -7.822395, 6.197298 ], [ -7.822203, 6.197033 ], [ -7.822058, 6.196745 ], [ -7.821575, 6.195735000000184 ], [ -7.821406, 6.195254 ], [ -7.821357, 6.1948450000001 ], [ -7.821404, 6.194604 ], [ -7.821546999999896, 6.194315000000131 ], [ -7.821762, 6.193929000000139 ], [ -7.82248, 6.193229000000144 ], [ -7.822790999999825, 6.192964 ], [ -7.823198, 6.192674 ], [ -7.823677, 6.192384 ], [ -7.824084, 6.192142000000104 ], [ -7.824586999999894, 6.191924 ], [ -7.826313, 6.191197 ], [ -7.826911999999822, 6.190979000000141 ], [ -7.82768, 6.190880000000107 ], [ -7.828302999999892, 6.190879 ], [ -7.828878999999858, 6.19094900000016 ], [ -7.82996, 6.191235000000177 ], [ -7.833009999999888, 6.192142000000104 ], [ -7.833685657999922, 6.192434276000085 ], [ -7.834115, 6.19262 ], [ -7.834762999999896, 6.192907000000162 ], [ -7.836181, 6.193601000000172 ], [ -7.837333999999885, 6.194224 ], [ -7.838223, 6.194438000000162 ], [ -7.840166999999894, 6.194746 ], [ -7.840670999999872, 6.194697 ], [ -7.841245999999842, 6.194599000000153 ], [ -7.841845, 6.19423600000016 ], [ -7.842515, 6.193753000000129 ], [ -7.843018, 6.193150000000173 ], [ -7.843423, 6.19233 ], [ -7.843684, 6.191342000000134 ], [ -7.844015, 6.189729000000114 ], [ -7.844061, 6.18900600000012 ], [ -7.843892, 6.188357 ], [ -7.84365, 6.187852 ], [ -7.843145, 6.18751600000013 ], [ -7.842569, 6.187253 ], [ -7.84187299999985, 6.187207000000114 ], [ -7.841345, 6.187305 ], [ -7.840073, 6.187116 ], [ -7.839401, 6.18699700000019 ], [ -7.83707, 6.1858 ], [ -7.836469, 6.185248 ], [ -7.835987, 6.184744 ], [ -7.835924881999915, 6.184608980000121 ], [ -7.835842999999898, 6.184431000000131 ], [ -7.836271, 6.183178 ], [ -7.836629, 6.182720000000131 ], [ -7.83706, 6.182261 ], [ -7.837849, 6.181272 ], [ -7.838303, 6.180621 ], [ -7.838852, 6.179801 ], [ -7.839067, 6.179391 ], [ -7.839566, 6.177705000000174 ], [ -7.83997, 6.176163 ], [ -7.840159, 6.175392000000102 ], [ -7.840300999999897, 6.17467 ], [ -7.840395, 6.173755 ], [ -7.840463999999884, 6.172864000000175 ], [ -7.840485, 6.171853 ], [ -7.840483, 6.171299 ], [ -7.840241999999876, 6.170698000000186 ], [ -7.839904, 6.17004900000012 ], [ -7.839399, 6.169545 ], [ -7.838797999999883, 6.169138 ], [ -7.837908, 6.168562 ], [ -7.837356, 6.168227 ], [ -7.836754999999869, 6.168012 ], [ -7.836203, 6.167893000000106 ], [ -7.835554, 6.167461 ], [ -7.834423999999899, 6.166598 ], [ -7.833702, 6.165926 ], [ -7.833533999999815, 6.165758 ], [ -7.833437, 6.165445 ], [ -7.833291, 6.164747 ], [ -7.833241999999814, 6.1643380000001 ], [ -7.833408, 6.163664000000153 ], [ -7.833599, 6.163278000000162 ], [ -7.834508, 6.162409 ], [ -7.835250999999857, 6.162046 ], [ -7.835898, 6.161755 ], [ -7.836449, 6.161585 ], [ -7.837215999999898, 6.161463 ], [ -7.838487999999813, 6.161435 ], [ -7.839807, 6.161287000000129 ], [ -7.841102, 6.161139000000105 ], [ -7.841460999999867, 6.16097 ], [ -7.841748999999879, 6.160801 ], [ -7.848071, 6.156932 ], [ -7.848956999999871, 6.156207 ], [ -7.849411999999859, 6.155821000000117 ], [ -7.850105, 6.155145000000118 ], [ -7.850559, 6.15447 ], [ -7.850893, 6.153723 ], [ -7.851130999999896, 6.153072 ], [ -7.851343, 6.151844 ], [ -7.851365999999871, 6.151242000000138 ], [ -7.851213, 6.148113 ], [ -7.85109, 6.147102 ], [ -7.850845, 6.145490000000109 ], [ -7.850723, 6.144696000000124 ], [ -7.850482, 6.144312000000127 ], [ -7.850144, 6.143783 ], [ -7.849782999999888, 6.143254000000184 ], [ -7.84915599999988, 6.142245 ], [ -7.849131, 6.141691 ], [ -7.849105, 6.140993000000151 ], [ -7.8491, 6.139453000000117 ], [ -7.849143, 6.137623 ], [ -7.849189, 6.13692500000019 ], [ -7.849447999999882, 6.13536 ], [ -7.849685, 6.134155 ], [ -7.850043, 6.133553 ], [ -7.850473, 6.133022 ], [ -7.851166, 6.132226 ], [ -7.85143, 6.13208 ], [ -7.851788999999883, 6.131742 ], [ -7.852482, 6.131067 ], [ -7.852888, 6.130464000000131 ], [ -7.853198, 6.129789 ], [ -7.853316, 6.129042 ], [ -7.853285999999855, 6.11866700000013 ], [ -7.85323, 6.115923000000123 ], [ -7.853004, 6.112602000000152 ], [ -7.852954999999895, 6.112048000000129 ], [ -7.852494999999863, 6.110581 ], [ -7.852373999999884, 6.110197 ], [ -7.852085, 6.109836 ], [ -7.851819, 6.109356000000162 ], [ -7.851504, 6.108273 ], [ -7.851282, 6.106083 ], [ -7.851305, 6.105602 ], [ -7.851326999999856, 6.105144000000166 ], [ -7.852279999999837, 6.102662000000123 ], [ -7.853352, 6.100252 ], [ -7.853614999999877, 6.099866 ], [ -7.854093, 6.099383000000103 ], [ -7.854330999999888, 6.09887700000013 ], [ -7.85476, 6.097865 ], [ -7.854974, 6.097215000000119 ], [ -7.85514, 6.096612000000164 ], [ -7.855233, 6.095384000000138 ], [ -7.855136, 6.094951 ], [ -7.854989999999873, 6.094494 ], [ -7.854869999999892, 6.09423 ], [ -7.854677, 6.094158000000164 ], [ -7.854269, 6.094087000000115 ], [ -7.853502, 6.094017 ], [ -7.852062, 6.093901000000187 ], [ -7.85151, 6.093878 ], [ -7.849472, 6.094197000000179 ], [ -7.848656999999832, 6.094368 ], [ -7.84801, 6.094586 ], [ -7.847625999999877, 6.094635 ], [ -7.846978, 6.094517000000167 ], [ -7.846474, 6.094301 ], [ -7.845945, 6.094038000000182 ], [ -7.845751999999891, 6.093750000000114 ], [ -7.845584, 6.093437000000165 ], [ -7.845559, 6.093100000000163 ], [ -7.845629, 6.092522000000145 ], [ -7.846747999999877, 6.089534000000185 ], [ -7.847011, 6.08917300000013 ], [ -7.84748999999988, 6.088979000000108 ], [ -7.847801, 6.088785 ], [ -7.847992, 6.08856800000018 ], [ -7.850235, 6.084253 ], [ -7.850497, 6.083723 ], [ -7.850734999999815, 6.083241000000157 ], [ -7.85114, 6.082204000000161 ], [ -7.851258, 6.081626 ], [ -7.851424, 6.080687 ], [ -7.851492999999891, 6.079965000000129 ], [ -7.85142, 6.079339 ], [ -7.851154, 6.078594 ], [ -7.850815, 6.077776 ], [ -7.850598, 6.077343 ], [ -7.850375122999878, 6.077150375000087 ], [ -7.850236999999822, 6.077031 ], [ -7.849660999999855, 6.0769370000001 ], [ -7.848821999999871, 6.076963 ], [ -7.848247, 6.077133000000117 ], [ -7.84772, 6.0774 ], [ -7.847288999999876, 6.07781 ], [ -7.846811, 6.078533000000164 ], [ -7.846048, 6.079980000000148 ], [ -7.845452, 6.081209 ], [ -7.845117999999843, 6.081692 ], [ -7.84471, 6.081909 ], [ -7.844231, 6.082031 ], [ -7.84356, 6.082105000000126 ], [ -7.843272, 6.082058000000131 ], [ -7.842359, 6.081868 ], [ -7.842023, 6.081796000000111 ], [ -7.841687, 6.081701 ], [ -7.841064, 6.081871 ], [ -7.840201, 6.082138 ], [ -7.838308, 6.082842 ], [ -7.837901, 6.083035000000166 ], [ -7.83747, 6.083422 ], [ -7.836967999999899, 6.083929 ], [ -7.836778, 6.084483 ], [ -7.836732, 6.08506100000011 ], [ -7.836732, 6.085157 ], [ -7.836877, 6.08559 ], [ -7.837094, 6.086071000000175 ], [ -7.837381999999877, 6.08611800000017 ], [ -7.837766, 6.086117 ], [ -7.837983, 6.086405 ], [ -7.838247999999851, 6.086958 ], [ -7.838465, 6.087415 ], [ -7.838587, 6.088016000000152 ], [ -7.838588999999899, 6.088546000000122 ], [ -7.838542, 6.089148 ], [ -7.833099, 6.097925 ], [ -7.83278799999988, 6.098407000000179 ], [ -7.832452999999873, 6.098793000000114 ], [ -7.83195, 6.099108 ], [ -7.831376, 6.099398 ], [ -7.830919999999878, 6.09952 ], [ -7.830656, 6.09952 ], [ -7.830295999999862, 6.099449 ], [ -7.828807, 6.098803 ], [ -7.827461999999855, 6.098205000000121 ], [ -7.822128999999848, 6.095572 ], [ -7.821336, 6.095117 ], [ -7.820687, 6.094685 ], [ -7.818763999999874, 6.093294 ], [ -7.818115, 6.092718 ], [ -7.817921999999839, 6.092478 ], [ -7.816716999999869, 6.090387 ], [ -7.81621, 6.08945000000017 ], [ -7.816040999999814, 6.088896000000148 ], [ -7.815703, 6.08832 ], [ -7.815366, 6.087839 ], [ -7.814356, 6.086879 ], [ -7.813731, 6.086496000000182 ], [ -7.813299, 6.086328 ], [ -7.812867, 6.086233 ], [ -7.812243, 6.086355 ], [ -7.811548, 6.086598 ], [ -7.811093999999855, 6.086936000000151 ], [ -7.810615, 6.087395000000129 ], [ -7.810329, 6.088021 ], [ -7.810235, 6.088551 ], [ -7.810308, 6.089032 ], [ -7.810669, 6.089513 ], [ -7.811006, 6.089897000000178 ], [ -7.811415, 6.090401000000156 ], [ -7.811656, 6.090738000000158 ], [ -7.811729, 6.091051000000107 ], [ -7.811543, 6.09329 ], [ -7.811352999999883, 6.093723 ], [ -7.811162, 6.094109000000174 ], [ -7.810922999999832, 6.094375000000127 ], [ -7.810659, 6.09444800000017 ], [ -7.80529, 6.09576200000015 ], [ -7.804641999999888, 6.095788 ], [ -7.803874, 6.095814000000189 ], [ -7.80329799999987, 6.095719000000145 ], [ -7.802794, 6.0956240000001 ], [ -7.802362, 6.095481000000177 ], [ -7.802025, 6.095024 ], [ -7.802048, 6.094687 ], [ -7.802191, 6.094494 ], [ -7.802311, 6.094277 ], [ -7.802309999999864, 6.093916 ], [ -7.802140999999892, 6.093556 ], [ -7.80161, 6.092426 ], [ -7.799947, 6.089831 ], [ -7.798598999999854, 6.088125000000105 ], [ -7.795051, 6.080287000000169 ], [ -7.794954, 6.079975000000104 ], [ -7.794785, 6.07959 ], [ -7.794496, 6.079133 ], [ -7.793869, 6.078148000000112 ], [ -7.793484, 6.077692 ], [ -7.793146999999863, 6.077356000000123 ], [ -7.792595, 6.077189000000146 ], [ -7.791539, 6.076806 ], [ -7.791346, 6.076590000000124 ], [ -7.791153999999892, 6.07635 ], [ -7.79059999999987, 6.075509 ], [ -7.790598999999872, 6.075220000000115 ], [ -7.790883, 6.073871 ], [ -7.791264999999839, 6.073196000000166 ], [ -7.791765999999882, 6.072521000000108 ], [ -7.792628, 6.071652000000142 ], [ -7.793035, 6.071386000000132 ], [ -7.795451, 6.069045 ], [ -7.798655, 6.065666 ], [ -7.799061999999878, 6.065208 ], [ -7.80013799999989, 6.063929 ], [ -7.801237, 6.062530000000152 ], [ -7.801451, 6.061952000000133 ], [ -7.801521, 6.061326000000179 ], [ -7.800821, 6.059643 ], [ -7.800506999999868, 6.058994000000155 ], [ -7.800194, 6.058393 ], [ -7.799857, 6.057864000000109 ], [ -7.799350999999888, 6.057239 ], [ -7.79899, 6.056807 ], [ -7.793292, 6.052273 ], [ -7.788273999999888, 6.050337 ], [ -7.783730999999875, 6.047099 ], [ -7.78349, 6.04657 ], [ -7.783225, 6.046162000000152 ], [ -7.78296, 6.045777000000101 ], [ -7.782743, 6.045489 ], [ -7.782454, 6.045129000000145 ], [ -7.782142, 6.044889000000182 ], [ -7.780222, 6.044485000000122 ], [ -7.776619, 6.042689 ], [ -7.77138, 6.039116 ], [ -7.770803, 6.038540000000125 ], [ -7.770586, 6.038204 ], [ -7.770513, 6.037819000000127 ], [ -7.771525999999881, 6.031317 ], [ -7.771717, 6.0311 ], [ -7.772053, 6.030882000000133 ], [ -7.781248, 6.025538 ], [ -7.782038, 6.025127 ], [ -7.782517999999868, 6.025029 ], [ -7.78446, 6.025024 ], [ -7.785948, 6.025116 ], [ -7.786428, 6.025211 ], [ -7.786883, 6.025210000000129 ], [ -7.787937999999883, 6.024942000000181 ], [ -7.788489, 6.0247 ], [ -7.788895999999852, 6.024458 ], [ -7.78959, 6.023879000000136 ], [ -7.789876, 6.023372000000109 ], [ -7.791162, 6.020167000000129 ], [ -7.791781, 6.01836 ], [ -7.792066, 6.017276 ], [ -7.792112, 6.01665 ], [ -7.792087, 6.016265 ], [ -7.791966, 6.015881 ], [ -7.791772999999864, 6.01542400000011 ], [ -7.791386999999872, 6.014847000000145 ], [ -7.790665, 6.013886 ], [ -7.790448, 6.013598000000172 ], [ -7.790088, 6.013334 ], [ -7.789606999999876, 6.013046000000145 ], [ -7.789127, 6.012855000000172 ], [ -7.787303, 6.012451000000112 ], [ -7.785791, 6.012094000000104 ], [ -7.785431, 6.01195 ], [ -7.785237999999879, 6.011782 ], [ -7.785021999999856, 6.011590000000126 ], [ -7.784973, 6.011374 ], [ -7.784971999999868, 6.010941 ], [ -7.785005, 6.005693000000178 ], [ -7.785027, 6.005067 ], [ -7.785218, 6.004754000000105 ], [ -7.785528999999883, 6.004392000000166 ], [ -7.785792, 6.004174 ], [ -7.786032, 6.003981 ], [ -7.788356, 6.003205 ], [ -7.788692, 6.003132 ], [ -7.789147999999898, 6.00329900000014 ], [ -7.789508, 6.003587 ], [ -7.789868, 6.003682 ], [ -7.790228, 6.003705 ], [ -7.791474999999878, 6.003581 ], [ -7.79217, 6.003315 ], [ -7.792577, 6.003097000000139 ], [ -7.79351, 6.002132 ], [ -7.793796, 6.001770000000135 ], [ -7.794603999999879, 6.000145000000146 ], [ -7.796029, 5.996201 ], [ -7.796105999999895, 5.995952000000102 ], [ -7.79616, 5.995734 ], [ -7.796148, 5.994262000000106 ], [ -7.795860999999888, 5.988435 ], [ -7.795811999999898, 5.987594000000115 ], [ -7.794267999999875, 5.98515 ], [ -7.793941, 5.984729 ], [ -7.793599, 5.984442000000115 ], [ -7.791951, 5.983501 ], [ -7.787435999999843, 5.981552 ], [ -7.786807, 5.981351000000132 ], [ -7.786309999999844, 5.981203000000164 ], [ -7.773761, 5.979109000000108 ], [ -7.770391, 5.978662 ], [ -7.769747, 5.978523000000109 ], [ -7.769149, 5.978360000000123 ], [ -7.768613, 5.978181 ], [ -7.768060999999818, 5.977956 ], [ -7.767562999999825, 5.977653 ], [ -7.767089, 5.977311 ], [ -7.766692, 5.976828000000182 ], [ -7.765623999999889, 5.974976 ], [ -7.76546, 5.974610000000155 ], [ -7.765279999999848, 5.974166 ], [ -7.765209, 5.973769 ], [ -7.765169, 5.973325 ], [ -7.765222, 5.972616000000187 ], [ -7.765398, 5.972024 ], [ -7.765621999999894, 5.971416 ], [ -7.765815, 5.970987 ], [ -7.766101, 5.970589000000189 ], [ -7.766456999999889, 5.97016 ], [ -7.766952999999887, 5.969755 ], [ -7.767348, 5.969411 ], [ -7.767603, 5.969162 ], [ -7.767881, 5.968787000000134 ], [ -7.76802, 5.968538000000137 ], [ -7.768366999999898, 5.967642 ], [ -7.768452, 5.967252 ], [ -7.768544, 5.966823000000147 ], [ -7.76855, 5.966122 ], [ -7.767807, 5.958419 ], [ -7.767666, 5.957882 ], [ -7.767485999999849, 5.957227 ], [ -7.766767, 5.955476 ], [ -7.766355, 5.954954 ], [ -7.765849, 5.954713 ], [ -7.765174, 5.954496000000177 ], [ -7.764506, 5.954380000000185 ], [ -7.763931, 5.954311000000132 ], [ -7.762798, 5.954157 ], [ -7.762184, 5.954041000000188 ], [ -7.76147, 5.953753000000177 ], [ -7.757132, 5.951329000000158 ], [ -7.756277, 5.950839000000144 ], [ -7.755857999999819, 5.950590000000147 ], [ -7.75549199999989, 5.95030300000019 ], [ -7.754869999999869, 5.949805 ], [ -7.754434, 5.949447 ], [ -7.750753, 5.945627000000172 ], [ -7.750418, 5.945215000000189 ], [ -7.750043999999889, 5.944716000000142 ], [ -7.749632, 5.944156000000135 ], [ -7.749163999999894, 5.943393 ], [ -7.748977, 5.943066 ], [ -7.748532, 5.942218 ], [ -7.74733, 5.939618 ], [ -7.745668, 5.93626200000017 ], [ -7.7446, 5.934433000000183 ], [ -7.743985, 5.933702 ], [ -7.743534, 5.933258000000137 ], [ -7.742864999999824, 5.932869 ], [ -7.742531999999869, 5.932823 ], [ -7.742144, 5.932831000000135 ], [ -7.741786999999874, 5.932949000000121 ], [ -7.741322, 5.933323 ], [ -7.741244999999878, 5.933573 ], [ -7.741168, 5.933884 ], [ -7.741061, 5.934220000000153 ], [ -7.740767, 5.934734 ], [ -7.740325999999868, 5.935319000000106 ], [ -7.740000999999893, 5.935740000000123 ], [ -7.739483, 5.936333000000161 ], [ -7.739126999999883, 5.936606 ], [ -7.738863, 5.936723 ], [ -7.738607, 5.936809 ], [ -7.738165, 5.936771 ], [ -7.737705999999889, 5.936662 ], [ -7.737357, 5.936577000000113 ], [ -7.73672, 5.936305000000175 ], [ -7.73205, 5.93406 ], [ -7.731614, 5.933796 ], [ -7.725782, 5.929152 ], [ -7.720640999999887, 5.924991 ], [ -7.720298999999898, 5.924672000000101 ], [ -7.719917, 5.924315 ], [ -7.719707, 5.923902000000112 ], [ -7.719574, 5.923637 ], [ -7.719377, 5.922547000000122 ], [ -7.71933, 5.922235 ], [ -7.719421999999838, 5.921877000000109 ], [ -7.719599, 5.921277 ], [ -7.719691, 5.920802000000151 ], [ -7.719682, 5.920311 ], [ -7.71951, 5.919929 ], [ -7.719331, 5.919634000000144 ], [ -7.719012, 5.919252000000142 ], [ -7.718483, 5.918801000000144 ], [ -7.718008999999881, 5.91842 ], [ -7.717589, 5.918109 ], [ -7.717107, 5.917782 ], [ -7.712723999999866, 5.915451 ], [ -7.705096, 5.909719000000109 ], [ -7.697406, 5.903933000000109 ], [ -7.691605, 5.899469 ], [ -7.690991, 5.898854000000142 ], [ -7.689389, 5.89761 ], [ -7.689217999999812, 5.897485000000188 ], [ -7.688984999999889, 5.897486 ], [ -7.68864399999984, 5.897541 ], [ -7.687512, 5.897893 ], [ -7.687039, 5.898088 ], [ -7.686434, 5.898385 ], [ -7.68325, 5.900554000000113 ], [ -7.682964, 5.900796 ], [ -7.679293, 5.90395500000011 ], [ -7.679145999999832, 5.90422 ], [ -7.678852999999833, 5.904836 ], [ -7.678629, 5.905343 ], [ -7.67846, 5.90594300000015 ], [ -7.678198999999893, 5.90694800000017 ], [ -7.678152999999895, 5.90747000000016 ], [ -7.678200999999888, 5.907890000000123 ], [ -7.678403999999887, 5.908326000000102 ], [ -7.680718, 5.912180000000149 ], [ -7.680943999999897, 5.912491000000102 ], [ -7.681248, 5.912794000000133 ], [ -7.681582, 5.913035 ], [ -7.682149, 5.913378000000137 ], [ -7.683438999999851, 5.913976 ], [ -7.684519, 5.914457 ], [ -7.685155999999893, 5.91479900000013 ], [ -7.685506, 5.915025000000185 ], [ -7.686121, 5.91564 ], [ -7.686813999999856, 5.916698 ], [ -7.689343, 5.925560000000189 ], [ -7.687164, 5.929278000000124 ], [ -7.686775999999895, 5.929216000000167 ], [ -7.685875, 5.929085000000157 ], [ -7.685386, 5.929062 ], [ -7.685020999999892, 5.929063 ], [ -7.683594, 5.929353000000162 ], [ -7.682903999999894, 5.929579 ], [ -7.682222, 5.929884000000186 ], [ -7.681810999999868, 5.930118 ], [ -7.68092, 5.930813000000171 ], [ -7.678598, 5.933028 ], [ -7.678318999999874, 5.933472 ], [ -7.678119, 5.933947000000103 ], [ -7.677973, 5.934750000000122 ], [ -7.677626, 5.938614 ], [ -7.677565999999842, 5.93963500000018 ], [ -7.677344, 5.940710000000138 ], [ -7.676682, 5.942993 ], [ -7.676451, 5.943617000000131 ], [ -7.675957, 5.94456 ], [ -7.675437999999872, 5.945168 ], [ -7.669796, 5.951625000000149 ], [ -7.669425, 5.95203 ], [ -7.668837, 5.952654 ], [ -7.66831, 5.953169000000173 ], [ -7.667837, 5.953411000000131 ], [ -7.667487999999878, 5.953505 ], [ -7.66717, 5.953497000000141 ], [ -7.665625, 5.953335 ], [ -7.665236999999877, 5.953258 ], [ -7.664895, 5.953071 ], [ -7.66456, 5.952752000000146 ], [ -7.664037999999891, 5.951865000000112 ], [ -7.663874, 5.951335000000142 ], [ -7.66378, 5.950946000000101 ], [ -7.663795, 5.950658 ], [ -7.663926, 5.950354000000118 ], [ -7.664258, 5.949824000000149 ], [ -7.664591, 5.949504000000161 ], [ -7.66494699999987, 5.94902100000013 ], [ -7.665171, 5.948709000000122 ], [ -7.665341, 5.948187 ], [ -7.665571999999884, 5.947439 ], [ -7.66564, 5.946776 ], [ -7.665714, 5.945483 ], [ -7.665704999999889, 5.944798000000162 ], [ -7.665634, 5.94433800000013 ], [ -7.665361, 5.943832000000157 ], [ -7.665019, 5.943373 ], [ -7.664699999999868, 5.943062 ], [ -7.663837, 5.94253300000014 ], [ -7.663479, 5.942370000000153 ], [ -7.662951, 5.942176 ], [ -7.662353, 5.941919000000155 ], [ -7.661941, 5.941663000000119 ], [ -7.661381, 5.940978 ], [ -7.661084, 5.940503 ], [ -7.660959, 5.940153 ], [ -7.660825999999872, 5.939701000000127 ], [ -7.660301, 5.937637 ], [ -7.660215, 5.937256000000161 ], [ -7.660129, 5.936851 ], [ -7.66005, 5.936461000000122 ], [ -7.659994999999867, 5.936056000000178 ], [ -7.659868, 5.935036000000139 ], [ -7.659843, 5.934444 ], [ -7.659879, 5.933112000000108 ], [ -7.660025, 5.932683000000168 ], [ -7.660272, 5.93222400000019 ], [ -7.660906999999895, 5.93134300000014 ], [ -7.661417, 5.930579000000137 ], [ -7.662034999999889, 5.929565 ], [ -7.662453, 5.928825000000131 ], [ -7.662822999999889, 5.928084000000126 ], [ -7.663054, 5.927445 ], [ -7.663532, 5.92605 ], [ -7.664363, 5.923253000000102 ], [ -7.664517, 5.922653 ], [ -7.66494, 5.918033 ], [ -7.664939, 5.917309000000159 ], [ -7.664844, 5.916646000000185 ], [ -7.664585, 5.915704 ], [ -7.664357999999822, 5.914949 ], [ -7.664257, 5.9147 ], [ -7.663991999999894, 5.914170000000126 ], [ -7.663617999999872, 5.913805000000139 ], [ -7.662996, 5.91333 ], [ -7.662554, 5.913191000000154 ], [ -7.661793, 5.913121 ], [ -7.660722, 5.913255000000106 ], [ -7.659846, 5.913661000000104 ], [ -7.659404999999879, 5.914176000000111 ], [ -7.659143, 5.914760000000115 ], [ -7.658980999999812, 5.915064 ], [ -7.658378, 5.916163 ], [ -7.658037999999863, 5.916639000000146 ], [ -7.657682, 5.916959000000134 ], [ -7.655218, 5.918551 ], [ -7.654752, 5.918746 ], [ -7.654031, 5.918778 ], [ -7.652812, 5.918694000000187 ], [ -7.652081999999893, 5.918515000000127 ], [ -7.651678, 5.918298000000107 ], [ -7.651289, 5.91795500000012 ], [ -7.65013, 5.916741 ], [ -7.647126, 5.913341000000116 ], [ -7.645257999999899, 5.911154000000181 ], [ -7.645017, 5.91085 ], [ -7.6449, 5.910523000000182 ], [ -7.64486, 5.909955 ], [ -7.64487660899988, 5.909566951000045 ], [ -7.644881999999882, 5.909441000000186 ], [ -7.645012, 5.908965 ], [ -7.645019, 5.908537 ], [ -7.645026, 5.908077000000105 ], [ -7.644869, 5.90761 ], [ -7.64462, 5.907361 ], [ -7.644254999999873, 5.907159 ], [ -7.64371199999988, 5.907113 ], [ -7.635803999999894, 5.90688 ], [ -7.628711999999894, 5.90766 ], [ -7.628378999999882, 5.907668 ], [ -7.627362, 5.907497 ], [ -7.625023, 5.906207000000109 ], [ -7.619100999999887, 5.905816 ], [ -7.61883, 5.906035 ], [ -7.618527, 5.906128 ], [ -7.617875, 5.906160000000114 ], [ -7.617604, 5.906161 ], [ -7.617332, 5.906091000000117 ], [ -7.617114, 5.90585700000014 ], [ -7.616216999999892, 5.903856000000133 ], [ -7.61603, 5.90342 ], [ -7.61592, 5.903117 ], [ -7.615701, 5.902385 ], [ -7.615520999999887, 5.90159 ], [ -7.61545, 5.901139 ], [ -7.615395, 5.900695 ], [ -7.615385999999887, 5.90014200000013 ], [ -7.615476999999885, 5.899549 ], [ -7.615538, 5.899121 ], [ -7.615599, 5.89863 ], [ -7.615796999999873, 5.896792 ], [ -7.615825, 5.895904000000144 ], [ -7.615784, 5.894868 ], [ -7.615565, 5.89426 ], [ -7.615223, 5.893902 ], [ -7.614982, 5.893739 ], [ -7.614431, 5.89356000000015 ], [ -7.614043, 5.893514 ], [ -7.613585, 5.893616000000179 ], [ -7.613081, 5.893881 ], [ -7.612802999999872, 5.894139000000109 ], [ -7.612632, 5.894302 ], [ -7.612571, 5.894754 ], [ -7.612441, 5.895276 ], [ -7.612169999999821, 5.895674 ], [ -7.611697, 5.896017 ], [ -7.611349, 5.896173 ], [ -7.610890999999867, 5.896213000000103 ], [ -7.610379, 5.896244 ], [ -7.609866, 5.896214 ], [ -7.609137, 5.896012 ], [ -7.608686, 5.895787 ], [ -7.608398, 5.8956 ], [ -7.607799999999827, 5.895118 ], [ -7.607403, 5.894698000000176 ], [ -7.606553999999846, 5.893553000000111 ], [ -7.606312999999886, 5.893219 ], [ -7.606157, 5.892868 ], [ -7.606071, 5.892471000000114 ], [ -7.606021999999882, 5.891809 ], [ -7.606083, 5.891085 ], [ -7.606027, 5.890586 ], [ -7.605628, 5.889052 ], [ -7.60547199999985, 5.888593 ], [ -7.605207, 5.88825 ], [ -7.604958, 5.888009 ], [ -7.604445, 5.88754200000011 ], [ -7.604002, 5.887293000000113 ], [ -7.603621, 5.887107 ], [ -7.602736, 5.886952000000178 ], [ -7.602209, 5.88703 ], [ -7.601813999999877, 5.887272000000166 ], [ -7.601419, 5.887592 ], [ -7.60107, 5.888005 ], [ -7.600629, 5.888535 ], [ -7.600102999999876, 5.889299 ], [ -7.599609, 5.890126 ], [ -7.599338, 5.890593 ], [ -7.599076, 5.891357000000141 ], [ -7.599008, 5.89212 ], [ -7.599005, 5.894021000000123 ], [ -7.598937999999862, 5.895182 ], [ -7.598754, 5.896086 ], [ -7.598491, 5.896444 ], [ -7.59818099999984, 5.896663 ], [ -7.595738, 5.897312000000113 ], [ -7.595389, 5.897374 ], [ -7.588980999999876, 5.898339 ], [ -7.588469, 5.898301 ], [ -7.58805, 5.898184000000128 ], [ -7.587257, 5.897796 ], [ -7.583030999999892, 5.895705 ], [ -7.582557, 5.895425000000103 ], [ -7.582293, 5.89516 ], [ -7.581911, 5.894763 ], [ -7.58127299999984, 5.893915 ], [ -7.57119299999988, 5.887297000000103 ], [ -7.570648999999833, 5.886884 ], [ -7.570244999999886, 5.88654200000019 ], [ -7.569887, 5.886207000000184 ], [ -7.56957599999987, 5.885795 ], [ -7.569249, 5.885359000000165 ], [ -7.568797, 5.884651 ], [ -7.568548, 5.884176 ], [ -7.568353, 5.883755000000122 ], [ -7.568095, 5.883226 ], [ -7.567977999999812, 5.883016000000111 ], [ -7.567597, 5.882338000000118 ], [ -7.567332, 5.88191 ], [ -7.566296, 5.880338 ], [ -7.565985, 5.879941 ], [ -7.565112999999883, 5.878921 ], [ -7.564319999999839, 5.878089000000102 ], [ -7.561583, 5.875793 ], [ -7.560169, 5.874774000000116 ], [ -7.559211999999889, 5.874051000000122 ], [ -7.557595, 5.872596 ], [ -7.556995999999856, 5.8719660000001 ], [ -7.556093, 5.870705 ], [ -7.554404, 5.868245 ], [ -7.554263, 5.867918 ], [ -7.554232, 5.867614000000117 ], [ -7.55423, 5.866936000000123 ], [ -7.554329999999879, 5.866586000000154 ], [ -7.55457, 5.866313000000105 ], [ -7.555119999999874, 5.86600900000019 ], [ -7.556329999999889, 5.865820000000156 ], [ -7.557517, 5.865796000000159 ], [ -7.558067999999821, 5.865819000000101 ], [ -7.55886, 5.865857 ], [ -7.559829999999863, 5.866027 ], [ -7.560715, 5.866299 ], [ -7.56185, 5.86689 ], [ -7.562945, 5.867621000000156 ], [ -7.563793, 5.868251 ], [ -7.564818999999829, 5.869192000000112 ], [ -7.565628, 5.86982300000011 ], [ -7.566568, 5.870406000000173 ], [ -7.567569999999876, 5.870989000000122 ], [ -7.568168, 5.871191000000124 ], [ -7.568571999999847, 5.871315 ], [ -7.568851, 5.871362 ], [ -7.569969, 5.871415000000184 ], [ -7.570402999999885, 5.871352000000115 ], [ -7.570892, 5.871258000000182 ], [ -7.571512, 5.870969 ], [ -7.572487999999851, 5.8704 ], [ -7.574247, 5.86923 ], [ -7.575556, 5.86806 ], [ -7.576236999999878, 5.867366000000175 ], [ -7.576492, 5.866883 ], [ -7.576577, 5.86661800000013 ], [ -7.576645999999869, 5.866213000000187 ], [ -7.576613999999893, 5.865862000000106 ], [ -7.576349, 5.865574 ], [ -7.576023, 5.865286 ], [ -7.575502, 5.864991000000146 ], [ -7.57492, 5.864851000000101 ], [ -7.574136, 5.864852 ], [ -7.573243999999875, 5.864939000000106 ], [ -7.572329, 5.865103 ], [ -7.570824, 5.865416000000153 ], [ -7.569606, 5.865721000000121 ], [ -7.569133, 5.865846 ], [ -7.568450999999868, 5.86605 ], [ -7.567706, 5.866136 ], [ -7.565891, 5.86613 ], [ -7.565634, 5.866060000000118 ], [ -7.565285, 5.865905000000112 ], [ -7.56485, 5.865656000000115 ], [ -7.564491999999859, 5.865205 ], [ -7.563885, 5.864418000000171 ], [ -7.563572999999849, 5.863967000000173 ], [ -7.563308, 5.863414 ], [ -7.563127999999892, 5.862861000000123 ], [ -7.56094, 5.856001 ], [ -7.560062, 5.852255 ], [ -7.559793999999897, 5.850324 ], [ -7.559723, 5.849849000000177 ], [ -7.55951, 5.84854 ], [ -7.559361, 5.847761 ], [ -7.559213, 5.847294000000147 ], [ -7.558869999999899, 5.846586000000173 ], [ -7.558215, 5.845558 ], [ -7.557950999999889, 5.845192000000111 ], [ -7.557655999999838, 5.845037000000104 ], [ -7.556358999999816, 5.844516000000169 ], [ -7.555410999999879, 5.844245000000114 ], [ -7.555115999999884, 5.844097 ], [ -7.554796999999894, 5.843832 ], [ -7.553234, 5.842159 ], [ -7.553015, 5.841638 ], [ -7.551906, 5.838219000000151 ], [ -7.551101, 5.835657 ], [ -7.550944, 5.834886 ], [ -7.550700999999833, 5.833734000000106 ], [ -7.55056, 5.833274 ], [ -7.550037, 5.831919 ], [ -7.549765, 5.831725000000176 ], [ -7.549524, 5.83156200000019 ], [ -7.548887, 5.831243 ], [ -7.54853, 5.83115800000013 ], [ -7.548040999999898, 5.831205000000125 ], [ -7.547739, 5.831415000000106 ], [ -7.546755, 5.832234 ], [ -7.546276, 5.832725000000153 ], [ -7.545719, 5.833458 ], [ -7.543911, 5.836763 ], [ -7.543500999999878, 5.837612 ], [ -7.5431, 5.838656 ], [ -7.542993, 5.839155000000119 ], [ -7.542994, 5.839591000000155 ], [ -7.543378, 5.841336000000126 ], [ -7.543682, 5.841873000000135 ], [ -7.544141, 5.842605000000106 ], [ -7.544773, 5.843889000000161 ], [ -7.544882, 5.844162000000154 ], [ -7.545296999999891, 5.845891 ], [ -7.54536, 5.846295 ], [ -7.545298999999886, 5.846646 ], [ -7.545113, 5.846888 ], [ -7.544819, 5.846981 ], [ -7.540797999999882, 5.846277 ], [ -7.540309, 5.846121 ], [ -7.539873999999884, 5.845904 ], [ -7.539337999999873, 5.845834000000139 ], [ -7.538531, 5.845811 ], [ -7.537172999999882, 5.845945 ], [ -7.536475, 5.846063 ], [ -7.535894, 5.846204 ], [ -7.534933, 5.84674200000012 ], [ -7.533871, 5.847428 ], [ -7.533353, 5.848177 ], [ -7.533106, 5.8488 ], [ -7.532580999999823, 5.849720000000161 ], [ -7.531746, 5.851115000000107 ], [ -7.531444, 5.851536000000124 ], [ -7.530871999999817, 5.852331000000163 ], [ -7.528334, 5.855332000000146 ], [ -7.527289, 5.856369000000143 ], [ -7.526367, 5.857126 ], [ -7.525739, 5.857547 ], [ -7.525274, 5.857742 ], [ -7.524465548999899, 5.857855292000181 ], [ -7.524381999999889, 5.857867000000113 ], [ -7.523412, 5.85771300000016 ], [ -7.517449, 5.855895 ], [ -7.516921, 5.855686000000105 ], [ -7.515762999999879, 5.855149 ], [ -7.515344, 5.854838000000143 ], [ -7.515000999999813, 5.854433 ], [ -7.513373, 5.851506000000143 ], [ -7.51321, 5.851195000000132 ], [ -7.512991, 5.850681 ], [ -7.512874, 5.850221 ], [ -7.512794999999812, 5.849848 ], [ -7.512771, 5.849442 ], [ -7.512706, 5.847978 ], [ -7.512647999999899, 5.846584000000178 ], [ -7.512615, 5.845641000000171 ], [ -7.512629, 5.844979 ], [ -7.512713, 5.84438 ], [ -7.512906, 5.843733 ], [ -7.513129999999819, 5.843296000000123 ], [ -7.513593999999841, 5.842595000000188 ], [ -7.514112, 5.841987000000131 ], [ -7.514422, 5.841698 ], [ -7.514817, 5.841464 ], [ -7.515258999999844, 5.841308 ], [ -7.515577, 5.84123 ], [ -7.516159, 5.841136 ], [ -7.517361, 5.841010000000153 ], [ -7.517989, 5.840939000000105 ], [ -7.51892, 5.840830000000153 ], [ -7.519564, 5.840735000000109 ], [ -7.520091, 5.840634000000136 ], [ -7.521068, 5.840368000000126 ], [ -7.521487, 5.840204 ], [ -7.521898, 5.839947000000109 ], [ -7.522338999999874, 5.839494000000116 ], [ -7.522670999999832, 5.83880100000016 ], [ -7.522794, 5.838326000000109 ], [ -7.522824, 5.837804 ], [ -7.522699, 5.837391 ], [ -7.522542999999871, 5.836994 ], [ -7.522262999999896, 5.836792 ], [ -7.520905, 5.836684000000162 ], [ -7.520447, 5.836708000000158 ], [ -7.519469999999899, 5.837043000000165 ], [ -7.51892, 5.837239 ], [ -7.518587, 5.837434 ], [ -7.518153, 5.837769 ], [ -7.51792799999987, 5.837933 ], [ -7.517331, 5.837988 ], [ -7.516678999999897, 5.838012 ], [ -7.516276, 5.837981000000184 ], [ -7.507942999999898, 5.834749000000102 ], [ -7.507586, 5.834585 ], [ -7.506669, 5.834119 ], [ -7.50632, 5.83394 ], [ -7.505923, 5.833341000000132 ], [ -7.505805999999893, 5.83314600000017 ], [ -7.505494, 5.832492 ], [ -7.505439, 5.832157 ], [ -7.505391, 5.831682000000171 ], [ -7.505382999999824, 5.831332000000145 ], [ -7.505498, 5.830903 ], [ -7.50566, 5.830435 ], [ -7.505907, 5.829641 ], [ -7.506129, 5.828620000000114 ], [ -7.506159, 5.82802 ], [ -7.506088, 5.827514 ], [ -7.505947, 5.827016 ], [ -7.505557999999894, 5.826479 ], [ -7.504656, 5.825467000000174 ], [ -7.504266999999857, 5.825031 ], [ -7.499267, 5.819705 ], [ -7.49604, 5.820527 ], [ -7.490543, 5.817664 ], [ -7.486266, 5.814652 ], [ -7.485879, 5.814196 ], [ -7.485433999999827, 5.813762000000168 ], [ -7.484841, 5.813192 ], [ -7.484259, 5.812758 ], [ -7.483826, 5.812644 ], [ -7.478751, 5.811972 ], [ -7.478079, 5.811949 ], [ -7.477623, 5.811938 ], [ -7.477132, 5.811927 ], [ -7.476916, 5.812121000000104 ], [ -7.476084, 5.813342 ], [ -7.475980999999877, 5.813719000000162 ], [ -7.475662999999884, 5.819653000000187 ], [ -7.47564, 5.820121 ], [ -7.475766, 5.822152000000187 ], [ -7.47588, 5.823522 ], [ -7.475994999999898, 5.824686 ], [ -7.476098, 5.825827000000118 ], [ -7.476086, 5.826752000000113 ], [ -7.475994999999898, 5.827185 ], [ -7.475847, 5.827767 ], [ -7.474068999999872, 5.830883000000142 ], [ -7.473703999999884, 5.831408 ], [ -7.473144999999818, 5.832184000000154 ], [ -7.472483999999838, 5.833018 ], [ -7.471812, 5.833862 ], [ -7.471446999999898, 5.834239 ], [ -7.470945, 5.834832 ], [ -7.470488999999873, 5.83550600000018 ], [ -7.470283999999879, 5.836088 ], [ -7.470147, 5.836704 ], [ -7.470102, 5.837252 ], [ -7.47017, 5.837686 ], [ -7.470421, 5.838108 ], [ -7.470786, 5.838610000000131 ], [ -7.471116999999879, 5.838964000000146 ], [ -7.471345, 5.839146 ], [ -7.471619, 5.839260000000138 ], [ -7.47187, 5.839568 ], [ -7.472189, 5.839968 ], [ -7.472383, 5.840321000000131 ], [ -7.472953, 5.841828000000135 ], [ -7.47309, 5.842330000000118 ], [ -7.473136, 5.842809000000102 ], [ -7.473182, 5.843597000000159 ], [ -7.473148, 5.84419 ], [ -7.473022, 5.844658 ], [ -7.472691999999881, 5.845502000000181 ], [ -7.472498, 5.845891 ], [ -7.472235999999839, 5.846313000000123 ], [ -7.471666, 5.847215000000176 ], [ -7.471540999999888, 5.847386 ], [ -7.471186999999816, 5.847683000000188 ], [ -7.470925, 5.84793400000018 ], [ -7.470138, 5.849064 ], [ -7.46991, 5.849554 ], [ -7.469705, 5.850159 ], [ -7.469533999999896, 5.850764 ], [ -7.469466, 5.851586000000168 ], [ -7.469284, 5.853788000000122 ], [ -7.468509, 5.858684 ], [ -7.46835, 5.859369 ], [ -7.468133, 5.860236 ], [ -7.467723, 5.860967 ], [ -7.467176, 5.861857 ], [ -7.466616999999871, 5.862451000000135 ], [ -7.466114999999888, 5.862930000000119 ], [ -7.465738999999871, 5.863079 ], [ -7.465236999999831, 5.863044000000173 ], [ -7.464964, 5.862896 ], [ -7.464814999999817, 5.862679000000185 ], [ -7.459193, 5.860363 ], [ -7.455053, 5.857534000000101 ], [ -7.454688, 5.857237 ], [ -7.454403, 5.857112000000143 ], [ -7.454107, 5.8571 ], [ -7.452452999999878, 5.857158 ], [ -7.452031, 5.857295 ], [ -7.451415999999881, 5.857774 ], [ -7.451255999999887, 5.858082000000138 ], [ -7.451096, 5.859281 ], [ -7.451062, 5.860057 ], [ -7.451131, 5.860673 ], [ -7.451097, 5.860833000000184 ], [ -7.450618, 5.861358000000109 ], [ -7.450219, 5.86162000000013 ], [ -7.449763, 5.861769 ], [ -7.447321999999815, 5.862031 ], [ -7.446946, 5.862031 ], [ -7.446684, 5.861906000000147 ], [ -7.446114, 5.861518 ], [ -7.445977, 5.861290000000167 ], [ -7.443580999999881, 5.85600600000015 ], [ -7.443308, 5.85531 ], [ -7.443285, 5.855093 ], [ -7.443159, 5.853142000000105 ], [ -7.44304499999987, 5.850586 ], [ -7.443033, 5.850323000000117 ], [ -7.442942, 5.850152 ], [ -7.439863, 5.84795 ], [ -7.434856, 5.843009000000166 ], [ -7.434526, 5.842633000000149 ], [ -7.434171999999876, 5.842416000000128 ], [ -7.433806999999888, 5.842393000000186 ], [ -7.433522, 5.842439 ], [ -7.433146, 5.842633000000149 ], [ -7.432255999999882, 5.843146000000104 ], [ -7.430934, 5.843706000000111 ], [ -7.427536, 5.84507600000012 ], [ -7.426236, 5.845372000000111 ], [ -7.425814, 5.845452000000137 ], [ -7.425346999999874, 5.845395 ], [ -7.425003999999831, 5.845258 ], [ -7.424811, 5.845099 ], [ -7.423522, 5.841070000000116 ], [ -7.423408, 5.840694 ], [ -7.423305, 5.84002 ], [ -7.423248, 5.839564 ], [ -7.423202, 5.839130000000182 ], [ -7.423191, 5.838731 ], [ -7.423271, 5.838583 ], [ -7.423521, 5.838457000000119 ], [ -7.423829, 5.838343 ], [ -7.424114, 5.838411 ], [ -7.424399, 5.838537000000144 ], [ -7.424559, 5.838765 ], [ -7.424684999999897, 5.839062 ], [ -7.424729999999897, 5.83950700000014 ], [ -7.424798999999894, 5.839838000000157 ], [ -7.42496999999986, 5.840112 ], [ -7.425369, 5.84034000000014 ], [ -7.425721999999894, 5.840534 ], [ -7.426086999999882, 5.840636 ], [ -7.426566, 5.840682000000186 ], [ -7.430192, 5.840316 ], [ -7.430603, 5.840191 ], [ -7.430899, 5.840065 ], [ -7.431994, 5.839186 ], [ -7.432095999999888, 5.838924 ], [ -7.432620999999813, 5.836961000000144 ], [ -7.43286, 5.835398000000112 ], [ -7.432917, 5.833925000000136 ], [ -7.432779, 5.830913000000123 ], [ -7.432734, 5.83023900000012 ], [ -7.432597, 5.829692 ], [ -7.432243, 5.82604 ], [ -7.431968999999867, 5.822959000000139 ], [ -7.432071, 5.82208 ], [ -7.43222, 5.821475000000135 ], [ -7.435787, 5.812254000000109 ], [ -7.435935, 5.811911000000123 ], [ -7.439367, 5.805326 ], [ -7.439799999999877, 5.804527 ], [ -7.440039, 5.804230000000189 ], [ -7.440279, 5.803979 ], [ -7.440598, 5.803694 ], [ -7.441121999999837, 5.803545 ], [ -7.44150999999988, 5.8035 ], [ -7.441909, 5.803488 ], [ -7.442341999999883, 5.80343100000016 ], [ -7.44314, 5.803146 ], [ -7.443493999999873, 5.802929 ], [ -7.443813, 5.802712 ], [ -7.44395, 5.802392000000168 ], [ -7.443835, 5.799939 ], [ -7.443755999999894, 5.799585 ], [ -7.442079, 5.797406 ], [ -7.441805, 5.797132 ], [ -7.441417999999885, 5.796892 ], [ -7.440710999999851, 5.796162 ], [ -7.440642, 5.795934000000159 ], [ -7.440368, 5.792944 ], [ -7.440333999999893, 5.792088 ], [ -7.440333999999893, 5.790581 ], [ -7.440469999999891, 5.790296000000126 ], [ -7.440892, 5.789965000000109 ], [ -7.44128, 5.789634 ], [ -7.441531, 5.789406 ], [ -7.441724, 5.789178 ], [ -7.44185, 5.788824 ], [ -7.441997999999842, 5.788185000000112 ], [ -7.442066, 5.787591 ], [ -7.442133999999896, 5.786621 ], [ -7.441997, 5.785914000000162 ], [ -7.441769, 5.785195000000158 ], [ -7.441518, 5.784715 ], [ -7.441142, 5.784522 ], [ -7.440709, 5.784407000000158 ], [ -7.440412, 5.78464700000012 ], [ -7.440173, 5.785241 ], [ -7.439934, 5.785617 ], [ -7.439204, 5.786336 ], [ -7.438667999999893, 5.786793 ], [ -7.437961, 5.787341 ], [ -7.436115, 5.788494 ], [ -7.435784, 5.788642 ], [ -7.434473, 5.78895000000017 ], [ -7.434119, 5.788996 ], [ -7.433377999999891, 5.7887 ], [ -7.433126999999843, 5.788494 ], [ -7.432876, 5.788277 ], [ -7.432671, 5.787992000000145 ], [ -7.432397, 5.785767 ], [ -7.432385999999894, 5.78539000000012 ], [ -7.432397, 5.784979 ], [ -7.432534, 5.784466 ], [ -7.432579, 5.784272000000158 ], [ -7.432590999999888, 5.783256000000108 ], [ -7.432589999999891, 5.781042 ], [ -7.432556, 5.780494 ], [ -7.432293999999843, 5.77997 ], [ -7.43205399999988, 5.779627 ], [ -7.431551999999897, 5.778931 ], [ -7.431119, 5.778577 ], [ -7.430833999999834, 5.77833800000019 ], [ -7.430572, 5.778087 ], [ -7.430435, 5.777836 ], [ -7.428656, 5.77278 ], [ -7.428621, 5.772404000000165 ], [ -7.428849, 5.771525000000111 ], [ -7.429282, 5.770635 ], [ -7.431038, 5.767542 ], [ -7.431368, 5.767143 ], [ -7.431767, 5.766857 ], [ -7.436533, 5.76422 ], [ -7.44278, 5.760134000000164 ], [ -7.443065, 5.75994 ], [ -7.443463999999892, 5.75962 ], [ -7.444546999999886, 5.758524 ], [ -7.444683, 5.758239 ], [ -7.444809, 5.757965 ], [ -7.444809, 5.757623 ], [ -7.444500999999889, 5.755626000000177 ], [ -7.444420999999863, 5.755158 ], [ -7.444214999999872, 5.754713000000152 ], [ -7.443907, 5.754154 ], [ -7.442436, 5.751985 ], [ -7.442093999999884, 5.751506000000177 ], [ -7.441741, 5.751141000000189 ], [ -7.440359, 5.749356 ], [ -7.438048999999864, 5.745515 ], [ -7.436537999999871, 5.742802000000154 ], [ -7.436245999999869, 5.741963000000169 ], [ -7.435852, 5.740604000000189 ], [ -7.435173, 5.737678000000187 ], [ -7.435143, 5.737323000000117 ], [ -7.435119999999813, 5.736442 ], [ -7.435248999999828, 5.735898 ], [ -7.436165, 5.73328 ], [ -7.436523, 5.728202 ], [ -7.436492999999814, 5.727939000000163 ], [ -7.436408, 5.727682000000186 ], [ -7.43631, 5.727461 ], [ -7.436018, 5.726941000000181 ], [ -7.435725, 5.726659 ], [ -7.435444, 5.726401 ], [ -7.435231, 5.726113 ], [ -7.434797999999887, 5.725397000000157 ], [ -7.434628, 5.725096000000121 ], [ -7.434488, 5.724827 ], [ -7.434248, 5.719032 ], [ -7.434228, 5.716407 ], [ -7.434247, 5.716137000000117 ], [ -7.4344, 5.715887 ], [ -7.433763999999883, 5.712863 ], [ -7.430472999999893, 5.710753000000125 ], [ -7.43033899999989, 5.710636 ], [ -7.430321, 5.710465000000113 ], [ -7.430335, 5.709376 ], [ -7.430348, 5.709094 ], [ -7.430477, 5.708654 ], [ -7.430673999999897, 5.708189 ], [ -7.430975, 5.707504 ], [ -7.431176999999877, 5.707119 ], [ -7.43133, 5.706868 ], [ -7.431538999999816, 5.706697 ], [ -7.431960999999887, 5.706508 ], [ -7.432339999999897, 5.706252 ], [ -7.432524, 5.705934 ], [ -7.432707999999877, 5.705524 ], [ -7.432889, 5.703573 ], [ -7.432897, 5.702783 ], [ -7.432807, 5.701871 ], [ -7.432629999999847, 5.701406 ], [ -7.430300999999872, 5.695357000000115 ], [ -7.426948, 5.693675 ], [ -7.426746, 5.693613 ], [ -7.426496, 5.693619000000183 ], [ -7.423482, 5.69381600000014 ], [ -7.421396999999899, 5.694278000000168 ], [ -7.420901, 5.694399 ], [ -7.419581, 5.694201 ], [ -7.419007, 5.694066 ], [ -7.41861, 5.693937 ], [ -7.418389999999874, 5.69373400000012 ], [ -7.418281, 5.693398000000172 ], [ -7.417286, 5.68948 ], [ -7.417195, 5.689039 ], [ -7.41722099999987, 5.688544 ], [ -7.417331, 5.688342 ], [ -7.417728999999895, 5.687945000000184 ], [ -7.418983, 5.687329 ], [ -7.419759999999883, 5.6869200000001 ], [ -7.420421, 5.686438 ], [ -7.420746, 5.686169000000177 ], [ -7.421052, 5.685692000000131 ], [ -7.421188, 5.68524 ], [ -7.421005, 5.681617000000131 ], [ -7.420956, 5.681409000000144 ], [ -7.419165, 5.678579 ], [ -7.415854, 5.674094 ], [ -7.414494, 5.672654000000136 ], [ -7.414218999999889, 5.672378 ], [ -7.413931999999875, 5.672194000000104 ], [ -7.413399, 5.669819 ], [ -7.413048, 5.667836 ], [ -7.412615, 5.664409 ], [ -7.412823, 5.660829000000149 ], [ -7.41276299999987, 5.660456000000181 ], [ -7.410373, 5.653935000000104 ], [ -7.410136, 5.653433000000177 ], [ -7.409685, 5.652668000000119 ], [ -7.40576099999987, 5.646151 ], [ -7.405474, 5.645789 ], [ -7.400562, 5.641583 ], [ -7.397291, 5.639033 ], [ -7.396797, 5.638701 ], [ -7.396686999999872, 5.638511 ], [ -7.396707, 5.631138 ], [ -7.392303, 5.629736 ], [ -7.391808, 5.629766000000188 ], [ -7.389425, 5.629774000000168 ], [ -7.389266, 5.629749 ], [ -7.387714, 5.629202 ], [ -7.380489999999895, 5.626351 ], [ -7.380215, 5.626063 ], [ -7.380014, 5.625781000000188 ], [ -7.377492, 5.621824000000117 ], [ -7.377297, 5.621408 ], [ -7.377291758999945, 5.621266634000051 ], [ -7.377064, 5.615123 ], [ -7.37711423099995, 5.614757891000181 ], [ -7.377585, 5.611336000000108 ], [ -7.378118, 5.610811000000183 ], [ -7.379802, 5.608788000000118 ], [ -7.380011, 5.608366 ], [ -7.380157999999881, 5.607926 ], [ -7.382982, 5.598061 ], [ -7.383008, 5.597431000000142 ], [ -7.382941999999844, 5.596984000000134 ], [ -7.38272899999987, 5.596378 ], [ -7.382504, 5.595851000000152 ], [ -7.382236, 5.595337 ], [ -7.381968, 5.595073 ], [ -7.381583, 5.594962000000123 ], [ -7.380953, 5.594882 ], [ -7.380696999999884, 5.594814000000156 ], [ -7.380459, 5.594563000000164 ], [ -7.380215, 5.594214 ], [ -7.375785999999891, 5.586833 ], [ -7.374318, 5.584303 ], [ -7.373996, 5.58355 ], [ -7.373869, 5.583085 ], [ -7.373899999999878, 5.582681 ], [ -7.374066, 5.581947000000127 ], [ -7.37433, 5.58139100000011 ], [ -7.37468, 5.580816000000141 ], [ -7.374986, 5.580462000000182 ], [ -7.375230999999872, 5.580297 ], [ -7.375561, 5.580279000000132 ], [ -7.375939, 5.580384 ], [ -7.377912, 5.580987000000107 ], [ -7.378462, 5.581226000000129 ], [ -7.379144999999824, 5.581595000000107 ], [ -7.379779999999869, 5.582061000000124 ], [ -7.380151999999896, 5.582294 ], [ -7.380727, 5.582429 ], [ -7.381454, 5.582498 ], [ -7.392067999999881, 5.58317 ], [ -7.392502, 5.583091 ], [ -7.393644999999879, 5.582744000000162 ], [ -7.393994, 5.582622000000185 ], [ -7.395592, 5.58093 ], [ -7.395959, 5.580496000000153 ], [ -7.396682999999882, 5.579181 ], [ -7.396824, 5.578741 ], [ -7.396934999999871, 5.57835 ], [ -7.396997, 5.577958 ], [ -7.397022999999876, 5.577028 ], [ -7.396843999999817, 5.574709 ], [ -7.396784, 5.574011 ], [ -7.39656, 5.572842 ], [ -7.396409, 5.572291000000178 ], [ -7.395746, 5.570148000000131 ], [ -7.395157, 5.568348 ], [ -7.394504, 5.564817000000119 ], [ -7.394125, 5.558281 ], [ -7.394101, 5.557681000000173 ], [ -7.394214, 5.556402 ], [ -7.394275999999877, 5.555907000000104 ], [ -7.394417, 5.55537500000014 ], [ -7.394559, 5.554873000000157 ], [ -7.394681999999875, 5.554592000000184 ], [ -7.394994, 5.554146 ], [ -7.395337, 5.553767000000107 ], [ -7.395918, 5.553290000000118 ], [ -7.396474999999839, 5.552955000000111 ], [ -7.39675, 5.552808 ], [ -7.397203, 5.552766 ], [ -7.397594, 5.552749000000119 ], [ -7.397734999999898, 5.552688 ], [ -7.398126, 5.552315 ], [ -7.398561, 5.551814 ], [ -7.398848999999871, 5.551466000000175 ], [ -7.399088, 5.551007 ], [ -7.399254, 5.55061 ], [ -7.399652999999887, 5.546168 ], [ -7.399618, 5.545611000000122 ], [ -7.399459, 5.545335 ], [ -7.399184999999875, 5.545108 ], [ -7.39866, 5.544893 ], [ -7.397243, 5.544396000000177 ], [ -7.396748, 5.54423 ], [ -7.396191999999871, 5.544106000000113 ], [ -7.395599999999831, 5.543916 ], [ -7.395093, 5.543633 ], [ -7.394581, 5.543149 ], [ -7.391671, 5.540226 ], [ -7.389982, 5.538289 ], [ -7.388201, 5.536787000000118 ], [ -7.385595, 5.535125000000107 ], [ -7.383146999999838, 5.533567000000176 ], [ -7.382384, 5.533119 ], [ -7.381743, 5.532665000000122 ], [ -7.381609, 5.532371000000126 ], [ -7.381586, 5.531796000000156 ], [ -7.382142999999814, 5.527826000000118 ], [ -7.382193, 5.527538000000106 ], [ -7.383348, 5.524071000000106 ], [ -7.383439999999837, 5.523795 ], [ -7.384157, 5.523044 ], [ -7.384842, 5.522659 ], [ -7.387178, 5.521464 ], [ -7.387948999999878, 5.521098000000165 ], [ -7.389201999999898, 5.520720000000154 ], [ -7.390069999999866, 5.520618 ], [ -7.390553, 5.520564 ], [ -7.391378, 5.520553 ], [ -7.391995, 5.520804000000169 ], [ -7.393051, 5.521357 ], [ -7.393826, 5.521774000000164 ], [ -7.396109, 5.522818 ], [ -7.397752, 5.523402 ], [ -7.39967, 5.524023 ], [ -7.400476, 5.524140000000159 ], [ -7.400916, 5.524159000000111 ], [ -7.403904999999895, 5.523675 ], [ -7.404265999999893, 5.523583 ], [ -7.404675999999824, 5.52329 ], [ -7.405268999999862, 5.522704 ], [ -7.405656, 5.521958 ], [ -7.405729999999892, 5.521536 ], [ -7.405749, 5.521248000000128 ], [ -7.405633, 5.520918 ], [ -7.404719999999827, 5.518952 ], [ -7.404263, 5.518584 ], [ -7.403596999999877, 5.518100000000118 ], [ -7.401651, 5.516744000000187 ], [ -7.400546, 5.516021 ], [ -7.400326, 5.515947 ], [ -7.398903, 5.515382000000102 ], [ -7.393742571999951, 5.512025243000096 ], [ -7.393074999999897, 5.511591000000124 ], [ -7.392635999999811, 5.511248 ], [ -7.392331, 5.510959 ], [ -7.392075, 5.510549 ], [ -7.39186199999989, 5.510065000000168 ], [ -7.391746, 5.509588000000122 ], [ -7.391711, 5.509141000000113 ], [ -7.391687999999874, 5.508315000000152 ], [ -7.391768, 5.507667 ], [ -7.391922, 5.507122 ], [ -7.392658, 5.505844000000138 ], [ -7.392841, 5.505618 ], [ -7.393117, 5.505478 ], [ -7.393404, 5.505417 ], [ -7.397078, 5.50456000000014 ], [ -7.401804, 5.503356000000167 ], [ -7.402176999999824, 5.503149000000121 ], [ -7.402720999999872, 5.502837 ], [ -7.403148999999871, 5.502526 ], [ -7.403552999999874, 5.502123 ], [ -7.405053999999836, 5.500087 ], [ -7.405020999999863, 5.499321 ], [ -7.404989, 5.498695000000168 ], [ -7.404879, 5.498085000000117 ], [ -7.404565999999875, 5.497600000000148 ], [ -7.404238, 5.497037 ], [ -7.404049999999813, 5.496678 ], [ -7.403877, 5.496115 ], [ -7.403844999999876, 5.49563 ], [ -7.403969, 5.495176000000129 ], [ -7.404233, 5.494362000000137 ], [ -7.404917, 5.49314 ], [ -7.409175, 5.485560000000135 ], [ -7.409596, 5.485215 ], [ -7.409984999999892, 5.485011 ], [ -7.41305599999987, 5.484678 ], [ -7.413757, 5.48463 ], [ -7.41449, 5.484722 ], [ -7.415067, 5.48494 ], [ -7.415661, 5.485487000000148 ], [ -7.415942, 5.485753000000102 ], [ -7.416566, 5.486033 ], [ -7.416878, 5.486158 ], [ -7.41733, 5.486189000000138 ], [ -7.417843999999889, 5.486094 ], [ -7.418701, 5.485764000000131 ], [ -7.419091, 5.485529 ], [ -7.419355, 5.485153 ], [ -7.420319, 5.483759 ], [ -7.420863, 5.482803000000104 ], [ -7.424001, 5.476727 ], [ -7.424264999999878, 5.476116000000161 ], [ -7.424342999999851, 5.475647 ], [ -7.424389, 5.47520800000018 ], [ -7.424676999999861, 5.461986 ], [ -7.42452, 5.461469 ], [ -7.424114, 5.461048 ], [ -7.423708, 5.460923 ], [ -7.423208999999815, 5.460736 ], [ -7.422787, 5.460205000000144 ], [ -7.419614, 5.455187 ], [ -7.417013999999881, 5.448447 ], [ -7.416653, 5.446977 ], [ -7.416588999999874, 5.446163 ], [ -7.416866, 5.443972000000144 ], [ -7.416989, 5.443518 ], [ -7.417518, 5.442641000000151 ], [ -7.418203, 5.441936 ], [ -7.418716, 5.44132500000012 ], [ -7.41930699999989, 5.440369 ], [ -7.419881, 5.439210000000116 ], [ -7.420238, 5.438161 ], [ -7.420408, 5.437582 ], [ -7.420623, 5.435641 ], [ -7.420621, 5.43431100000015 ], [ -7.420774, 5.43273100000016 ], [ -7.420913, 5.431823000000122 ], [ -7.4213, 5.430586000000119 ], [ -7.421594999999854, 5.429975000000184 ], [ -7.422124, 5.429521 ], [ -7.422341999999844, 5.429364 ], [ -7.422982, 5.429394 ], [ -7.432558, 5.432039 ], [ -7.433447, 5.432397 ], [ -7.435101, 5.43330200000014 ], [ -7.43558499999989, 5.433645 ], [ -7.436069, 5.434145 ], [ -7.436414, 5.43499 ], [ -7.436807, 5.437164000000109 ], [ -7.436856, 5.438119 ], [ -7.436857, 5.439011000000164 ], [ -7.437045999999896, 5.439871 ], [ -7.437643, 5.442311000000188 ], [ -7.438035, 5.443531 ], [ -7.438581999999883, 5.44418700000017 ], [ -7.439034, 5.444609 ], [ -7.439548999999886, 5.444765000000189 ], [ -7.439986, 5.444748 ], [ -7.440437, 5.4445750000001 ], [ -7.440950999999814, 5.444340000000182 ], [ -7.441885999999897, 5.44386900000012 ], [ -7.446602, 5.43983900000012 ], [ -7.448485, 5.437818 ], [ -7.448796, 5.437379000000135 ], [ -7.449029, 5.436988 ], [ -7.450283, 5.432213000000104 ], [ -7.450374999999894, 5.431618 ], [ -7.450264, 5.430601000000138 ], [ -7.449888, 5.429506000000117 ], [ -7.44873, 5.426801000000125 ], [ -7.44665, 5.423519000000169 ], [ -7.445806, 5.422487 ], [ -7.445119, 5.4218 ], [ -7.442495999999835, 5.419676000000152 ], [ -7.440733, 5.41849 ], [ -7.439983, 5.417834 ], [ -7.438984, 5.416881 ], [ -7.436156, 5.413396000000148 ], [ -7.435749999999871, 5.412833 ], [ -7.431339, 5.404485 ], [ -7.431665, 5.403937000000155 ], [ -7.431757999999888, 5.40353 ], [ -7.430605, 5.395629 ], [ -7.426051999999856, 5.386123 ], [ -7.425614, 5.385435 ], [ -7.422912, 5.382592000000102 ], [ -7.420758, 5.38053 ], [ -7.419305999999892, 5.379171 ], [ -7.411627, 5.373722 ], [ -7.411128, 5.37352 ], [ -7.410550999999828, 5.373521 ], [ -7.40989599999989, 5.373303 ], [ -7.408803, 5.372632 ], [ -7.407087, 5.371429 ], [ -7.405994, 5.370305 ], [ -7.404633999999817, 5.368366 ], [ -7.404462, 5.367944000000136 ], [ -7.404336, 5.367068000000131 ], [ -7.404553, 5.366833 ], [ -7.404646, 5.36652 ], [ -7.404661, 5.366207000000145 ], [ -7.404365, 5.366020000000105 ], [ -7.403912, 5.365786000000128 ], [ -7.398391999999888, 5.364527 ], [ -7.397784, 5.364497 ], [ -7.397239, 5.364795000000186 ], [ -7.394935, 5.366191 ], [ -7.39440599999989, 5.366568 ], [ -7.390748, 5.369218 ], [ -7.390172, 5.369861000000128 ], [ -7.389627, 5.370472 ], [ -7.389208, 5.371208 ], [ -7.388913, 5.371756 ], [ -7.388509, 5.372539000000188 ], [ -7.388245, 5.373228 ], [ -7.388215, 5.373869000000127 ], [ -7.388355999999874, 5.374526000000117 ], [ -7.388873, 5.375543 ], [ -7.389015, 5.376841000000184 ], [ -7.389003, 5.378782000000172 ], [ -7.38888, 5.379893 ], [ -7.388400999999874, 5.382084 ], [ -7.387873, 5.383415000000184 ], [ -7.387454, 5.384151000000145 ], [ -7.386410999999896, 5.385107 ], [ -7.385353, 5.38586000000015 ], [ -7.384573999999873, 5.386331 ], [ -7.380023999999878, 5.387324000000149 ], [ -7.378965, 5.387466000000188 ], [ -7.37792, 5.38753000000014 ], [ -7.377187999999819, 5.387422 ], [ -7.376797, 5.387125 ], [ -7.376625, 5.386813000000132 ], [ -7.376609, 5.386296000000186 ], [ -7.376763, 5.385138 ], [ -7.37684, 5.384606000000133 ], [ -7.377166, 5.383995 ], [ -7.37819299999984, 5.382757 ], [ -7.378736999999887, 5.382146 ], [ -7.379032999999879, 5.381989000000146 ], [ -7.379562, 5.381378 ], [ -7.379966, 5.380627 ], [ -7.380509, 5.379577 ], [ -7.380851, 5.378748 ], [ -7.381733999999881, 5.375945000000115 ], [ -7.382199, 5.374458000000175 ], [ -7.382570999999871, 5.373237 ], [ -7.382771999999875, 5.371781 ], [ -7.382862999999872, 5.370811 ], [ -7.382829, 5.369278 ], [ -7.382402, 5.365711000000147 ], [ -7.382228999999825, 5.364631000000145 ], [ -7.382164, 5.363348 ], [ -7.382397, 5.36255 ], [ -7.382956, 5.361532 ], [ -7.383298, 5.360733 ], [ -7.384367999999881, 5.35777400000012 ], [ -7.384769999999833, 5.356146 ], [ -7.384894, 5.355379 ], [ -7.384906999999885, 5.354175 ], [ -7.384999, 5.34452 ], [ -7.38485699999984, 5.34347200000019 ], [ -7.384669, 5.342815 ], [ -7.383841, 5.341721 ], [ -7.382997, 5.340627000000154 ], [ -7.38256, 5.34018900000018 ], [ -7.38053, 5.338331 ], [ -7.379251, 5.337472 ], [ -7.378003, 5.336989 ], [ -7.37688, 5.3366 ], [ -7.375445999999897, 5.336430000000178 ], [ -7.374402, 5.336463 ], [ -7.373607999999876, 5.336871 ], [ -7.371192, 5.336859000000175 ], [ -7.370567999999878, 5.336813 ], [ -7.37006899999983, 5.336407 ], [ -7.36974, 5.335829 ], [ -7.369474, 5.33514 ], [ -7.369255, 5.334358000000179 ], [ -7.369330999999875, 5.333592 ], [ -7.369749999999897, 5.332214 ], [ -7.370168, 5.33104 ], [ -7.370572, 5.33017800000016 ], [ -7.37093, 5.329583000000127 ], [ -7.371987999999874, 5.328565 ], [ -7.372765, 5.32775 ], [ -7.373636, 5.326637000000119 ], [ -7.374366999999893, 5.325650000000167 ], [ -7.375237999999854, 5.324460000000101 ], [ -7.376713, 5.321657000000187 ], [ -7.377162999999882, 5.320404 ], [ -7.377598, 5.319746000000123 ], [ -7.377925, 5.319261000000154 ], [ -7.379076999999882, 5.318836 ], [ -7.379638, 5.318804 ], [ -7.383443999999884, 5.320237 ], [ -7.385668, 5.31776200000013 ], [ -7.39204, 5.315999 ], [ -7.393425, 5.315042000000119 ], [ -7.394016, 5.314446 ], [ -7.394854999999893, 5.312990000000184 ], [ -7.395554, 5.311612 ], [ -7.395911, 5.310829 ], [ -7.396096999999827, 5.310140000000104 ], [ -7.396185999999886, 5.307965 ], [ -7.39609, 5.306588 ], [ -7.396043, 5.306056 ], [ -7.395601999999883, 5.30389700000012 ], [ -7.39476999999988, 5.300550000000101 ], [ -7.394409, 5.299236000000121 ], [ -7.394081, 5.298454 ], [ -7.393472, 5.297845000000109 ], [ -7.392940999999894, 5.297126000000105 ], [ -7.392284, 5.295923 ], [ -7.391485999999873, 5.294077 ], [ -7.391233999999884, 5.293014 ], [ -7.39131, 5.291668 ], [ -7.392103, 5.290556 ], [ -7.3926, 5.289929 ], [ -7.393315999999857, 5.289380000000108 ], [ -7.394607999999891, 5.288533 ], [ -7.396056999999871, 5.288390000000106 ], [ -7.397646999999893, 5.288199000000134 ], [ -7.400451, 5.287725 ], [ -7.401588, 5.287254 ], [ -7.402584, 5.286533000000134 ], [ -7.403362, 5.28589 ], [ -7.403969, 5.285388 ], [ -7.404529, 5.284746 ], [ -7.405647999999871, 5.283007 ], [ -7.40588, 5.282287000000167 ], [ -7.405813, 5.279705 ], [ -7.405702, 5.278485 ], [ -7.405730999999889, 5.27751400000011 ], [ -7.405884, 5.275605 ], [ -7.406241, 5.274916000000132 ], [ -7.406754, 5.274164 ], [ -7.407251, 5.273616 ], [ -7.407921, 5.273161 ], [ -7.408512, 5.272941000000117 ], [ -7.409026, 5.272736 ], [ -7.409664, 5.272015 ], [ -7.410347999999885, 5.271091000000183 ], [ -7.410721, 5.27048 ], [ -7.411249, 5.269290000000183 ], [ -7.411621, 5.268210000000181 ], [ -7.412225999999862, 5.266769000000124 ], [ -7.413546, 5.264529 ], [ -7.415426, 5.261522000000127 ], [ -7.416157, 5.260801000000185 ], [ -7.417931999999894, 5.259468 ], [ -7.41892799999988, 5.258793000000139 ], [ -7.427359, 5.258982000000117 ], [ -7.428108, 5.259153 ], [ -7.428590999999869, 5.259450000000129 ], [ -7.428732, 5.259778 ], [ -7.428670999999838, 5.260169000000133 ], [ -7.428250999999875, 5.260624000000121 ], [ -7.427442, 5.261376000000155 ], [ -7.426927999999862, 5.261846000000162 ], [ -7.425077, 5.263587000000143 ], [ -7.423413, 5.265311000000111 ], [ -7.42167199999983, 5.267755 ], [ -7.421253, 5.268553000000168 ], [ -7.42097299999989, 5.269117000000108 ], [ -7.420772, 5.270056000000181 ], [ -7.420325, 5.272404000000108 ], [ -7.420095999999887, 5.275096 ], [ -7.420176, 5.276176 ], [ -7.420347999999876, 5.276629 ], [ -7.420847999999864, 5.277082 ], [ -7.421284, 5.277207000000146 ], [ -7.421783, 5.277268 ], [ -7.422671, 5.277173000000175 ], [ -7.423528, 5.277109 ], [ -7.424183, 5.277233000000138 ], [ -7.424854, 5.277607 ], [ -7.426554999999894, 5.278825 ], [ -7.427381999999852, 5.279606 ], [ -7.427992, 5.280325000000175 ], [ -7.428180999999881, 5.281467 ], [ -7.428229, 5.282406 ], [ -7.427982, 5.283345000000111 ], [ -7.427531, 5.283846 ], [ -7.426986, 5.284395000000131 ], [ -7.42641, 5.284631000000104 ], [ -7.425879999999836, 5.284694 ], [ -7.425474999999892, 5.284538 ], [ -7.42482, 5.284226 ], [ -7.424539, 5.284024 ], [ -7.423915, 5.283993000000123 ], [ -7.422357, 5.284137000000101 ], [ -7.421641, 5.284467 ], [ -7.421283, 5.284999 ], [ -7.416733, 5.293926 ], [ -7.415786, 5.295852 ], [ -7.415492, 5.296635 ], [ -7.41529, 5.297402 ], [ -7.415136999999845, 5.298670000000186 ], [ -7.415201, 5.299484000000177 ], [ -7.41556, 5.299984000000165 ], [ -7.416028, 5.300405000000183 ], [ -7.416574, 5.300577 ], [ -7.416979, 5.300592 ], [ -7.424475, 5.300047 ], [ -7.425161, 5.299952000000189 ], [ -7.429631999999856, 5.299115 ], [ -7.43066, 5.298879 ], [ -7.431469999999877, 5.298439 ], [ -7.432155, 5.297922 ], [ -7.438722, 5.292528000000175 ], [ -7.438893, 5.292324000000178 ], [ -7.439078999999822, 5.291744000000165 ], [ -7.439264, 5.290899 ], [ -7.439621999999872, 5.290382 ], [ -7.44015, 5.289724 ], [ -7.440477, 5.289317 ], [ -7.440804, 5.289097 ], [ -7.441349, 5.288987000000134 ], [ -7.443998999999849, 5.289185 ], [ -7.444668999999863, 5.289278 ], [ -7.445386, 5.28948 ], [ -7.445916999999895, 5.289714 ], [ -7.446461999999883, 5.289760000000115 ], [ -7.44903399999987, 5.289552000000128 ], [ -7.450606, 5.288908000000163 ], [ -7.451992, 5.287998000000186 ], [ -7.452754, 5.287418000000173 ], [ -7.454808, 5.285771000000125 ], [ -7.459569999999871, 5.281945000000121 ], [ -7.459943, 5.281443000000138 ], [ -7.460254, 5.280973000000131 ], [ -7.46048699999983, 5.280269 ], [ -7.460780999999884, 5.279188 ], [ -7.460904, 5.278468 ], [ -7.460870999999884, 5.277843000000189 ], [ -7.463379, 5.27686800000015 ], [ -7.467079999999896, 5.280789 ], [ -7.468204, 5.281663 ], [ -7.469421, 5.282444 ], [ -7.470872, 5.282958 ], [ -7.471494999999891, 5.283082 ], [ -7.472088, 5.283159000000182 ], [ -7.472976, 5.283079000000157 ], [ -7.473489999999856, 5.282922 ], [ -7.473941, 5.282749 ], [ -7.474236999999846, 5.282451 ], [ -7.476738999999895, 5.278660000000116 ], [ -7.477142, 5.277595 ], [ -7.477343, 5.276843 ], [ -7.477435, 5.275936000000115 ], [ -7.477526999999895, 5.275028000000134 ], [ -7.477602999999817, 5.274183 ], [ -7.477555, 5.2734 ], [ -7.477364, 5.27157 ], [ -7.477190999999834, 5.270678 ], [ -7.477172, 5.26927000000012 ], [ -7.477280999999891, 5.269004000000166 ], [ -7.478464, 5.268172 ], [ -7.47889999999984, 5.26787400000012 ], [ -7.47918, 5.267764 ], [ -7.479351, 5.267779 ], [ -7.480177, 5.267653000000109 ], [ -7.480629, 5.267495000000167 ], [ -7.480861999999888, 5.26701 ], [ -7.480985, 5.266431 ], [ -7.481078, 5.265977 ], [ -7.48106, 5.264881 ], [ -7.480856999999844, 5.264428 ], [ -7.480278999999882, 5.26405300000016 ], [ -7.479858, 5.263804000000164 ], [ -7.479343, 5.263664000000119 ], [ -7.4761, 5.26295 ], [ -7.473356, 5.262501000000157 ], [ -7.472981999999831, 5.262549 ], [ -7.470487999999875, 5.262271000000112 ], [ -7.470113999999853, 5.262131 ], [ -7.469193, 5.261523 ], [ -7.466197, 5.259196 ], [ -7.465775, 5.25879 ], [ -7.465571999999838, 5.258525 ], [ -7.465414999999894, 5.258212000000185 ], [ -7.465493, 5.257914 ], [ -7.465632, 5.257586000000117 ], [ -7.465974, 5.257115 ], [ -7.466425, 5.256426 ], [ -7.467792, 5.254092000000185 ], [ -7.467947, 5.253622 ], [ -7.468070999999838, 5.253184 ], [ -7.468007, 5.25273 ], [ -7.466667712999879, 5.246098668000172 ], [ -7.466566999999827, 5.2456 ], [ -7.466317, 5.245004000000165 ], [ -7.465784999999869, 5.244172000000106 ], [ -7.465283999999883, 5.243465 ], [ -7.464909, 5.242790000000127 ], [ -7.464565, 5.241973 ], [ -7.464407999999878, 5.241314 ], [ -7.464532999999847, 5.240340000000117 ], [ -7.46497, 5.238833000000113 ], [ -7.465361, 5.237875 ], [ -7.466064, 5.236917 ], [ -7.466907999999876, 5.236116 ], [ -7.467126999999891, 5.235943 ], [ -7.467393, 5.235849000000144 ], [ -7.46769, 5.235849000000144 ], [ -7.468081, 5.235864000000106 ], [ -7.468675, 5.23605300000014 ], [ -7.469269, 5.236194 ], [ -7.469707, 5.236272000000156 ], [ -7.470067, 5.236272000000156 ], [ -7.473929, 5.23558 ], [ -7.47432, 5.235486 ], [ -7.474523, 5.235423 ], [ -7.477915, 5.233271000000173 ], [ -7.478103, 5.23313 ], [ -7.478306, 5.232941 ], [ -7.478821999999866, 5.232030000000179 ], [ -7.483291, 5.223848000000146 ], [ -7.484666, 5.220864000000176 ], [ -7.484759, 5.22056600000019 ], [ -7.484820999999897, 5.217206 ], [ -7.484633, 5.215431 ], [ -7.484507, 5.214866 ], [ -7.484257, 5.214049000000102 ], [ -7.484038, 5.213531 ], [ -7.483709, 5.213029 ], [ -7.483364999999878, 5.212542 ], [ -7.476703, 5.2062150000001 ], [ -7.476343, 5.20598 ], [ -7.475608, 5.20550900000012 ], [ -7.474951, 5.206169 ], [ -7.474825999999894, 5.206326 ], [ -7.474825999999894, 5.206593000000112 ], [ -7.474889, 5.206907000000172 ], [ -7.474748, 5.207142 ], [ -7.474576999999897, 5.207299 ], [ -7.474233, 5.207409000000155 ], [ -7.473967, 5.20736200000016 ], [ -7.473717, 5.207268 ], [ -7.473545, 5.207001000000105 ], [ -7.472324, 5.20507 ], [ -7.470087, 5.201286000000152 ], [ -7.469837, 5.200768 ], [ -7.469695999999885, 5.20036 ], [ -7.469695999999885, 5.199857 ], [ -7.469695999999885, 5.199261 ], [ -7.469788999999878, 5.198727000000133 ], [ -7.469977, 5.19835 ], [ -7.470164999999895, 5.198114 ], [ -7.470759, 5.19791 ], [ -7.471853, 5.197627 ], [ -7.472119, 5.19747 ], [ -7.474400999999887, 5.195978 ], [ -7.474604, 5.195695000000114 ], [ -7.476542, 5.192177000000129 ], [ -7.476807, 5.19169 ], [ -7.476917, 5.19136 ], [ -7.476791, 5.190371000000141 ], [ -7.476729, 5.190088000000173 ], [ -7.47568, 5.186116000000141 ], [ -7.475461, 5.185818000000154 ], [ -7.475194999999871, 5.185504 ], [ -7.473037, 5.183902000000103 ], [ -7.472458, 5.183541 ], [ -7.472114, 5.183384 ], [ -7.471801, 5.183165 ], [ -7.471566999999879, 5.182851 ], [ -7.471535, 5.182489 ], [ -7.471565999999825, 5.181846000000121 ], [ -7.471612999999877, 5.181202000000155 ], [ -7.471830999999895, 5.179098000000124 ], [ -7.472236999999893, 5.176711000000182 ], [ -7.472518, 5.175077000000158 ], [ -7.472815, 5.173727 ], [ -7.472908, 5.172612000000129 ], [ -7.472827999999879, 5.168529 ], [ -7.472719, 5.168231 ], [ -7.472234, 5.167603 ], [ -7.471765, 5.167320000000132 ], [ -7.471515, 5.167085 ], [ -7.471217, 5.166111000000114 ], [ -7.47128, 5.16564 ], [ -7.472574999999892, 5.15992400000016 ], [ -7.47459, 5.152229 ], [ -7.474964, 5.151224 ], [ -7.477822999999887, 5.145492000000104 ], [ -7.479089, 5.144141 ], [ -7.480636, 5.142602 ], [ -7.48084, 5.142445 ], [ -7.481137, 5.142382000000168 ], [ -7.481293, 5.142429000000163 ], [ -7.481402999999887, 5.142602 ], [ -7.48185599999988, 5.143025 ], [ -7.482434, 5.141706 ], [ -7.482715, 5.141062 ], [ -7.483121, 5.140104000000179 ], [ -7.483448999999894, 5.138958 ], [ -7.483901999999887, 5.137340000000108 ], [ -7.484261, 5.13456100000019 ], [ -7.484182, 5.134090000000128 ], [ -7.48401, 5.133587 ], [ -7.483853999999837, 5.133195000000171 ], [ -7.483806, 5.132614 ], [ -7.484555, 5.127463 ], [ -7.484727, 5.127008 ], [ -7.486429, 5.123301 ], [ -7.486976, 5.122202 ], [ -7.487350999999876, 5.12195 ], [ -7.487742, 5.121840000000134 ], [ -7.488226999999881, 5.121809 ], [ -7.488929999999812, 5.122013 ], [ -7.489962, 5.122217 ], [ -7.491213, 5.12245200000018 ], [ -7.492056999999875, 5.122562000000187 ], [ -7.492698, 5.122499000000118 ], [ -7.493495, 5.122294 ], [ -7.495386999999823, 5.121556000000112 ], [ -7.496324, 5.121068 ], [ -7.496715, 5.120676000000117 ], [ -7.500567184999966, 5.115170049000085 ], [ -7.500604999999894, 5.115116000000171 ], [ -7.500839999999812, 5.114220000000103 ], [ -7.500996, 5.113514000000123 ], [ -7.500995, 5.112839 ], [ -7.50087, 5.112069000000133 ], [ -7.500307, 5.111268000000109 ], [ -7.49976, 5.110782 ], [ -7.49954, 5.108395 ], [ -7.501446, 5.104987000000165 ], [ -7.506507999999826, 5.098154 ], [ -7.507414, 5.096945000000176 ], [ -7.507632999999828, 5.096678000000111 ], [ -7.508367, 5.095892000000106 ], [ -7.508992, 5.095484000000113 ], [ -7.50932, 5.095295 ], [ -7.509993, 5.095295 ], [ -7.51054, 5.095295 ], [ -7.513181999999858, 5.096236000000147 ], [ -7.513729999999896, 5.096880000000112 ], [ -7.514262, 5.097901 ], [ -7.514449, 5.098419 ], [ -7.514544, 5.099628000000109 ], [ -7.514466, 5.100319000000127 ], [ -7.514325, 5.101057 ], [ -7.513857, 5.102188 ], [ -7.513404, 5.103193 ], [ -7.512888999999859, 5.104135 ], [ -7.512857, 5.104559000000108 ], [ -7.512858, 5.107056000000114 ], [ -7.512922, 5.108611000000167 ], [ -7.513094, 5.109239 ], [ -7.513375, 5.109710000000121 ], [ -7.515737, 5.112253 ], [ -7.517504, 5.113587000000109 ], [ -7.517864, 5.113681 ], [ -7.518348999999887, 5.113681 ], [ -7.525709999999833, 5.110349 ], [ -7.526085, 5.110176 ], [ -7.529132999999888, 5.108495000000175 ], [ -7.529960999999844, 5.107929 ], [ -7.530460999999889, 5.107238 ], [ -7.530852, 5.106563000000165 ], [ -7.530960999999877, 5.105841000000112 ], [ -7.530882, 5.104773 ], [ -7.530945, 5.104207 ], [ -7.531381999999894, 5.103249 ], [ -7.53275699999989, 5.101035 ], [ -7.533085, 5.100689000000159 ], [ -7.533491, 5.100281000000166 ], [ -7.537554406999902, 5.098077520000118 ], [ -7.539664999999843, 5.096933 ], [ -7.540227, 5.096651 ], [ -7.5424, 5.096179 ], [ -7.542744, 5.096147 ], [ -7.543087999999898, 5.096351 ], [ -7.543432, 5.096539000000178 ], [ -7.543854, 5.096602 ], [ -7.547808, 5.095077000000174 ], [ -7.54884, 5.094653000000108 ], [ -7.549231, 5.094449 ], [ -7.550309, 5.093365000000119 ], [ -7.550559, 5.093098 ], [ -7.550995999999884, 5.092155000000162 ], [ -7.551386, 5.090899000000149 ], [ -7.551511, 5.090475 ], [ -7.555292999999892, 5.087599000000125 ], [ -7.559574999999882, 5.084912 ], [ -7.560216, 5.084425 ], [ -7.560716, 5.083766 ], [ -7.561074999999846, 5.083216 ], [ -7.561356, 5.082745000000159 ], [ -7.562151, 5.078756000000169 ], [ -7.562119999999879, 5.078394 ], [ -7.56151, 5.077641 ], [ -7.559992999999849, 5.076448000000141 ], [ -7.559602, 5.076275 ], [ -7.558991999999876, 5.075695 ], [ -7.55811599999987, 5.074643 ], [ -7.557708999999875, 5.074031 ], [ -7.555847, 5.070844 ], [ -7.555487, 5.070027 ], [ -7.555237, 5.069321 ], [ -7.555346, 5.068692 ], [ -7.555860999999823, 5.067687 ], [ -7.55622, 5.066808 ], [ -7.556375999999887, 5.066211000000123 ], [ -7.556407, 5.065614 ], [ -7.55617199999989, 5.064546000000178 ], [ -7.556063, 5.064075000000116 ], [ -7.555139, 5.061752000000126 ], [ -7.554748, 5.060998 ], [ -7.554372999999885, 5.060684 ], [ -7.553871999999899, 5.060716000000184 ], [ -7.551603, 5.055974 ], [ -7.552132, 5.051027 ], [ -7.552116, 5.050415 ], [ -7.551897, 5.050038 ], [ -7.549676, 5.047087000000147 ], [ -7.549206999999853, 5.046757 ], [ -7.548878999999886, 5.046600000000183 ], [ -7.54820599999988, 5.046082000000126 ], [ -7.5478, 5.045768 ], [ -7.546611, 5.044057 ], [ -7.546282, 5.043508000000145 ], [ -7.546467999999891, 5.039236000000187 ], [ -7.546623999999895, 5.038561 ], [ -7.54678, 5.038153 ], [ -7.547075999999834, 5.037430000000143 ], [ -7.547764, 5.036582000000124 ], [ -7.549014, 5.035168 ], [ -7.549779, 5.034492 ], [ -7.551904, 5.032905 ], [ -7.552498, 5.032497 ], [ -7.553279, 5.031727 ], [ -7.553592, 5.031350000000145 ], [ -7.553795, 5.030738 ], [ -7.555104, 5.023184 ], [ -7.555259, 5.0210790000001 ], [ -7.555398, 5.018818 ], [ -7.555304, 5.01792300000011 ], [ -7.555069, 5.017091 ], [ -7.554725, 5.016557 ], [ -7.55162799999988, 5.012271000000169 ], [ -7.55119, 5.011675 ], [ -7.550486, 5.011377 ], [ -7.549658, 5.011236000000167 ], [ -7.54886, 5.010969000000102 ], [ -7.548344, 5.010624000000178 ], [ -7.54739, 5.009713 ], [ -7.543120999999871, 5.005507 ], [ -7.542511, 5.004659 ], [ -7.542182, 5.003921000000105 ], [ -7.54204099999987, 5.003277000000139 ], [ -7.541915999999844, 5.002052 ], [ -7.542008999999894, 5.001393 ], [ -7.543003999999883, 4.994347 ], [ -7.543125999999859, 4.994083 ], [ -7.547409, 4.986573 ], [ -7.547845, 4.985923 ], [ -7.549377999999876, 4.984063 ], [ -7.549884, 4.983483 ], [ -7.551575, 4.981973 ], [ -7.552935, 4.980901 ], [ -7.554452, 4.979829000000166 ], [ -7.558707, 4.977333 ], [ -7.559771, 4.976840000000152 ], [ -7.560469, 4.976401 ], [ -7.560659999999871, 4.976067000000114 ], [ -7.560746999999878, 4.975699 ], [ -7.560781, 4.975313 ], [ -7.56044699999984, 4.97335 ], [ -7.560359, 4.972877000000153 ], [ -7.559501999999895, 4.971458000000155 ], [ -7.559012, 4.971021 ], [ -7.558609999999817, 4.970741000000146 ], [ -7.558120999999858, 4.970408000000134 ], [ -7.556008, 4.969465 ], [ -7.555467, 4.969238000000132 ], [ -7.553127, 4.968593 ], [ -7.550019, 4.967897 ], [ -7.548849, 4.967881000000148 ], [ -7.543678, 4.964330000000132 ], [ -7.536443, 4.958223 ], [ -7.535849, 4.957487 ], [ -7.534782, 4.956104 ], [ -7.534397, 4.955316 ], [ -7.534257, 4.954650000000186 ], [ -7.534290999999882, 4.954019000000187 ], [ -7.534708, 4.953106000000105 ], [ -7.535109, 4.952334 ], [ -7.535353, 4.951930000000175 ], [ -7.535719, 4.951737 ], [ -7.536084999999844, 4.951754000000165 ], [ -7.536243, 4.951964000000146 ], [ -7.536854, 4.951911 ], [ -7.537272, 4.951857000000189 ], [ -7.537620999999831, 4.951787 ], [ -7.537848, 4.951541000000134 ], [ -7.538388, 4.950558000000171 ], [ -7.538630999999896, 4.950084 ], [ -7.538665, 4.949506000000156 ], [ -7.538572, 4.945088 ], [ -7.537727, 4.939654000000189 ], [ -7.53748, 4.938269000000162 ], [ -7.536919999999895, 4.936798000000124 ], [ -7.536376999999845, 4.935799 ], [ -7.535852, 4.934976000000177 ], [ -7.532618, 4.93121200000013 ], [ -7.532146, 4.930722000000117 ], [ -7.53171, 4.930389000000105 ], [ -7.530679, 4.929777 ], [ -7.52998, 4.929445000000158 ], [ -7.528111, 4.928045000000111 ], [ -7.527621, 4.927292 ], [ -7.527114, 4.926417 ], [ -7.526904, 4.925873 ], [ -7.52678, 4.924979000000121 ], [ -7.526708999999869, 4.924243000000104 ], [ -7.526707999999871, 4.923209 ], [ -7.526864, 4.922437000000116 ], [ -7.527037, 4.92161300000015 ], [ -7.527262999999891, 4.920946000000185 ], [ -7.527611, 4.920192000000156 ], [ -7.528046999999845, 4.919753 ], [ -7.528552999999874, 4.919524000000138 ], [ -7.529356, 4.919435 ], [ -7.530175999999869, 4.919522000000143 ], [ -7.531379999999899, 4.91959 ], [ -7.532428, 4.919588 ], [ -7.534103, 4.919463 ], [ -7.535411, 4.919092 ], [ -7.536283, 4.91874 ], [ -7.537592, 4.918142000000159 ], [ -7.538621, 4.917632 ], [ -7.539266, 4.917438000000175 ], [ -7.540120999999829, 4.917402 ], [ -7.540889, 4.917506000000117 ], [ -7.541553, 4.91761 ], [ -7.542356, 4.917836 ], [ -7.543455999999878, 4.918326 ], [ -7.544312, 4.918885 ], [ -7.544748999999854, 4.919323 ], [ -7.545466, 4.920707000000107 ], [ -7.546255, 4.922687000000167 ], [ -7.547076999999831, 4.924053 ], [ -7.547934, 4.925086 ], [ -7.548631999999884, 4.925400000000138 ], [ -7.549330999999881, 4.925627 ], [ -7.550324999999873, 4.92564300000015 ], [ -7.550953999999876, 4.925554 ], [ -7.560673, 4.923873 ], [ -7.561108999999817, 4.923714 ], [ -7.561998, 4.923012 ], [ -7.562695, 4.922151 ], [ -7.563061, 4.92169500000017 ], [ -7.563895, 4.919274 ], [ -7.564242, 4.917801 ], [ -7.564414999999883, 4.916784 ], [ -7.564638, 4.914241000000175 ], [ -7.564775999999824, 4.913101000000154 ], [ -7.564966, 4.911646 ], [ -7.565192, 4.911014000000137 ], [ -7.565696999999886, 4.910189000000116 ], [ -7.566185, 4.909592 ], [ -7.568679, 4.908466 ], [ -7.570405999999878, 4.907972 ], [ -7.571120999999891, 4.907936 ], [ -7.571785, 4.907953 ], [ -7.57264, 4.908109000000138 ], [ -7.574246, 4.908475 ], [ -7.574875, 4.908684000000108 ], [ -7.575556, 4.909191000000135 ], [ -7.576676, 4.91073200000011 ], [ -7.577462, 4.911608000000115 ], [ -7.578231, 4.912272000000144 ], [ -7.578913, 4.912745 ], [ -7.579107079999972, 4.912788971 ], [ -7.579681, 4.912919 ], [ -7.580483999999899, 4.91297 ], [ -7.582246, 4.912914000000171 ], [ -7.583084, 4.912668 ], [ -7.584008, 4.911895 ], [ -7.584757, 4.91149 ], [ -7.588717, 4.910098 ], [ -7.59041, 4.909868000000188 ], [ -7.592607999999871, 4.909215000000131 ], [ -7.593271, 4.908828 ], [ -7.59447299999988, 4.907897000000162 ], [ -7.594856999999877, 4.907546 ], [ -7.596164, 4.906176 ], [ -7.600168, 4.899454 ], [ -7.600393999999881, 4.898963 ], [ -7.601066999999887, 4.893912000000171 ], [ -7.601048999999819, 4.893456 ], [ -7.600852999999859, 4.890581 ], [ -7.600765, 4.890196 ], [ -7.597182, 4.887046000000169 ], [ -7.596134, 4.886294 ], [ -7.592098, 4.883531000000119 ], [ -7.589251, 4.881870000000163 ], [ -7.589094, 4.8818 ], [ -7.589076, 4.881677 ], [ -7.589215, 4.880993000000103 ], [ -7.589439999999854, 4.880116000000157 ], [ -7.591462, 4.878096 ], [ -7.591636, 4.877973000000111 ], [ -7.591193, 4.873591000000147 ], [ -7.590803999999821, 4.870138 ], [ -7.592373, 4.86885500000011 ], [ -7.592459, 4.868417000000136 ], [ -7.59118, 4.86479 ], [ -7.590883, 4.864457 ], [ -7.589431999999874, 4.863337000000115 ], [ -7.588996, 4.8631630000001 ], [ -7.588594, 4.863216 ], [ -7.588036, 4.863515 ], [ -7.587095, 4.863920000000178 ], [ -7.586589, 4.863903 ], [ -7.586082, 4.863676 ], [ -7.585855, 4.863414 ], [ -7.585294, 4.861503 ], [ -7.585171, 4.861048 ], [ -7.584994, 4.85961 ], [ -7.584958, 4.859049 ], [ -7.585219, 4.858628 ], [ -7.586213, 4.857978 ], [ -7.587607999999875, 4.857257000000118 ], [ -7.589283, 4.85679800000014 ], [ -7.589893, 4.856429000000162 ], [ -7.590310999999872, 4.856077 ], [ -7.590765, 4.855656000000124 ], [ -7.593325, 4.85246 ], [ -7.593464, 4.852109 ], [ -7.593303999999819, 4.850041 ], [ -7.593093, 4.848954 ], [ -7.592794, 4.847657 ], [ -7.592144999999846, 4.845502 ], [ -7.590884, 4.842173000000116 ], [ -7.589799, 4.840386 ], [ -7.589327, 4.839651000000174 ], [ -7.588557, 4.838811000000135 ], [ -7.586547, 4.83648200000016 ], [ -7.585883, 4.83569400000016 ], [ -7.584396, 4.833418000000108 ], [ -7.584062999999844, 4.832875000000115 ], [ -7.583521, 4.831631 ], [ -7.583293, 4.83086 ], [ -7.583134, 4.829598 ], [ -7.583168, 4.829001 ], [ -7.583480999999892, 4.828300000000127 ], [ -7.583725, 4.828001 ], [ -7.585084, 4.827017 ], [ -7.586897999999849, 4.825979000000132 ], [ -7.590716, 4.82406200000014 ], [ -7.591937, 4.823499 ], [ -7.592685200999938, 4.823127211000156 ], [ -7.593069999999898, 4.822936 ], [ -7.593732999999872, 4.822479 ], [ -7.594238, 4.821934000000113 ], [ -7.59476, 4.820846000000131 ], [ -7.595036, 4.818987000000163 ], [ -7.595241, 4.816129000000103 ], [ -7.595135, 4.81492 ], [ -7.594872, 4.814008000000115 ], [ -7.594133, 4.810608000000173 ], [ -7.593938999999864, 4.809031 ], [ -7.593833, 4.807926000000123 ], [ -7.593935999999871, 4.806892 ], [ -7.594230999999866, 4.806137 ], [ -7.594597, 4.805505 ], [ -7.594805, 4.804997 ], [ -7.594961, 4.804155 ], [ -7.595098999999834, 4.803085000000181 ], [ -7.595132, 4.80212100000017 ], [ -7.595131, 4.801139 ], [ -7.594850999999892, 4.800561 ], [ -7.593837, 4.799388 ], [ -7.58883337199984, 4.795143078000137 ], [ -7.588349999999878, 4.794733000000122 ], [ -7.586446, 4.793176 ], [ -7.583406, 4.791113000000109 ], [ -7.581799, 4.790046 ], [ -7.579808, 4.788735000000145 ], [ -7.574485, 4.787955000000125 ], [ -7.567974, 4.786809000000119 ], [ -7.56546, 4.786059 ], [ -7.564605, 4.785727000000122 ], [ -7.562771, 4.784749 ], [ -7.561983999999825, 4.783856 ], [ -7.561494999999866, 4.783226000000127 ], [ -7.561476, 4.782559 ], [ -7.562484529999949, 4.779816781000079 ], [ -7.563404999999875, 4.777314 ], [ -7.565282999999852, 4.77298 ], [ -7.566938, 4.771049000000176 ], [ -7.56767, 4.770066 ], [ -7.56793, 4.769522000000109 ], [ -7.568104, 4.768802 ], [ -7.568103, 4.768224 ], [ -7.56790999999987, 4.767365 ], [ -7.567647, 4.766699000000131 ], [ -7.566843, 4.765719 ], [ -7.565986999999836, 4.76486100000011 ], [ -7.565358, 4.764582000000132 ], [ -7.564519, 4.763934000000177 ], [ -7.564082, 4.763287000000105 ], [ -7.563714, 4.762428 ], [ -7.563644, 4.761727000000178 ], [ -7.563711999999896, 4.760833000000105 ], [ -7.564145, 4.758973 ], [ -7.564632, 4.757412 ], [ -7.564892, 4.756430000000137 ], [ -7.565289999999891, 4.754676000000131 ], [ -7.565531999999848, 4.75287 ], [ -7.565306, 4.750171 ], [ -7.564179, 4.747539 ], [ -7.563237, 4.745503 ], [ -7.562974, 4.745015000000137 ], [ -7.562356, 4.743924000000106 ], [ -7.561985999999877, 4.743281 ], [ -7.561468, 4.742499000000123 ], [ -7.560603, 4.741083 ], [ -7.56020199999989, 4.740107 ], [ -7.559962, 4.73931 ], [ -7.559862, 4.738412 ], [ -7.559747, 4.737019 ], [ -7.559754, 4.735424 ], [ -7.559816, 4.734155 ], [ -7.559894, 4.732645000000161 ], [ -7.560033, 4.731507000000136 ], [ -7.560435, 4.729371000000185 ], [ -7.560682, 4.728473000000122 ], [ -7.560984, 4.727637 ], [ -7.56161, 4.726004000000103 ], [ -7.562567999999828, 4.723163 ], [ -7.563433, 4.719540000000109 ], [ -7.563533999999891, 4.718596 ], [ -7.563519, 4.717241000000172 ], [ -7.563395, 4.71625 ], [ -7.563023999999814, 4.715360000000146 ], [ -7.561588, 4.712039000000175 ], [ -7.560932, 4.710669000000109 ], [ -7.560413999999867, 4.709756 ], [ -7.559071, 4.707534 ], [ -7.558745999999871, 4.706984 ], [ -7.55843, 4.706264 ], [ -7.558197999999834, 4.705575000000181 ], [ -7.558175959999971, 4.705479855000021 ], [ -7.557974, 4.704608000000121 ], [ -7.557929, 4.699669 ], [ -7.557968, 4.697138 ], [ -7.558014, 4.695094 ], [ -7.558083999999894, 4.69400300000018 ], [ -7.558177, 4.693051 ], [ -7.558292999999878, 4.692718 ], [ -7.55888, 4.69175 ], [ -7.559204, 4.691371000000174 ], [ -7.559436, 4.691232 ], [ -7.559637, 4.691131 ], [ -7.560401, 4.69110000000012 ], [ -7.560786999999891, 4.691247 ], [ -7.561421, 4.69144800000015 ], [ -7.562023, 4.691588 ], [ -7.562417, 4.691619000000117 ], [ -7.56452599999983, 4.691704000000186 ], [ -7.565490999999895, 4.691727000000128 ], [ -7.565939, 4.691696 ], [ -7.566734999999881, 4.691588 ], [ -7.567321999999876, 4.691449 ], [ -7.567955, 4.691271 ], [ -7.568233, 4.691162000000134 ], [ -7.568534999999883, 4.690922000000171 ], [ -7.570024999999873, 4.689506 ], [ -7.570743999999877, 4.688724 ], [ -7.571153, 4.688097 ], [ -7.571431, 4.687632 ], [ -7.571531999999877, 4.687129 ], [ -7.57161699999989, 4.686332000000164 ], [ -7.571547, 4.685751 ], [ -7.569918, 4.681540000000155 ], [ -7.569331, 4.680317 ], [ -7.568867999999895, 4.679474 ], [ -7.566513, 4.675750000000164 ], [ -7.565825, 4.674937 ], [ -7.565446999999892, 4.674535 ], [ -7.564489, 4.673683 ], [ -7.563593, 4.672956000000113 ], [ -7.562605, 4.672112 ], [ -7.56194099999982, 4.671477 ], [ -7.561045, 4.670432000000176 ], [ -7.560658999999873, 4.669759 ], [ -7.560342, 4.669201000000101 ], [ -7.560126, 4.668768000000171 ], [ -7.560025, 4.668210000000158 ], [ -7.560049, 4.667847000000165 ], [ -7.560288, 4.667622 ], [ -7.560574, 4.667521 ], [ -7.563987999999881, 4.66674 ], [ -7.565478999999812, 4.666415000000143 ], [ -7.566591, 4.666298 ], [ -7.567896, 4.665997 ], [ -7.570476, 4.664835000000153 ], [ -7.572036, 4.663729000000103 ], [ -7.572685, 4.663009 ], [ -7.575961038999878, 4.657572965000156 ], [ -7.576184, 4.657203 ], [ -7.576516, 4.65639 ], [ -7.576771, 4.655717000000152 ], [ -7.576926, 4.654865 ], [ -7.576895, 4.653998 ], [ -7.576701999999898, 4.653433000000177 ], [ -7.575343, 4.650863000000186 ], [ -7.575195999999892, 4.650608 ], [ -7.574407999999892, 4.649965000000122 ], [ -7.574075999999877, 4.649803 ], [ -7.573774999999841, 4.649663 ], [ -7.573326999999892, 4.649462 ], [ -7.572825, 4.649346 ], [ -7.572084, 4.649323 ], [ -7.570956, 4.649764000000175 ], [ -7.570585, 4.650019000000157 ], [ -7.570122, 4.650213 ], [ -7.569041, 4.650329 ], [ -7.568066999999871, 4.650383 ], [ -7.566917, 4.650383 ], [ -7.566222, 4.650252 ], [ -7.56555, 4.650097000000187 ], [ -7.563758, 4.649369 ], [ -7.563023999999814, 4.648897 ], [ -7.562476, 4.648293000000137 ], [ -7.561835, 4.647310000000175 ], [ -7.561148, 4.646087 ], [ -7.559911999999883, 4.643796 ], [ -7.559094, 4.64224 ], [ -7.558183, 4.640235 ], [ -7.557055, 4.637348000000145 ], [ -7.556854, 4.636721000000136 ], [ -7.556677, 4.6359 ], [ -7.556314, 4.63410400000015 ], [ -7.556167, 4.633214 ], [ -7.555635, 4.629460000000108 ], [ -7.555481, 4.625326 ], [ -7.555542999999886, 4.62322 ], [ -7.555574, 4.620372 ], [ -7.555528, 4.619969 ], [ -7.555411999999876, 4.619427 ], [ -7.555281, 4.619079 ], [ -7.55342, 4.616192000000126 ], [ -7.553065, 4.615665 ], [ -7.552909999999883, 4.615487 ], [ -7.55200699999989, 4.614582 ], [ -7.551574, 4.61421 ], [ -7.551249999999868, 4.614164000000187 ], [ -7.550825, 4.613931 ], [ -7.550138, 4.613366 ], [ -7.549512, 4.612701 ], [ -7.54874, 4.611431 ], [ -7.548686, 4.611044000000106 ], [ -7.548609, 4.609953 ], [ -7.548578, 4.609511000000111 ], [ -7.549806, 4.608079000000146 ], [ -7.550701999999887, 4.607034000000169 ], [ -7.551135, 4.606461 ], [ -7.552139, 4.604813 ], [ -7.552663999999879, 4.603938000000142 ], [ -7.553529, 4.602405000000147 ], [ -7.554217, 4.601012 ], [ -7.554719, 4.599742 ], [ -7.55495, 4.599146000000133 ], [ -7.556063, 4.597087000000158 ], [ -7.557291, 4.595036 ], [ -7.55848, 4.593302000000108 ], [ -7.559214, 4.592450000000156 ], [ -7.559762, 4.591994000000113 ], [ -7.560102, 4.591808000000128 ], [ -7.560565, 4.591591000000165 ], [ -7.561523, 4.591398 ], [ -7.562627, 4.591289000000188 ], [ -7.56378599999988, 4.591235 ], [ -7.565168, 4.591305 ], [ -7.565616, 4.591367000000105 ], [ -7.566141, 4.591382 ], [ -7.566781999999876, 4.591351 ], [ -7.568049, 4.591204000000118 ], [ -7.569237999999871, 4.591041000000132 ], [ -7.570403999999883, 4.59077 ], [ -7.571586, 4.590252 ], [ -7.572041999999897, 4.589958 ], [ -7.572605, 4.589408000000162 ], [ -7.573037999999883, 4.588719 ], [ -7.573208, 4.588193 ], [ -7.57364, 4.586815 ], [ -7.573718, 4.586559 ], [ -7.574157999999898, 4.584671 ], [ -7.574203999999895, 4.584113000000116 ], [ -7.57361, 4.581853 ], [ -7.573146, 4.581195 ], [ -7.572319999999877, 4.580181 ], [ -7.571795, 4.580127000000175 ], [ -7.571455, 4.580119 ], [ -7.569386, 4.578455 ], [ -7.568436, 4.577572 ], [ -7.566119, 4.5749560000001 ], [ -7.565687, 4.574437000000103 ], [ -7.563331999999889, 4.571527 ], [ -7.559948999999847, 4.566774 ], [ -7.559594, 4.566248 ], [ -7.558977, 4.565086 ], [ -7.558691, 4.564390000000174 ], [ -7.558544, 4.56336 ], [ -7.558398, 4.561928 ], [ -7.558483, 4.561448 ], [ -7.558707, 4.561092000000144 ], [ -7.559463, 4.56051900000017 ], [ -7.560267, 4.559861 ], [ -7.560637, 4.55935 ], [ -7.561023, 4.558677000000159 ], [ -7.561331999999879, 4.558004 ], [ -7.561518, 4.557137000000125 ], [ -7.561688, 4.555635000000166 ], [ -7.561549, 4.554265000000157 ], [ -7.561232, 4.553173 ], [ -7.560769, 4.551873000000114 ], [ -7.560490999999843, 4.551602 ], [ -7.560167, 4.551470000000165 ], [ -7.55992, 4.551346 ], [ -7.559726, 4.551137000000153 ], [ -7.559047, 4.54962 ], [ -7.558383, 4.547553000000107 ], [ -7.557511, 4.544264000000112 ], [ -7.557403, 4.543327 ], [ -7.557549, 4.542592000000127 ], [ -7.557874, 4.542150000000163 ], [ -7.558036, 4.541988 ], [ -7.558375999999896, 4.541864 ], [ -7.558754, 4.541833 ], [ -7.55928699999987, 4.541988 ], [ -7.560677, 4.542769 ], [ -7.561031999999841, 4.542971 ], [ -7.561642, 4.543466000000137 ], [ -7.56209, 4.543698000000177 ], [ -7.562452999999891, 4.543675 ], [ -7.562877999999898, 4.543543000000113 ], [ -7.563494999999875, 4.543071000000168 ], [ -7.563788999999872, 4.542560000000151 ], [ -7.565372, 4.537591 ], [ -7.565836, 4.535771000000125 ], [ -7.565805, 4.535439000000167 ], [ -7.565317999999877, 4.532226 ], [ -7.565195, 4.531677000000116 ], [ -7.564746999999898, 4.530043 ], [ -7.564376, 4.529145 ], [ -7.563040999999885, 4.526297000000113 ], [ -7.56179, 4.523967 ], [ -7.559496, 4.520631 ], [ -7.557442, 4.518455000000188 ], [ -7.556887, 4.518061000000102 ], [ -7.556508, 4.517712000000188 ], [ -7.555342, 4.516536 ], [ -7.554955999999891, 4.516048000000126 ], [ -7.554323, 4.515119 ], [ -7.554099, 4.514779000000146 ], [ -7.553396, 4.513579000000163 ], [ -7.553211, 4.513076 ], [ -7.552771, 4.511744 ], [ -7.552694, 4.51138 ], [ -7.552594, 4.510274 ], [ -7.552733, 4.509499 ], [ -7.552972, 4.508787000000154 ], [ -7.553358, 4.508176 ], [ -7.553921999999886, 4.507371 ], [ -7.554879, 4.506155000000149 ], [ -7.555822, 4.50501 ], [ -7.556393, 4.504205 ], [ -7.556594, 4.503910000000189 ], [ -7.557234999999821, 4.502447000000132 ], [ -7.557335, 4.501511000000107 ], [ -7.557453999999893, 4.500163000000157 ], [ -7.55748, 4.498734 ], [ -7.557341, 4.496982 ], [ -7.556853, 4.495819 ], [ -7.556326999999897, 4.494718 ], [ -7.555139, 4.492254000000173 ], [ -7.554801, 4.491603000000111 ], [ -7.554551, 4.491141 ], [ -7.554400999999814, 4.490866 ], [ -7.554251, 4.490615000000105 ], [ -7.553651, 4.48972700000013 ], [ -7.553401, 4.489365 ], [ -7.553226, 4.489152 ], [ -7.55316299999987, 4.488714000000186 ], [ -7.553225, 4.488389 ], [ -7.554034999999885, 4.487350000000106 ], [ -7.555008, 4.486511000000178 ], [ -7.55673, 4.485334000000137 ], [ -7.557703999999887, 4.484783 ], [ -7.558464999999899, 4.484395 ], [ -7.559027, 4.484019 ], [ -7.559738, 4.483343 ], [ -7.560299, 4.482617 ], [ -7.561072, 4.481540000000109 ], [ -7.561595, 4.480539 ], [ -7.562007, 4.479701000000148 ], [ -7.565893, 4.470602 ], [ -7.56619199999983, 4.469676 ], [ -7.566664999999887, 4.467799000000184 ], [ -7.567821, 4.462543000000153 ], [ -7.568015971999955, 4.46018561600016 ], [ -7.568029999999851, 4.460016000000167 ], [ -7.56799199999989, 4.459002000000112 ], [ -7.567928, 4.457989000000111 ], [ -7.567652999999837, 4.457013000000188 ], [ -7.567402, 4.456225000000188 ], [ -7.566952, 4.455562 ], [ -7.56202699999983, 4.449447 ], [ -7.560527, 4.447759000000133 ], [ -7.559902, 4.447159 ], [ -7.558303, 4.445996 ], [ -7.557316, 4.445484 ], [ -7.551433, 4.442797 ], [ -7.550196, 4.442360000000178 ], [ -7.54906, 4.44224800000012 ], [ -7.548123, 4.441824 ], [ -7.54230299999989, 4.439075000000173 ], [ -7.541928, 4.438774000000137 ], [ -7.541603, 4.43848700000018 ], [ -7.541128, 4.437762 ], [ -7.540802, 4.437036 ], [ -7.540864, 4.436536 ], [ -7.541362, 4.434996000000183 ], [ -7.546664999999848, 4.431615 ], [ -7.548225, 4.430626 ], [ -7.551394, 4.42891 ], [ -7.551906, 4.428621 ], [ -7.553327999999851, 4.427657 ], [ -7.556371999999897, 4.425291 ], [ -7.55886699999985, 4.423175000000128 ], [ -7.560426, 4.421685000000139 ], [ -7.560888, 4.421171 ], [ -7.561386, 4.420508 ], [ -7.562035, 4.419457 ], [ -7.567952999999875, 4.40818 ], [ -7.568439, 4.407166000000188 ], [ -7.568601, 4.406778 ], [ -7.569944999999848, 4.402273 ], [ -7.570117999999866, 4.40009600000019 ], [ -7.570167, 4.399145 ], [ -7.570026999999868, 4.396480000000111 ], [ -7.569813, 4.395642 ], [ -7.569274999999834, 4.393840000000182 ], [ -7.568648999999823, 4.392402 ], [ -7.567848, 4.390813 ], [ -7.567286, 4.390076000000136 ], [ -7.564958272999888, 4.387234685000124 ], [ -7.555163873999959, 4.375670214000138 ], [ -7.54961764799998, 4.372012065000035 ], [ -7.543363392999936, 4.373192113000187 ], [ -7.538997214999938, 4.370359998000026 ], [ -7.536637118999977, 4.367999902000179 ], [ -7.532388945999912, 4.365757811000037 ], [ -7.528140772999961, 4.365403796000123 ], [ -7.527197190999971, 4.362330886000052 ], [ -7.526389299999892, 4.362253888000112 ], [ -7.515730699999949, 4.361238044000061 ], [ -7.492659056999969, 4.36147109000018 ], [ -7.486370290999957, 4.361534613000174 ], [ -7.484576630999925, 4.361687265 ], [ -7.472431509999922, 4.36272089300013 ], [ -7.465059838999935, 4.366406729000062 ], [ -7.464127555999937, 4.366872870000179 ], [ -7.461453770999981, 4.366696021000052 ], [ -7.447581886999899, 4.365778512000077 ], [ -7.441588252999964, 4.373397405000105 ], [ -7.42687634999993, 4.377320579000184 ], [ -7.42138002799993, 4.378786265000087 ], [ -7.419206068999813, 4.379365987000142 ], [ -7.405999877999932, 4.382887638000113 ], [ -7.403295088999869, 4.384485923000057 ], [ -7.399475342999949, 4.386743046000049 ], [ -7.397512394999978, 4.389687468000147 ], [ -7.396509644999867, 4.391191592000041 ], [ -7.393543945999966, 4.39386072100001 ], [ -7.37308063099988, 4.40157153500013 ], [ -7.355900988999963, 4.409766532000049 ], [ -7.355802135999966, 4.410236678000047 ], [ -7.354693304999955, 4.415510315000063 ], [ -7.349355048999939, 4.419662292000112 ], [ -7.344070881999812, 4.421394806000137 ], [ -7.331264291999958, 4.425593688000049 ], [ -7.322367196999949, 4.428262816000142 ], [ -7.318808359999821, 4.430931944000179 ], [ -7.318318666999971, 4.433380412000076 ], [ -7.318215220999946, 4.433897642000034 ], [ -7.31733685699993, 4.434237096000061 ], [ -7.312980993999929, 4.435920469000166 ], [ -7.313170303999868, 4.440929870000161 ], [ -7.313173532999883, 4.441015317 ], [ -7.312320980999971, 4.442294145000119 ], [ -7.309997386999896, 4.445779538000124 ], [ -7.309614696999859, 4.446353573000124 ], [ -7.302288457999964, 4.451338699000132 ], [ -7.301465838999945, 4.451898448000122 ], [ -7.285889112999939, 4.457030086000032 ], [ -7.285318714999903, 4.457162698000161 ], [ -7.260077615999819, 4.463030983000124 ], [ -7.255791207999891, 4.46388826499998 ], [ -7.250437231999911, 4.464959060000069 ], [ -7.246440299999961, 4.468283567000071 ], [ -7.247426964999818, 4.470394486000032 ], [ -7.248233715999959, 4.472120487000097 ], [ -7.246305639999946, 4.475150322000047 ], [ -7.242688524999892, 4.477434816000084 ], [ -7.241072288999931, 4.47845559700005 ], [ -7.241419912999902, 4.479498468000088 ], [ -7.24272492599988, 4.483413508000012 ], [ -7.242032037999934, 4.486649445000182 ], [ -7.23303256399987, 4.493179952000048 ], [ -7.224773638999977, 4.49822707200002 ], [ -7.222289663999959, 4.499745057000098 ], [ -7.221735169999931, 4.500083914000186 ], [ -7.219819085999916, 4.500897708000025 ], [ -7.211049379999963, 4.50462235100008 ], [ -7.206395441999916, 4.506149424000057 ], [ -7.193421249999972, 4.510406581000098 ], [ -7.19424756899997, 4.513160977000098 ], [ -7.192843166999921, 4.515033513000162 ], [ -7.192594931999963, 4.515364493000163 ], [ -7.191797958999928, 4.515671021000117 ], [ -7.189914481999892, 4.516395435000049 ], [ -7.185433503999946, 4.51811888800006 ], [ -7.183780866999882, 4.519771525000124 ], [ -7.174691362999965, 4.522250481000071 ], [ -7.167178561999947, 4.523267839000027 ], [ -7.154700874999889, 4.524957526000151 ], [ -7.14824916799995, 4.525831195000023 ], [ -7.123735050999869, 4.529962788000034 ], [ -7.0945384609999, 4.533543501000111 ], [ -7.067820826999878, 4.53657333600006 ], [ -7.060247309999852, 4.537330688 ], [ -7.054048850999891, 4.537950534000117 ], [ -7.052671653999823, 4.540429490000065 ], [ -7.052614157999926, 4.540946950000091 ], [ -7.052396213999941, 4.54290844500008 ], [ -7.043031269999915, 4.545111960999975 ], [ -7.035118997999859, 4.547049661000074 ], [ -7.029534733999924, 4.548417235999977 ], [ -7.030085611999937, 4.551997950000157 ], [ -7.030085611999937, 4.555578663000063 ], [ -7.02402594299997, 4.559159377000185 ], [ -7.024576821999972, 4.563290970000025 ], [ -7.02209786599991, 4.56742256299998 ], [ -7.013559240999882, 4.571829595000111 ], [ -7.013763205999908, 4.572951403000047 ], [ -7.014110118999895, 4.57485943000006 ], [ -7.011080285999981, 4.577338386 ], [ -7.00756980999995, 4.578391529000044 ], [ -7.000062704999891, 4.580643660000135 ], [ -6.998685506999891, 4.585050692999971 ], [ -6.997032869999941, 4.587805088000039 ], [ -6.982968598999946, 4.594352248000177 ], [ -6.981231534999949, 4.595160881000027 ], [ -6.9810573769999, 4.595241955000176 ], [ -6.981120091999969, 4.595597342000133 ], [ -6.981883694999965, 4.599924427000133 ], [ -6.979552239999975, 4.601737781000111 ], [ -6.974446828999874, 4.605708657000037 ], [ -6.965632763999963, 4.61066656800017 ], [ -6.96067485199984, 4.617001677000019 ], [ -6.960458574999961, 4.618191202000162 ], [ -6.960123973999828, 4.620031512000025 ], [ -6.958301760999973, 4.620927176 ], [ -6.943873041999893, 4.628019258000108 ], [ -6.927890942999966, 4.634833930000127 ], [ -6.922429054999952, 4.63972687100005 ], [ -6.917877483999916, 4.641661289000069 ], [ -6.917054862999976, 4.643209751000086 ], [ -6.916179780999869, 4.644856964000041 ], [ -6.915943064999908, 4.645302547000085 ], [ -6.916198990999874, 4.645408447000136 ], [ -6.917480833999889, 4.645938865000119 ], [ -6.918686892999915, 4.646437925000043 ], [ -6.919242953999856, 4.64666801900006 ], [ -6.921518741999932, 4.651674749000108 ], [ -6.921177373999967, 4.65372295700007 ], [ -6.919644379999852, 4.656533445000093 ], [ -6.918446428999914, 4.658729687000118 ], [ -6.914918960999842, 4.662029577000112 ], [ -6.910300246999952, 4.664181478000103 ], [ -6.904905501999906, 4.666694939000138 ], [ -6.90281967999988, 4.66702662900002 ], [ -6.888102428999957, 4.669366986000171 ], [ -6.877783162999947, 4.67100797 ], [ -6.87035, 4.672190001000047 ], [ -6.85932, 4.674410000000137 ], [ -6.793207621999898, 4.683658042000047 ], [ -6.770620031999897, 4.68635197500015 ], [ -6.769500888999971, 4.686485451000181 ], [ -6.763184713999976, 4.687238756000056 ], [ -6.757490106999967, 4.687530787000128 ], [ -6.75244257199995, 4.687789635000058 ], [ -6.736485503999916, 4.691220383000086 ], [ -6.731002582999963, 4.690686872000072 ], [ -6.729871651999929, 4.690576828000189 ], [ -6.721042465999972, 4.689717712000174 ], [ -6.716422117999969, 4.69276161200014 ], [ -6.71306999799998, 4.694969998999966 ], [ -6.705387379999934, 4.695563179000033 ], [ -6.70504, 4.69559 ], [ -6.70204, 4.69787 ], [ -6.701780000999975, 4.70339 ], [ -6.702362932999961, 4.705846460000089 ], [ -6.702588017999915, 4.70679496200006 ], [ -6.693773952999948, 4.710375676000012 ], [ -6.681379174999961, 4.713956390000021 ], [ -6.663200164999978, 4.717537104000144 ], [ -6.655329998999889, 4.718690000000151 ], [ -6.642610553999873, 4.721181198000011 ], [ -6.637308850999887, 4.722219576000157 ], [ -6.628899997999952, 4.726080001000071 ], [ -6.627867866999907, 4.728384845 ], [ -6.627668466999921, 4.728830124000183 ], [ -6.62491407199991, 4.732686278000187 ], [ -6.617752643999893, 4.735165233000032 ], [ -6.612447993999922, 4.737900969000123 ], [ -6.61021999899998, 4.73905 ], [ -6.608112260999917, 4.743152980000048 ], [ -6.602052591999836, 4.746182814000122 ], [ -6.600124514999891, 4.749488089000124 ], [ -6.599022755999954, 4.752242484000021 ], [ -6.600124514999891, 4.754721440000139 ], [ -6.59571748299993, 4.757475835000037 ], [ -6.588005174999978, 4.760505669999986 ], [ -6.587199056999907, 4.762520967000057 ], [ -6.586903417999963, 4.763260065000111 ], [ -6.584638422999944, 4.763975326000036 ], [ -6.578228310999918, 4.765999572000169 ], [ -6.576436715999932, 4.766565339000181 ], [ -6.575192459999926, 4.766809870000088 ], [ -6.574123555999904, 4.767019939000136 ], [ -6.56914857299995, 4.767997660000105 ], [ -6.556823062999968, 4.770419962000176 ], [ -6.556768120999948, 4.770577531000129 ], [ -6.556054189999941, 4.77262500900008 ], [ -6.529995771999893, 4.775531761000082 ], [ -6.507062205999944, 4.779551138000045 ], [ -6.501614621999977, 4.780505891000075 ], [ -6.50141999899995, 4.78054000100002 ], [ -6.507852272999969, 4.784193469000172 ], [ -6.507661725999981, 4.787503305000143 ], [ -6.503731725999899, 4.791613304000123 ], [ -6.501241725999932, 4.787223304000122 ], [ -6.496008374999917, 4.782265392000056 ], [ -6.462404751999884, 4.789151380000135 ], [ -6.452061983999897, 4.791075842000055 ], [ -6.449029998999947, 4.791639999000097 ], [ -6.445327501999941, 4.793833852000148 ], [ -6.442297666999877, 4.797965445000159 ], [ -6.44422574399988, 4.799893522000048 ], [ -6.44473008999995, 4.80317176900013 ], [ -6.444776622999882, 4.803474235000124 ], [ -6.441746787999932, 4.807605828000135 ], [ -6.435136239999906, 4.811186542000087 ], [ -6.407876053999928, 4.815683816000046 ], [ -6.407041407999884, 4.818347970000048 ], [ -6.397401024999908, 4.821377805000168 ], [ -6.396299266999961, 4.824132200000065 ], [ -6.369210332999955, 4.826822109000148 ], [ -6.368479873999888, 4.829090111000028 ], [ -6.349902223999948, 4.831623510000156 ], [ -6.340819987999964, 4.83581485000019 ], [ -6.337755268999956, 4.837229180000122 ], [ -6.336279997999952, 4.83791 ], [ -6.32912, 4.842920000000106 ], [ -6.319236366999974, 4.844490222000161 ], [ -6.316719998999872, 4.84489 ], [ -6.315537718999963, 4.845992320000107 ], [ -6.314650000999961, 4.84682 ], [ -6.309811254999886, 4.846993680000026 ], [ -6.301932990999944, 4.849251506000144 ], [ -6.30185300699992, 4.849271823000095 ], [ -6.301261119999879, 4.849422171000128 ], [ -6.294580604999851, 4.851119118000099 ], [ -6.291860378999843, 4.851810094000086 ], [ -6.291840237999963, 4.851815210000154 ], [ -6.28568, 4.853379999000026 ], [ -6.28516716799993, 4.854199841000025 ], [ -6.283644500999969, 4.856634064000048 ], [ -6.27946, 4.8577 ], [ -6.26819, 4.86152 ], [ -6.254645439999877, 4.862452560000122 ], [ -6.25114263599994, 4.862693733000071 ], [ -6.24960333599995, 4.863513857000044 ], [ -6.242909998999949, 4.86708000100009 ], [ -6.239964714999871, 4.867998200000102 ], [ -6.234891705999871, 4.86957972100015 ], [ -6.234891705999871, 4.873408208000114 ], [ -6.234891705999871, 4.874813072000165 ], [ -6.229050000999962, 4.878460000000132 ], [ -6.218019997999932, 4.88136 ], [ -6.211119997999958, 4.882920000000183 ], [ -6.199232281999912, 4.884522008000033 ], [ -6.196649998999874, 4.884870001000138 ], [ -6.196405087999949, 4.885369559000083 ], [ -6.19550385399998, 4.887207851000142 ], [ -6.18896089499998, 4.889626228000111 ], [ -6.184131057999934, 4.892613806000043 ], [ -6.178679716999909, 4.895985825000082 ], [ -6.17973498099991, 4.897829739000031 ], [ -6.179803800999935, 4.897949992000122 ], [ -6.17886, 4.9006 ], [ -6.164839999999856, 4.904850000000124 ], [ -6.161624791999941, 4.908416693999982 ], [ -6.15541, 4.910109999000042 ], [ -6.151984408999965, 4.912823727000045 ], [ -6.146790026999952, 4.912849741000059 ], [ -6.14248, 4.91709 ], [ -6.13629, 4.917500000000189 ], [ -6.13121, 4.92068 ], [ -6.126643971999897, 4.923014989000023 ], [ -6.10134433199994, 4.933464465999975 ], [ -6.097447382999917, 4.937337844000012 ], [ -6.093278117999944, 4.936832597000034 ], [ -6.093209693999938, 4.936824305000073 ], [ -6.09315635199988, 4.936928963000014 ], [ -6.090561394999952, 4.942020316000026 ], [ -6.083950845999937, 4.94284663500008 ], [ -6.079819252999926, 4.948079986000096 ], [ -6.081196450999926, 4.954415095000172 ], [ -6.077978315999928, 4.957370805000153 ], [ -6.082733159999975, 4.95906346400011 ], [ -6.09072, 4.962900000000104 ], [ -6.09851, 4.964740001000052 ], [ -6.104269998999882, 4.96674 ], [ -6.111029999999857, 4.976170000000138 ], [ -6.12098, 4.995100001000083 ], [ -6.121179998999878, 4.998550001000069 ], [ -6.11009, 4.993440000000135 ], [ -6.092060000999936, 4.996250001000021 ], [ -6.080379998999945, 4.992940000000146 ], [ -6.07444999799992, 4.98967000000016 ], [ -6.06969, 4.98182 ], [ -6.067459999999869, 4.97398 ], [ -6.072380000999829, 4.9616 ], [ -6.06963, 4.96089 ], [ -6.05491, 4.96536 ], [ -6.03333, 4.967030001000126 ], [ -6.022252392999974, 4.969288829000163 ], [ -6.021701513999915, 4.971492345000058 ], [ -6.009306734999882, 4.973695862000056 ], [ -6.006552339999871, 4.977552015000128 ], [ -6.002420746999974, 4.97837833400007 ], [ -5.984792616999925, 4.982234486999971 ], [ -5.975978551999901, 4.984438003000037 ], [ -5.976529431999836, 4.986641519000102 ], [ -5.977906628999904, 4.989946794000105 ], [ -5.974325914999952, 4.994353826000065 ], [ -5.959452180999961, 4.998485419000076 ], [ -5.943907389999936, 5.001023645000089 ], [ -5.941479999999899, 5.001420001000042 ], [ -5.94072830399989, 5.001679415000183 ], [ -5.924165936999884, 5.007395160000158 ], [ -5.923645041999862, 5.00757492300005 ], [ -5.92363453299987, 5.00888898300002 ], [ -5.923611051999956, 5.011825209000165 ], [ -5.895959999999889, 5.01889 ], [ -5.861985102999881, 5.031490656000074 ], [ -5.861870823999936, 5.03153304000017 ], [ -5.856190201999937, 5.033608273000027 ], [ -5.781879999999887, 5.047840001 ], [ -5.739376000999926, 5.053848763000133 ], [ -5.683737216999873, 5.061285630000043 ], [ -5.664731889999871, 5.063489147000041 ], [ -5.63671, 5.067620000000147 ], [ -5.62371804199995, 5.069304440000053 ], [ -5.620680000999926, 5.071910001000106 ], [ -5.61623, 5.073150000000112 ], [ -5.613810000999933, 5.073820001000058 ], [ -5.582375471999967, 5.078913760000034 ], [ -5.57025613199994, 5.0811172760001 ], [ -5.562846622999928, 5.080490799000074 ], [ -5.560589999999877, 5.0803 ], [ -5.55690999899997, 5.079180001000168 ], [ -5.548879997999904, 5.08064 ], [ -5.547966034999888, 5.081988544000069 ], [ -5.54684, 5.08365 ], [ -5.522080000999892, 5.08779000100003 ], [ -5.507165230999874, 5.088262547000056 ], [ -5.501879998999925, 5.08843000000013 ], [ -5.486150188999886, 5.090729864000025 ], [ -5.453186907999907, 5.095549443000095 ], [ -5.453186448999872, 5.095549510000183 ], [ -5.450637615999938, 5.095922176000101 ], [ -5.450606187999881, 5.095926771000052 ], [ -5.421790000999863, 5.10014 ], [ -5.39094500099992, 5.102876999000102 ], [ -5.325114955999936, 5.110313866000183 ], [ -5.29635, 5.114300000000128 ], [ -5.24934501599995, 5.118317351000087 ], [ -5.249080000999925, 5.118340001000035 ], [ -5.243846468999891, 5.11875549500013 ], [ -5.175357382999948, 5.124192901000072 ], [ -5.169767063999871, 5.124636721000172 ], [ -5.136121297999978, 5.127088297000171 ], [ -5.135183317999918, 5.127156642000045 ], [ -5.134654136999927, 5.127195200000017 ], [ -5.060142132999886, 5.132624467000085 ], [ -5.033424499999853, 5.133175346000144 ], [ -5.005605107999941, 5.13482798299998 ], [ -4.99852958799994, 5.134096033 ], [ -4.997617360999925, 5.134001665000028 ], [ -4.992397303999951, 5.136848968000152 ], [ -4.991557690999855, 5.137306939000098 ], [ -4.957431390999943, 5.139410615000088 ], [ -4.951343519999966, 5.139785895000045 ], [ -4.904586806999873, 5.142903009 ], [ -4.881058349999932, 5.144471573000146 ], [ -4.868711662999942, 5.14529468500001 ], [ -4.849754526999845, 5.146197406000056 ], [ -4.840254739999864, 5.14664977700005 ], [ -4.839790513999901, 5.146671883000124 ], [ -4.807344238999974, 5.149771846000021 ], [ -4.806937371999879, 5.149810719000129 ], [ -4.80413117199987, 5.150078827000129 ], [ -4.796546508999825, 5.150803476000135 ], [ -4.791310334999935, 5.150990482000111 ], [ -4.790627166999968, 5.151014881000094 ], [ -4.788834201999862, 5.151078915000085 ], [ -4.782813250999936, 5.151565457000174 ], [ -4.766932424999936, 5.152848756000026 ], [ -4.764295245999961, 5.153061862000072 ], [ -4.763259898999934, 5.153145526000117 ], [ -4.761678991999929, 5.153273276 ], [ -4.761565687999962, 5.153282432000026 ], [ -4.760344687999918, 5.153452015000141 ], [ -4.760054074999971, 5.15349237800018 ], [ -4.754010893999975, 5.154331709000076 ], [ -4.753070394999895, 5.154462334000129 ], [ -4.741734042999838, 5.15603682700015 ], [ -4.733745281999916, 5.157599846000039 ], [ -4.729063823999979, 5.158515783000098 ], [ -4.719133556999907, 5.160249173000125 ], [ -4.71811231199996, 5.160427438000056 ], [ -4.712600245999965, 5.161389602999975 ], [ -4.670839766999904, 5.168679154000131 ], [ -4.66959391499995, 5.168896625000116 ], [ -4.660508855999979, 5.170482479000043 ], [ -4.659298691999936, 5.170693721000134 ], [ -4.657866461999959, 5.170943726000132 ], [ -4.635965265999971, 5.174766715000146 ], [ -4.598505489999923, 5.179449186000056 ], [ -4.511466600999938, 5.189640448999967 ], [ -4.48750336199987, 5.191843965000032 ], [ -4.474833142999955, 5.193496602000096 ], [ -4.453348859999835, 5.195975558000043 ], [ -4.408727657999918, 5.200382590000174 ], [ -4.399337638999953, 5.201371013000141 ], [ -4.372094200999925, 5.204238744000179 ], [ -4.35308887399998, 5.205891381000072 ], [ -4.265499104999947, 5.214154567000037 ], [ -4.235476196999969, 5.217459841000164 ], [ -4.216288590999909, 5.220267783000111 ], [ -4.214408142999844, 5.220542970000054 ], [ -4.212890155999901, 5.220765115000063 ], [ -4.209915191999869, 5.220623450000176 ], [ -4.206649070999902, 5.221078709000096 ], [ -4.192043856999931, 5.223114504000023 ], [ -4.183142686999929, 5.223519510000131 ], [ -4.158077690999846, 5.227375663999965 ], [ -4.141156650999903, 5.229537797000091 ], [ -4.140352199999882, 5.229640588000166 ], [ -4.132961700999886, 5.230584930000134 ], [ -4.108498575999874, 5.233710773000041 ], [ -4.106013179999934, 5.234012643000142 ], [ -4.079469366999888, 5.23723658800003 ], [ -4.079049101999942, 5.237287632000118 ], [ -4.048990050999919, 5.240938529000175 ], [ -4.04046501299996, 5.241973959 ], [ -4.026693036999973, 5.242524838000065 ], [ -4.023147704999928, 5.242406660000029 ], [ -4.018429851999883, 5.242249398000183 ], [ -4.013747378999881, 5.242249398000183 ], [ -4.007274994999932, 5.242589275000114 ], [ -4.006620884999904, 5.242623623000156 ], [ -4.006616816999951, 5.242623837000167 ], [ -4.003831541999944, 5.24527925600006 ], [ -4.003283850999935, 5.24610079100006 ], [ -4.000526281999953, 5.250237144000096 ], [ -3.996981201999972, 5.253309547000185 ], [ -3.996394689999875, 5.253817858000048 ], [ -3.993731560999947, 5.253647871000112 ], [ -3.983449031999953, 5.252991539000163 ], [ -3.978215680999938, 5.254644177000159 ], [ -3.967198099999962, 5.252991539000163 ], [ -3.95755771599994, 5.248309068000083 ], [ -3.951920811999969, 5.246167294000145 ], [ -3.937444156999959, 5.244061520000173 ], [ -3.906050525999945, 5.239495003000059 ], [ -3.898005378999869, 5.237885974000108 ], [ -3.877129374999924, 5.233710773000041 ], [ -3.866938355999935, 5.23081244600013 ], [ -3.853578031999916, 5.22574145800013 ], [ -3.851733794999916, 5.225054389000036 ], [ -3.840220478999868, 5.220765115000063 ], [ -3.812712572999942, 5.208404246000043 ], [ -3.796142571999894, 5.204614247000109 ], [ -3.747672798999872, 5.195424679000041 ], [ -3.737206096999955, 5.193221163000146 ], [ -3.730140104999975, 5.19238987000017 ], [ -3.723158680999916, 5.191568526000083 ], [ -3.711590219999948, 5.189365009000085 ], [ -3.693135772999938, 5.18688605400007 ], [ -3.687561380999966, 5.186224685000127 ], [ -3.676884840999946, 5.184957977000124 ], [ -3.673721560999979, 5.184492920000139 ], [ -3.663465779999967, 5.182985143000167 ], [ -3.653472481999927, 5.181652703000054 ], [ -3.645470875999933, 5.180216517000076 ], [ -3.641019718999871, 5.17941759100006 ], [ -3.610503915999971, 5.173940396000091 ], [ -3.593151224999872, 5.171461440000144 ], [ -3.563403756999946, 5.168431605000023 ], [ -3.555140571999971, 5.167880726000021 ], [ -3.550196257999971, 5.167551104999973 ], [ -3.526219419999961, 5.165952650000179 ], [ -3.508866730999955, 5.163749134000113 ], [ -3.500097775999961, 5.162553366999987 ], [ -3.48823481699992, 5.160935691000077 ], [ -3.488223674999972, 5.160934172000054 ], [ -3.484628052999938, 5.160443859000111 ], [ -3.471406955999896, 5.158515783000098 ], [ -3.401169876999973, 5.147222762000126 ], [ -3.358210993999933, 5.139931576000095 ], [ -3.34112406099996, 5.137031500000148 ], [ -3.332898946999933, 5.135417225000083 ], [ -3.311652031999927, 5.131247270000131 ], [ -3.28851511199997, 5.126289358000065 ], [ -3.288248153999973, 5.126459240000088 ], [ -3.285485275999918, 5.128217435000124 ], [ -3.282528829999876, 5.127098805000116 ], [ -3.278599288999942, 5.123810402000117 ], [ -3.255462367999939, 5.120229689000041 ], [ -3.248960323999938, 5.118929280000032 ], [ -3.201751661999822, 5.109487547000128 ], [ -3.197449502999916, 5.10872834200012 ], [ -3.196664411999961, 5.108589797000093 ], [ -3.192386717999966, 5.107834910000065 ], [ -3.190682083999889, 5.107489376000103 ], [ -3.172004192999907, 5.103703317000111 ], [ -3.141430405999927, 5.097368208000034 ], [ -3.125730352999938, 5.094338373000085 ], [ -3.114988210999968, 5.09213485700019 ], [ -3.106008215999907, 5.091276842000184 ], [ -3.10583803499992, 5.091260582000075 ], [ -3.109351572999969, 5.11649697900009 ], [ -3.107203326999922, 5.117843585000173 ], [ -3.101992031999941, 5.121544486 ], [ -3.094860785999913, 5.124866807000046 ], [ -3.089330398999948, 5.127003200000161 ], [ -3.086595418999934, 5.128059725000071 ], [ -3.081249126999978, 5.129401582000185 ], [ -3.075902812999971, 5.130743395000081 ], [ -3.069412585999942, 5.130933828000082 ], [ -3.062922354999955, 5.13112419600003 ], [ -3.055730642999947, 5.130102599000168 ], [ -3.048538952999934, 5.129080922000071 ], [ -3.041158275999862, 5.126528040999972 ], [ -3.032753090999961, 5.125132526000073 ], [ -3.024606825999967, 5.125002846000029 ], [ -3.021045718999915, 5.124744014999976 ], [ -3.015067653999893, 5.122829134000085 ], [ -3.010989698999936, 5.120156515000019 ], [ -3.006026177999956, 5.118750401000057 ], [ -3.000933544999896, 5.118490905000044 ], [ -2.995592244999955, 5.11683536400011 ], [ -2.989355531999934, 5.112875711000129 ], [ -2.98465099799995, 5.109175560000153 ], [ -2.980572992999953, 5.105864396000129 ], [ -2.975868531999936, 5.102922397000157 ], [ -2.973155, 5.102049 ], [ -2.967813, 5.102049 ], [ -2.961521, 5.102999000000182 ], [ -2.957098, 5.104212000000189 ], [ -2.95570800999991, 5.108819502000188 ], [ -2.954318, 5.113427 ], [ -2.948669999999879, 5.126928000000134 ], [ -2.941249397999968, 5.125327291000133 ], [ -2.940993070999923, 5.12590402800015 ], [ -2.938240768999947, 5.12579086 ], [ -2.934474926999826, 5.125031618000094 ], [ -2.932045351999875, 5.123179067000024 ], [ -2.928704685999946, 5.121782061000033 ], [ -2.928249140999924, 5.121630213000117 ], [ -2.92551586899998, 5.121447995000153 ], [ -2.924118862999876, 5.122116128000073 ], [ -2.922721856999942, 5.12281463100004 ], [ -2.922114463999947, 5.123057588000165 ], [ -2.921598178999943, 5.123179067000024 ], [ -2.914886476999925, 5.122845000000154 ], [ -2.91394501699989, 5.122510934000047 ], [ -2.91294281699993, 5.122025019000091 ], [ -2.912213944999849, 5.121630213000117 ], [ -2.911272483999937, 5.121265777000133 ], [ -2.910270283999978, 5.121022819000132 ], [ -2.909723629999917, 5.121053189000122 ], [ -2.909146605999979, 5.121387255000059 ], [ -2.908083666999971, 5.122510934000047 ], [ -2.907111836999945, 5.12345239400014 ], [ -2.906231115999958, 5.123816831 ], [ -2.905016327999931, 5.123847200000114 ], [ -2.904257085999973, 5.12366498200015 ], [ -2.903680061999921, 5.122875370000031 ], [ -2.902981558999954, 5.122267976000046 ], [ -2.902313425999921, 5.121721322000099 ], [ -2.901645292999888, 5.121447995000153 ], [ -2.90088604999994, 5.121539104000135 ], [ -2.900096437999878, 5.121842801000128 ], [ -2.898912019999955, 5.122419825000065 ], [ -2.898274256999969, 5.123057588000165 ], [ -2.897818711999889, 5.123300546 ], [ -2.896634293999966, 5.123391655000034 ], [ -2.896026899999811, 5.123300546 ], [ -2.895358766999948, 5.123027219000051 ], [ -2.89411360899993, 5.12214649800012 ], [ -2.893627693999974, 5.121508734000088 ], [ -2.893202518999885, 5.120840601000168 ], [ -2.892564754999967, 5.120263577000173 ], [ -2.892048470999953, 5.119838400999981 ], [ -2.891501815999959, 5.119808031000161 ], [ -2.891015900999889, 5.119899141000076 ], [ -2.890772943999934, 5.120233207000183 ], [ -2.890621094999972, 5.121113928000113 ], [ -2.890499615999886, 5.122085758000026 ], [ -2.890621094999972, 5.123695352000027 ], [ -2.890712203999897, 5.124697552000157 ], [ -2.890803312999878, 5.125942709000071 ], [ -2.89074257399983, 5.126823430000172 ], [ -2.890287027999875, 5.127278975000138 ], [ -2.889922591999948, 5.127461193000102 ], [ -2.889163349999819, 5.127430824000157 ], [ -2.888738173999968, 5.127339715000176 ], [ -2.888282628999946, 5.127036018000183 ], [ -2.886581925999906, 5.125487163 ], [ -2.881570926999927, 5.126793060000182 ], [ -2.88087242499995, 5.127400454000167 ], [ -2.880113181999889, 5.127613042000121 ], [ -2.877743155999838, 5.128160314000127 ], [ -2.876434787999926, 5.128366899000071 ], [ -2.875883895999834, 5.128298037000093 ], [ -2.875436295999918, 5.127919298999984 ], [ -2.874988695999946, 5.127368407000063 ], [ -2.874368941999876, 5.126679792 ], [ -2.873508173999824, 5.125819023000133 ], [ -2.869996236999953, 5.123856470000021 ], [ -2.86910103699995, 5.123408870000105 ], [ -2.868343560999961, 5.123098993000156 ], [ -2.867551652999907, 5.123030132000054 ], [ -2.866794176999861, 5.123030132000054 ], [ -2.866002268999978, 5.123374439000031 ], [ -2.865210361999971, 5.123684316000151 ], [ -2.86407414699994, 5.123856470000021 ], [ -2.863351100999978, 5.123856470000021 ], [ -2.860562209999898, 5.121721763000039 ], [ -2.859632579999811, 5.120757702000105 ], [ -2.857738888999961, 5.116419427000096 ], [ -2.852953013999922, 5.11208115200003 ], [ -2.852367690999927, 5.111599122000143 ], [ -2.851851229999909, 5.111185953000131 ], [ -2.850301845999979, 5.110221892000027 ], [ -2.849578799999904, 5.109808723000071 ], [ -2.848993476999965, 5.109567707 ], [ -2.847512954999956, 5.109188969000115 ], [ -2.844242032999944, 5.108362631000148 ], [ -2.843484556999954, 5.108293770000046 ], [ -2.84238277299994, 5.108328200000017 ], [ -2.841625295999961, 5.108362631000148 ], [ -2.840936680999846, 5.108534785000188 ], [ -2.840351357999907, 5.108775800000103 ], [ -2.838629820999927, 5.109636569000031 ], [ -2.838010066999971, 5.110118600000021 ], [ -2.837734620999925, 5.110669492000113 ], [ -2.836391821999939, 5.116040688999988 ], [ -2.835599913999943, 5.120688841 ], [ -2.835393329999931, 5.121274164000056 ], [ -2.834670283999969, 5.121997209000085 ], [ -2.834119391999934, 5.12223822500016 ], [ -2.833258622999949, 5.122341517000166 ], [ -2.831571515999883, 5.122169363000125 ], [ -2.82940237899993, 5.121549610000102 ], [ -2.828576040999963, 5.121308594000027 ], [ -2.82816287199995, 5.12113644100009 ], [ -2.827646409999943, 5.120723271000031 ], [ -2.82454764299996, 5.117073612000127 ], [ -2.824168903999976, 5.116522720000034 ], [ -2.823790165999981, 5.115971828000113 ], [ -2.823652442999958, 5.114938905000145 ], [ -2.823583581999969, 5.114388013000053 ], [ -2.823514719999935, 5.113527244000124 ], [ -2.823514719999935, 5.112873060000027 ], [ -2.823376996999912, 5.112012291000099 ], [ -2.822674504999952, 5.111241748000054 ], [ -2.822352371999955, 5.110894836000114 ], [ -2.817817736999928, 5.10623630300006 ], [ -2.817297368999959, 5.105938950000052 ], [ -2.816405308999947, 5.106013288000156 ], [ -2.815488469999934, 5.106285862000163 ], [ -2.814893763999919, 5.106607994000171 ], [ -2.813877806999812, 5.107648730000108 ], [ -2.813927365999916, 5.108144319000189 ], [ -2.814026483999953, 5.1086646870001 ], [ -2.81419993999998, 5.109110717000021 ], [ -2.814819424999939, 5.10960630500017 ], [ -2.815488469999934, 5.110225791000119 ], [ -2.816182293999873, 5.110944395000047 ], [ -2.816578764999917, 5.111613439000166 ], [ -2.816677882999954, 5.111985130999983 ], [ -2.81650442699987, 5.112381602000028 ], [ -2.815661925999905, 5.11307542600008 ], [ -2.814398174999951, 5.113694911999971 ], [ -2.813753909999946, 5.113893147000113 ], [ -2.813233541999978, 5.113670132000095 ], [ -2.812663614999963, 5.113273661000051 ], [ -2.812217584999928, 5.112678955000035 ], [ -2.811796334999883, 5.11200991000004 ], [ -2.811399863999952, 5.111167410000121 ], [ -2.811375083999962, 5.110523144000126 ], [ -2.811474201999886, 5.109358511000096 ], [ -2.812143246999824, 5.108887702000118 ], [ -2.812564496999926, 5.108367334000093 ], [ -2.812589276999972, 5.107822186000078 ], [ -2.812093687999891, 5.107376157000033 ], [ -2.811399863999952, 5.107054024000149 ], [ -2.810606921999977, 5.106880568000179 ], [ -2.808252875999813, 5.106855788000075 ], [ -2.807559051999931, 5.107029245000092 ], [ -2.807113021999896, 5.107277039 ], [ -2.801240296999936, 5.108094760000085 ], [ -2.800769487999958, 5.108020422000152 ], [ -2.791080729999976, 5.107177921000186 ], [ -2.790486023999961, 5.107301818 ], [ -2.790064773999916, 5.107574392 ], [ -2.789767419999919, 5.107921304000115 ], [ -2.789618743999881, 5.108144319000189 ], [ -2.787685947999933, 5.111390424000092 ], [ -2.787586829999896, 5.111935572000107 ], [ -2.787512491999962, 5.112852411000176 ], [ -2.787537271999952, 5.113893147000113 ], [ -2.787438153999858, 5.114636530000098 ], [ -2.787314256999821, 5.11542947200013 ], [ -2.787140800999964, 5.116123296000183 ], [ -2.78679388899991, 5.116990575999978 ], [ -2.786620432999882, 5.117411826000023 ], [ -2.786397417999979, 5.117857856000171 ], [ -2.785777931999974, 5.117932194000105 ], [ -2.785232783999902, 5.117882635000171 ], [ -2.784737195999924, 5.117486164000127 ], [ -2.784439842999916, 5.116941017000102 ], [ -2.784365503999823, 5.115479031000064 ], [ -2.784464621999916, 5.114735648000135 ], [ -2.785034548999931, 5.114041824000083 ], [ -2.786174402999904, 5.112307263 ], [ -2.786372637999875, 5.111588660000166 ], [ -2.786273520999941, 5.111043511999981 ], [ -2.786149622999915, 5.110523144000126 ], [ -2.78570359399987, 5.110250571 ], [ -2.785257563999892, 5.110002776000044 ], [ -2.784588518999954, 5.109779761000141 ], [ -2.783919474999948, 5.10975498200014 ], [ -2.78339910699998, 5.109928438000111 ], [ -2.782556605999901, 5.110300129000052 ], [ -2.77779895499998, 5.111167410000121 ], [ -2.773090862999879, 5.111886013000174 ], [ -2.772669612999948, 5.111910792000174 ], [ -2.77214924499998, 5.111737336000033 ], [ -2.771604096999965, 5.111539101000062 ], [ -2.767589828999917, 5.109408070000029 ], [ -2.765607474999968, 5.107153142000129 ], [ -2.759412616999953, 5.101478652000139 ], [ -2.758991366999908, 5.101329975000169 ], [ -2.758520557999873, 5.101354755000102 ], [ -2.757876291999935, 5.101453872000036 ], [ -2.757529379999937, 5.101552990000073 ], [ -2.757207247999929, 5.10182556400008 ], [ -2.756909894999922, 5.102098138000031 ], [ -2.756711658999961, 5.102544167000076 ], [ -2.754506289999881, 5.108392113000093 ], [ -2.754308053999921, 5.109061158000088 ], [ -2.754233715999931, 5.10958152600017 ], [ -2.754431950999958, 5.110374468000032 ], [ -2.754630186999918, 5.110746158999973 ], [ -2.755200113999933, 5.111241748000054 ], [ -2.755547025999931, 5.111539101000062 ], [ -2.755844378999939, 5.111960351000107 ], [ -2.755869157999939, 5.112381602000028 ], [ -2.755596584999978, 5.113794029000132 ], [ -2.754208936999817, 5.117387047000022 ], [ -2.754010700999913, 5.117610062000097 ], [ -2.753564670999879, 5.11768440000003 ], [ -2.746824665999895, 5.117560503000163 ], [ -2.746329076999928, 5.11751094400006 ], [ -2.745833488999949, 5.117312707999986 ], [ -2.745412237999915, 5.116965796000102 ], [ -2.744569737999939, 5.115751603999968 ], [ -2.743975030999934, 5.114834765000069 ], [ -2.743429883999966, 5.114314396999987 ], [ -2.743008633999978, 5.114091382000083 ], [ -2.742537823999953, 5.114116162000016 ], [ -2.742017455999871, 5.114487853000128 ], [ -2.738969585999939, 5.116742782000131 ], [ -2.737606717999881, 5.118452562000186 ], [ -2.737383702999978, 5.118824254 ], [ -2.737284584999884, 5.119171166000115 ], [ -2.737284584999884, 5.11959241600016 ], [ -2.737383702999978, 5.120088005000071 ], [ -2.737631496999882, 5.120286240000041 ], [ -2.737953629999879, 5.120360579000021 ], [ -2.738647453999931, 5.120410137000079 ], [ -2.7391926009999, 5.120360579000021 ], [ -2.739489953999907, 5.120707491000132 ], [ -2.739762527999915, 5.121153520000178 ], [ -2.739911204999942, 5.121525212000051 ], [ -2.739911204999942, 5.122318154000084 ], [ -2.739886424999952, 5.124573082000154 ], [ -2.739861645999952, 5.125266905999979 ], [ -2.739613851999934, 5.126332421000143 ], [ -2.739291718999937, 5.126927128000034 ], [ -2.738151864999963, 5.128537790999985 ], [ -2.737730614999919, 5.129107718000171 ], [ -2.737284584999884, 5.129578527000149 ], [ -2.732601272999887, 5.13341933900017 ], [ -2.730135775999827, 5.134954784000115 ], [ -2.725131947999955, 5.137694106000083 ], [ -2.724620607999952, 5.137840203000167 ], [ -2.723999694999975, 5.138826359000063 ], [ -2.723707500999978, 5.139593369000124 ], [ -2.723342257999946, 5.141163913000014 ], [ -2.723634451999942, 5.141930924000178 ], [ -2.730427969999937, 5.152157725000166 ], [ -2.730902785999945, 5.152449920000095 ], [ -2.731633271999897, 5.152596017000178 ], [ -2.732181135999951, 5.152632541 ], [ -2.732546378999871, 5.152413395000167 ], [ -2.732729000999882, 5.15204815300018 ], [ -2.73283857399997, 5.151609861000111 ], [ -2.732802048999872, 5.150915899000097 ], [ -2.73283857399997, 5.150112365000041 ], [ -2.7332038159999, 5.149747122000122 ], [ -2.733569058999933, 5.149381878999975 ], [ -2.734482166999896, 5.149272306000057 ], [ -2.735431797999979, 5.14934535499998 ], [ -2.736856245999945, 5.149674074000075 ], [ -2.737586731999897, 5.150039316000118 ], [ -2.738207644999875, 5.150368035000042 ], [ -2.738342177999812, 5.150510977000181 ], [ -2.738792032999925, 5.15098894800019 ], [ -2.741494830999898, 5.156613689000096 ], [ -2.741677451999976, 5.157125029000099 ], [ -2.741677451999976, 5.157563321000112 ], [ -2.741677451999976, 5.1630784890001 ], [ -2.74536640599996, 5.166584821000129 ], [ -2.74543945399995, 5.166950064000105 ], [ -2.74536640599996, 5.167753598000161 ], [ -2.7448550659999, 5.168191890000173 ], [ -2.743941957999937, 5.168922375000136 ], [ -2.743540190999909, 5.16961633700015 ], [ -2.742700131999868, 5.171296454000185 ], [ -2.742042694999839, 5.172611329000176 ], [ -2.741275684999948, 5.174364495000077 ], [ -2.740800868999941, 5.175752418000116 ], [ -2.740800868999941, 5.176592477000042 ], [ -2.741604403999816, 5.181450208000058 ], [ -2.741677451999976, 5.181851975000029 ], [ -2.748251824999954, 5.193612797000014 ], [ -2.748653591999869, 5.194087613000079 ], [ -2.749055358999897, 5.194891147000078 ], [ -2.749311028999841, 5.195585109000149 ], [ -2.749237980999908, 5.197082605000048 ], [ -2.748982310999907, 5.199018392000085 ], [ -2.748361397999872, 5.201027228000044 ], [ -2.747777008999833, 5.201794238000105 ], [ -2.747667435999915, 5.20237862700003 ], [ -2.748032678999948, 5.202853443000038 ], [ -2.748470970999961, 5.203072589000044 ], [ -2.749055358999897, 5.203072589000044 ], [ -2.752707787999952, 5.202707346000125 ], [ -2.755337537999935, 5.201648140999964 ], [ -2.75595844999998, 5.201209850000055 ], [ -2.756579362999901, 5.201027228000044 ], [ -2.757054178999965, 5.201319423000143 ], [ -2.757565518999968, 5.202597773000036 ], [ -2.758916917999954, 5.206432823000114 ], [ -2.759903073999965, 5.210267874000067 ], [ -2.76001264699994, 5.21183841900006 ], [ -2.760085695999976, 5.212568905000126 ], [ -2.760341365999977, 5.212788050000029 ], [ -2.76077965699983, 5.213080245000128 ], [ -2.761984958999903, 5.21355506000009 ], [ -2.762496298999906, 5.213664633000178 ], [ -2.762971114999971, 5.21410292500002 ], [ -2.763153735999879, 5.214541216000157 ], [ -2.764285988999973, 5.217645781000044 ], [ -2.764249464999864, 5.218120597000109 ], [ -2.76333635799989, 5.218924131000165 ], [ -2.762678919999928, 5.218924131000165 ], [ -2.761875385999872, 5.218851083000118 ], [ -2.761217948999956, 5.218668461000107 ], [ -2.759976122999944, 5.218412791000105 ], [ -2.759318684999926, 5.21837626700011 ], [ -2.756908081999939, 5.218449316000033 ], [ -2.756542838999906, 5.218851083000118 ], [ -2.756469790999915, 5.219435471000168 ], [ -2.757748140999979, 5.226594233000071 ], [ -2.758003810999924, 5.22754386400004 ], [ -2.75851515099987, 5.228931787000022 ], [ -2.758880393999959, 5.229443128000185 ], [ -2.759245636999822, 5.22955270000017 ], [ -2.76001264699994, 5.229516176000175 ], [ -2.76048746299989, 5.229662273000088 ], [ -2.760706607999907, 5.23006404 ], [ -2.760706607999907, 5.230758002000073 ], [ -2.76048746299989, 5.232218974000148 ], [ -2.760085695999976, 5.232766838000032 ], [ -2.75964740399985, 5.233205130000044 ], [ -2.758989966999877, 5.233460800000046 ], [ -2.758405577999952, 5.233351227000128 ], [ -2.757821188999912, 5.233132081000122 ], [ -2.757419421999884, 5.232657265000114 ], [ -2.757382897999889, 5.232109401000059 ], [ -2.757200275999878, 5.231634585000052 ], [ -2.75701765499997, 5.23123281800008 ], [ -2.756542838999906, 5.231086721000167 ], [ -2.756104547999882, 5.231378915 ], [ -2.755702779999979, 5.232072877000064 ], [ -2.755483634999962, 5.232620741000119 ], [ -2.75537406199993, 5.233460800000046 ], [ -2.75544710999992, 5.233972140000105 ], [ -2.757784664999974, 5.235834879000095 ], [ -2.75851515099987, 5.236090549000153 ], [ -2.759282160999931, 5.236200122000071 ], [ -2.760597035999979, 5.236200122000071 ], [ -2.762386725999932, 5.236090549000153 ], [ -2.763445929999875, 5.235907927000142 ], [ -2.764139891999946, 5.235834879000095 ], [ -2.764906901999893, 5.23576183 ], [ -2.765418241999953, 5.235944452000012 ], [ -2.765491290999933, 5.236309694000056 ], [ -2.765418241999953, 5.237259326000128 ], [ -2.765308668999921, 5.238172433000102 ], [ -2.7622771529999, 5.246134729 ], [ -2.761911909999981, 5.246353875000068 ], [ -2.761327520999941, 5.246390399000063 ], [ -2.759683927999959, 5.246463448000156 ], [ -2.759245636999822, 5.246207778000098 ], [ -2.759063014999811, 5.245915583 ], [ -2.758953441999893, 5.245258146000083 ], [ -2.758843869999964, 5.244308514000181 ], [ -2.758880393999959, 5.243139737000035 ], [ -2.758989966999877, 5.242737970000064 ], [ -2.758551674999978, 5.242445776000068 ], [ -2.757748140999979, 5.242153581000139 ], [ -2.75537406199993, 5.242372727000145 ], [ -2.754643575999978, 5.242445776000068 ], [ -2.75416875999997, 5.242993640000122 ], [ -2.754205283999966, 5.243614553000043 ], [ -2.754607051999869, 5.244819855000117 ], [ -2.755118391999929, 5.245513816000084 ], [ -2.755593207999937, 5.24609820500001 ], [ -2.756250644999909, 5.246828691000076 ], [ -2.757054178999965, 5.247632225000132 ], [ -2.758003810999924, 5.248508808000111 ], [ -2.758734296999876, 5.249093197000036 ], [ -2.759976122999944, 5.250298498 ], [ -2.760341365999977, 5.250809838000066 ], [ -2.760231792999946, 5.251138557000161 ], [ -2.75964740399985, 5.251321179000172 ], [ -2.757419421999884, 5.250955936000082 ], [ -2.756688935999932, 5.250736790000019 ], [ -2.75603149899996, 5.250444596000023 ], [ -2.755739304999963, 5.250261974000182 ], [ -2.755081866999944, 5.249275818000115 ], [ -2.755008818999897, 5.248983624000118 ], [ -2.754899245999979, 5.248326186999975 ], [ -2.754935769999918, 5.24781484600004 ], [ -2.755008818999897, 5.247157409000067 ], [ -2.754862721999928, 5.246828691000076 ], [ -2.754424429999972, 5.246901739000066 ], [ -2.753876565999917, 5.247266981999985 ], [ -2.752963458999886, 5.248399234999965 ], [ -2.752890409999964, 5.24931234200011 ], [ -2.752853885999968, 5.250152401000094 ], [ -2.754278332999945, 5.253841355000134 ], [ -2.754753148999896, 5.254352695000023 ], [ -2.755885401999876, 5.255484948000174 ], [ -2.756360217999827, 5.255813666000165 ], [ -2.764943425999888, 5.258845183000119 ], [ -2.768961097999977, 5.258370367000055 ], [ -2.769691583999929, 5.258479939999972 ], [ -2.772211759999891, 5.258954756000037 ], [ -2.772650051999904, 5.259210426000038 ], [ -2.778092171999901, 5.263702914000135 ], [ -2.778420889999836, 5.263995108000131 ], [ -2.779260948999877, 5.265309982000019 ], [ -2.779443569999899, 5.265857847000177 ], [ -2.779187899999954, 5.266734430000156 ], [ -2.778603511999847, 5.267063148000148 ], [ -2.775243276999902, 5.268085829000142 ], [ -2.774403217999861, 5.268304974000046 ], [ -2.773964926999895, 5.271993928000086 ], [ -2.774001450999833, 5.273600997000131 ], [ -2.774220596999953, 5.274477580000053 ], [ -2.774622363999868, 5.275061968000102 ], [ -2.776083334999953, 5.275427211000022 ], [ -2.777106015999948, 5.275317638000104 ], [ -2.778676559999951, 5.275975076000179 ], [ -2.780101007999917, 5.276888183000153 ], [ -2.782291704999921, 5.278647648000117 ], [ -2.784140091999916, 5.282136152000135 ], [ -2.785545906999971, 5.285676724000155 ], [ -2.785624007999957, 5.286822203000156 ], [ -2.784582663999913, 5.292888036000136 ], [ -2.783541318999937, 5.293877313 ], [ -2.780937956999821, 5.295413296000163 ], [ -2.780365217999929, 5.295569498000134 ], [ -2.778256494999823, 5.294892624000056 ], [ -2.772112561999961, 5.29330457400016 ], [ -2.771487754999953, 5.293538876000184 ], [ -2.769535233999932, 5.294788489999974 ], [ -2.769222829999933, 5.295231061000095 ], [ -2.768936459999964, 5.295960002000129 ], [ -2.76664550199996, 5.306607751000115 ], [ -2.765682257999913, 5.317151366000076 ], [ -2.765786392999928, 5.317880307000053 ], [ -2.767192207999869, 5.319129921000069 ], [ -2.768519922999872, 5.320301433 ], [ -2.769014560999949, 5.320717971000022 ], [ -2.769691434999913, 5.321967585000039 ], [ -2.7709150149999, 5.324414745000183 ], [ -2.771513787999879, 5.32615899700005 ], [ -2.771487754999953, 5.328007384000159 ], [ -2.771487754999953, 5.328866493000078 ], [ -2.771565855999938, 5.329283031000102 ], [ -2.772008426999946, 5.330402476000074 ], [ -2.772581166999828, 5.330532645000119 ], [ -2.774436326999933, 5.330820409000125 ], [ -2.775302409999938, 5.330933376000132 ], [ -2.776921607999952, 5.330971032000036 ], [ -2.777335820999951, 5.331046344000072 ], [ -2.77752409999988, 5.33153586800006 ], [ -2.777448788999948, 5.331912426000144 ], [ -2.776770984999928, 5.333155066000131 ], [ -2.776432082999861, 5.333757559000105 ], [ -2.77571662299988, 5.334849576000181 ], [ -2.775264753999977, 5.335489724000183 ], [ -2.774549294999929, 5.336393462 ], [ -2.774059769999951, 5.336770020000074 ], [ -2.773494932999938, 5.336920642999985 ], [ -2.772967752999932, 5.336807675999978 ], [ -2.772026357999948, 5.336054560000036 ], [ -2.771612144999949, 5.335678003000055 ], [ -2.771160275999932, 5.335226134000038 ], [ -2.770708406999859, 5.335678003000055 ], [ -2.770444815999895, 5.336129872000015 ], [ -2.770482471999969, 5.337033610000049 ], [ -2.770595438999919, 5.337862037000093 ], [ -2.771122619999915, 5.338426874000049 ], [ -2.771536832999914, 5.338841087000105 ], [ -2.772892440999897, 5.339895449000096 ], [ -2.773720867999884, 5.34046028500012 ], [ -2.775980213999958, 5.34238072900007 ], [ -2.776582705999886, 5.345016633 ], [ -2.776658017999978, 5.345430846000113 ], [ -2.776658017999978, 5.346033338000041 ], [ -2.77662036199996, 5.346974733000025 ], [ -2.776432082999861, 5.34769019200013 ], [ -2.775980213999958, 5.34817971700005 ], [ -2.774398671999904, 5.349234079000098 ], [ -2.77198870299992, 5.350815621000038 ], [ -2.769654044999925, 5.354129328 ], [ -2.769691700999942, 5.354882443000065 ], [ -2.769654044999925, 5.355484936000096 ], [ -2.7695034219999, 5.356238051000162 ], [ -2.768637338999895, 5.35744303600012 ], [ -2.764683483999875, 5.357217101000174 ], [ -2.764269270999876, 5.356765232000157 ], [ -2.758997462999957, 5.3498742270001 ], [ -2.756813428999919, 5.345694437000134 ], [ -2.753499721999844, 5.345242567000071 ], [ -2.744462337999948, 5.345581469000024 ], [ -2.74224064699996, 5.345732092000162 ], [ -2.74156284399993, 5.345958027000108 ], [ -2.740885039999966, 5.346259273000157 ], [ -2.739115218999927, 5.347275979000074 ], [ -2.735575576999963, 5.345317879000049 ], [ -2.734483559999944, 5.344112894000091 ], [ -2.732751393999877, 5.343209156000114 ], [ -2.732035934999942, 5.342870254000161 ], [ -2.730454392999889, 5.342230106000102 ], [ -2.729287063999948, 5.341928860000053 ], [ -2.727291307999906, 5.341514647000167 ], [ -2.726387569999929, 5.341476991000036 ], [ -2.725709765999966, 5.341552301999968 ], [ -2.725257896999892, 5.341928860000053 ], [ -2.724806028999978, 5.342418385000144 ], [ -2.724457257999916, 5.388359560000026 ], [ -2.727255277999973, 5.393898612000044 ], [ -2.730053348999945, 5.399437651000142 ], [ -2.73285147099989, 5.404976675000114 ], [ -2.733729179999955, 5.406772447000037 ], [ -2.734351787999969, 5.408046289000083 ], [ -2.747755480999899, 5.435469938000097 ], [ -2.751353000999927, 5.45242967400003 ], [ -2.752666242999965, 5.46036707900015 ], [ -2.753979518999927, 5.46830447800005 ], [ -2.75529282899987, 5.476241873 ], [ -2.756606174999945, 5.484179263000044 ], [ -2.757919554999944, 5.492116648000149 ], [ -2.759232969999914, 5.500054027999965 ], [ -2.760546418999979, 5.507991402000187 ], [ -2.761859903999948, 5.515928772000052 ], [ -2.763173422999898, 5.523866137000141 ], [ -2.765057781999928, 5.532660083000167 ], [ -2.766942196999878, 5.541454020000117 ], [ -2.768826667999861, 5.550247948000106 ], [ -2.767627556999855, 5.557922666000081 ], [ -2.76642841499995, 5.56559737900011 ], [ -2.765229241999918, 5.573272088000181 ], [ -2.764030036999827, 5.580946792000134 ], [ -2.762830801999883, 5.588621492000073 ], [ -2.762910298999884, 5.589816186000178 ], [ -2.762945468999874, 5.589860613000042 ], [ -2.763765590999981, 5.590763600000059 ], [ -2.762523342999941, 5.592804436000165 ], [ -2.761636021999891, 5.594224149000127 ], [ -2.760393773999965, 5.595022737000136 ], [ -2.759683917999951, 5.595998789000021 ], [ -2.759506453999904, 5.596886110000185 ], [ -2.759595185999956, 5.597950894000178 ], [ -2.762128017999942, 5.602137104000178 ], [ -2.76930555499996, 5.605400234000172 ], [ -2.770057849999944, 5.604585247000102 ], [ -2.771248983999897, 5.60351949600016 ], [ -2.771938587999955, 5.603456805 ], [ -2.774508928999978, 5.608597487000111 ], [ -2.773192412999947, 5.609412474000123 ], [ -2.772189352999931, 5.609976695000171 ], [ -2.771311674999936, 5.610728990000155 ], [ -2.769744393999929, 5.615180069000132 ], [ -2.769995158999905, 5.615995055000042 ], [ -2.770684762999963, 5.616496585000164 ], [ -2.7726281919999, 5.615932364000116 ], [ -2.775449297999899, 5.615618907 ], [ -2.777518108999914, 5.615556216000073 ], [ -2.780401906999941, 5.615556216000073 ], [ -2.783411086999877, 5.615869672000088 ], [ -2.786733722999941, 5.617938483999978 ], [ -2.786733722999941, 5.618941544000052 ], [ -2.786608340999919, 5.620007295 ], [ -2.785793353999907, 5.621762650000051 ], [ -2.784978367999884, 5.622640327999989 ], [ -2.7842260729999, 5.623643388000062 ], [ -2.783849925999959, 5.624270300000035 ], [ -2.783912616999942, 5.625273360000108 ], [ -2.787235252999949, 5.628407923000168 ], [ -2.788677151999877, 5.62865868800003 ], [ -2.790056358999948, 5.62865868800003 ], [ -2.790996727999868, 5.628157158000135 ], [ -2.791686331999813, 5.626527184999986 ], [ -2.791999787999885, 5.624834521000082 ], [ -2.792940156999975, 5.623706079000158 ], [ -2.794068599999946, 5.62314185800011 ], [ -2.797265852999942, 5.623079166000082 ], [ -2.802343844999939, 5.623204549000036 ], [ -2.803221521999887, 5.624082226000098 ], [ -2.804287272999943, 5.625461433999988 ], [ -2.805290332999903, 5.627154098000062 ], [ -2.805979936999961, 5.628031775000125 ], [ -2.807735291999961, 5.628533305000076 ], [ -2.809051808999925, 5.628846761000091 ], [ -2.810807163999925, 5.628909453000119 ], [ -2.811747531999856, 5.628282540000043 ], [ -2.813189430999955, 5.626840641000172 ], [ -2.814192490999915, 5.626840641000172 ], [ -2.815634389999957, 5.626966024000183 ], [ -2.81720167099985, 5.62727947999997 ], [ -2.818142039999941, 5.627906393000046 ], [ -2.82133929399987, 5.631166338000071 ], [ -2.822279662999961, 5.632169398000087 ], [ -2.823470795999867, 5.633548605000101 ], [ -2.824599238999951, 5.634865122 ], [ -2.825915754999926, 5.635868182000081 ], [ -2.830805672999929, 5.637811610000085 ], [ -2.835068677999971, 5.639002744000095 ], [ -2.83607173799993, 5.639316200000053 ], [ -2.841713949999928, 5.642388072000074 ], [ -2.844221599999855, 5.644018044000063 ], [ -2.845412733999979, 5.645209178000073 ], [ -2.847418853999898, 5.646713768000041 ], [ -2.848421913999914, 5.647215298000106 ], [ -2.850804181999933, 5.647089916000084 ], [ -2.852872992999892, 5.647277989000088 ], [ -2.854189508999923, 5.647779518999982 ], [ -2.854816421999942, 5.648406432000115 ], [ -2.855443333999915, 5.649346801000036 ], [ -2.855255260999911, 5.650788699000145 ], [ -2.85475373099996, 5.651666377000083 ], [ -2.854440273999899, 5.652544054000145 ], [ -2.854440273999899, 5.653421732000083 ], [ -2.854941803999907, 5.65423671800005 ], [ -2.855819481999958, 5.654612866000093 ], [ -2.856759850999879, 5.654800939000097 ], [ -2.857198688999972, 5.654174027000067 ], [ -2.857637527999941, 5.653170967000051 ], [ -2.857825601999934, 5.651666377000083 ], [ -2.861461693999956, 5.649722948000147 ], [ -2.86378127099988, 5.648594506000052 ], [ -2.864596256999903, 5.647027224 ], [ -2.865411242999926, 5.64539725200018 ], [ -2.866476994999971, 5.643704588000105 ], [ -2.869987704999858, 5.640820790000021 ], [ -2.871304220999889, 5.640256568999973 ], [ -2.876507594999907, 5.638438523000048 ], [ -2.878200258999925, 5.638125067000033 ], [ -2.87970484899995, 5.637623537000081 ], [ -2.880068458999858, 5.637228760000028 ], [ -2.881899041999873, 5.635241269000176 ], [ -2.884595353999941, 5.632420946000138 ], [ -2.887293036999949, 5.632420946000138 ], [ -2.889451182999892, 5.63134187300011 ], [ -2.891609328999948, 5.629543418000083 ], [ -2.895206239999936, 5.627205426000046 ], [ -2.896645003999879, 5.626486044000046 ], [ -2.900601605999952, 5.627025581 ], [ -2.907076044999883, 5.625227125000094 ], [ -2.917327239999963, 5.623428670000067 ], [ -2.920204767999849, 5.619651914000031 ], [ -2.921283840999934, 5.616594540000165 ], [ -2.922183068999914, 5.615335621000042 ], [ -2.92452106099995, 5.614796085000137 ], [ -2.931535035999957, 5.614436394000109 ], [ -2.933873027999937, 5.615155776000165 ], [ -2.936390865999897, 5.616774386000145 ], [ -2.936031173999879, 5.619831760000125 ], [ -2.936390865999897, 5.621450369000058 ], [ -2.938369165999973, 5.623428670000067 ], [ -2.941066848999981, 5.625586816000066 ], [ -2.941066848999981, 5.628104654000026 ], [ -2.941966076999961, 5.629183727000054 ], [ -2.945742832999883, 5.633140329000071 ], [ -2.947541287999911, 5.634039556000118 ], [ -2.952217271999928, 5.634039556000118 ], [ -2.953476190999936, 5.633859711000071 ], [ -2.955454490999898, 5.633140329000071 ], [ -2.960490165999943, 5.638535694000154 ], [ -2.964806458999931, 5.638715540000135 ], [ -2.96590776599993, 5.640880906000064 ], [ -2.964532921999933, 5.649222607000013 ], [ -2.96315803899995, 5.657564302000026 ], [ -2.961783115999879, 5.665905991000045 ], [ -2.960408153999879, 5.674247675000117 ], [ -2.959033151999961, 5.682589353000026 ], [ -2.957658110999887, 5.690931025000054 ], [ -2.956283029999895, 5.699272692000079 ], [ -2.954907908999871, 5.707614353000054 ], [ -2.953532748999976, 5.715956008000035 ], [ -2.961691175999817, 5.715223137000066 ], [ -2.969849582999927, 5.714490150000074 ], [ -2.978007968999918, 5.713757048 ], [ -2.986166333999961, 5.713023829000178 ], [ -2.994324677999941, 5.712290495000047 ], [ -3.002483001999963, 5.71155704500012 ], [ -3.010641304999979, 5.710823478000123 ], [ -3.018799586999876, 5.71008979700008 ], [ -3.026957847999881, 5.709355999000081 ], [ -3.026580840999941, 5.716440471000055 ], [ -3.026483248999966, 5.718274366 ], [ -3.026008634999926, 5.727192730000013 ], [ -3.025534006999919, 5.736111090000065 ], [ -3.025059363999901, 5.745029448000025 ], [ -3.024584705999814, 5.753947802000084 ], [ -3.024110032999886, 5.762866153000175 ], [ -3.023635344999946, 5.771784501000184 ], [ -3.023160642999926, 5.780702846000111 ], [ -3.022685925999895, 5.789621187000023 ], [ -3.022211193999965, 5.798539525000024 ], [ -3.021736446999967, 5.807457861000046 ], [ -3.021261684999956, 5.816376192000121 ], [ -3.02078690799982, 5.825294521000046 ], [ -3.020312115999957, 5.83421284700006 ], [ -3.019837308999854, 5.84313116900006 ], [ -3.01936248699991, 5.852049488000148 ], [ -3.022565598999904, 5.860160261000033 ], [ -3.025768802999892, 5.868271013000026 ], [ -3.028972099999919, 5.876381744000071 ], [ -3.032175489999929, 5.884492455000156 ], [ -3.035378971999876, 5.892603145000123 ], [ -3.038582546999976, 5.900713815000074 ], [ -3.041786215999934, 5.908824463000087 ], [ -3.044839267999976, 5.916744420000157 ], [ -3.04789240599996, 5.92466435700004 ], [ -3.05094563199998, 5.932584276000171 ], [ -3.053998943999943, 5.940504175000058 ], [ -3.054353246999938, 5.941423163000081 ], [ -3.057052343999885, 5.948424055000032 ], [ -3.060105831999863, 5.956343917000027 ], [ -3.063159405999897, 5.964263758000129 ], [ -3.066213068999957, 5.972183581000024 ], [ -3.069266818999949, 5.980103385 ], [ -3.070617760999937, 5.98360690100003 ], [ -3.072320656999864, 5.98802316900003 ], [ -3.074149399999897, 5.996611003000055 ], [ -3.075978198999962, 6.005198827000072 ], [ -3.077807055999926, 6.01378664300006 ], [ -3.079635970999846, 6.022374449999973 ], [ -3.081464942999901, 6.030962249000083 ], [ -3.083293971999979, 6.039550038000186 ], [ -3.084688309999876, 6.0481011870001 ], [ -3.086082690999888, 6.05665233000019 ], [ -3.087477115999889, 6.065203467000117 ], [ -3.088871585999811, 6.073754597000118 ], [ -3.090266098999905, 6.082305721000125 ], [ -3.091660655999931, 6.090856839000139 ], [ -3.093055256999946, 6.09940795 ], [ -3.094449902999941, 6.107959055000094 ], [ -3.095844592999867, 6.116510154000025 ], [ -3.097239326999897, 6.125061247000133 ], [ -3.098634105999963, 6.133612333000087 ], [ -3.100028928999961, 6.142163413000105 ], [ -3.101423795999949, 6.150714486000027 ], [ -3.105394417999833, 6.158298085000183 ], [ -3.109365151999839, 6.16588165200011 ], [ -3.113335998999958, 6.173465188000023 ], [ -3.117306958999961, 6.181048692000047 ], [ -3.121278031999964, 6.188632164000126 ], [ -3.125249217999851, 6.196215604000145 ], [ -3.129220517999897, 6.203799012000047 ], [ -3.1314417399999, 6.208040415000028 ], [ -3.133191930999942, 6.211382388000061 ], [ -3.137163457999918, 6.218965732000129 ], [ -3.141135098999939, 6.22654904500007 ], [ -3.145106852999902, 6.234132325000076 ], [ -3.149078721999956, 6.241715573000135 ], [ -3.153050704999941, 6.249298789000136 ], [ -3.159854805999885, 6.249061525000059 ], [ -3.166658899999959, 6.248824173000116 ], [ -3.173462988999916, 6.248586733000025 ], [ -3.173747330999902, 6.249432196999976 ], [ -3.173926505999873, 6.249964956000099 ], [ -3.17416086299994, 6.250661796000031 ], [ -3.172299363999912, 6.252988669999979 ], [ -3.170670551999876, 6.256013606000181 ], [ -3.169274427999937, 6.261365415000057 ], [ -3.169041740999944, 6.264157663000162 ], [ -3.170903239999859, 6.268113349000089 ], [ -3.171601301999885, 6.272069034000083 ], [ -3.171601301999885, 6.276024719000077 ], [ -3.171601301999885, 6.279747717000078 ], [ -3.170903239999859, 6.283703402000071 ], [ -3.170670551999876, 6.287193712000033 ], [ -3.170670551999876, 6.29091671000009 ], [ -3.170670551999876, 6.294407021000097 ], [ -3.171135926999909, 6.300456892 ], [ -3.172739327999977, 6.302824765000082 ], [ -3.173705689999906, 6.30456421700012 ], [ -3.175649288999978, 6.312936644 ], [ -3.176218231999883, 6.315387475000023 ], [ -3.176604776999966, 6.318479834000186 ], [ -3.176604776999966, 6.320412558000044 ], [ -3.177764411999931, 6.322731828000087 ], [ -3.179503863999969, 6.324664552000115 ], [ -3.180470225999954, 6.326983821999988 ], [ -3.182640253999921, 6.335530252000126 ], [ -3.183526163999943, 6.339019196000152 ], [ -3.184810353999978, 6.344076670000106 ], [ -3.186980524999967, 6.352623076999976 ], [ -3.189150766999944, 6.361169471000153 ], [ -3.191321081999945, 6.369715853000116 ], [ -3.193491467999934, 6.378262224000139 ], [ -3.1956619259999, 6.386808582000128 ], [ -3.197832455999901, 6.395354929000177 ], [ -3.200003057999936, 6.403901263000137 ], [ -3.202173731999949, 6.412447586000155 ], [ -3.204344478999928, 6.420993896000141 ], [ -3.205156193999869, 6.424189538 ], [ -3.206515297999886, 6.429540195000186 ], [ -3.20868618999998, 6.438086481000141 ], [ -3.210857153999939, 6.446632756000156 ], [ -3.213028190999978, 6.455179018000138 ], [ -3.215199299999938, 6.463725268000076 ], [ -3.217370482999911, 6.472271506000027 ], [ -3.219541737999975, 6.480817732000162 ], [ -3.221713066999939, 6.48936394499998 ], [ -3.223763959999928, 6.497435848000066 ], [ -3.223884468999927, 6.497910147000141 ], [ -3.226055943999938, 6.506456336000156 ], [ -3.228227491999917, 6.515002513000013 ], [ -3.230399113999908, 6.523548678000054 ], [ -3.232570809999913, 6.532094831000109 ], [ -3.234742578999942, 6.540640971000016 ], [ -3.234742578999942, 6.548905025000067 ], [ -3.234742578999942, 6.557169076000037 ], [ -3.234742578999942, 6.565433124000094 ], [ -3.234259639999948, 6.574126482000167 ], [ -3.233776684999953, 6.582819836 ], [ -3.233293711999977, 6.591513187000146 ], [ -3.232810722999886, 6.600206534000108 ], [ -3.239894100999948, 6.603533721000133 ], [ -3.246977572999924, 6.606860807000089 ], [ -3.254061139999919, 6.610187791000044 ], [ -3.253736585999889, 6.612451014000158 ], [ -3.253353135999873, 6.616157698000052 ], [ -3.255526018999888, 6.61845839800003 ], [ -3.255653835999965, 6.621014731000059 ], [ -3.25527038599995, 6.623059798000043 ], [ -3.253736585999889, 6.624593598000104 ], [ -3.251435885999967, 6.626638665000144 ], [ -3.251180252999859, 6.629067180999982 ], [ -3.251308068999947, 6.633157315 ], [ -3.251563702999874, 6.635585831000071 ], [ -3.252330602999905, 6.637247448000153 ], [ -3.251052435999952, 6.640698498 ], [ -3.249902085999963, 6.643638282000097 ], [ -3.248623918999897, 6.645044264999967 ], [ -3.246067585999981, 6.647089332000178 ], [ -3.244022518999941, 6.648623132000068 ], [ -3.243511251999905, 6.649773482000057 ], [ -3.242999985999973, 6.653224532000138 ], [ -3.242105268999921, 6.654758332000029 ], [ -3.241082735999896, 6.65629213200009 ], [ -3.238015135999831, 6.65641994900011 ], [ -3.23712041899995, 6.656803399000012 ], [ -3.235714435999967, 6.658848465000119 ], [ -3.235330985999951, 6.660893532000159 ], [ -3.234052818999885, 6.66319423200008 ], [ -3.231368668999949, 6.6651114820001 ], [ -3.228301068999883, 6.66651746500014 ], [ -3.227150718999894, 6.667795632000093 ], [ -3.227022901999931, 6.670607599000164 ], [ -3.227661984999941, 6.673675199000115 ], [ -3.227789801999961, 6.676103716000057 ], [ -3.226767268999879, 6.677893149000056 ], [ -3.224466568999958, 6.678787866000107 ], [ -3.222932768999954, 6.680705116000127 ], [ -3.221015518999877, 6.685945599000036 ], [ -3.220632068999976, 6.690419183000188 ], [ -3.22012080199994, 6.693870233000041 ], [ -3.219098268999971, 6.695787483000061 ], [ -3.216925384999968, 6.69770473300008 ], [ -3.215135951999969, 6.699110716000121 ], [ -3.212579617999893, 6.699494166000079 ], [ -3.211045817999945, 6.6996219830001 ], [ -3.209256384999946, 6.70026106600011 ], [ -3.207594767999922, 6.701667050000083 ], [ -3.207211317999906, 6.70396775 ], [ -3.206955684999969, 6.70652408300009 ], [ -3.206316601999958, 6.708057883000151 ], [ -3.203249001999893, 6.708952600000032 ], [ -3.201076117999946, 6.709591683000042 ], [ -3.201203934999967, 6.712275833000092 ], [ -3.201076117999946, 6.715215616000023 ], [ -3.1999257679999, 6.717644132999965 ], [ -3.199286684999947, 6.717644132999965 ], [ -3.197497250999959, 6.716493783000033 ], [ -3.194685284999935, 6.716493783000033 ], [ -3.194174017999899, 6.717771949999985 ], [ -3.194429650999894, 6.719817017000025 ], [ -3.195963450999898, 6.721478633000174 ], [ -3.198903234999932, 6.724290600000074 ], [ -3.201587384999925, 6.727486017000047 ], [ -3.202098651999847, 6.729019817000108 ], [ -3.204782801999954, 6.73285431700009 ], [ -3.207466951999947, 6.735921917000098 ], [ -3.208233851999978, 6.737711350000097 ], [ -3.207466951999947, 6.740778950000049 ], [ -3.206955684999969, 6.745124717000181 ], [ -3.207466951999947, 6.74780886700006 ], [ -3.208745117999968, 6.750237384000172 ], [ -3.210278917999972, 6.752282450999985 ], [ -3.213218701999949, 6.754966601000035 ], [ -3.215008134999948, 6.756244767000112 ], [ -3.217308834999869, 6.757522934000065 ], [ -3.220248618999847, 6.759056734000183 ], [ -3.223827484999845, 6.761229618000186 ], [ -3.224977834999891, 6.762635601000056 ], [ -3.228940151999893, 6.767620451000028 ], [ -3.229962684999975, 6.770560234000186 ], [ -3.23098466499988, 6.774227337000127 ], [ -3.231778598999938, 6.777076158 ], [ -3.232135568999979, 6.778357051000057 ], [ -3.231752118999964, 6.784236618000079 ], [ -3.230729585999939, 6.791905618000101 ], [ -3.22957923499996, 6.793439418000162 ], [ -3.229067968999914, 6.795484484999974 ], [ -3.228684518999899, 6.797913002000087 ], [ -3.227789801999961, 6.806093269000087 ], [ -3.228556701999878, 6.810950302000037 ], [ -3.229323601999852, 6.813251002000129 ], [ -3.229323601999852, 6.815679519000071 ], [ -3.229323601999852, 6.818235852000157 ], [ -3.228940151999893, 6.82092000199998 ], [ -3.227654263999909, 6.823439840000106 ], [ -3.22675179099997, 6.825037969000107 ], [ -3.223346132999893, 6.831068821000144 ], [ -3.218613664999907, 6.838697820000107 ], [ -3.213881047999962, 6.846326771000122 ], [ -3.209148279999965, 6.853955672000097 ], [ -3.20441536099986, 6.861584524000023 ], [ -3.19968229199992, 6.869213327000182 ], [ -3.194949071999815, 6.876842081000063 ], [ -3.190215700999943, 6.884470786 ], [ -3.185482178999962, 6.892099442000074 ], [ -3.180748504999826, 6.899728048000156 ], [ -3.178554255999813, 6.903264079000053 ], [ -3.176014679999923, 6.907356605000075 ], [ -3.171280702999979, 6.914985112000068 ], [ -3.166546574999813, 6.922613570000067 ], [ -3.161812293999958, 6.93024197800014 ], [ -3.157077860999891, 6.937870337000049 ], [ -3.152343275999954, 6.945498646000033 ], [ -3.147608537999872, 6.953126905000147 ], [ -3.142873646999874, 6.960755115000154 ], [ -3.138138603999892, 6.968383275000178 ], [ -3.133403406999946, 6.976011385 ], [ -3.128668056999913, 6.983639444000119 ], [ -3.123932553999964, 6.991267454000081 ], [ -3.119196896999938, 6.998895414000117 ], [ -3.116476189999958, 7.004376718000117 ], [ -3.115877805999901, 7.005582228000037 ], [ -3.113755418999915, 7.009858005000069 ], [ -3.110571326999889, 7.015534155000012 ], [ -3.10738715899987, 7.021210281000037 ], [ -3.104202912999938, 7.026886385000182 ], [ -3.100309386999925, 7.03322016300001 ], [ -3.096415755999885, 7.039553906000151 ], [ -3.092522018999944, 7.045887616000186 ], [ -3.088628175999929, 7.05222129100008 ], [ -3.080737197999895, 7.055502637000188 ], [ -3.079441652999947, 7.056041340999968 ], [ -3.073381835999896, 7.058561087000101 ], [ -3.072846108999897, 7.058783849000065 ], [ -3.06495490899988, 7.062064927000108 ], [ -3.057063597999957, 7.065345871000147 ], [ -3.04917217499991, 7.068626681000183 ], [ -3.040346511999928, 7.069768912000086 ], [ -3.031520805999946, 7.070910975000174 ], [ -3.030586447999895, 7.07984051000011 ], [ -3.029652053999939, 7.08877003900011 ], [ -3.028814434999845, 7.096774422000067 ], [ -3.02871762399991, 7.097699563000162 ], [ -3.027783157999977, 7.106629082000097 ], [ -3.026848654999981, 7.115558595000039 ], [ -3.025914116999957, 7.12448810300009 ], [ -3.024979542999972, 7.133417606000023 ], [ -3.024044931999924, 7.142347103000191 ], [ -3.019087448999869, 7.148629107000033 ], [ -3.014129829999945, 7.154911055000014 ], [ -3.00917207599997, 7.161192949000053 ], [ -3.004214186999945, 7.167474787 ], [ -2.999256160999948, 7.173756571000013 ], [ -2.994297998999969, 7.180038298999989 ], [ -2.989339701999938, 7.186319972000092 ], [ -2.984381267999936, 7.192601589000162 ], [ -2.979212383999936, 7.199493432999986 ], [ -2.978774361999911, 7.200077463000184 ], [ -2.975244088999943, 7.20734567400018 ], [ -2.971506194999961, 7.212537269000109 ], [ -2.967768214999921, 7.217728832000034 ], [ -2.963268964999884, 7.22375111000008 ], [ -2.958769596999957, 7.229773341000168 ], [ -2.954270108999879, 7.235795527 ], [ -2.957002395999893, 7.239481668999986 ], [ -2.963788456999964, 7.249393166 ], [ -2.968091431999937, 7.255520704000048 ], [ -2.972394522999878, 7.261648200000081 ], [ -2.976697730999945, 7.267775654000104 ], [ -2.975919099999942, 7.276523481000083 ], [ -2.975140438999972, 7.285271304000105 ], [ -2.974361746999932, 7.294019122000066 ], [ -2.973583025999915, 7.302766935000079 ], [ -2.972804273999941, 7.311514743000032 ], [ -2.972025491999943, 7.320262547000141 ], [ -2.971416242999965, 7.327105762000144 ], [ -2.971246678999876, 7.329010346000132 ], [ -2.970994951999899, 7.331837693000068 ], [ -2.970467835999898, 7.337758140000062 ], [ -2.968580345999953, 7.34617799300014 ], [ -2.966692783999918, 7.354597835000106 ], [ -2.964805151999883, 7.363017666000189 ], [ -2.962917447999928, 7.371437485000058 ], [ -2.961029672999871, 7.379857294000089 ], [ -2.959141825999893, 7.38827709100002 ], [ -2.957253907999927, 7.396696878000057 ], [ -2.955365918999973, 7.405116653000107 ], [ -2.953477857999872, 7.413536417000103 ], [ -2.951589724999963, 7.421956169000055 ], [ -2.949701519999962, 7.430375911 ], [ -2.949009331999889, 7.437574904000144 ], [ -2.948317120999889, 7.444773893999979 ], [ -2.947715694999886, 7.451028522000058 ], [ -2.947624887999837, 7.451972880000028 ], [ -2.944890892999922, 7.45958724500008 ], [ -2.942156802999932, 7.467201590000059 ], [ -2.939422618999913, 7.474815916000011 ], [ -2.93736308799987, 7.48055121200008 ], [ -2.936688339999819, 7.482430222000119 ], [ -2.933953966999979, 7.490044508999972 ], [ -2.931219497999962, 7.49765877599998 ], [ -2.930420986999934, 7.506444555000144 ], [ -2.929622442999971, 7.51523032900019 ], [ -2.928823867999881, 7.524016098000175 ], [ -2.92802525999997, 7.532801863000145 ], [ -2.927226620999875, 7.541587622000065 ], [ -2.926427948999958, 7.550373376000152 ], [ -2.925629244999868, 7.559159125000122 ], [ -2.924830507999957, 7.567944870000076 ], [ -2.924031738999929, 7.576730609000037 ], [ -2.923232937999956, 7.585516343000052 ], [ -2.922434104999923, 7.594302072000062 ], [ -2.921635238999897, 7.603087797000171 ], [ -2.92083633999988, 7.611873516000117 ], [ -2.918088722999926, 7.617182505000187 ], [ -2.917271740999979, 7.618761089999964 ], [ -2.913707027999919, 7.625648631999979 ], [ -2.910142199999939, 7.632536143000095 ], [ -2.906577258999846, 7.639423622000038 ], [ -2.903012203999936, 7.646311069000149 ], [ -2.89944703399982, 7.653198485000132 ], [ -2.896263159999819, 7.66112436200001 ], [ -2.893079168999975, 7.669050212000172 ], [ -2.889895058999969, 7.676976036000099 ], [ -2.886710831999949, 7.684901834000073 ], [ -2.88352648699987, 7.692827605000105 ], [ -2.880342022999912, 7.700753349000081 ], [ -2.877256230999876, 7.7077119490001 ], [ -2.874170337999885, 7.714670525000145 ], [ -2.871084343999826, 7.721629076000056 ], [ -2.867998248999925, 7.728587602000118 ], [ -2.863615927999945, 7.738082682000083 ], [ -2.861737758999823, 7.742986728000119 ], [ -2.859024879999879, 7.747369071000037 ], [ -2.855199135999953, 7.753490475000092 ], [ -2.851373280999951, 7.759611842000083 ], [ -2.847547315999975, 7.765733174000104 ], [ -2.8473609159999, 7.767736971999966 ], [ -2.847342565999895, 7.767934234000165 ], [ -2.846712583999818, 7.77470654300015 ], [ -2.845669168999905, 7.777002054999969 ], [ -2.84525180299994, 7.783888594000189 ], [ -2.841599889999827, 7.788479636000091 ], [ -2.837947897999925, 7.793070646 ], [ -2.833426528999894, 7.797522599000047 ], [ -2.828905063999969, 7.801974503000167 ], [ -2.824383503999968, 7.806426357000078 ], [ -2.826991993999968, 7.813938954000037 ], [ -2.829600577999884, 7.821451532000083 ], [ -2.829132355999946, 7.821928963000062 ], [ -2.825886259999947, 7.825238899 ], [ -2.824279367999964, 7.826877393000018 ], [ -2.818958020999958, 7.832303185000114 ], [ -2.813636535999933, 7.837728908000031 ], [ -2.808314912999947, 7.843154563000155 ], [ -2.804349969999976, 7.846702193000056 ], [ -2.800384959999917, 7.85024978500013 ], [ -2.794750518999933, 7.854006079000101 ], [ -2.789324760999818, 7.859014471000023 ], [ -2.788490095999919, 7.867320064000069 ], [ -2.78765539699998, 7.875625652 ], [ -2.786820664999937, 7.883931235000034 ], [ -2.785985899999957, 7.892236813000125 ], [ -2.785151100999883, 7.900542386000154 ], [ -2.783690388999901, 7.910308760000021 ], [ -2.782855690999952, 7.918823031000045 ], [ -2.782020959999898, 7.927337297 ], [ -2.78118619299994, 7.935851558000081 ], [ -2.780351392999876, 7.944365814000037 ], [ -2.779516660999889, 7.948748157000182 ], [ -2.77901279699995, 7.949629920000064 ], [ -2.778681928999958, 7.950208938000173 ], [ -2.776803781999888, 7.950834987000178 ], [ -2.7732561709999, 7.950208938000173 ], [ -2.768456461999961, 7.948330791000103 ], [ -2.766369631999964, 7.946870010000112 ], [ -2.761569922999911, 7.939774787999966 ], [ -2.761152556999946, 7.937896641000123 ], [ -2.759671379999872, 7.935718396000084 ], [ -2.756289587999845, 7.931615894000117 ], [ -2.75385026299989, 7.928843934000099 ], [ -2.753074113999958, 7.92767971100011 ], [ -2.753018674999907, 7.925295825000035 ], [ -2.747751950999884, 7.922412987000087 ], [ -2.746864923999965, 7.922579304000067 ], [ -2.746421409999925, 7.923355453000056 ], [ -2.745867017999899, 7.926626366000107 ], [ -2.745756139999969, 7.927347076000046 ], [ -2.746033335999869, 7.928123225000036 ], [ -2.745589821999943, 7.929564644000038 ], [ -2.74470279499991, 7.930950624000104 ], [ -2.742596104999961, 7.933667145000072 ], [ -2.742152590999979, 7.934221537000155 ], [ -2.741154685999902, 7.935108564000075 ], [ -2.739657826999974, 7.938601234000032 ], [ -2.738493603999927, 7.942481979000036 ], [ -2.737218501999905, 7.948136777000059 ], [ -2.735666203999926, 7.951296812000123 ], [ -2.730066844999897, 7.958226712999988 ], [ -2.729346134999957, 7.958503909 ], [ -2.727572080999892, 7.959779010000091 ], [ -2.7261306609999, 7.962550970000109 ], [ -2.725077315999954, 7.964602221000121 ], [ -2.715763529999947, 7.972252831000048 ], [ -2.714211231999911, 7.972973541000158 ], [ -2.711408775999928, 7.976573006000024 ], [ -2.708606270999951, 7.980172450999987 ], [ -2.703991652999889, 7.984589373000063 ], [ -2.699376935999965, 7.989006243000119 ], [ -2.696212592999927, 7.992434281000101 ], [ -2.694630420999943, 7.995071234000022 ], [ -2.694234877999975, 7.998499273000107 ], [ -2.691334229999939, 8.001531769000167 ], [ -2.689224667999952, 8.00232285400017 ], [ -2.687426069999958, 8.004398617000049 ], [ -2.687170225999864, 8.007809868000152 ], [ -2.688064303999852, 8.009736991000125 ], [ -2.688444237999931, 8.011365279000074 ], [ -2.687195883999948, 8.012993567000137 ], [ -2.683797647999882, 8.0173318410001 ], [ -2.679488652999964, 8.020863627000097 ], [ -2.677263324999956, 8.022600468000178 ], [ -2.675363655999888, 8.024283032000142 ], [ -2.675363655999888, 8.025368558000082 ], [ -2.675037997999937, 8.026671189000126 ], [ -2.673843919999911, 8.026942570000074 ], [ -2.666141194999852, 8.028701382000122 ], [ -2.65843840499997, 8.030460050000158 ], [ -2.650735546999897, 8.03221857300008 ], [ -2.643032623999886, 8.033976951999989 ], [ -2.635329633999902, 8.035735187000057 ], [ -2.627626577999933, 8.037493277000067 ], [ -2.619923455999924, 8.039251223 ], [ -2.615919047999967, 8.036742473000118 ], [ -2.611914689999935, 8.034233683000025 ], [ -2.596862069999872, 8.040891573000067 ], [ -2.592954240999916, 8.047452991000057 ], [ -2.589046285999871, 8.05401437 ], [ -2.586344533999977, 8.058066998000129 ], [ -2.584028745999944, 8.061637171000029 ], [ -2.582195413999955, 8.065400326000088 ], [ -2.57959015299997, 8.075145933000101 ], [ -2.582870751999963, 8.081353559000149 ], [ -2.586151450999978, 8.087561157000039 ], [ -2.589432250999948, 8.093768726000064 ], [ -2.59401531899988, 8.101463977000037 ], [ -2.59859856199995, 8.109159174000183 ], [ -2.601167320999934, 8.113471888000106 ], [ -2.603181978999942, 8.116854317000104 ], [ -2.607765569999913, 8.124549404999982 ], [ -2.613748021999925, 8.136321326000143 ], [ -2.614616441999942, 8.137865185000067 ], [ -2.610853286999941, 8.147707282 ], [ -2.60863399099992, 8.151856402000135 ], [ -2.607958552999889, 8.152145876000077 ], [ -2.60680065899993, 8.152145876000077 ], [ -2.605932237999923, 8.152338858000064 ], [ -2.60361644999989, 8.153014295999981 ], [ -2.601976100999877, 8.153496752000137 ], [ -2.601958441999955, 8.153546198000129 ], [ -2.601493644999948, 8.15484762799997 ], [ -2.601300662999961, 8.15629499500011 ], [ -2.600432241999954, 8.157163416000117 ], [ -2.600142768999888, 8.158224818000178 ], [ -2.599177856999916, 8.16169850000017 ], [ -2.598309436999898, 8.16304937600006 ], [ -2.597055051999973, 8.16353183200016 ], [ -2.59522171999987, 8.165751129000057 ], [ -2.593098913999938, 8.16893533700005 ], [ -2.592519967999976, 8.170672178000132 ], [ -2.589914705999888, 8.172312527000088 ], [ -2.587598918999959, 8.173470421000104 ], [ -2.584993656999927, 8.173856386000182 ], [ -2.581519975999925, 8.173663403000091 ], [ -2.580169099999978, 8.172987965000175 ], [ -2.5757305059999, 8.169610774999967 ], [ -2.573028753999949, 8.167873934000056 ], [ -2.570809456999882, 8.167102005000061 ], [ -2.569169107999869, 8.166619549000131 ], [ -2.567335775999879, 8.166137092999975 ], [ -2.56434454999993, 8.166330076000065 ], [ -2.562414726999975, 8.166619549000131 ], [ -2.560291920999816, 8.167391478000127 ], [ -2.557879642999978, 8.168356390000042 ], [ -2.556046310999875, 8.169417793000036 ], [ -2.553634031999877, 8.169321301000025 ], [ -2.551028769999959, 8.167970424999965 ], [ -2.548327017999952, 8.167680952000126 ], [ -2.54137620299997, 8.172369236000065 ], [ -2.534425225999939, 8.177057400000024 ], [ -2.52747408599987, 8.181745443000011 ], [ -2.520522783999979, 8.186433366000017 ], [ -2.513571318999936, 8.191121168000109 ], [ -2.506619690999912, 8.195808849000116 ], [ -2.499667900999839, 8.200496409000039 ], [ -2.492715947999898, 8.205183848000161 ], [ -2.493830909999872, 8.213589306000188 ], [ -2.494945918999917, 8.221994758000051 ], [ -2.496060974999921, 8.230400203000158 ], [ -2.497540474999937, 8.238762774000122 ], [ -2.500049223999952, 8.253879725000047 ], [ -2.501078444999905, 8.26063410900008 ], [ -2.502107700999829, 8.267388487000119 ], [ -2.503136992999885, 8.274142861000087 ], [ -2.504595018999908, 8.282719862000022 ], [ -2.506053106999957, 8.291296853000119 ], [ -2.507511258999898, 8.299873836000074 ], [ -2.514158284999894, 8.342115539000076 ], [ -2.516774273999829, 8.358840672000042 ], [ -2.518060740999942, 8.36711748099998 ], [ -2.519347262999929, 8.375394281000013 ], [ -2.52063383899997, 8.383671075000052 ], [ -2.521920468999895, 8.391947860000016 ], [ -2.523207153999977, 8.400224638000054 ], [ -2.524456795999811, 8.407925572000067 ], [ -2.525706486999979, 8.415626499000155 ], [ -2.526956227999847, 8.423327419000145 ], [ -2.527789167999913, 8.42845980400017 ], [ -2.528206017999935, 8.431028333000143 ], [ -2.529455856999903, 8.438729239000168 ], [ -2.53070574599991, 8.446430138000039 ], [ -2.53322369599988, 8.462217930000179 ], [ -2.534491758999934, 8.470304823000049 ], [ -2.535759875999872, 8.478391708000117 ], [ -2.537028044999886, 8.486478586000032 ], [ -2.538296267999954, 8.494565457000078 ], [ -2.539564542999813, 8.502652320000152 ], [ -2.540832871999953, 8.510739175000026 ], [ -2.542093583999872, 8.518767254000181 ], [ -2.543354348999856, 8.52679532600007 ], [ -2.544615166999904, 8.534823390000099 ], [ -2.545876036999971, 8.542851447000089 ], [ -2.547136959999932, 8.55087949600005 ], [ -2.548466340999937, 8.558513026000185 ], [ -2.549795774999893, 8.566146549 ], [ -2.55206869899996, 8.580298582000069 ], [ -2.553012167999952, 8.586817096000118 ], [ -2.553955668999947, 8.59333560500005 ], [ -2.555413592999969, 8.601934063000101 ], [ -2.556871581999872, 8.610532511000088 ], [ -2.558329637999975, 8.61913095 ], [ -2.559787758999846, 8.627729379000129 ], [ -2.561245946999975, 8.636327799000128 ], [ -2.562704199999928, 8.644926210000051 ], [ -2.564247995999949, 8.652602627000022 ], [ -2.565791854999873, 8.660279034000041 ], [ -2.567335775999879, 8.667955432000156 ], [ -2.568279209999957, 8.674902800000154 ], [ -2.569222678999949, 8.681850164000139 ], [ -2.570166182999969, 8.688797522000129 ], [ -2.571559795999974, 8.696817030000034 ], [ -2.572953467999923, 8.70483653000008 ], [ -2.574347198999931, 8.712856021999983 ], [ -2.575740989999815, 8.720875505000151 ], [ -2.577134839999928, 8.728894979000017 ], [ -2.579900912999904, 8.745384246000015 ], [ -2.586600144999977, 8.786730090000106 ], [ -2.586762661999956, 8.787733121000031 ], [ -2.591840686999888, 8.787983097000108 ], [ -2.600728608999873, 8.787840891000087 ], [ -2.602292882999905, 8.787627580000105 ], [ -2.604070467999975, 8.787343167000131 ], [ -2.605492534999883, 8.786489926000115 ], [ -2.60691460299995, 8.785210066000104 ], [ -2.608194463999951, 8.783787998000037 ], [ -2.609332117999941, 8.783076963999974 ], [ -2.610327564999977, 8.782579241000121 ], [ -2.611465218999967, 8.782294827000044 ], [ -2.613527216999955, 8.782294827000044 ], [ -2.615091490999873, 8.782650344000047 ], [ -2.616513558999941, 8.78350358400013 ], [ -2.61786452299998, 8.784641239 ], [ -2.618646659999968, 8.785778892999986 ], [ -2.620495347999963, 8.787769787000059 ], [ -2.621821787999977, 8.788816977000181 ], [ -2.621846311999946, 8.788836338000124 ], [ -2.62604141199995, 8.791680473000156 ], [ -2.629917784999975, 8.794087764000096 ], [ -2.630130010999949, 8.794597105999969 ], [ -2.629832894999936, 8.795891683000093 ], [ -2.628032305999909, 8.799572948000105 ], [ -2.627534582999942, 8.800497292000045 ], [ -2.624263826999936, 8.806256665000035 ], [ -2.623410586999967, 8.8073232160001 ], [ -2.622415138999941, 8.808247560000041 ], [ -2.621348588999979, 8.809171904000095 ], [ -2.620210934999818, 8.809740731000034 ], [ -2.618291142999965, 8.810665075000088 ], [ -2.616655765999894, 8.81137610900015 ], [ -2.615162594999902, 8.811944936000032 ], [ -2.612247355999955, 8.813153693000118 ], [ -2.61068308199998, 8.814006934000133 ], [ -2.60940322099998, 8.814860174000046 ], [ -2.599448747999929, 8.821757202000128 ], [ -2.59859550799996, 8.822610442000041 ], [ -2.598026680999965, 8.823534786000096 ], [ -2.597528956999895, 8.824530234000065 ], [ -2.597315646999846, 8.825596784000027 ], [ -2.597031232999939, 8.827161059000048 ], [ -2.5969601299999, 8.829080849999968 ], [ -2.5969601299999, 8.830645124000114 ], [ -2.597102336999967, 8.832138295000107 ], [ -2.597600059999934, 8.833702569000025 ], [ -2.59923543799988, 8.83704442800007 ], [ -2.600159781999878, 8.838537599000063 ], [ -2.601439642999935, 8.840315184000133 ], [ -2.602363986999933, 8.841523941000048 ], [ -2.60350164099998, 8.842946009000116 ], [ -2.60463929499997, 8.844154766000031 ], [ -2.605848051999885, 8.845221317000096 ], [ -2.607199015999925, 8.846358971000086 ], [ -2.608692186999917, 8.848989796000069 ], [ -2.609261013999912, 8.850554070000157 ], [ -2.609687634999887, 8.852331654000182 ], [ -2.610256461999938, 8.853967032000128 ], [ -2.61068308199998, 8.855175790000089 ], [ -2.614380457999857, 8.862854954000113 ], [ -2.615304801999969, 8.864561436000088 ], [ -2.617935626999952, 8.868258811000032 ], [ -2.621064174999958, 8.872738324000181 ], [ -2.621561898999971, 8.87359156499997 ], [ -2.622201828999948, 8.875013632000162 ], [ -2.622770655999943, 8.87636459600003 ], [ -2.623126172999946, 8.877360044000113 ], [ -2.62324638299998, 8.878441620000103 ], [ -2.622313673999884, 8.890946830000075 ], [ -2.621657322999852, 8.894954025000061 ], [ -2.621035516999939, 8.896888532000162 ], [ -2.619446456999981, 8.901068450000139 ], [ -2.617995576999931, 8.904730197000163 ], [ -2.617546493999896, 8.906111988000021 ], [ -2.616786508999894, 8.911086436 ], [ -2.616648329999919, 8.912468227000033 ], [ -2.616648329999919, 8.914057287000048 ], [ -2.618341023999903, 8.921599564000189 ], [ -2.618617382999957, 8.922382579000043 ], [ -2.619953113999884, 8.923672250000095 ], [ -2.62957959199997, 8.929153355000153 ], [ -2.631099561999974, 8.92993637 ], [ -2.635383114999968, 8.931824818000109 ], [ -2.636580666999976, 8.932331475000069 ], [ -2.637686099999939, 8.932607833000191 ], [ -2.63888365299988, 8.932746012000166 ], [ -2.640864219999912, 8.93343690800009 ], [ -2.643397503999893, 8.934634460000098 ], [ -2.645285950999835, 8.93587807200015 ], [ -2.64675986199984, 8.93721380400018 ], [ -2.647358637999901, 8.937858639000126 ], [ -2.651227652999921, 8.942971267000189 ], [ -2.65168824999995, 8.943892461000019 ], [ -2.652102787999979, 8.944951834000051 ], [ -2.653070041999968, 8.951998969000044 ], [ -2.653346399999919, 8.957065536000073 ], [ -2.653392459999907, 8.957848551000154 ], [ -2.653530638999882, 8.958861865000131 ], [ -2.653853056999935, 8.960243656000159 ], [ -2.654682130999959, 8.963606014 ], [ -2.655373026999825, 8.967106552000075 ], [ -2.656063921999873, 8.972725836000166 ], [ -2.657215414999939, 8.979911150000135 ], [ -2.658136608999939, 8.983135329 ], [ -2.658228727999926, 8.983872284000142 ], [ -2.658182668999928, 8.985392255000022 ], [ -2.657952369999975, 8.988938852000103 ], [ -2.65758389299998, 8.989675807000083 ], [ -2.657031175999975, 8.99078124000016 ], [ -2.656524518999959, 8.991932733000112 ], [ -2.655925742999898, 8.993590882000092 ], [ -2.655695444999935, 8.99497267300012 ], [ -2.654497891999881, 9.004460972000118 ], [ -2.654497891999881, 9.005382166000118 ], [ -2.654590011999971, 9.006441540000026 ], [ -2.654728190999947, 9.007593032000102 ], [ -2.656432399999971, 9.010402674000034 ], [ -2.657077235999964, 9.011462047000066 ], [ -2.657814190999943, 9.01265960000012 ], [ -2.661314728999912, 9.016574675000129 ], [ -2.664124370999957, 9.019246138000085 ], [ -2.669651534999957, 9.022470317000113 ], [ -2.671263624999938, 9.023069093000117 ], [ -2.674994460999869, 9.024036347000049 ], [ -2.67600777399997, 9.024220586000069 ], [ -2.676882908999914, 9.024358765000045 ], [ -2.677711983999927, 9.024404824000044 ], [ -2.678448938999907, 9.024404824000044 ], [ -2.679093774999956, 9.024404824000044 ], [ -2.679968908999967, 9.024220586000069 ], [ -2.681120401999976, 9.024082407000094 ], [ -2.68521971499996, 9.02362180900019 ], [ -2.690746879999949, 9.023898168000073 ], [ -2.691575954999962, 9.024036347000049 ], [ -2.692589267999949, 9.02431270500017 ], [ -2.693234103999941, 9.02449694400002 ], [ -2.69461589499997, 9.025095720000024 ], [ -2.696320103999938, 9.025740556000073 ], [ -2.699037626999882, 9.026569631000029 ], [ -2.700143059999959, 9.02689204800015 ], [ -2.70083395499995, 9.027030228000058 ], [ -2.704702969999971, 9.027398705000053 ], [ -2.707192279999958, 9.027435859000093 ], [ -2.707788970999957, 9.027444765000155 ], [ -2.709124701999883, 9.027813243000082 ], [ -2.712164642999937, 9.028826556000183 ], [ -2.71414520999997, 9.029655631000082 ], [ -2.716448194999828, 9.030668944000183 ], [ -2.719718433999958, 9.03177437700009 ], [ -2.721238403999962, 9.03218891500012 ], [ -2.722435956999902, 9.032511332000013 ], [ -2.723725627999954, 9.032833750000066 ], [ -2.72446258399998, 9.032787691000067 ], [ -2.72547589699991, 9.032649512000091 ], [ -2.726489210999887, 9.032142855000188 ], [ -2.726903747999927, 9.031544079000014 ], [ -2.727226165999866, 9.031037422000111 ], [ -2.727963120999902, 9.030254407000086 ], [ -2.728654016999883, 9.030116228000111 ], [ -2.729851568999948, 9.030116228000111 ], [ -2.732292733999941, 9.030208346999984 ], [ -2.733075748999966, 9.030530765000037 ], [ -2.73395088299992, 9.030945303000067 ], [ -2.73487207699992, 9.031313780000062 ], [ -2.735931449999896, 9.031636198000115 ], [ -2.740675599999975, 9.032050735000041 ], [ -2.742195569999978, 9.032050735000041 ], [ -2.743807659999959, 9.031866497000067 ], [ -2.746433062999927, 9.031728316999988 ], [ -2.747400316999915, 9.03177437700009 ], [ -2.748229390999938, 9.031912556000066 ], [ -2.749703301999944, 9.032373153000037 ], [ -2.751637809999977, 9.03311010900012 ], [ -2.752328704999854, 9.033570706000091 ], [ -2.752420823999842, 9.034491900000148 ], [ -2.752881421999916, 9.034998557000051 ], [ -2.753157779999981, 9.035228855000071 ], [ -2.755552883999883, 9.036518527000055 ], [ -2.756243779999977, 9.036794885000177 ], [ -2.757303152999953, 9.036794885000177 ], [ -2.758454645999905, 9.036794885000177 ], [ -2.75932977999986, 9.03688700400005 ], [ -2.760204914999974, 9.036979124000027 ], [ -2.761126108999974, 9.037209422000103 ], [ -2.761863063999954, 9.037716079000177 ], [ -2.762738197999965, 9.038545154000133 ], [ -2.763659391999965, 9.039604527000108 ], [ -2.765041183999926, 9.041907512000137 ], [ -2.765041183999926, 9.042460229000142 ], [ -2.765179362999959, 9.042874766000068 ], [ -2.765962377999927, 9.045039572000121 ], [ -2.766422974999841, 9.04550016900015 ], [ -2.767159929999877, 9.046006826000053 ], [ -2.767850825999858, 9.046375304000151 ], [ -2.769232616999943, 9.046743780999975 ], [ -2.770153810999886, 9.046743780999975 ], [ -2.771121064999875, 9.046605602 ], [ -2.772042258999932, 9.046789841000077 ], [ -2.772779213999968, 9.047526796000056 ], [ -2.773331929999927, 9.048540110000033 ], [ -2.775128258999871, 9.052178825999988 ], [ -2.779503930999908, 9.061068349000038 ], [ -2.779964527999937, 9.06203560300014 ], [ -2.780010587999925, 9.063233155000091 ], [ -2.779826348999961, 9.064522827000019 ], [ -2.779365751999933, 9.065674320000028 ], [ -2.778720915999884, 9.06664157400013 ], [ -2.777016706999916, 9.068622141000105 ], [ -2.775082198999883, 9.070280290000085 ], [ -2.774207064999871, 9.070925126000134 ], [ -2.77259497499989, 9.072122678000142 ], [ -2.770522287999825, 9.074011126000073 ], [ -2.76964715399987, 9.074978380000118 ], [ -2.768679899999881, 9.076083813000025 ], [ -2.767989004999833, 9.076912888000152 ], [ -2.765916317999938, 9.079998888000034 ], [ -2.764442406999933, 9.082255813000188 ], [ -2.763567272999978, 9.083729724000023 ], [ -2.762784257999954, 9.08506545500012 ], [ -2.761817003999965, 9.087184202 ], [ -2.761126108999974, 9.089763544999983 ], [ -2.760803690999865, 9.091421695000065 ], [ -2.760619451999958, 9.092803486000093 ], [ -2.760619451999958, 9.094415574999971 ], [ -2.760665511999889, 9.095290710000029 ], [ -2.760987929999828, 9.097547635000126 ], [ -2.761356406999937, 9.099390024000058 ], [ -2.762047302999974, 9.101739069000189 ], [ -2.762646078999978, 9.103443278000043 ], [ -2.763567272999978, 9.105562024000051 ], [ -2.764718765999874, 9.109431039000185 ], [ -2.764903003999848, 9.11039829300006 ], [ -2.765179362999959, 9.112931577000097 ], [ -2.765271481999946, 9.113990950000073 ], [ -2.765363600999933, 9.115234562000126 ], [ -2.765225421999958, 9.116155756000126 ], [ -2.764903003999848, 9.117215129000101 ], [ -2.764718765999874, 9.118504801000086 ], [ -2.764856944999963, 9.119840532000183 ], [ -2.765087242999812, 9.121636861000013 ], [ -2.765593899999885, 9.123018652000042 ], [ -2.766284795999866, 9.1248149810001 ], [ -2.766883571999927, 9.126288891 ], [ -2.76771264599995, 9.127993100000083 ], [ -2.769416854999918, 9.13020396600001 ], [ -2.770798646999935, 9.131769996000116 ], [ -2.771581661999903, 9.132599071000072 ], [ -2.772088317999817, 9.133336026 ], [ -2.772502855999903, 9.134119041000019 ], [ -2.773055571999976, 9.135224474000097 ], [ -2.77365434799998, 9.136514146000081 ], [ -2.773838586999943, 9.137573519000057 ], [ -2.773884646999932, 9.139415907000057 ], [ -2.773700407999968, 9.140567400000066 ], [ -2.773377989999915, 9.141718892000142 ], [ -2.772963452999932, 9.142916444000093 ], [ -2.772364676999928, 9.143791579000094 ], [ -2.771992657999874, 9.144273015000124 ], [ -2.771581661999903, 9.144804892000025 ], [ -2.770798646999935, 9.145726086000025 ], [ -2.769002317999934, 9.147061818000054 ], [ -2.767344168999955, 9.14825937 ], [ -2.766284795999866, 9.148904206000111 ], [ -2.765041183999926, 9.149641161000034 ], [ -2.763751511999942, 9.150285997000083 ], [ -2.762784257999954, 9.150746594000111 ], [ -2.761724884999978, 9.15120719100014 ], [ -2.76034309399995, 9.151621729000112 ], [ -2.75932977999986, 9.151852027000189 ], [ -2.757947988999945, 9.152036266000039 ], [ -2.75371049599994, 9.152542923000169 ], [ -2.751914167999928, 9.152496863000067 ], [ -2.749887540999907, 9.152358684000092 ], [ -2.748413629999902, 9.152358684000092 ], [ -2.746847599999853, 9.152450802999965 ], [ -2.745650047999959, 9.152727162000019 ], [ -2.741504673999884, 9.1544774300001 ], [ -2.740767718999962, 9.154799848000096 ], [ -2.737681718999966, 9.156550117000052 ], [ -2.736760524999966, 9.157148893000056 ], [ -2.735562972999901, 9.15793190800008 ], [ -2.733996942999909, 9.15926764000011 ], [ -2.733029688999977, 9.160373073000187 ], [ -2.727087986999891, 9.16774262500013 ], [ -2.725982553999927, 9.169216536000135 ], [ -2.725660135999874, 9.169907431000183 ], [ -2.720962045999897, 9.181238119000113 ], [ -2.718198463999954, 9.188285254000107 ], [ -2.71759968799995, 9.190450059999989 ], [ -2.717461508999975, 9.191739731000041 ], [ -2.717461508999975, 9.193075463000071 ], [ -2.717461508999975, 9.194273015000022 ], [ -2.717783926999857, 9.195700866000152 ], [ -2.718106344999967, 9.197220836000156 ], [ -2.718244523999942, 9.198464447999982 ], [ -2.717829985999913, 9.200306836000038 ], [ -2.717323329999942, 9.201320150000015 ], [ -2.715803358999949, 9.204129792000174 ], [ -2.715158522999957, 9.205097046000049 ], [ -2.714559746999896, 9.20588006100013 ], [ -2.71373067299993, 9.206893374 ], [ -2.71050239099992, 9.20969570200009 ], [ -2.707098074999976, 9.212650837000069 ], [ -2.704749029999959, 9.21444716600007 ], [ -2.703505417999963, 9.215368360000127 ], [ -2.702307865999956, 9.216059255000175 ], [ -2.700880014999939, 9.216704091000054 ], [ -2.698116432999882, 9.218131942000127 ], [ -2.696826760999841, 9.218961017000083 ], [ -2.696089805999975, 9.219559793000087 ], [ -2.695398909999938, 9.220342808000112 ], [ -2.695076491999885, 9.221033704000092 ], [ -2.694754073999945, 9.221770659000015 ], [ -2.694661954999958, 9.222599733000095 ], [ -2.694523775999869, 9.223843346000024 ], [ -2.694063178999954, 9.224626360000173 ], [ -2.693464402999894, 9.225409375000027 ], [ -2.68899661099988, 9.227850540000134 ], [ -2.686371207999912, 9.228725674000032 ], [ -2.684943356999895, 9.229140212000061 ], [ -2.683285207999916, 9.229785047000064 ], [ -2.679324072999918, 9.231581376000065 ], [ -2.670388490999926, 9.236049166999976 ], [ -2.66955941599997, 9.236509764000175 ], [ -2.666934012999889, 9.238075794000054 ], [ -2.665690400999949, 9.23890486900001 ], [ -2.663709832999928, 9.240516959 ], [ -2.662834698999916, 9.241530272000091 ], [ -2.661683205999964, 9.242912063000119 ], [ -2.660946250999814, 9.244017496000026 ], [ -2.659103862999871, 9.246965317000104 ], [ -2.657610809999881, 9.252488296000081 ], [ -2.65751841499997, 9.253366042999971 ], [ -2.65751841499997, 9.254059001000144 ], [ -2.658026583999913, 9.259417874000064 ], [ -2.658165175999898, 9.259972240000081 ], [ -2.658765738999875, 9.260619001000066 ], [ -2.660013062999951, 9.261958719000063 ], [ -2.66153756999995, 9.263390832000141 ], [ -2.66287728899988, 9.26385280400018 ], [ -2.66366264099986, 9.264545762000125 ], [ -2.665140950999955, 9.266439846000026 ], [ -2.665741513999933, 9.267548579000163 ], [ -2.665972499999839, 9.268564917000049 ], [ -2.66629587999995, 9.269488860000024 ], [ -2.6668502469999, 9.27055139600003 ], [ -2.668420950999916, 9.272815058000106 ], [ -2.674888556999917, 9.278589706000048 ], [ -2.678769119999913, 9.281962100000044 ], [ -2.684266584999932, 9.285796467000125 ], [ -2.688840106999919, 9.285750269 ], [ -2.690272218999837, 9.285103509000123 ], [ -2.691519542999913, 9.284595340000124 ], [ -2.692304895999882, 9.284410551000178 ], [ -2.693090247999919, 9.284456748000025 ], [ -2.700712782999915, 9.285935058000121 ], [ -2.702006303999951, 9.286258438000061 ], [ -2.70329982599992, 9.286674213000083 ], [ -2.706210247999877, 9.288060128999973 ], [ -2.70805813599992, 9.289122664000047 ], [ -2.709213064999972, 9.289861819 ], [ -2.71013700899988, 9.290693368000177 ], [ -2.710737571999914, 9.291386326000122 ], [ -2.716558417999977, 9.298315904000106 ], [ -2.716881797999974, 9.298824073000105 ], [ -2.717297572999939, 9.300718157000176 ], [ -2.717620952999937, 9.303074214000162 ], [ -2.717713346999972, 9.304090552000048 ], [ -2.717759543999875, 9.305430270000045 ], [ -2.717944332999878, 9.306261820000088 ], [ -2.718221515999915, 9.307093369000086 ], [ -2.719145459999879, 9.309264637000126 ], [ -2.71946883999982, 9.310003790999986 ], [ -2.719884614999955, 9.310835341000086 ], [ -2.720531375999883, 9.311713087000044 ], [ -2.720947149999915, 9.3127294250001 ], [ -2.721085741999843, 9.313607172000161 ], [ -2.721409121999955, 9.323862947000066 ], [ -2.721362924999937, 9.324925481999969 ], [ -2.721270529999856, 9.326172806000159 ], [ -2.720947149999915, 9.330053370000087 ], [ -2.720762360999913, 9.331208299000139 ], [ -2.720392783999955, 9.333148581000103 ], [ -2.719746022999914, 9.334349708000104 ], [ -2.719237853999971, 9.335088863000067 ], [ -2.717944332999878, 9.336059004000106 ], [ -2.717251374999933, 9.336567173000162 ], [ -2.716327431999957, 9.337121539 ], [ -2.715680670999916, 9.33749111700007 ], [ -2.714248557999895, 9.338091680000105 ], [ -2.712400670999955, 9.338738441000032 ], [ -2.710275599999875, 9.339385201000084 ], [ -2.708658698999955, 9.339754779000145 ], [ -2.707318980999958, 9.339939567000158 ], [ -2.706487430999971, 9.339985764000119 ], [ -2.704916726999954, 9.339847173000123 ], [ -2.703623205999975, 9.339754779000145 ], [ -2.702791656999977, 9.339985764000119 ], [ -2.702144895999936, 9.340586328000086 ], [ -2.698449120999953, 9.345021258000031 ], [ -2.697802360999901, 9.345852807000028 ], [ -2.697201796999877, 9.346730553000157 ], [ -2.696878416999937, 9.347331117000124 ], [ -2.6966012339999, 9.348070272000086 ], [ -2.696185458999878, 9.348994216000165 ], [ -2.694660951999879, 9.35130407500003 ], [ -2.693875599999899, 9.352043230000163 ], [ -2.692813064999939, 9.352967173000138 ], [ -2.691842923999957, 9.353660131000083 ], [ -2.690780387999951, 9.354214497000157 ], [ -2.689071092999939, 9.35504604700003 ], [ -2.68782376899992, 9.355646610000065 ], [ -2.68676123299997, 9.356154779000121 ], [ -2.685744894999971, 9.356847737000066 ], [ -2.68463616299988, 9.357771681000145 ], [ -2.683065458999977, 9.359111399000142 ], [ -2.682326303999901, 9.359942948000082 ], [ -2.680940387999897, 9.361837033000029 ], [ -2.679508274999876, 9.363823512000181 ], [ -2.677706584999953, 9.367149709000159 ], [ -2.677244612999914, 9.368119850000028 ], [ -2.676875035999956, 9.369136188000141 ], [ -2.676459260999934, 9.370291118000125 ], [ -2.676043485999912, 9.371584639000105 ], [ -2.673826021999957, 9.382856752000066 ], [ -2.673595035999938, 9.384104076000085 ], [ -2.673502640999914, 9.385212809000052 ], [ -2.673456443999896, 9.386321541000143 ], [ -2.673502640999914, 9.387799851000068 ], [ -2.673595035999938, 9.390017316000126 ], [ -2.675258133999932, 9.399118161000047 ], [ -2.67562771199988, 9.400873654000122 ], [ -2.676875035999956, 9.406740697000146 ], [ -2.677706584999953, 9.409189147000063 ], [ -2.678214753999953, 9.410667457000159 ], [ -2.678722922999839, 9.412145767000084 ], [ -2.679877852999937, 9.414455627000052 ], [ -2.680847993999976, 9.416026331000182 ], [ -2.681356162999919, 9.416719289000127 ], [ -2.682464894999896, 9.418105204000142 ], [ -2.684405176999974, 9.420784641000068 ], [ -2.684867148999899, 9.421523796000031 ], [ -2.685929683999973, 9.423787458000106 ], [ -2.686484049999933, 9.425080979000086 ], [ -2.687638979999917, 9.428129993000141 ], [ -2.688147148999974, 9.430809430000068 ], [ -2.688470528999972, 9.433119289000103 ], [ -2.688562923999882, 9.433858444000066 ], [ -2.688701514999821, 9.43496717700009 ], [ -2.688793908999912, 9.435844923000047 ], [ -2.689810247999958, 9.44665506399997 ], [ -2.689948838999896, 9.449149712000178 ], [ -2.689948838999896, 9.45035083900018 ], [ -2.689948838999896, 9.45173675500007 ], [ -2.689948838999896, 9.45303027600005 ], [ -2.689902641999879, 9.453954220000128 ], [ -2.689810247999958, 9.454831966000086 ], [ -2.689717852999877, 9.455571121000048 ], [ -2.689440669999954, 9.457511403000012 ], [ -2.689024894999932, 9.458897318000027 ], [ -2.688147148999974, 9.461622952000141 ], [ -2.686946021999972, 9.465272530000107 ], [ -2.686391655999898, 9.467074219999972 ], [ -2.684682359999897, 9.473819009000181 ], [ -2.684543767999969, 9.474558164000143 ], [ -2.684174190999954, 9.477191404000052 ], [ -2.683666021999898, 9.484952531000147 ], [ -2.683943204999935, 9.486430841000072 ], [ -2.684959542999934, 9.488509714000031 ], [ -2.685513908999951, 9.489387460000046 ], [ -2.686576444999957, 9.490958165000052 ], [ -2.68703841599995, 9.491558728000086 ], [ -2.687160410999923, 9.49171356800008 ], [ -2.687202999999897, 9.491666 ], [ -2.698377322999875, 9.479185402000041 ], [ -2.70903885499996, 9.467285081000114 ], [ -2.724261879999915, 9.450304975999984 ], [ -2.724828312999875, 9.449678464000044 ], [ -2.724981572999866, 9.449598287000072 ], [ -2.725167611999893, 9.449552777 ], [ -2.725609405999933, 9.449570135000045 ], [ -2.72831929299997, 9.446442722000029 ], [ -2.732951029999867, 9.440107831000148 ], [ -2.733026192999944, 9.439976928000078 ], [ -2.733284352999931, 9.439713498000117 ], [ -2.733587313999919, 9.43941675800005 ], [ -2.73509798799995, 9.438043613000048 ], [ -2.735313126999927, 9.437878225000077 ], [ -2.735395644999926, 9.437843193000163 ], [ -2.735669605999931, 9.437746859000185 ], [ -2.735830243999885, 9.437745796 ], [ -2.739129799999944, 9.436219602000051 ], [ -2.742536791999953, 9.434001896000041 ], [ -2.743944659999897, 9.431732676000024 ], [ -2.743958866999947, 9.431527603000063 ], [ -2.743992564999871, 9.431313171000056 ], [ -2.744063977999929, 9.431093335000185 ], [ -2.744440079999947, 9.430267631000049 ], [ -2.74507073399991, 9.429138671000089 ], [ -2.745443960999978, 9.4286065390001 ], [ -2.745616568999935, 9.428403109000158 ], [ -2.745764555999926, 9.428288544 ], [ -2.74620779199995, 9.427987706000181 ], [ -2.746362949999877, 9.427886522000165 ], [ -2.746966104999956, 9.427512225000157 ], [ -2.749387383999931, 9.426139970000065 ], [ -2.749629035999931, 9.426155599000026 ], [ -2.749688182999932, 9.426148888000057 ], [ -2.749997242999939, 9.426059005000184 ], [ -2.75038831199987, 9.425888728000018 ], [ -2.750745690999963, 9.425690808000184 ], [ -2.751017137999952, 9.425536710000074 ], [ -2.751139516999956, 9.425465965000171 ], [ -2.75122671299988, 9.425399521000145 ], [ -2.75189743999988, 9.424819784000078 ], [ -2.752012445999981, 9.424716531000115 ], [ -2.75506233699997, 9.418115432000093 ], [ -2.758112112999925, 9.411514305000082 ], [ -2.766426120999938, 9.410584830000175 ], [ -2.76764785599994, 9.410476848000087 ], [ -2.767720621999899, 9.410471775000133 ], [ -2.768836858999975, 9.410954902000071 ], [ -2.769293926999978, 9.411297378000143 ], [ -2.76987453199996, 9.411807914000121 ], [ -2.770056002999979, 9.411981576000073 ], [ -2.770572674999926, 9.41264712100002 ], [ -2.770808329999966, 9.413047904000052 ], [ -2.770923832999927, 9.413277861000154 ], [ -2.770920668999906, 9.413300801999981 ], [ -2.770870120999916, 9.413667346000125 ], [ -2.770868447999931, 9.413963102000082 ], [ -2.771060126999828, 9.414281921000054 ], [ -2.771268296999892, 9.414553118000072 ], [ -2.771568196999965, 9.414902549000089 ], [ -2.773218307999969, 9.416590164000183 ], [ -2.777783450999948, 9.418039861000125 ], [ -2.78301775999995, 9.418625243000065 ], [ -2.785171770999909, 9.420640143000185 ], [ -2.789831700999912, 9.426486984000178 ], [ -2.794491786999856, 9.432333761000109 ], [ -2.796733663999873, 9.433301279000091 ], [ -2.802686660999939, 9.438698645000102 ], [ -2.808496376999869, 9.443570009000098 ], [ -2.811085510999874, 9.445812230000058 ], [ -2.814872026999922, 9.449355990000186 ], [ -2.820162651999965, 9.451838507000161 ], [ -2.823874351999962, 9.451248682000085 ], [ -2.855782771999941, 9.487707334000106 ], [ -2.893594350999876, 9.530910233000043 ], [ -2.911893443999872, 9.551818481000055 ], [ -2.916733593999879, 9.557348752000109 ], [ -2.921573900999874, 9.562878953000165 ], [ -2.926414363999925, 9.568409085000155 ], [ -2.928471447999925, 9.570393856000123 ], [ -2.928527731999964, 9.570448162000048 ], [ -2.930268671999954, 9.572058079000101 ], [ -2.934500521999894, 9.575319360000037 ], [ -2.934067167999899, 9.577648829000111 ], [ -2.933850894999978, 9.57812838600006 ], [ -2.933626981999907, 9.578902607000089 ], [ -2.933635917999936, 9.578981647999967 ], [ -2.934574963999921, 9.582496425000102 ], [ -2.934788221999895, 9.583192538000048 ], [ -2.935294807999981, 9.584642897000037 ], [ -2.935855207999964, 9.585420745000135 ], [ -2.936424588999955, 9.586192598000139 ], [ -2.936771465999925, 9.586634993000018 ], [ -2.936824735999892, 9.586663507000083 ], [ -2.936915942999974, 9.586673219000033 ], [ -2.937575717999948, 9.58710013100017 ], [ -2.93849003999992, 9.587738438000144 ], [ -2.93852430599992, 9.587767497000129 ], [ -2.938799607999954, 9.588212468000108 ], [ -2.938848033999875, 9.588294746000145 ], [ -2.940186407999875, 9.590650914000037 ], [ -2.940421859999901, 9.591068061000044 ], [ -2.94044827099998, 9.591120014000126 ], [ -2.941015060999973, 9.592470871999978 ], [ -2.942418117999978, 9.596297409000158 ], [ -2.942821571999957, 9.597672651999972 ], [ -2.942963911999925, 9.598326656000097 ], [ -2.942980834999901, 9.598523667000165 ], [ -2.943236606999903, 9.607361114000128 ], [ -2.94354576499984, 9.613593734000119 ], [ -2.943791395999824, 9.614880129000085 ], [ -2.944516980999879, 9.617259992000072 ], [ -2.94454785299996, 9.617333024000061 ], [ -2.944905823999932, 9.618115826 ], [ -2.94543081799992, 9.619087250000121 ], [ -2.945523224999931, 9.619235312000114 ], [ -2.947183555999914, 9.621382108000091 ], [ -2.948015968999869, 9.622331755000062 ], [ -2.968652371999895, 9.650305740000135 ], [ -2.985326647999898, 9.692338524000036 ], [ -2.999703989999887, 9.728580885000156 ], [ -3.00257318499996, 9.735813342000029 ], [ -3.005442503999973, 9.743045771000084 ], [ -3.010225898999977, 9.740272691000143 ], [ -3.018691179999962, 9.738415087000078 ], [ -3.027156367999964, 9.73655727400012 ], [ -3.035621461999938, 9.73469925 ], [ -3.040412778999894, 9.732788838000033 ], [ -3.045204041999853, 9.730878358000098 ], [ -3.046507718999976, 9.730132662000187 ], [ -3.047481633999894, 9.729502443000172 ], [ -3.048807831999966, 9.728293149000137 ], [ -3.050860946999933, 9.725156487000106 ], [ -3.051426867999965, 9.725099703000069 ], [ -3.056710221999936, 9.725491138 ], [ -3.06515028299998, 9.732597150000174 ], [ -3.071106584999939, 9.73975192600011 ], [ -3.07404143899987, 9.744753149000132 ], [ -3.075290425999981, 9.746881446999964 ], [ -3.076976380999952, 9.749754346000088 ], [ -3.079665186999932, 9.753686220000191 ], [ -3.084848734999923, 9.759240840000075 ], [ -3.090032453999925, 9.764795380000066 ], [ -3.092577313999925, 9.772448163000092 ], [ -3.095166013999972, 9.790403096000034 ], [ -3.095026768999901, 9.7930821 ], [ -3.093435023999916, 9.801514693000058 ], [ -3.091843197999935, 9.809947274000137 ], [ -3.103453901999956, 9.820478309000066 ], [ -3.110896125999943, 9.825637289000042 ], [ -3.118338580999875, 9.830796103000068 ], [ -3.125781266999979, 9.835954752000134 ], [ -3.128768856999898, 9.839397164 ], [ -3.131756508999956, 9.842839549000189 ], [ -3.136664426999971, 9.843955267000126 ], [ -3.138486713999896, 9.84437841100015 ], [ -3.144307752999964, 9.849072886000158 ], [ -3.149069130999919, 9.850231724000139 ], [ -3.15383054199998, 9.851390495000146 ], [ -3.154732431999832, 9.850857303000112 ], [ -3.155206502999874, 9.850475104000168 ], [ -3.156162190999908, 9.84966238800007 ], [ -3.156850118999898, 9.848997317000055 ], [ -3.157488259999923, 9.8483103800001 ], [ -3.158473771999866, 9.847145239000099 ], [ -3.158876187999851, 9.846666626 ], [ -3.159494971999891, 9.845563217000119 ], [ -3.159761920999927, 9.844851374000086 ], [ -3.160386278999908, 9.843832404000182 ], [ -3.160716259999958, 9.843563618000132 ], [ -3.168130183999835, 9.839495751000072 ], [ -3.173353528999826, 9.836449134000134 ], [ -3.177786811999908, 9.833498244000054 ], [ -3.178656216999968, 9.833800591000113 ], [ -3.179085282999949, 9.834084930000131 ], [ -3.184878157999833, 9.838786130000074 ], [ -3.185084984999889, 9.838990310000099 ], [ -3.186586678999959, 9.840555730000119 ], [ -3.186661791999882, 9.840776687000186 ], [ -3.186649231999979, 9.841159665000077 ], [ -3.186469161999923, 9.841612333000057 ], [ -3.18630062099993, 9.84222295100011 ], [ -3.186296630999948, 9.84290937500009 ], [ -3.187421014999927, 9.855177241000149 ], [ -3.187607741999898, 9.857172954000134 ], [ -3.188374971999963, 9.862106273000052 ], [ -3.190473001999919, 9.874853263000091 ], [ -3.191451466999979, 9.877120672000046 ], [ -3.192064199999948, 9.878581128000064 ], [ -3.192400533999887, 9.880188973000145 ], [ -3.193210738999937, 9.884758867000073 ], [ -3.193277394999939, 9.885244808000039 ], [ -3.193331687999944, 9.886202083000114 ], [ -3.193230139999969, 9.887533874999974 ], [ -3.192991456999948, 9.889009319000024 ], [ -3.192684164999889, 9.890295762000164 ], [ -3.192273585999942, 9.8915388530001 ], [ -3.191039130999968, 9.895054052000035 ], [ -3.190588484999978, 9.896600430000092 ], [ -3.190276852999943, 9.898078096000177 ], [ -3.189837448999981, 9.900684248000118 ], [ -3.190140418999931, 9.904086929000016 ], [ -3.190374850999945, 9.904430615000024 ], [ -3.190892308999878, 9.905189224000026 ], [ -3.191620793999959, 9.906903938000141 ], [ -3.191745348999859, 9.908128681000164 ], [ -3.191759939999883, 9.909666057000152 ], [ -3.191761566999958, 9.910370041000135 ], [ -3.19164082799989, 9.912819858999967 ], [ -3.190625718999854, 9.925851336000051 ], [ -3.190052217999835, 9.928891660999966 ], [ -3.188738587999921, 9.931350258000123 ], [ -3.188589384999943, 9.931457294999973 ], [ -3.188482348999969, 9.931603254000095 ], [ -3.188436938999928, 9.931784892 ], [ -3.188387249999892, 9.932036507000134 ], [ -3.188080150999895, 9.93368560100015 ], [ -3.188050958999895, 9.933873726000172 ], [ -3.18806717599989, 9.933993737000094 ], [ -3.189225116999978, 9.935518197000079 ], [ -3.189491086999965, 9.935683617000109 ], [ -3.189713893999908, 9.935765965000144 ], [ -3.18983490099987, 9.935774436000031 ], [ -3.19019493299993, 9.935793897000167 ], [ -3.192883821999885, 9.935657669000079 ], [ -3.192955178999966, 9.935647938000045 ], [ -3.194119606999948, 9.935012206000067 ], [ -3.197591921999901, 9.932905617000074 ], [ -3.197736049999946, 9.932797520000122 ], [ -3.19803176299996, 9.932541914000126 ], [ -3.198903816999916, 9.931788135000033 ], [ -3.199601175999874, 9.931019418000062 ], [ -3.200710463999826, 9.929725249000057 ], [ -3.200749386999917, 9.92965713500007 ], [ -3.202446922999968, 9.92649332600007 ], [ -3.202075990999901, 9.92449018800005 ], [ -3.202001389999964, 9.924201514000117 ], [ -3.202017607999892, 9.923834994 ], [ -3.202074050999954, 9.923521374000188 ], [ -3.202336145999936, 9.922404266000115 ], [ -3.202528316999974, 9.921963874000085 ], [ -3.203088478999916, 9.920890661000044 ], [ -3.20314305799991, 9.920803935000151 ], [ -3.203234279999947, 9.92071041000014 ], [ -3.203658834999885, 9.920409825000036 ], [ -3.203950425999949, 9.920232997000141 ], [ -3.204031840999903, 9.920224943 ], [ -3.204742174999978, 9.920263866000141 ], [ -3.205309847999956, 9.920367110000143 ], [ -3.205401658999847, 9.920397220000154 ], [ -3.20555305799985, 9.920364415 ], [ -3.20571199099993, 9.920280083000137 ], [ -3.206603961999917, 9.919436765000171 ], [ -3.20882358199998, 9.915873297000189 ], [ -3.208833930999958, 9.915826410000136 ], [ -3.208633069999962, 9.913554533000024 ], [ -3.208605727999895, 9.913464306000094 ], [ -3.208461599999964, 9.913196068000104 ], [ -3.207853057999898, 9.912427383000022 ], [ -3.207838635999963, 9.912221024000075 ], [ -3.207746854999925, 9.910874182000043 ], [ -3.207763814999964, 9.910841474000165 ], [ -3.209320363999893, 9.90862437200002 ], [ -3.20940143699994, 9.908516276000171 ], [ -3.209505, 9.908423324000069 ], [ -3.209578028999886, 9.908357777999981 ], [ -3.209986957999888, 9.908221262999973 ], [ -3.210158109999952, 9.908169467000164 ], [ -3.210306742999876, 9.908171719000165 ], [ -3.21128411299992, 9.908237027000041 ], [ -3.21140797299995, 9.908331611000051 ], [ -3.211567865999939, 9.908381155000086 ], [ -3.211721001999933, 9.908387911000091 ], [ -3.21181108199994, 9.908351879000122 ], [ -3.21387391899998, 9.906957887999965 ], [ -3.216792517999977, 9.902309749999972 ], [ -3.218784573999926, 9.899559646000171 ], [ -3.218832833999954, 9.899515011000119 ], [ -3.220713946999979, 9.898668157000031 ], [ -3.220835101999967, 9.898632138000153 ], [ -3.220865772999844, 9.898623020000116 ], [ -3.224916943999915, 9.897825111000088 ], [ -3.226739808999923, 9.898571123000181 ], [ -3.226872793999917, 9.898606802000188 ], [ -3.226986317999888, 9.898623020000116 ], [ -3.227129032999812, 9.898603559000037 ], [ -3.233484687999976, 9.897340900000074 ], [ -3.236052549999897, 9.895930219000149 ], [ -3.235472038999887, 9.895293990000027 ], [ -3.235283318999905, 9.894191470000067 ], [ -3.235337322999953, 9.893974741000022 ], [ -3.235845723999944, 9.892384514000128 ], [ -3.239785294999933, 9.884299581999983 ], [ -3.239902061999885, 9.884114701000044 ], [ -3.239966932999948, 9.884017395 ], [ -3.240589690999968, 9.883238947000109 ], [ -3.240670778999913, 9.883151372000043 ], [ -3.240900374999967, 9.882928764000098 ], [ -3.245882911999956, 9.878097889000173 ], [ -3.248619391999966, 9.875602881000134 ], [ -3.248678328999972, 9.875523056000191 ], [ -3.248734092999939, 9.875447528000166 ], [ -3.24874114499994, 9.875402393000059 ], [ -3.250349784999969, 9.871349189000057 ], [ -3.250445732999935, 9.871209167000018 ], [ -3.251409009999975, 9.870113981000031 ], [ -3.251523637999924, 9.870011823000084 ], [ -3.254853448999938, 9.867730820000077 ], [ -3.255311595999899, 9.867474386000026 ], [ -3.256239732999973, 9.86701155600008 ], [ -3.256353256999944, 9.866966147000142 ], [ -3.259043844999894, 9.866084088000093 ], [ -3.259136857999977, 9.866061635999984 ], [ -3.259239492999939, 9.866042392 ], [ -3.260089438999898, 9.866013526000131 ], [ -3.260592990999896, 9.866026356000077 ], [ -3.261131824999893, 9.866019941 ], [ -3.261276154999962, 9.866000697 ], [ -3.261327472999938, 9.865968623000015 ], [ -3.261638584999901, 9.865763353000091 ], [ -3.261728390999963, 9.865689585000041 ], [ -3.262334578999969, 9.865137922000144 ], [ -3.262459664999824, 9.865016043000082 ], [ -3.263226219999922, 9.862854293999987 ], [ -3.263405830999943, 9.862071702000094 ], [ -3.263409037999963, 9.861969067000018 ], [ -3.263409037999963, 9.861856810000063 ], [ -3.26339620899995, 9.861763797000094 ], [ -3.263283951999881, 9.861077426000065 ], [ -3.269220742999948, 9.851519544999974 ], [ -3.269169425999962, 9.850483573000076 ], [ -3.269152840999936, 9.850083727000026 ], [ -3.269161703999941, 9.849993540000128 ], [ -3.269509403999962, 9.848648972999968 ], [ -3.270445947999974, 9.846634762000065 ], [ -3.270522923999977, 9.846519298000089 ], [ -3.271600590999924, 9.845820097000058 ], [ -3.271703225999829, 9.845800853000071 ], [ -3.271848359999922, 9.845861139000078 ], [ -3.271911703999933, 9.845887451000124 ], [ -3.275728440999899, 9.847478293000108 ], [ -3.277018366999869, 9.848823153000183 ], [ -3.277068505999921, 9.848882692000075 ], [ -3.27815666399988, 9.851303824000183 ], [ -3.278530350999915, 9.852396683000109 ], [ -3.278586755999868, 9.852631706000068 ], [ -3.279543510999872, 9.853995278000127 ], [ -3.279664029999935, 9.854150684 ], [ -3.281320825999956, 9.855632390000039 ], [ -3.282033488999957, 9.856269739000084 ], [ -3.286090378999972, 9.858716412000149 ], [ -3.292744011999901, 9.861325061000059 ], [ -3.299397748999979, 9.863933579000047 ], [ -3.306051590999914, 9.866541965000067 ], [ -3.311847713999953, 9.868553980000172 ], [ -3.317643907999923, 9.870565896000187 ], [ -3.317740276999928, 9.870809124000061 ], [ -3.317424509999967, 9.873983286000168 ], [ -3.317191985999841, 9.876291913000102 ], [ -3.316959461999943, 9.877736881000146 ], [ -3.315697290999879, 9.884110262000149 ], [ -3.309543133999966, 9.910227553000084 ], [ -3.311272528999893, 9.910974318000115 ], [ -3.314702356999817, 9.911681694000038 ], [ -3.314900231999843, 9.911721269000054 ], [ -3.31523002299997, 9.911721269000054 ], [ -3.315586196999845, 9.911694886000078 ], [ -3.315929179999955, 9.911628928000141 ], [ -3.316575570999817, 9.911299136000025 ], [ -3.31673387099994, 9.910890195000036 ], [ -3.317076853999879, 9.91049444600003 ], [ -3.317670477999968, 9.910151462999977 ], [ -3.327149375999909, 9.906413703000169 ], [ -3.328199517999963, 9.906023651000055 ], [ -3.329939751999973, 9.905693606 ], [ -3.331053285999928, 9.905528638000021 ], [ -3.333170663999965, 9.905600345000039 ], [ -3.335228560999951, 9.905745453000122 ], [ -3.337057474999938, 9.905504834 ], [ -3.339472807999925, 9.904846743 ], [ -3.342889277999916, 9.902718450000066 ], [ -3.344420472999957, 9.901647560000072 ], [ -3.344982886999958, 9.901367139000058 ], [ -3.346685758999968, 9.901441471000169 ], [ -3.34725958599995, 9.901492103000123 ], [ -3.34774902699985, 9.901627121000104 ], [ -3.348339731999943, 9.901812771000152 ], [ -3.353828784999905, 9.90359521400012 ], [ -3.361217802999931, 9.906141921000085 ], [ -3.367447924999851, 9.910310843000047 ], [ -3.368449624999926, 9.911421365000081 ], [ -3.36963699599994, 9.913475492000146 ], [ -3.371278530999973, 9.916315316000066 ], [ -3.371623790999934, 9.916912608000132 ], [ -3.372693079999976, 9.918427069000131 ], [ -3.374854839999955, 9.920642205999968 ], [ -3.376550076999877, 9.922363151000184 ], [ -3.376977302999876, 9.922646694000093 ], [ -3.377552829999956, 9.923028660999989 ], [ -3.378820714999904, 9.923514684000168 ], [ -3.379982943999948, 9.923831655000185 ], [ -3.394490972999904, 9.927342918000022 ], [ -3.402845179999929, 9.929335064000156 ], [ -3.406376764999948, 9.930022439000084 ], [ -3.40851134899998, 9.930092567000031 ], [ -3.411493937999921, 9.929941003000124 ], [ -3.413565883999979, 9.929653118000033 ], [ -3.420169548999922, 9.927416752000056 ], [ -3.422845485999915, 9.925789415000168 ], [ -3.425468597999895, 9.923086861 ], [ -3.42716129199988, 9.92109449100019 ], [ -3.427707206999912, 9.920239930000093 ], [ -3.428583755999966, 9.919108945000062 ], [ -3.429749726999887, 9.917741116000116 ], [ -3.431994947999954, 9.91905086200012 ], [ -3.436207263999961, 9.922861206000107 ], [ -3.440023432999965, 9.926189263000026 ], [ -3.44273562099994, 9.928554546000044 ], [ -3.444040336999876, 9.929493737000087 ], [ -3.445301953999831, 9.930234332000168 ], [ -3.446134581999956, 9.930478510000114 ], [ -3.446680708999963, 9.930504769000038 ], [ -3.447368295999979, 9.930361923000135 ], [ -3.448089701999891, 9.93003323500011 ], [ -3.44848940199995, 9.929960323000103 ], [ -3.453594281999926, 9.929638593000163 ], [ -3.453772274999892, 9.929673132000062 ], [ -3.456550573999891, 9.930978855000035 ], [ -3.460598622999896, 9.932229011000061 ], [ -3.470496122999918, 9.934546555000168 ], [ -3.47291947399998, 9.935876264000115 ], [ -3.481544780999968, 9.933900810000125 ], [ -3.4899521829999, 9.932719536999969 ], [ -3.499152032999859, 9.931987536000065 ], [ -3.507496032999939, 9.932391979000045 ], [ -3.514247979999936, 9.932007610000142 ], [ -3.520999910999933, 9.931623105000028 ], [ -3.522587490999911, 9.931324653000047 ], [ -3.522594371999958, 9.931323360000022 ], [ -3.523807138999928, 9.931199279000111 ], [ -3.524107622999963, 9.931235073000096 ], [ -3.525147816999947, 9.931622684999979 ], [ -3.527107366999871, 9.932649641000069 ], [ -3.531418197999869, 9.934780385000124 ], [ -3.539469641999915, 9.937916407000102 ], [ -3.539749846999939, 9.937964020000038 ], [ -3.541072855999971, 9.938095031000103 ], [ -3.541445168999871, 9.938101819000167 ], [ -3.54404741899998, 9.937580832000151 ], [ -3.547470250999936, 9.937450190000163 ], [ -3.5526684539999, 9.938271512000085 ], [ -3.557866682999929, 9.939092754000171 ], [ -3.562487655999917, 9.939596866000159 ], [ -3.57116226799991, 9.940083129000129 ], [ -3.574095004999947, 9.937700608000114 ], [ -3.581824266999945, 9.937457275000099 ], [ -3.589553517999889, 9.937213763000045 ], [ -3.597282757999949, 9.936970073000111 ], [ -3.597566407999977, 9.93682275000009 ], [ -3.597956699999941, 9.936049098000069 ], [ -3.598044856999934, 9.935941111999966 ], [ -3.599402405999911, 9.934748942000112 ], [ -3.59963080599988, 9.934653438000055 ], [ -3.601781832999961, 9.936273037000035 ], [ -3.602058152999916, 9.936570544 ], [ -3.604232053999908, 9.939129827000102 ], [ -3.604995055999893, 9.940842859000099 ], [ -3.608613270999967, 9.945921724000129 ], [ -3.61154019199995, 9.949810421000109 ], [ -3.614467182999817, 9.953699091000146 ], [ -3.618287371999884, 9.958484584000075 ], [ -3.624775725999939, 9.957739549000166 ], [ -3.63126405099996, 9.956994387000123 ], [ -3.637752346999889, 9.956249100000036 ], [ -3.642619362999881, 9.953022954000062 ], [ -3.643606879999879, 9.94815522600004 ], [ -3.643609853999976, 9.948156172000097 ], [ -3.644390165999937, 9.945703761000118 ], [ -3.647233636999943, 9.941083121000077 ], [ -3.657896649999884, 9.933263578000151 ], [ -3.662398811999878, 9.930657063000012 ], [ -3.665123803999961, 9.929353806000108 ], [ -3.667671079999934, 9.928405983000118 ], [ -3.672581603999959, 9.927929162 ], [ -3.675072115999967, 9.92811364 ], [ -3.678648617999954, 9.928827179000166 ], [ -3.683220551999966, 9.930078074 ], [ -3.69304271999988, 9.933152456000187 ], [ -3.698771536999971, 9.935277703000054 ], [ -3.70291826499988, 9.935692376000191 ], [ -3.708249771999931, 9.93587009200013 ], [ -3.714292145999934, 9.935988570000177 ], [ -3.72169701699994, 9.934922268999969 ], [ -3.729701791999958, 9.933421171000134 ], [ -3.737336103999951, 9.931604887000105 ], [ -3.745274124999924, 9.930360869000026 ], [ -3.751434977999963, 9.929709240000022 ], [ -3.757833283999901, 9.929178705000083 ], [ -3.764819425999917, 9.927849365999975 ], [ -3.767594298999938, 9.927426529000059 ], [ -3.771514356999887, 9.926924409000094 ], [ -3.77577870999994, 9.926860249000129 ], [ -3.77615676299996, 9.926845127000092 ], [ -3.776553173999901, 9.926712990000112 ], [ -3.777152193999825, 9.926466334000111 ], [ -3.780631795999966, 9.924440237000113 ], [ -3.782226246999812, 9.92315410599997 ], [ -3.78350356899989, 9.922035347000076 ], [ -3.78405854399989, 9.921445136000159 ], [ -3.784375671999953, 9.921039917000144 ], [ -3.785362292999935, 9.919744976000175 ], [ -3.785670612999979, 9.919339757000159 ], [ -3.78580274899997, 9.919137147000072 ], [ -3.786542714999825, 9.917947916000173 ], [ -3.786780561999876, 9.917542696000055 ], [ -3.789159023999957, 9.913340746000188 ], [ -3.790251354999896, 9.911244176000082 ], [ -3.790805990999957, 9.909468290000063 ], [ -3.79103326399985, 9.909061017 ], [ -3.791200536999895, 9.908768289000136 ], [ -3.794673532999866, 9.904619718000163 ], [ -3.795924427999978, 9.903412868000146 ], [ -3.797395550999909, 9.902021028000092 ], [ -3.800420115999884, 9.899371781000184 ], [ -3.802732318999972, 9.897346500000026 ], [ -3.806020553999929, 9.897587971000178 ], [ -3.806846333999943, 9.898901998000099 ], [ -3.809384762999912, 9.901069643000142 ], [ -3.809745935999956, 9.90131629800004 ], [ -3.810133537999945, 9.901527717000022 ], [ -3.811058494999941, 9.901783181000042 ], [ -3.811622278999948, 9.90187127300004 ], [ -3.812203680999914, 9.901906509000128 ], [ -3.812829127999976, 9.901897700000177 ], [ -3.814784752999969, 9.901695090000089 ], [ -3.81594524999997, 9.90148334800017 ], [ -3.817237463999959, 9.901542308999979 ], [ -3.823585062999882, 9.90225887400004 ], [ -3.828218659999948, 9.902875512000094 ], [ -3.828764825999826, 9.902840276000177 ], [ -3.829689782999878, 9.902655284000161 ], [ -3.830324039999937, 9.902470293000022 ], [ -3.832728929999973, 9.900585141000022 ], [ -3.833319140999947, 9.899994930000105 ], [ -3.834191242999907, 9.899598519999984 ], [ -3.834666935999849, 9.89943114600004 ], [ -3.835503801999891, 9.899395910000123 ], [ -3.836243767999918, 9.89949281000014 ], [ -3.83678993399991, 9.89958971100009 ], [ -3.839934788999869, 9.901166543000159 ], [ -3.841582094999922, 9.902179592000039 ], [ -3.842533479999872, 9.902637666000089 ], [ -3.847429155999919, 9.903740729000162 ], [ -3.854139861999954, 9.903767728 ], [ -3.87501031599993, 9.903851309000061 ], [ -3.882459356999959, 9.903881129000069 ], [ -3.896222690999821, 9.904235310000161 ], [ -3.900331181999945, 9.900645759000042 ], [ -3.905810366999958, 9.894706410000083 ], [ -3.905854227999953, 9.894633308000039 ], [ -3.906939223999927, 9.891986945000042 ], [ -3.90710118699991, 9.891540004000092 ], [ -3.907391352999923, 9.89064610600019 ], [ -3.907405392999976, 9.89021085700017 ], [ -3.907927064999967, 9.888475033000077 ], [ -3.908003565999877, 9.888323175000096 ], [ -3.911112163999974, 9.883874964000029 ], [ -3.9111780799999, 9.883797386000026 ], [ -3.911481755999887, 9.883494920000032 ], [ -3.911748521999925, 9.883279636000168 ], [ -3.912062087999971, 9.883069031000048 ], [ -3.912361445999863, 9.882904956000061 ], [ -3.912584658999947, 9.882877055000165 ], [ -3.912801542999944, 9.882877148000091 ], [ -3.913775002999955, 9.882914588000176 ], [ -3.915129200999957, 9.883056943000099 ], [ -3.915511318999961, 9.883097111999973 ], [ -3.915852964999829, 9.883139233000179 ], [ -3.916082289999963, 9.88324219499998 ], [ -3.916419256999973, 9.883429399000022 ], [ -3.91674686399989, 9.883602562000078 ], [ -3.917260251999892, 9.88368808700011 ], [ -3.918004267999834, 9.883754965000151 ], [ -3.91886694699997, 9.883677444000057 ], [ -3.922082171999932, 9.882975430000045 ], [ -3.92335730699989, 9.882397044000129 ], [ -3.924033771999916, 9.882062811000139 ], [ -3.92481262799987, 9.881578829000034 ], [ -3.929633140999954, 9.878543424000156 ], [ -3.929792137999925, 9.878348291000066 ], [ -3.929936680999901, 9.87805920500017 ], [ -3.93005575799998, 9.877629804000037 ], [ -3.930213304999882, 9.876843152000163 ], [ -3.930540860999884, 9.875358546000086 ], [ -3.930944421999811, 9.874383934999969 ], [ -3.931081110999912, 9.874126267000179 ], [ -3.93120661599994, 9.87389740600014 ], [ -3.931369032999953, 9.873779284000136 ], [ -3.931705818999944, 9.873738552000134 ], [ -3.931808513999897, 9.873744593000026 ], [ -3.932140962999938, 9.873795183000141 ], [ -3.932529393999857, 9.87391368699997 ], [ -3.93499858499996, 9.87467378000008 ], [ -3.93519804999994, 9.874799758 ], [ -3.935790676999943, 9.875190024000176 ], [ -3.936202623999918, 9.875435748000086 ], [ -3.936498937999943, 9.875580291 ], [ -3.937194296999905, 9.875812077000035 ], [ -3.938344511999958, 9.876142621000042 ], [ -3.941068516999906, 9.876822035000089 ], [ -3.941283897999881, 9.876868912000134 ], [ -3.94162244499995, 9.876916109000092 ], [ -3.944152494999912, 9.876859497000169 ], [ -3.944665622999935, 9.87684504300006 ], [ -3.945613806999972, 9.876485016 ], [ -3.945790989999978, 9.876411189 ], [ -3.945883272999936, 9.876311524000073 ], [ -3.945946024999898, 9.876174945 ], [ -3.945979246999968, 9.875990380000133 ], [ -3.946112133999975, 9.87535916500002 ], [ -3.946208107999894, 9.875130304000038 ], [ -3.946281933999899, 9.875063860000012 ], [ -3.946669521999979, 9.874846073000015 ], [ -3.946983283999941, 9.874727951000011 ], [ -3.949239495999905, 9.874247542000148 ], [ -3.953132383999957, 9.874363144000142 ], [ -3.953214070999877, 9.874398179000082 ], [ -3.954858880999893, 9.875960428000155 ], [ -3.954881389999969, 9.876084224000067 ], [ -3.954869950999921, 9.876143706 ], [ -3.954498746999946, 9.876753849000124 ], [ -3.95417234699994, 9.87740727900001 ], [ -3.95404911199995, 9.877891131000069 ], [ -3.95404911199995, 9.878018094000026 ], [ -3.954114944999901, 9.878107439000075 ], [ -3.954232503999947, 9.878168569000138 ], [ -3.954524049999975, 9.878319045000126 ], [ -3.955328151999936, 9.878728149000096 ], [ -3.956122849999929, 9.879127849000099 ], [ -3.956310943999881, 9.879207789000134 ], [ -3.956550629999981, 9.879237750000073 ], [ -3.956674111999973, 9.879237750000073 ], [ -3.95709086599993, 9.879206879000094 ], [ -3.95884347599997, 9.878852467000058 ], [ -3.958960474999969, 9.878822662000175 ], [ -3.961571433999836, 9.877324549000093 ], [ -3.962088132999952, 9.875399770000115 ], [ -3.962318191999884, 9.874727383000163 ], [ -3.962443316999952, 9.874625430000151 ], [ -3.962573075999956, 9.874546647000102 ], [ -3.962707468999952, 9.874495670000101 ], [ -3.962962352999966, 9.874458596000011 ], [ -3.963198699999907, 9.874449327999969 ], [ -3.963680661999831, 9.874453962000189 ], [ -3.964695562999964, 9.87448176800018 ], [ -3.96557709599989, 9.874710591 ], [ -3.967259282999976, 9.875075798000125 ], [ -3.967562348999934, 9.875089700000046 ], [ -3.967839597999955, 9.875081998000098 ], [ -3.968058167999914, 9.875024649000068 ], [ -3.968127118999917, 9.874986343000103 ], [ -3.968230475999974, 9.874857147000057 ], [ -3.969175468999879, 9.873280475000172 ], [ -3.970301301999882, 9.871402079000177 ], [ -3.970316066999942, 9.871276574000035 ], [ -3.970319758999892, 9.871180600000059 ], [ -3.970290227999953, 9.871073552000098 ], [ -3.970224223999878, 9.870894858000042 ], [ -3.969743913999935, 9.870353746000035 ], [ -3.969238203999851, 9.869932937000101 ], [ -3.968481484999927, 9.869394005000117 ], [ -3.968059947999961, 9.869081583000025 ], [ -3.968001614999935, 9.869006417000037 ], [ -3.968027588999973, 9.867071600999964 ], [ -3.968111005999845, 9.866265241000065 ], [ -3.968134176999968, 9.86610767600007 ], [ -3.970108367999899, 9.861839531000157 ], [ -3.971178879999911, 9.860375108000028 ], [ -3.971865007999952, 9.859267694999971 ], [ -3.971544985999913, 9.857900418000099 ], [ -3.971322540999893, 9.854647174000036 ], [ -3.971498642999904, 9.851370759000133 ], [ -3.971609864999948, 9.851194657000121 ], [ -3.971712865999962, 9.851091656000051 ], [ -3.971832308999979, 9.850972213000034 ], [ -3.97195279999994, 9.850888796000106 ], [ -3.972230854999907, 9.850708060999978 ], [ -3.972518177999973, 9.850578302000031 ], [ -3.97339405199989, 9.850328052000066 ], [ -3.974149434999958, 9.850082437000083 ], [ -3.975196774999915, 9.849656086000095 ], [ -3.975498001999881, 9.849526327000092 ], [ -3.975738982999928, 9.849405836000187 ], [ -3.975901180999927, 9.849276077000184 ], [ -3.975933620999967, 9.84903046200003 ], [ -3.975878009999974, 9.848812652000106 ], [ -3.974256021999963, 9.845888440000124 ], [ -3.973723082999925, 9.844970858000011 ], [ -3.972912089999966, 9.843877175000046 ], [ -3.972541348999926, 9.843404481 ], [ -3.972263293999958, 9.843112523 ], [ -3.971957433999933, 9.842885445000036 ], [ -3.971605230999955, 9.842741783000065 ], [ -3.971234490999905, 9.842593487000045 ], [ -3.971012046999874, 9.84254251100009 ], [ -3.969881288999943, 9.842324701000052 ], [ -3.969663479999952, 9.842320067000173 ], [ -3.969524451999973, 9.842329335000045 ], [ -3.969366887999911, 9.842366409000078 ], [ -3.969241762999957, 9.842398849000119 ], [ -3.968338083999868, 9.842551779000189 ], [ -3.966822683999908, 9.842440557000032 ], [ -3.966507554999964, 9.842371043000128 ], [ -3.966201693999949, 9.842222747000108 ], [ -3.966030226999976, 9.842028109000182 ], [ -3.965905101999851, 9.841671271000166 ], [ -3.965905101999851, 9.841448827000022 ], [ -3.965909735999958, 9.841198578000046 ], [ -3.968009051999957, 9.839001943000085 ], [ -3.969737627999962, 9.837708987000042 ], [ -3.970845213999951, 9.836198221000075 ], [ -3.97115107399992, 9.835739430000046 ], [ -3.971836942999914, 9.834701358000132 ], [ -3.971999141999959, 9.834455743000149 ], [ -3.97219841499998, 9.834061831999975 ], [ -3.9722864659999, 9.83379304500005 ], [ -3.97339405199989, 9.832810584000185 ], [ -3.973658203999889, 9.832639116000053 ], [ -3.973926989999939, 9.832527894000066 ], [ -3.977736344999926, 9.831563970000104 ], [ -3.981842290999907, 9.83087346700006 ], [ -3.989692711999908, 9.829561974000171 ], [ -3.99257984999997, 9.82983076000005 ], [ -3.992830099999878, 9.829891006000025 ], [ -3.994878438999933, 9.830975420000073 ], [ -3.994947951999961, 9.831188596000118 ], [ -3.995003562999955, 9.831364698000129 ], [ -3.995096248999914, 9.831712266000068 ], [ -3.99511941999998, 9.831911539000146 ], [ -3.995124053999973, 9.83212934900007 ], [ -3.99508697999994, 9.832398135000062 ], [ -3.99508697999994, 9.832588140000098 ], [ -3.995170396999924, 9.832792047000169 ], [ -3.997334591999902, 9.834525257000053 ], [ -3.998673889999964, 9.835206491000122 ], [ -3.999192925999921, 9.835419667000167 ], [ -3.999433906999968, 9.835503084000038 ], [ -3.999753670999951, 9.835595769000179 ], [ -4.004925494999952, 9.836851651000131 ], [ -4.013401539999961, 9.838357782000173 ], [ -4.018795807999879, 9.83858486000014 ], [ -4.022229786999901, 9.837518403000104 ], [ -4.028336571999887, 9.835321768000142 ], [ -4.033240767999928, 9.833017387000154 ], [ -4.034439879999866, 9.831463755000073 ], [ -4.03450939399994, 9.831317776000162 ], [ -4.034544150999977, 9.831095332000018 ], [ -4.035055076999868, 9.827341588000138 ], [ -4.035103735999883, 9.826948836000156 ], [ -4.035381790999907, 9.824686163000081 ], [ -4.035524294999959, 9.822249705000104 ], [ -4.03881229599989, 9.819649891000097 ], [ -4.041001978999873, 9.814964663000012 ], [ -4.041578942999934, 9.813292857000079 ], [ -4.042020355999909, 9.81265680600012 ], [ -4.044087520999824, 9.810102610000172 ], [ -4.045677648999913, 9.809054690000153 ], [ -4.045742817999894, 9.809112038000137 ], [ -4.045894009999813, 9.809166781000101 ], [ -4.046483138999974, 9.809177208000165 ], [ -4.048315695999975, 9.808616753000081 ], [ -4.049418357999912, 9.808038051000153 ], [ -4.049493953999956, 9.80797809500018 ], [ -4.049595617999842, 9.807892072000072 ], [ -4.050522850999926, 9.804663262000076 ], [ -4.050815584999953, 9.803366726000093 ], [ -4.050823404999903, 9.803298950000169 ], [ -4.050927675999901, 9.803212927000061 ], [ -4.051230060999956, 9.80304088000014 ], [ -4.054022944999872, 9.804971174000173 ], [ -4.055523405999963, 9.806113423000056 ], [ -4.056613101999972, 9.80761236100011 ], [ -4.056824648999964, 9.807961397000042 ], [ -4.061928076999891, 9.807751771000085 ], [ -4.074266542999908, 9.809212058000014 ], [ -4.07455295699998, 9.809269533000077 ], [ -4.078778738999858, 9.811129089000133 ], [ -4.080629077999902, 9.81217102800008 ], [ -4.081150046999937, 9.812781820000168 ], [ -4.081850660999919, 9.813769865000097 ], [ -4.082497381999872, 9.814398621000123 ], [ -4.083611177999842, 9.815063306000127 ], [ -4.093024553999953, 9.820380785000168 ], [ -4.094174278999958, 9.820901755000136 ], [ -4.096312049999824, 9.821117328000071 ], [ -4.097425845999965, 9.821189186000026 ], [ -4.098270175999914, 9.821135293000054 ], [ -4.099222291999922, 9.821135293000054 ], [ -4.100138478999952, 9.821135293000054 ], [ -4.101108559999943, 9.821620333000055 ], [ -4.106785328999877, 9.824943758000131 ], [ -4.108042840999929, 9.826093482999966 ], [ -4.11345806099996, 9.832771263000041 ], [ -4.11426572899984, 9.835369646 ], [ -4.117127180999887, 9.841300236000109 ], [ -4.120943988999954, 9.845924712000112 ], [ -4.125882300999876, 9.847526202000097 ], [ -4.127239183999905, 9.847235441000066 ], [ -4.130114480999964, 9.844803207000098 ], [ -4.13172981699995, 9.843095566000102 ], [ -4.137971075999928, 9.834099085000162 ], [ -4.139131392999957, 9.82705939900012 ], [ -4.142751094999937, 9.824236128000052 ], [ -4.145446077999907, 9.822045096000124 ], [ -4.147939784999892, 9.81933178800017 ], [ -4.151753984999914, 9.815988379000032 ], [ -4.152871114999925, 9.815457742000092 ], [ -4.154167783999981, 9.814851300000157 ], [ -4.15599508899993, 9.814236879000021 ], [ -4.156549663999954, 9.814336622000042 ], [ -4.157602957999927, 9.814548079000019 ], [ -4.160358333999966, 9.814240551000182 ], [ -4.161650866999878, 9.812562020000087 ], [ -4.163663926999845, 9.809850551000011 ], [ -4.166888978999964, 9.80502333000004 ], [ -4.170113937999815, 9.80019607700001 ], [ -4.172887068999955, 9.79567697300007 ], [ -4.175660124999979, 9.791157846000146 ], [ -4.176801620999925, 9.789598166000076 ], [ -4.183335110999963, 9.785175650000042 ], [ -4.18451467999995, 9.781390949000183 ], [ -4.185687414999961, 9.778519783000093 ], [ -4.187492001999885, 9.775267322000047 ], [ -4.188890938999918, 9.773817190000159 ], [ -4.196574744999907, 9.772529578 ], [ -4.203887249999923, 9.771600710000087 ], [ -4.211199713999918, 9.770671685000025 ], [ -4.218984883999894, 9.769396265000182 ], [ -4.224773808999942, 9.768316796000136 ], [ -4.239054670999849, 9.765989308000087 ], [ -4.247546580999938, 9.76474117600003 ], [ -4.247600009999815, 9.764491940000028 ], [ -4.247646457999906, 9.764368079000178 ], [ -4.247912759999906, 9.763658973000133 ], [ -4.250648974999933, 9.760657459000129 ], [ -4.252841119999857, 9.758595682000134 ], [ -4.257564919999879, 9.754622556000015 ], [ -4.262185489999922, 9.755844073000105 ], [ -4.2622665909999, 9.755883325000184 ], [ -4.262332290999893, 9.755944128000124 ], [ -4.262785422999912, 9.756372547000126 ], [ -4.262936795999906, 9.756553197000187 ], [ -4.267814741999928, 9.75074473300009 ], [ -4.267972813999961, 9.750506723000115 ], [ -4.268507958999919, 9.749770319999982 ], [ -4.268587317999902, 9.749673956000038 ], [ -4.268689350999921, 9.749563420000129 ], [ -4.271256944999891, 9.747221680000166 ], [ -4.273486887999923, 9.745495138000138 ], [ -4.27355910599988, 9.745540938000033 ], [ -4.273691982999935, 9.745583927000098 ], [ -4.273765864999916, 9.74557368700016 ], [ -4.273823023999967, 9.745546350000097 ], [ -4.27387974099986, 9.745506111000054 ], [ -4.274122729999874, 9.745314208000082 ], [ -4.274199658999862, 9.745237694000139 ], [ -4.274590239999952, 9.744796167000118 ], [ -4.275385338999911, 9.743566308000027 ], [ -4.276497148999965, 9.741672049000101 ], [ -4.276718119999941, 9.741275275000135 ], [ -4.276766557999963, 9.74114368100004 ], [ -4.276786328999833, 9.741050432000065 ], [ -4.276790333999884, 9.741021414000159 ], [ -4.276783206999937, 9.740881850000164 ], [ -4.27674970999982, 9.740721862000044 ], [ -4.276621303999946, 9.740509392000092 ], [ -4.273818837999954, 9.736995364000109 ], [ -4.273656424999956, 9.736794166000152 ], [ -4.272462488999906, 9.735715322999965 ], [ -4.272313671999939, 9.73566049600015 ], [ -4.271108168999945, 9.735510884 ], [ -4.268146786999978, 9.73533414200017 ], [ -4.268000580999967, 9.735352418000048 ], [ -4.266029770999978, 9.735807556000054 ], [ -4.265918960999954, 9.735860567000088 ], [ -4.265601227999923, 9.736067784999989 ], [ -4.265350587999876, 9.736331479000171 ], [ -4.265173050999863, 9.736506405000057 ], [ -4.265050341999938, 9.736597784000082 ], [ -4.259467933999872, 9.737529503000189 ], [ -4.259326157999965, 9.737545256000146 ], [ -4.25917912999995, 9.737536067000178 ], [ -4.25792277599993, 9.737404530000049 ], [ -4.257823564999967, 9.737370588999966 ], [ -4.25774784999993, 9.73730792900011 ], [ -4.257685190999894, 9.737229604000106 ], [ -4.257682579999937, 9.737125171000116 ], [ -4.258100312999886, 9.73463705 ], [ -4.258536320999895, 9.733112325000093 ], [ -4.258585926999899, 9.733031390000065 ], [ -4.258974940999963, 9.732778139000118 ], [ -4.261538447999953, 9.731666758000131 ], [ -4.263133992999883, 9.731981836000045 ], [ -4.263382021999973, 9.732078437000155 ], [ -4.263512562999949, 9.73210193400007 ], [ -4.264734431999898, 9.732143707000034 ], [ -4.26510778099987, 9.732148929000118 ], [ -4.265259208999964, 9.732141096000078 ], [ -4.265716103999921, 9.732041885000172 ], [ -4.265891029999921, 9.731955728000059 ], [ -4.269515510999895, 9.729985205000162 ], [ -4.269693819999816, 9.729863502000114 ], [ -4.269852734999972, 9.729730757000084 ], [ -4.269963924999956, 9.729564207000124 ], [ -4.269974488999935, 9.729519310000057 ], [ -4.269953481999892, 9.728264014000104 ], [ -4.267551106999974, 9.722863372 ], [ -4.267474715999981, 9.722756099000094 ], [ -4.267185403999918, 9.722468412000012 ], [ -4.267123640999955, 9.72247653900007 ], [ -4.266188663999969, 9.719828420999988 ], [ -4.265518665999934, 9.715394546000027 ], [ -4.265516791999971, 9.715061153000079 ], [ -4.266442361999907, 9.711328596000044 ], [ -4.266715405999946, 9.710522165000043 ], [ -4.267382139999938, 9.708949519000157 ], [ -4.267549352999936, 9.708839453999985 ], [ -4.267836370999873, 9.708725124000125 ], [ -4.268021334999901, 9.708713116000013 ], [ -4.268150471999945, 9.708733624000104 ], [ -4.268382370999916, 9.70887753300002 ], [ -4.26846857299995, 9.708963639000046 ], [ -4.268487013999959, 9.70900666700004 ], [ -4.268506063999951, 9.70920986200008 ], [ -4.268482780999875, 9.709569687000112 ], [ -4.268482780999875, 9.709711501000129 ], [ -4.268487013999959, 9.709868130000189 ], [ -4.268499713999972, 9.710026877000075 ], [ -4.268561095999871, 9.710147524000035 ], [ -4.268628827999976, 9.710278754000058 ], [ -4.268716467999923, 9.710323278000033 ], [ -4.268851635999852, 9.710366417000103 ], [ -4.269048182999938, 9.710359048000157 ], [ -4.26922066599991, 9.710318464000181 ], [ -4.269525047999878, 9.710232222000116 ], [ -4.272203793999836, 9.709131548000187 ], [ -4.272325390999924, 9.70905276600007 ], [ -4.273882780999941, 9.707562741000118 ], [ -4.274000267999952, 9.707385205000037 ], [ -4.274136030999898, 9.707178949000024 ], [ -4.274236927999937, 9.706890651000151 ], [ -4.274231564999923, 9.706338175999974 ], [ -4.27417648099987, 9.705277188000139 ], [ -4.273947280999948, 9.704401831000098 ], [ -4.273850731999858, 9.704246279000188 ], [ -4.272565241999871, 9.702378811000017 ], [ -4.271705330999964, 9.70107808400013 ], [ -4.27026391499993, 9.69854766800006 ], [ -4.270230577999882, 9.698466707000023 ], [ -4.270210647999932, 9.697251186000074 ], [ -4.270629615999951, 9.695703627000171 ], [ -4.270905596999967, 9.694934941000156 ], [ -4.271652805999963, 9.693698662000088 ], [ -4.271715954999877, 9.693606140999975 ], [ -4.271820224999885, 9.693481310000038 ], [ -4.273548962999939, 9.692636085 ], [ -4.273661516999937, 9.692587996000043 ], [ -4.273789128999908, 9.69256210500015 ], [ -4.274040635999938, 9.692573408999976 ], [ -4.274391050999952, 9.692593190000139 ], [ -4.274693424999953, 9.692635579000182 ], [ -4.274931246999927, 9.692736558000092 ], [ -4.275013310999952, 9.692803692000155 ], [ -4.27504915999998, 9.692869728000062 ], [ -4.275201995999907, 9.693310505000056 ], [ -4.275209122999968, 9.693410670999981 ], [ -4.27520385299988, 9.693433691000109 ], [ -4.275154471999883, 9.693780111000024 ], [ -4.275167586999942, 9.69434724100006 ], [ -4.275192986999969, 9.694598060000089 ], [ -4.275245372999962, 9.694763156000079 ], [ -4.275319983999907, 9.694899678000183 ], [ -4.277426659999946, 9.696836513000108 ], [ -4.277562054999976, 9.696921637000059 ], [ -4.27768658899987, 9.696972582000114 ], [ -4.278975172999935, 9.697466429000031 ], [ -4.279091609999966, 9.69750163100008 ], [ -4.279227001999971, 9.697520586000167 ], [ -4.279362393999975, 9.697526002000075 ], [ -4.279522155999871, 9.697507046999988 ], [ -4.279572822999967, 9.697499252000171 ], [ -4.279676615999961, 9.697449348000134 ], [ -4.279717120999919, 9.697414981 ], [ -4.280790380999917, 9.69630775800016 ], [ -4.280864189999818, 9.696201358000053 ], [ -4.280908568999848, 9.696047522000129 ], [ -4.280922108999903, 9.695936501000062 ], [ -4.281015887999843, 9.693886651000128 ], [ -4.281016938999926, 9.693862221000074 ], [ -4.281198284999903, 9.68868194200013 ], [ -4.281177821999904, 9.688550116000101 ], [ -4.281157513999915, 9.688499346000128 ], [ -4.281005322999931, 9.688377593000098 ], [ -4.27977261399991, 9.687972004000017 ], [ -4.278126124999915, 9.687592472000063 ], [ -4.277221493999946, 9.687463554999965 ], [ -4.277134691999947, 9.687485867000021 ], [ -4.276780525999868, 9.687734712000122 ], [ -4.276522564999937, 9.687915961000101 ], [ -4.276427005999949, 9.68793291500009 ], [ -4.276302658999953, 9.687892104000184 ], [ -4.276255784999876, 9.687867798000127 ], [ -4.275841232999881, 9.687525039000093 ], [ -4.274760881999953, 9.686514937000027 ], [ -4.274175354999954, 9.68518429300002 ], [ -4.27374022999993, 9.682236616000125 ], [ -4.27374022999993, 9.682174073 ], [ -4.27374022999993, 9.682113220000019 ], [ -4.27374022999993, 9.68205067700012 ], [ -4.273833365999906, 9.680814103000102 ], [ -4.273954001999869, 9.679632869999978 ], [ -4.274232222999956, 9.678278335000073 ], [ -4.274275378999903, 9.678159656000105 ], [ -4.274333946999946, 9.678030188999969 ], [ -4.274420174999875, 9.677911006000159 ], [ -4.274454342999945, 9.677882780000118 ], [ -4.274518586999932, 9.677829709000093 ], [ -4.282470416999843, 9.672540642000058 ], [ -4.28262060499992, 9.672481639000068 ], [ -4.283313552999971, 9.672336660999974 ], [ -4.283374913999978, 9.67232919800017 ], [ -4.283873008999876, 9.672284091999984 ], [ -4.283981105999942, 9.672301485000105 ], [ -4.284534950999955, 9.672390600000085 ], [ -4.284737570999937, 9.672500233000051 ], [ -4.284948684999904, 9.672656055000118 ], [ -4.285223105999876, 9.672908340000106 ], [ -4.285317258999953, 9.672994898000184 ], [ -4.285345433999964, 9.673007295000048 ], [ -4.285656535999919, 9.67308847400011 ], [ -4.285783738999896, 9.67308847400011 ], [ -4.28583335299993, 9.67308847400011 ], [ -4.286039439999911, 9.67305817700003 ], [ -4.286260607999907, 9.673009587000081 ], [ -4.28651528499995, 9.672899004000044 ], [ -4.28669288899988, 9.67278674500011 ], [ -4.286875291999877, 9.672626029000128 ], [ -4.286926109999911, 9.672528187000012 ], [ -4.287006208999969, 9.672237178000046 ], [ -4.287038042999939, 9.672009309000089 ], [ -4.287214633999895, 9.670603117999974 ], [ -4.287200108999912, 9.670298092000166 ], [ -4.287161375999915, 9.669905915000129 ], [ -4.285617178999871, 9.66538513800009 ], [ -4.28547283599994, 9.665017472000045 ], [ -4.284750864999978, 9.663665657000024 ], [ -4.284856917999946, 9.659623727000053 ], [ -4.284931601999915, 9.659532447000174 ], [ -4.28679056999988, 9.657177445000173 ], [ -4.286898265999923, 9.657036885000082 ], [ -4.286978869999928, 9.656861452000044 ], [ -4.287468335999904, 9.655054693000068 ], [ -4.287666358999957, 9.654314270000157 ], [ -4.287722673999895, 9.653966351000065 ], [ -4.287705504999906, 9.653897418000099 ], [ -4.28769293299996, 9.653846945000112 ], [ -4.287648166999873, 9.653676020000091 ], [ -4.287606019999942, 9.653562407000038 ], [ -4.287434892999897, 9.653349611000181 ], [ -4.286136619999979, 9.651636809000024 ], [ -4.283655192999902, 9.645410622000099 ], [ -4.283607159999917, 9.643422691000012 ], [ -4.283594874999892, 9.640774491000116 ], [ -4.283658543999934, 9.64059856300014 ], [ -4.285721019999926, 9.63509745500005 ], [ -4.285781699999973, 9.63496264600019 ], [ -4.285863511999935, 9.634828114000072 ], [ -4.285942260999946, 9.634747689999983 ], [ -4.286062068999911, 9.634741735000148 ], [ -4.286445447999938, 9.634722682000074 ], [ -4.286828604999926, 9.634945399000117 ], [ -4.286983534999933, 9.63504152600018 ], [ -4.28722817299996, 9.635193311000023 ], [ -4.287485403999938, 9.63519505000005 ], [ -4.28776018699989, 9.635169918000145 ], [ -4.28844153499989, 9.635034435000023 ], [ -4.288577834999955, 9.634990638000033 ], [ -4.289197772999955, 9.634776173000148 ], [ -4.289317352999944, 9.634715620000179 ], [ -4.289539514999944, 9.634603121000055 ], [ -4.289683120999939, 9.634530401000063 ], [ -4.289810271999897, 9.634426229000155 ], [ -4.289851220999822, 9.634241686000053 ], [ -4.291156642999908, 9.628087303000029 ], [ -4.290649405999943, 9.627152737000131 ], [ -4.290288086999908, 9.626367563000031 ], [ -4.290277663999916, 9.62601319200013 ], [ -4.290295034999929, 9.625686615000177 ], [ -4.290334288999929, 9.625097804000063 ], [ -4.290652879999868, 9.623060102000181 ], [ -4.293568413999878, 9.618261385999972 ], [ -4.29372344199993, 9.618120082000189 ], [ -4.293868056999884, 9.618061455000031 ], [ -4.294004853999922, 9.61801259900011 ], [ -4.294231546999981, 9.61795201700005 ], [ -4.294544848999863, 9.617887260000089 ], [ -4.29618775199998, 9.617613931000164 ], [ -4.299859943999877, 9.61428356 ], [ -4.304179978999912, 9.606828017000169 ], [ -4.306733943999973, 9.605319221 ], [ -4.307446803999937, 9.605289741000092 ], [ -4.308768004999934, 9.604901153000071 ], [ -4.309178288999874, 9.604725791000135 ], [ -4.309436392999828, 9.604511747000174 ], [ -4.311600682999938, 9.601452093000148 ], [ -4.311640881999949, 9.601312737000171 ], [ -4.311608722999949, 9.601189461000104 ], [ -4.311552443999915, 9.601044745000024 ], [ -4.311488125999858, 9.600967026999967 ], [ -4.310274120999964, 9.600002255000106 ], [ -4.309212928999898, 9.597956079000085 ], [ -4.310406107999938, 9.59758912500007 ], [ -4.312783269999898, 9.596858046000079 ], [ -4.312933150999868, 9.596858046000079 ], [ -4.313011497999867, 9.596858046000079 ], [ -4.313120502999936, 9.596878484000172 ], [ -4.314232103999871, 9.59735637700004 ], [ -4.31479533299995, 9.598040299000104 ], [ -4.315808881999942, 9.598732653000013 ], [ -4.319365540999968, 9.601162202000069 ], [ -4.320456386999979, 9.601517781000098 ], [ -4.322056715999963, 9.602140728 ], [ -4.323449110999888, 9.602864314000044 ], [ -4.323802032999879, 9.603080621000061 ], [ -4.324016641999947, 9.603238113000145 ], [ -4.324303512999961, 9.60344863500012 ], [ -4.325991745999943, 9.604932933000043 ], [ -4.326146237999865, 9.605068763000077 ], [ -4.327164935999974, 9.606336598000098 ], [ -4.327993392999929, 9.607991633000154 ], [ -4.329139307999981, 9.60993158399998 ], [ -4.334677346999968, 9.618051051000066 ], [ -4.335232529999928, 9.618831526000065 ], [ -4.340148721999981, 9.625043147000042 ], [ -4.340586565999956, 9.625304341000174 ], [ -4.341279873999952, 9.625459738000131 ], [ -4.341895483999906, 9.625447784000016 ], [ -4.347301740999967, 9.624471871000026 ], [ -4.349388205999901, 9.624045960000046 ], [ -4.350365387999943, 9.62372161900015 ], [ -4.350512150999919, 9.623643118000132 ], [ -4.350710355999979, 9.623510981000095 ], [ -4.350845809999896, 9.623371527000131 ], [ -4.350902943999927, 9.623304874000041 ], [ -4.351289835999978, 9.622853521000081 ], [ -4.351534010999899, 9.622758043000147 ], [ -4.352161609999882, 9.622653443000047 ], [ -4.352748977999966, 9.622661489000166 ], [ -4.357005386999901, 9.622975289000181 ], [ -4.358212307999963, 9.62313621100003 ], [ -4.35863875299998, 9.62324081100013 ], [ -4.359145659999967, 9.623313226000164 ], [ -4.359869812999932, 9.623337365000111 ], [ -4.360424995999949, 9.623216673000115 ], [ -4.360851441999898, 9.623112073000129 ], [ -4.361303483999905, 9.622851806000028 ], [ -4.368087940999942, 9.618862162000141 ], [ -4.369658287999926, 9.617714518000014 ], [ -4.369823241999882, 9.617483583000023 ], [ -4.370385907999889, 9.616625130000159 ], [ -4.371273230999975, 9.615027167000164 ], [ -4.371454380999921, 9.614618754000048 ], [ -4.37149022899996, 9.614428704000147 ], [ -4.371474447999901, 9.612512500000037 ], [ -4.370577044999891, 9.606693854000184 ], [ -4.370397563999973, 9.605535914000086 ], [ -4.370142816999874, 9.604349026000136 ], [ -4.369656482999972, 9.603196877000073 ], [ -4.36899645699998, 9.600006753000116 ], [ -4.36888066299997, 9.599421994000124 ], [ -4.368811186999892, 9.598599857000067 ], [ -4.368834345999971, 9.59810773200013 ], [ -4.368973297999901, 9.597337703000051 ], [ -4.369146988999887, 9.596706625000081 ], [ -4.369610500999954, 9.595836896000151 ], [ -4.369859121999923, 9.595409733000054 ], [ -4.370113868999965, 9.595073931000172 ], [ -4.370858422999902, 9.59435626000004 ], [ -4.371924422999939, 9.593490877000136 ], [ -4.37316503999989, 9.592555412000081 ], [ -4.374146491999909, 9.591858856000158 ], [ -4.374636351999868, 9.591678908 ], [ -4.37602411499995, 9.591523935000055 ], [ -4.376652298999943, 9.59155461000006 ], [ -4.377361768999947, 9.591589256000077 ], [ -4.378341962999968, 9.591858212000091 ], [ -4.388943859999927, 9.595645537000053 ], [ -4.390272307999965, 9.596383563000188 ], [ -4.39158648199998, 9.597810097000092 ], [ -4.392861313999958, 9.599390358 ], [ -4.394175985999937, 9.600492557000166 ], [ -4.395371140999941, 9.601262768000026 ], [ -4.396826216999898, 9.60173927 ], [ -4.39695451599988, 9.601780880000092 ], [ -4.39710015299994, 9.601798218000113 ], [ -4.397245790999818, 9.601798218000113 ], [ -4.397335946999817, 9.601794750000181 ], [ -4.397745117999932, 9.601680321 ], [ -4.398386510999956, 9.60155165600014 ], [ -4.398501043999943, 9.601548554000033 ], [ -4.398677888999828, 9.601586697000073 ], [ -4.398943328999962, 9.60172755100001 ], [ -4.400576707999903, 9.603865552000116 ], [ -4.403327969999907, 9.610779066000134 ], [ -4.403790348999962, 9.612351157000091 ], [ -4.404224251999892, 9.613671730000021 ], [ -4.404411042999925, 9.614235257000189 ], [ -4.404680075999977, 9.615046897000013 ], [ -4.405767044999834, 9.616043312000158 ], [ -4.40598748899987, 9.616355001000102 ], [ -4.406046436999929, 9.616462495000064 ], [ -4.408517853999967, 9.621646813000041 ], [ -4.409049596999921, 9.623092303000078 ], [ -4.409077076999949, 9.623889991 ], [ -4.409070141999905, 9.624129251999989 ], [ -4.408626295999966, 9.629680802000166 ], [ -4.4083410799999, 9.634719379000046 ], [ -4.408328536999932, 9.637935227000014 ], [ -4.408424896999918, 9.642654994 ], [ -4.408703766999906, 9.644407889000036 ], [ -4.411532301999898, 9.650104797000097 ], [ -4.41388657199991, 9.653249752000022 ], [ -4.414770440999973, 9.654172401000039 ], [ -4.41505142199992, 9.654447180000147 ], [ -4.415542712999979, 9.654699507000146 ], [ -4.416830825999966, 9.655071333000024 ], [ -4.418172055999946, 9.655456439000091 ], [ -4.419473447999962, 9.655947781000066 ], [ -4.423765584999899, 9.658475538 ], [ -4.424560137999947, 9.659112527000048 ], [ -4.425462993999929, 9.659880085000168 ], [ -4.426663380999969, 9.661272126000142 ], [ -4.427188661999821, 9.66194255 ], [ -4.427227977999962, 9.662001132000057 ], [ -4.427743007999936, 9.662768550000123 ], [ -4.427931408999882, 9.662940202000129 ], [ -4.429455490999885, 9.664141537000148 ], [ -4.429832028999954, 9.664207282000177 ], [ -4.43036396299982, 9.664296934000106 ], [ -4.430728547999877, 9.664273026999979 ], [ -4.431584358999885, 9.664167796000072 ], [ -4.435998943999948, 9.66268141 ], [ -4.438634057999934, 9.661507696000058 ], [ -4.438688474999879, 9.661448503999964 ], [ -4.439228683999943, 9.660603096000045 ], [ -4.439618460999952, 9.659918353000137 ], [ -4.440176199999883, 9.659227819000023 ], [ -4.440494907999948, 9.658909111000128 ], [ -4.442538688999946, 9.657710509000026 ], [ -4.443828063999888, 9.657262452 ], [ -4.445156014999895, 9.657249172000149 ], [ -4.446032462999938, 9.657249172000149 ], [ -4.446948748999887, 9.657262452 ], [ -4.446984630999964, 9.657261672000118 ], [ -4.4478804499999, 9.656935576000137 ], [ -4.448958998999956, 9.656525727000087 ], [ -4.449955376999981, 9.655937701000084 ], [ -4.45151527999991, 9.654790233000028 ], [ -4.453344693999952, 9.653226247000077 ], [ -4.453924552999922, 9.652981236000187 ], [ -4.454671836999978, 9.652723974000025 ], [ -4.455190442999879, 9.652560634 ], [ -4.455598794999901, 9.652466713000138 ], [ -4.456186820999903, 9.652409544000136 ], [ -4.456946354999957, 9.652380959000141 ], [ -4.46805732699994, 9.651020412000094 ], [ -4.473876607999841, 9.650188111000091 ], [ -4.474497302999964, 9.650139109000122 ], [ -4.475164796999934, 9.650182051000115 ], [ -4.476202565999927, 9.650340831000108 ], [ -4.476253213999939, 9.650473958000021 ], [ -4.478450144999897, 9.652095113000144 ], [ -4.478535898999951, 9.652144115000112 ], [ -4.478678821999893, 9.652197201000035 ], [ -4.480941088999941, 9.652638221000132 ], [ -4.481908881999971, 9.652797478000082 ], [ -4.483121685999947, 9.652899565000098 ], [ -4.484003725999855, 9.652907733000063 ], [ -4.485089940999956, 9.652772977000097 ], [ -4.4862210739999, 9.652630053000166 ], [ -4.487584967999965, 9.652450379000015 ], [ -4.488389420999908, 9.652311539000095 ], [ -4.488965196999857, 9.652176783000129 ], [ -4.489496053999972, 9.652033860000131 ], [ -4.48994523999994, 9.651792932999967 ], [ -4.490361758999939, 9.65141724900019 ], [ -4.491158043999917, 9.650600546000021 ], [ -4.492154421999942, 9.649632753000162 ], [ -4.493452979999915, 9.648611875000029 ], [ -4.494063197999935, 9.648202314000173 ], [ -4.494369110999969, 9.648001755 ], [ -4.49442720899998, 9.647963666000123 ], [ -4.494540336999933, 9.647917132000032 ], [ -4.495171338999967, 9.647765969000034 ], [ -4.503249331999939, 9.646002508000038 ], [ -4.503772021999907, 9.64605151100011 ], [ -4.504368215999932, 9.646284271000184 ], [ -4.504706970999905, 9.646492236000086 ], [ -4.505245786999978, 9.646970834000058 ], [ -4.505896482999901, 9.64772776500007 ], [ -4.50807432199997, 9.650396946000058 ], [ -4.51105701299997, 9.654263460000038 ], [ -4.511805863999939, 9.655243967000047 ], [ -4.512190968999903, 9.655761868000013 ], [ -4.517194536999909, 9.66379030000013 ], [ -4.517419129999951, 9.664562085000114 ], [ -4.517654946999926, 9.665496346000054 ], [ -4.519454395999958, 9.673190438 ], [ -4.520142833999955, 9.67845011999998 ], [ -4.520185232999836, 9.686211778000029 ], [ -4.519885572999897, 9.693489706000037 ], [ -4.519767150999883, 9.694477916000096 ], [ -4.519779401999926, 9.696266496000135 ], [ -4.520175502999905, 9.698422592000156 ], [ -4.52040209799992, 9.698951123000086 ], [ -4.520738672999869, 9.699452196000095 ], [ -4.520788550999839, 9.699619477000169 ], [ -4.52068409899988, 9.700887978000026 ], [ -4.520016244999965, 9.703963922000185 ], [ -4.519738419999896, 9.70471966700012 ], [ -4.519517347999908, 9.705026555000074 ], [ -4.515856113999916, 9.708534631000077 ], [ -4.51025548399997, 9.714238120000118 ], [ -4.509190468999975, 9.715426911000122 ], [ -4.507675936999874, 9.717153031000123 ], [ -4.506311582999956, 9.718786882000074 ], [ -4.503670034999914, 9.72272019400009 ], [ -4.503327906999914, 9.723577066000075 ], [ -4.503136018999953, 9.724289482000074 ], [ -4.502861258999872, 9.725575573000185 ], [ -4.502731377999964, 9.726492001000167 ], [ -4.502750929999877, 9.728045356000166 ], [ -4.502805942999828, 9.728460453000139 ], [ -4.503816177999909, 9.733181551000143 ], [ -4.503526109999882, 9.73830274300019 ], [ -4.503351068999962, 9.73900290600011 ], [ -4.503616130999887, 9.739773084999968 ], [ -4.504367558999888, 9.741023041 ], [ -4.508391625999934, 9.745711922000112 ], [ -4.509814500999823, 9.747321386000067 ], [ -4.509946732999936, 9.747470147 ], [ -4.510686096999905, 9.748241459000099 ], [ -4.512375660999908, 9.749917541 ], [ -4.513200211999902, 9.750537712999972 ], [ -4.51386953399998, 9.750867687000095 ], [ -4.514216068999929, 9.751005393000128 ], [ -4.515126616999964, 9.751367226000127 ], [ -4.515380275999973, 9.75143248400002 ], [ -4.516249028999937, 9.751491956000166 ], [ -4.516877704999899, 9.751534820000188 ], [ -4.519136151999874, 9.751467279000167 ], [ -4.521834227999932, 9.751450464000129 ], [ -4.526904663999971, 9.752131254000119 ], [ -4.530237326999952, 9.752746105000085 ], [ -4.536231203999932, 9.751116245000105 ], [ -4.540699760999814, 9.750180508000028 ], [ -4.542725693999841, 9.750022399000159 ], [ -4.543179127999963, 9.75003884500012 ], [ -4.544320603999893, 9.750000466000017 ], [ -4.544745702999933, 9.749945453 ], [ -4.545080780999911, 9.74984543 ], [ -4.545275825999965, 9.749740405000125 ], [ -4.546266056999855, 9.749120261000144 ], [ -4.552082409999969, 9.743814026000109 ], [ -4.552187434999951, 9.743698999000117 ], [ -4.553702709999925, 9.741919313000096 ], [ -4.553872146999822, 9.741498920000083 ], [ -4.553835504999881, 9.74105614500013 ], [ -4.553689430999952, 9.740232815000184 ], [ -4.551896696999961, 9.736461435000081 ], [ -4.548271390999957, 9.729781843000012 ], [ -4.546413107999854, 9.726770864000059 ], [ -4.545469414999843, 9.725665195000147 ], [ -4.545234596999933, 9.725352105000127 ], [ -4.543890122999926, 9.723525629 ], [ -4.54378291799992, 9.723288163000063 ], [ -4.543433162999918, 9.722262664000084 ], [ -4.543185088999905, 9.721080486000119 ], [ -4.542884950999962, 9.718850887000144 ], [ -4.542943140999967, 9.718201608000129 ], [ -4.543053395999948, 9.717855530000122 ], [ -4.544952229999922, 9.713200323000137 ], [ -4.545384061999869, 9.712168214000087 ], [ -4.545751578999898, 9.711494434000087 ], [ -4.549867761999963, 9.705733615000156 ], [ -4.552374758999918, 9.703023635000079 ], [ -4.554061256999944, 9.701576169000077 ], [ -4.555770861999974, 9.700099388000183 ], [ -4.556478136999942, 9.69939228100003 ], [ -4.556734546999962, 9.69907254900005 ], [ -4.557040455999868, 9.698649737000039 ], [ -4.557248714999957, 9.698315910000019 ], [ -4.558106253999938, 9.696913223000081 ], [ -4.558302261999927, 9.696518143000048 ], [ -4.558482957999956, 9.696092436000129 ], [ -4.559539566999945, 9.694842880000124 ], [ -4.559784577999892, 9.694594807000101 ], [ -4.560093904999974, 9.694331420000083 ], [ -4.560855111999899, 9.693782236000118 ], [ -4.56125574899994, 9.693516327000054 ], [ -4.561851384999841, 9.693190145000017 ], [ -4.563457476999929, 9.692544871000109 ], [ -4.566677019999872, 9.691457781000054 ], [ -4.566947146999951, 9.691366572000049 ], [ -4.567396826999925, 9.691304689 ], [ -4.568382988999815, 9.691192232000049 ], [ -4.568962575999876, 9.691140328000188 ], [ -4.569412868999848, 9.691126785000051 ], [ -4.572109658999977, 9.691045910000184 ], [ -4.573396913999886, 9.691060477000065 ], [ -4.57702404399987, 9.69117318300016 ], [ -4.577241639999954, 9.691185500000188 ], [ -4.577475657999855, 9.691218344000049 ], [ -4.577973079999879, 9.691336399000136 ], [ -4.578360719999978, 9.69158512700011 ], [ -4.578491491999955, 9.691669037000111 ], [ -4.580310082999972, 9.69284757600002 ], [ -4.582271086999981, 9.694136382000067 ], [ -4.583273674999873, 9.694869367000081 ], [ -4.583880282999871, 9.695475974999965 ], [ -4.583923100999868, 9.695523201000185 ], [ -4.584948136999969, 9.696828033000145 ], [ -4.588478510999948, 9.705001596000045 ], [ -4.589656928999943, 9.708671186000117 ], [ -4.589829362999978, 9.709139223000022 ], [ -4.590393122999899, 9.710312442000031 ], [ -4.59049333899992, 9.71048243000007 ], [ -4.590542429999914, 9.710565697999982 ], [ -4.590845703999946, 9.711015382000085 ], [ -4.591221151999946, 9.711418752000043 ], [ -4.591632583999967, 9.711674827000024 ], [ -4.591676167999935, 9.711701953000158 ], [ -4.591800043999967, 9.711775008000075 ], [ -4.591968372999929, 9.711840698000174 ], [ -4.592190074999905, 9.711894070000142 ], [ -4.592391247999956, 9.711914598000078 ], [ -4.592695061999962, 9.71190638700017 ], [ -4.593085091999967, 9.711926915000106 ], [ -4.593984214999921, 9.712066505000109 ], [ -4.594415301999902, 9.712152722000042 ], [ -4.594517940999935, 9.712189672000079 ], [ -4.5946452149999, 9.712263573000087 ], [ -4.595022927999821, 9.712497591000044 ], [ -4.595895693999978, 9.71312601000011 ], [ -4.597194782999907, 9.71418909200014 ], [ -4.597367216999885, 9.714345105000177 ], [ -4.597506806999888, 9.714521645000048 ], [ -4.597634079999864, 9.714735135000126 ], [ -4.597749036999971, 9.714940414000125 ], [ -4.598410035999848, 9.716291152000167 ], [ -4.598488041999929, 9.716590859000178 ], [ -4.604993518999947, 9.719112068000129 ], [ -4.605211156999928, 9.719193102000077 ], [ -4.60613100899991, 9.720068882000078 ], [ -4.606680143999938, 9.720639073000086 ], [ -4.60696378699987, 9.72097588600019 ], [ -4.608223767999959, 9.722597425000117 ], [ -4.609089112999868, 9.72385011700004 ], [ -4.609188332999906, 9.724007842000049 ], [ -4.609416803999977, 9.724264589000029 ], [ -4.609956010999952, 9.724643718999971 ], [ -4.610672144999853, 9.724963872999979 ], [ -4.611261902999956, 9.725039699000035 ], [ -4.61195276299992, 9.725123951000114 ], [ -4.61250881999996, 9.725140801000066 ], [ -4.612963775999901, 9.724963872999979 ], [ -4.613351331999922, 9.724719545000028 ], [ -4.61367148599993, 9.724348840000175 ], [ -4.614269668999953, 9.723438928000064 ], [ -4.614396045999968, 9.723026097000059 ], [ -4.61447187199991, 9.722309963000157 ], [ -4.614345494999952, 9.721442176000039 ], [ -4.614202267999815, 9.720894543000099 ], [ -4.615289107999956, 9.716378682000141 ], [ -4.616739908999818, 9.711353726000027 ], [ -4.618852930999935, 9.706731927000135 ], [ -4.620445277999977, 9.703336606000164 ], [ -4.620571653999946, 9.703109128000165 ], [ -4.620837282999901, 9.702849637999975 ], [ -4.62122038799987, 9.702687872000126 ], [ -4.621978647999924, 9.702468819000046 ], [ -4.622621018999951, 9.702417606000154 ], [ -4.62366503699991, 9.702489060000175 ], [ -4.635842924999963, 9.706065249000062 ], [ -4.636641828999927, 9.70647856000005 ], [ -4.637432527999977, 9.706918422000058 ], [ -4.637728313999901, 9.707202609000035 ], [ -4.637971661999813, 9.707478912000056 ], [ -4.638400384999954, 9.708554687000174 ], [ -4.638487716999975, 9.708876229000111 ], [ -4.638508721999926, 9.709099384000183 ], [ -4.63854476299997, 9.709583536000082 ], [ -4.638753049999877, 9.710026146000132 ], [ -4.639258556999948, 9.710801257000071 ], [ -4.639620836999939, 9.71121408800019 ], [ -4.639983116999872, 9.711449991000052 ], [ -4.643701791999888, 9.713398508000068 ], [ -4.643925605999925, 9.713475447000178 ], [ -4.644170397999972, 9.713480443000037 ], [ -4.644869682999968, 9.713345641000046 ], [ -4.64583014599998, 9.713126587999966 ], [ -4.646007072999964, 9.713059188000102 ], [ -4.649907900999949, 9.711298339000166 ], [ -4.650135378999948, 9.711129836000168 ], [ -4.650379923999935, 9.710895697000069 ], [ -4.650598202999959, 9.710574480000048 ], [ -4.650809387999914, 9.710017721000042 ], [ -4.650912726999934, 9.709570918000111 ], [ -4.651397447999898, 9.706474590000084 ], [ -4.651938352999878, 9.700716396000075 ], [ -4.651963628999965, 9.700109787000031 ], [ -4.651914853999926, 9.698740515999987 ], [ -4.651837655999827, 9.698368561000052 ], [ -4.654386171999931, 9.690695224000137 ], [ -4.654558563999956, 9.690193428000157 ], [ -4.656248223999967, 9.687045902000136 ], [ -4.656353112999966, 9.686958185000094 ], [ -4.656664841999884, 9.686831808000022 ], [ -4.657851677999872, 9.68687245000018 ], [ -4.657946949999939, 9.686896268 ], [ -4.658363762999954, 9.687070932000097 ], [ -4.658871878999889, 9.687344838 ], [ -4.658951271999968, 9.68742423100008 ], [ -4.659074330999943, 9.687614775000043 ], [ -4.659117996999953, 9.687789439000142 ], [ -4.659403811999937, 9.688110981000079 ], [ -4.65980077699993, 9.688484128000141 ], [ -4.659983380999961, 9.688650854000059 ], [ -4.660096992999911, 9.688715162000051 ], [ -4.660328474999972, 9.688769943000068 ], [ -4.660527222999917, 9.688769943000068 ], [ -4.660658035999973, 9.688738135999984 ], [ -4.661332355999832, 9.688568585000098 ], [ -4.662464412999952, 9.688245949000077 ], [ -4.667078282999967, 9.686629605000064 ], [ -4.668460001999904, 9.686140949000162 ], [ -4.671400365999943, 9.685087809000038 ], [ -4.672200751999981, 9.684666554000103 ], [ -4.673043263999944, 9.684118921000163 ], [ -4.673641446999966, 9.683638690000123 ], [ -4.674952937999876, 9.682283532000099 ], [ -4.675016451999966, 9.682216048000043 ], [ -4.677112593999937, 9.681245957000158 ], [ -4.679645065999978, 9.680215344000032 ], [ -4.686783683999977, 9.677693369 ], [ -4.687197454999932, 9.677547332000074 ], [ -4.687300421999907, 9.677527241000121 ], [ -4.687702048999938, 9.677531459000136 ], [ -4.688713975999917, 9.677859062000152 ], [ -4.690028292999955, 9.678297168000142 ], [ -4.690594387999965, 9.678491953 ], [ -4.690963462999946, 9.678736706000109 ], [ -4.691153374999942, 9.67894953900003 ], [ -4.691370378999977, 9.679289136000136 ], [ -4.691508111999894, 9.679633469000123 ], [ -4.691567422999924, 9.679990960000111 ], [ -4.691586938999933, 9.680327620000071 ], [ -4.691527963999931, 9.681532411000035 ], [ -4.691461807999815, 9.682672303 ], [ -4.696246026999972, 9.685290012000166 ], [ -4.697088538999878, 9.685365838000052 ], [ -4.697873018999928, 9.685657626000022 ], [ -4.698470256999883, 9.685879770000099 ], [ -4.699624497999935, 9.68635157600005 ], [ -4.700416458999882, 9.686705431000121 ], [ -4.70333071899995, 9.689139220000129 ], [ -4.705897825999898, 9.691283091000173 ], [ -4.706212812999979, 9.691562800000156 ], [ -4.709195152999882, 9.695780348000028 ], [ -4.713205897999899, 9.702749246000053 ], [ -4.71329845799994, 9.703201804000173 ], [ -4.713230096999951, 9.70392624200008 ], [ -4.713202078999871, 9.704008293000015 ], [ -4.713119196999855, 9.704242315000045 ], [ -4.712873381999941, 9.70465293500007 ], [ -4.712683424999966, 9.70553556100009 ], [ -4.712927752999974, 9.707431211000085 ], [ -4.713096254999925, 9.708240022000155 ], [ -4.716304256999933, 9.715186235000147 ], [ -4.716882865999935, 9.716169249000131 ], [ -4.71822051099997, 9.716617204000158 ], [ -4.71853159199992, 9.716841182 ], [ -4.718786676999912, 9.717083825000088 ], [ -4.719732360999899, 9.718390362000093 ], [ -4.720192759999975, 9.719143176000046 ], [ -4.720659380999962, 9.71990843400016 ], [ -4.720754683999928, 9.720203684000069 ], [ -4.720844799999952, 9.720695997 ], [ -4.720858471999918, 9.721594489000097 ], [ -4.720796255999915, 9.722589945000038 ], [ -4.72064960299997, 9.725026201 ], [ -4.720619810999949, 9.727724136000063 ], [ -4.720707871999878, 9.728186119000156 ], [ -4.720766979999894, 9.728496205000056 ], [ -4.720964238999954, 9.728842659000122 ], [ -4.72125665499982, 9.729271949000122 ], [ -4.723011146999966, 9.731125988000144 ], [ -4.723508875999926, 9.731493062000141 ], [ -4.72819996599992, 9.733857271999966 ], [ -4.729805139999939, 9.734485654000139 ], [ -4.731559632999904, 9.735798413000111 ], [ -4.731858269999918, 9.73608460700018 ], [ -4.732424435999974, 9.736632108000094 ], [ -4.734315803999948, 9.738486147000117 ], [ -4.734434013999874, 9.738604357000099 ], [ -4.73455844699987, 9.738828335000164 ], [ -4.734561227999905, 9.740026086000057 ], [ -4.734506754999927, 9.742830605 ], [ -4.734434013999874, 9.743127464000167 ], [ -4.734359354999924, 9.743314112000121 ], [ -4.733892734999927, 9.743861613000036 ], [ -4.733519437999973, 9.744340677000082 ], [ -4.733171028999834, 9.744875735000107 ], [ -4.732959493999829, 9.745336134000127 ], [ -4.732908695999868, 9.745751822000045 ], [ -4.732984066999904, 9.746609042000102 ], [ -4.733282827999915, 9.74711349800009 ], [ -4.733830460999968, 9.747517903000073 ], [ -4.737782842999934, 9.750187671000162 ], [ -4.738493916999971, 9.750611120000144 ], [ -4.740323534999902, 9.751593840000055 ], [ -4.741402129999926, 9.752110501000118 ], [ -4.742193100999884, 9.752448727 ], [ -4.746001474999957, 9.753942782000081 ], [ -4.746438239999975, 9.754059963000088 ], [ -4.746994847999929, 9.754131869 ], [ -4.74750884599996, 9.754137195000112 ], [ -4.747945609999874, 9.754134532000137 ], [ -4.748297152999839, 9.754118553000183 ], [ -4.74858744099987, 9.754078605000075 ], [ -4.748888382999894, 9.75399870900003 ], [ -4.749415695999915, 9.75384957 ], [ -4.756672912999875, 9.754640540000082 ], [ -4.757322733999843, 9.754808322000144 ], [ -4.75906446599987, 9.755183833 ], [ -4.759847445999924, 9.755346288000055 ], [ -4.760598468999888, 9.755490100000031 ], [ -4.760952673999952, 9.755546028000026 ], [ -4.761394764999977, 9.755577986000048 ], [ -4.761698369999863, 9.755572660000098 ], [ -4.761956699999928, 9.755498090000174 ], [ -4.764356241999963, 9.75469114100008 ], [ -4.764894208999976, 9.754475422000098 ], [ -4.76523776099998, 9.754310303000011 ], [ -4.765394889999925, 9.754222418000154 ], [ -4.765544028999898, 9.754081268 ], [ -4.765714473999878, 9.753894844000058 ], [ -4.769119248999971, 9.749878871000021 ], [ -4.769197937999877, 9.749631063000095 ], [ -4.769197937999877, 9.749359416000118 ], [ -4.769110051999974, 9.749127718000125 ], [ -4.768678613999896, 9.748243536000132 ], [ -4.768553443999963, 9.748049123000158 ], [ -4.768438925999874, 9.747918626000114 ], [ -4.768233859999953, 9.747742855000013 ], [ -4.767972866999969, 9.747631000000126 ], [ -4.767248475999963, 9.747247500000185 ], [ -4.766185859999894, 9.746621648000087 ], [ -4.765107263999937, 9.745934543000146 ], [ -4.764851596999904, 9.745766761000141 ], [ -4.764582613999949, 9.745583000000124 ], [ -4.764356241999963, 9.745391250000068 ], [ -4.764087258999893, 9.745122267000113 ], [ -4.76387952999994, 9.744850621000182 ], [ -4.763757022999926, 9.744626912000058 ], [ -4.763647830999957, 9.744381898000029 ], [ -4.763562608999905, 9.744152862000078 ], [ -4.763496028999896, 9.743891869000095 ], [ -4.763501354999903, 9.743500379000182 ], [ -4.763573261999909, 9.743028993000109 ], [ -4.763647007999964, 9.742734672000154 ], [ -4.76385991199993, 9.742327453000144 ], [ -4.763952852999978, 9.742164664000086 ], [ -4.765517038999974, 9.739604339000039 ], [ -4.766107937999948, 9.738697350000052 ], [ -4.766180533999886, 9.738629388000106 ], [ -4.766303040999901, 9.738565471000072 ], [ -4.768787423999925, 9.737519869999971 ], [ -4.769384361999869, 9.737305778000064 ], [ -4.771016902999918, 9.736940920000052 ], [ -4.771727976999955, 9.736821076000069 ], [ -4.772652106999942, 9.7366666100001 ], [ -4.773435087999928, 9.736581388000161 ], [ -4.774018327999954, 9.736528124000188 ], [ -4.774271331999898, 9.736570735000043 ], [ -4.774617547999981, 9.736674600000015 ], [ -4.774955773999977, 9.736791781000079 ], [ -4.775283347999959, 9.736972878000017 ], [ -4.775773375999961, 9.737313767999979 ], [ -4.778191560999915, 9.739140722000172 ], [ -4.779296788999943, 9.740054199000156 ], [ -4.779725563999932, 9.740525585000057 ], [ -4.780447289999927, 9.741433735999976 ], [ -4.780766873999937, 9.741939744000092 ], [ -4.781017214999963, 9.742467058000045 ], [ -4.781366093999964, 9.74339651400004 ], [ -4.781411368999954, 9.743553643000155 ], [ -4.781400715999951, 9.74384126800004 ], [ -4.781315492999909, 9.744520384000111 ], [ -4.781211628999927, 9.745271406000086 ], [ -4.781102436999959, 9.745764098000166 ], [ -4.780905360999839, 9.746629638 ], [ -4.779680288999884, 9.750174355000127 ], [ -4.779544174999899, 9.750492470000097 ], [ -4.779212730999916, 9.751267089000123 ], [ -4.779186907999929, 9.751325462000068 ], [ -4.779175638999959, 9.751350936000051 ], [ -4.778959771999951, 9.751860378000117 ], [ -4.778899971999977, 9.752033268 ], [ -4.778899971999977, 9.752520634 ], [ -4.779672299999959, 9.753956098000117 ], [ -4.779821438999932, 9.754107900000065 ], [ -4.779994546999944, 9.754222418000154 ], [ -4.780191622999951, 9.754326283000125 ], [ -4.780463269999927, 9.754419495000036 ], [ -4.781113089999963, 9.754589939000084 ], [ -4.781568496999967, 9.754677825000044 ], [ -4.781954660999872, 9.754712445999985 ], [ -4.782109126999956, 9.754717772999982 ], [ -4.782676387999913, 9.754717772999982 ], [ -4.783318218999966, 9.754704457000116 ], [ -4.783954723999898, 9.754784353 ], [ -4.792323744999919, 9.756037729000127 ], [ -4.793275919999928, 9.75779909400012 ], [ -4.794232007999881, 9.76214543500015 ], [ -4.794261303999917, 9.762377133000086 ], [ -4.794263966999949, 9.762550241000042 ], [ -4.79397402799998, 9.763580999000055 ], [ -4.793844345999958, 9.763922600000171 ], [ -4.793173794999916, 9.765523064000092 ], [ -4.793078905999948, 9.765722332000053 ], [ -4.792955549999874, 9.765950066000073 ], [ -4.792813216999946, 9.76620626700003 ], [ -4.792650067999944, 9.766579661000037 ], [ -4.792498265999882, 9.766941856000074 ], [ -4.792407716999946, 9.76722149200009 ], [ -4.792346462999944, 9.767549065000139 ], [ -4.792343799999969, 9.767706194000084 ], [ -4.792391737999935, 9.767831365 ], [ -4.795678124999938, 9.772710345000121 ], [ -4.795805958999836, 9.772851495000054 ], [ -4.796011024999927, 9.772976665000158 ], [ -4.796189459999937, 9.773035255000025 ], [ -4.796405178999919, 9.773069877000012 ], [ -4.796647529999916, 9.773080530000129 ], [ -4.796921838999879, 9.773069877000012 ], [ -4.797174842999937, 9.77303259200005 ], [ -4.797350613999924, 9.772989980999967 ], [ -4.797553016999871, 9.772928727000078 ], [ -4.797811347999925, 9.772830189000103 ], [ -4.799606343999869, 9.772079167000129 ], [ -4.800208246999944, 9.771826870000098 ], [ -4.800410677999878, 9.771520061000047 ], [ -4.800461230999815, 9.77141869400009 ], [ -4.800727550999909, 9.771306838999976 ], [ -4.801340085999868, 9.771056498000178 ], [ -4.802304163999963, 9.770776863000037 ], [ -4.803494993999891, 9.770477717000119 ], [ -4.803958010999963, 9.770361404000028 ], [ -4.804429396999979, 9.770459942000173 ], [ -4.804938067999956, 9.770694303000141 ], [ -4.805156450999959, 9.770862085000147 ], [ -4.805787628999894, 9.771349450000059 ], [ -4.806272330999946, 9.771791541000141 ], [ -4.809047383999939, 9.77444941400006 ], [ -4.810956897999858, 9.776380233 ], [ -4.816693427999951, 9.78366408200003 ], [ -4.81677066099985, 9.783842517000153 ], [ -4.816775987999847, 9.783975677000171 ], [ -4.816618146999929, 9.784536881000065 ], [ -4.816513768999926, 9.784835782000187 ], [ -4.816388039999879, 9.785148915999969 ], [ -4.816281289999949, 9.785402745000113 ], [ -4.81616396499993, 9.78566383600014 ], [ -4.815971701999899, 9.786031666000042 ], [ -4.815284595999969, 9.786985092 ], [ -4.814901095999971, 9.787411203000033 ], [ -4.814320517999874, 9.787986454000134 ], [ -4.814088819999824, 9.788132930000131 ], [ -4.813881089999938, 9.788151573 ], [ -4.813684013999875, 9.788138257000128 ], [ -4.813076803999934, 9.788071677000119 ], [ -4.812544163999917, 9.78799977000017 ], [ -4.812205937999977, 9.787941180000075 ], [ -4.811047446999964, 9.787637575000133 ], [ -4.810493500999883, 9.787387234999983 ], [ -4.809755794999944, 9.787062324000033 ], [ -4.80895150899994, 9.786758720000137 ], [ -4.806709095999906, 9.78592247500012 ], [ -4.806280319999871, 9.785805294000113 ], [ -4.805859534999968, 9.785720072000174 ], [ -4.805502665999938, 9.785698766 ], [ -4.805039269999952, 9.785712082000032 ], [ -4.804661095999961, 9.78576268300003 ], [ -4.804096496999932, 9.785895843000048 ], [ -4.803774249999947, 9.786015687000031 ], [ -4.803518582999914, 9.786146184000074 ], [ -4.802985942999896, 9.786463105000109 ], [ -4.801923326999884, 9.787025039000071 ], [ -4.80142530899991, 9.787254075000021 ], [ -4.801161651999962, 9.787294023000129 ], [ -4.800948595999898, 9.787291359000051 ], [ -4.8006609709999, 9.787232769000184 ], [ -4.794751331999976, 9.785411141000111 ], [ -4.788966863999917, 9.782684025000037 ], [ -4.788418244999889, 9.78238841000001 ], [ -4.787006749999932, 9.78160543000007 ], [ -4.786191810999981, 9.781150023000123 ], [ -4.785888205999925, 9.78094229300018 ], [ -4.785520684999881, 9.780907670999966 ], [ -4.785014676999936, 9.780912998000133 ], [ -4.784572585999967, 9.780998220000129 ], [ -4.783853521999959, 9.781453627000019 ], [ -4.78375801999988, 9.781616666000104 ], [ -4.783682108999812, 9.781761372000176 ], [ -4.783296912999901, 9.783576197000173 ], [ -4.783270280999943, 9.783962361000135 ], [ -4.783291586999894, 9.784281945000089 ], [ -4.783600517999901, 9.788063687000033 ], [ -4.783619159999944, 9.788151573 ], [ -4.78389879599996, 9.788622959000122 ], [ -4.784095872999956, 9.788921237000068 ], [ -4.784167778999915, 9.789014448999978 ], [ -4.784780314999978, 9.789549752000141 ], [ -4.784877237999922, 9.789568186000054 ], [ -4.785211428999958, 9.789631744000189 ], [ -4.785454104999872, 9.789648290000116 ], [ -4.786061313999937, 9.789808082000036 ], [ -4.78660194299988, 9.790018475000124 ], [ -4.787326332999953, 9.790314090000152 ], [ -4.787819024999976, 9.790580410000132 ], [ -4.788447539999936, 9.791142345000026 ], [ -4.789281120999874, 9.79212506600004 ], [ -4.789747180999882, 9.792785539000079 ], [ -4.790511518999892, 9.793888103000029 ], [ -4.790863061999971, 9.794407427000181 ], [ -4.791049485999906, 9.794860171000153 ], [ -4.791209277999826, 9.795310251000103 ], [ -4.791931003999935, 9.799819047000085 ], [ -4.792016226999976, 9.801653991000023 ], [ -4.791994920999969, 9.801957596000022 ], [ -4.791869750999922, 9.802325118000056 ], [ -4.790307753999912, 9.806251588000066 ], [ -4.7898018489999, 9.81004651600017 ], [ -4.789751569999908, 9.810769557000015 ], [ -4.789680600999816, 9.812493211000174 ], [ -4.789677937999954, 9.813095094000175 ], [ -4.789780281999981, 9.815009682000095 ], [ -4.789894874999959, 9.815912733000118 ], [ -4.78994635499987, 9.816318417000161 ], [ -4.790128977999871, 9.817342247000113 ], [ -4.790162639999892, 9.817481383000086 ], [ -4.79031976899995, 9.817931464000083 ], [ -4.790673974999947, 9.818980764000059 ], [ -4.790721911999981, 9.819204473000184 ], [ -4.790751206999914, 9.819643900000017 ], [ -4.790732564999814, 9.81998212700006 ], [ -4.79071125899992, 9.820309700000053 ], [ -4.790663321999943, 9.820658579000053 ], [ -4.7905328249999, 9.821092681000096 ], [ -4.790207914999939, 9.821859682000081 ], [ -4.789958060999936, 9.822296414000107 ], [ -4.789859035999939, 9.82236036300003 ], [ -4.78954499799994, 9.822529061000125 ], [ -4.788505525999938, 9.822860957000046 ], [ -4.788195603999952, 9.822959913000034 ], [ -4.787382008999941, 9.823239704 ], [ -4.787283721999927, 9.823284493000074 ], [ -4.787165010999956, 9.823366512 ], [ -4.782651125999962, 9.829982911000116 ], [ -4.782450015999927, 9.830328655000073 ], [ -4.782330171999945, 9.830555027000173 ], [ -4.782327508999913, 9.830808031000174 ], [ -4.782356803999846, 9.83098113799997 ], [ -4.782401166999875, 9.831087292000063 ], [ -4.785629886999857, 9.835346461000142 ], [ -4.785853929999917, 9.83554674300018 ], [ -4.786152654999967, 9.835713078000026 ], [ -4.786475141999972, 9.835845467000013 ], [ -4.791840455999932, 9.837830886000063 ], [ -4.795118853999895, 9.838994704000129 ], [ -4.795699430999889, 9.839138517000038 ], [ -4.79624272399991, 9.839316951000058 ], [ -4.796668834999821, 9.839498049000099 ], [ -4.796876564999934, 9.839647188000072 ], [ -4.796988418999888, 9.839748389000022 ], [ -4.79710293699992, 9.839870897000026 ], [ -4.797310665999817, 9.840193144000125 ], [ -4.79769682999995, 9.840906881000137 ], [ -4.798272080999936, 9.842203859000165 ], [ -4.798706182999979, 9.843205222000165 ], [ -4.798818036999933, 9.843607365000082 ], [ -4.798900595999896, 9.84396689700003 ], [ -4.798865974999956, 9.844241206000049 ], [ -4.798884616999942, 9.84431577600003 ], [ -4.798940543999947, 9.844470241000067 ], [ -4.798961849999898, 9.844504863000111 ], [ -4.799009786999875, 9.844531495000183 ], [ -4.800961911999934, 9.845317138999974 ], [ -4.801268179999965, 9.845426330000066 ], [ -4.80195914199993, 9.84556365800006 ], [ -4.804269604999945, 9.845764556000177 ], [ -4.804535924999868, 9.845783198000106 ], [ -4.804756970999961, 9.845791188000078 ], [ -4.805374832999917, 9.845767219000095 ], [ -4.805625173999942, 9.845732597999984 ], [ -4.805899482999905, 9.845647375000169 ], [ -4.806145594999919, 9.845533474000035 ], [ -4.806227642999886, 9.845470732000024 ], [ -4.806658494999908, 9.845138704000078 ], [ -4.806924814999945, 9.84490966900006 ], [ -4.80704732199996, 9.84476053000003 ], [ -4.807681124999874, 9.84414913500018 ], [ -4.808583788999954, 9.843336735000094 ], [ -4.808597698999961, 9.843324216000042 ], [ -4.808811008999953, 9.843165647000149 ], [ -4.809300537999945, 9.842865557000039 ], [ -4.80956670799992, 9.842752477999966 ], [ -4.809814093999876, 9.842667874000085 ], [ -4.810889106999923, 9.842396787000155 ], [ -4.812121119999972, 9.842255578999982 ], [ -4.812695966999968, 9.842262449000032 ], [ -4.815268261999961, 9.842349475000105 ], [ -4.815670759999875, 9.842432894000183 ], [ -4.816216715999929, 9.84265394 ], [ -4.817005022999979, 9.843029451000064 ], [ -4.817505703999927, 9.843287781000129 ], [ -4.824151794999921, 9.847611147000066 ], [ -4.824375837999924, 9.847770693000143 ], [ -4.824470886999961, 9.847981158000039 ], [ -4.824528594999947, 9.848364748 ], [ -4.825377244999913, 9.854770356000131 ], [ -4.824036377999903, 9.860354471000051 ], [ -4.823934540999915, 9.860887424000168 ], [ -4.823842806999949, 9.861416663000171 ], [ -4.823872880999943, 9.862018143 ], [ -4.823970262999921, 9.862664018999965 ], [ -4.824043299999914, 9.863036364000152 ], [ -4.825158902999874, 9.865788853000083 ], [ -4.825416680999979, 9.866123964 ], [ -4.82571169299996, 9.866330185000095 ], [ -4.825923642999896, 9.866439025000034 ], [ -4.826237271999901, 9.866599420000114 ], [ -4.8394383669999, 9.871982988000184 ], [ -4.839742249999915, 9.87209024100008 ], [ -4.839861540999948, 9.872113816000024 ], [ -4.840099579999901, 9.872125578000066 ], [ -4.840151584999944, 9.872123652000084 ], [ -4.843020605999925, 9.871704131000115 ], [ -4.845929980999927, 9.87048258700014 ], [ -4.848836512999981, 9.868654688000163 ], [ -4.849096381999914, 9.868602692000081 ], [ -4.850400531999981, 9.868596904000185 ], [ -4.850739531999977, 9.868612313000085 ], [ -4.851063121999914, 9.868641205000188 ], [ -4.851761484999884, 9.868872419000127 ], [ -4.858842667999966, 9.871657498000104 ], [ -4.862166028999866, 9.873358343000064 ], [ -4.863688914999898, 9.874198095000054 ], [ -4.864853672999914, 9.874735806000047 ], [ -4.865053877999969, 9.874814458000174 ], [ -4.865163163999966, 9.874832929000036 ], [ -4.870068263999883, 9.875120713 ], [ -4.870245467999894, 9.875126491000117 ], [ -4.870411317999981, 9.875098779000155 ], [ -4.870498868999903, 9.875084150000077 ], [ -4.87073111899997, 9.875032539000188 ], [ -4.870924173999924, 9.87497176200003 ], [ -4.871138678999898, 9.874868084000184 ], [ -4.871338883999954, 9.874714356000084 ], [ -4.871485462999942, 9.874571352000146 ], [ -4.871566793999818, 9.874475458000177 ], [ -4.873087101999943, 9.871804233000034 ], [ -4.875469136999925, 9.874783640000089 ], [ -4.876539743999956, 9.876659973000187 ], [ -4.880360587999917, 9.879121071999975 ], [ -4.883488089999958, 9.880842660000155 ], [ -4.88359021399998, 9.880888347000109 ], [ -4.884604885999977, 9.881261959000085 ], [ -4.884805523999887, 9.881332588000021 ], [ -4.88617299699996, 9.881813970000053 ], [ -4.886275603999934, 9.881839507000109 ], [ -4.890372655999897, 9.879447773000095 ], [ -4.893904287999931, 9.876861816000087 ], [ -4.894126664999931, 9.876770336000163 ], [ -4.896422343999973, 9.876261204000173 ], [ -4.896638375999885, 9.876266667000152 ], [ -4.896981439999877, 9.876324306000015 ], [ -4.897356735999949, 9.876507511 ], [ -4.897620022999945, 9.876732077000099 ], [ -4.897724065999967, 9.876896115000022 ], [ -4.897838777999937, 9.87721826000012 ], [ -4.898028158999978, 9.87808568500003 ], [ -4.898237594999955, 9.87941032800012 ], [ -4.898377803999949, 9.881001900000172 ], [ -4.898442693999812, 9.882336466000083 ], [ -4.898438158999966, 9.882864923000056 ], [ -4.898465629999919, 9.884033380000176 ], [ -4.898499198999957, 9.885163546000058 ], [ -4.898633475999873, 9.885555188000126 ], [ -4.898823701999959, 9.885913260000109 ], [ -4.899483897999971, 9.886472748000017 ], [ -4.902525788999981, 9.888673559000154 ], [ -4.903293832999907, 9.88908890700003 ], [ -4.904288780999877, 9.889609973000177 ], [ -4.905021144999921, 9.88986845400018 ], [ -4.906455101999825, 9.890272588000016 ], [ -4.907298243999946, 9.890481835 ], [ -4.908496285999945, 9.890760831000023 ], [ -4.909575343999961, 9.890994695000188 ], [ -4.910402073999876, 9.89116496500003 ], [ -4.910964168999953, 9.891240868000011 ], [ -4.911151455999914, 9.891248952000183 ], [ -4.912808413999869, 9.891179325000167 ], [ -4.913079203999871, 9.891091113000186 ], [ -4.923992867999971, 9.88645075400018 ], [ -4.924743694999904, 9.886110215000144 ], [ -4.925615556999958, 9.8856178690001 ], [ -4.926879244999952, 9.884885505000057 ], [ -4.927535705999901, 9.884493680000048 ], [ -4.927868038999975, 9.884261866999964 ], [ -4.928382949999957, 9.883890556000097 ], [ -4.92862707199987, 9.883703874999981 ], [ -4.928832215999819, 9.883467960000132 ], [ -4.929103005999934, 9.883098700000119 ], [ -4.93086590799993, 9.88048408700007 ], [ -4.930924942999866, 9.880247947000043 ], [ -4.930978074999928, 9.879911446 ], [ -4.931063432999963, 9.879294757000082 ], [ -4.931039037999881, 9.878953226000135 ], [ -4.930680965999841, 9.87816994200017 ], [ -4.930311703999905, 9.877476177000062 ], [ -4.929696265999894, 9.876625754000088 ], [ -4.929192726999872, 9.87595436800018 ], [ -4.928677997999955, 9.875316552000129 ], [ -4.927668334999964, 9.873685211000065 ], [ -4.927480692999893, 9.873235255000168 ], [ -4.927149916999952, 9.871913058000075 ], [ -4.927065120999885, 9.871466744000088 ], [ -4.927061822999974, 9.871019818000093 ], [ -4.927084388999958, 9.870751080000048 ], [ -4.927211577999913, 9.870186934000117 ], [ -4.927441055999907, 9.869325594000031 ], [ -4.927515085999971, 9.869187533000115 ], [ -4.927707842999951, 9.86886438099998 ], [ -4.927957578999838, 9.868557207000151 ], [ -4.928286114999935, 9.86842784300012 ], [ -4.92909399399997, 9.868278188999966 ], [ -4.929298089999975, 9.868243590000077 ], [ -4.929519193999965, 9.868257763000088 ], [ -4.929791321999858, 9.868317291000039 ], [ -4.930099097999914, 9.868423656000061 ], [ -4.930400774999839, 9.868544064000048 ], [ -4.930669775999888, 9.868692210000063 ], [ -4.935891666999851, 9.872727986000029 ], [ -4.936216169999966, 9.872985351000068 ], [ -4.936563052999873, 9.873265095000136 ], [ -4.93825816899988, 9.874803954000186 ], [ -4.938498881999919, 9.875100216000021 ], [ -4.938745056999949, 9.875424720000012 ], [ -4.938951002999943, 9.875767963000101 ], [ -4.939305019999836, 9.876773677000187 ], [ -4.939405252999961, 9.877058425000143 ], [ -4.940210916999888, 9.878423577000092 ], [ -4.940445901999908, 9.878759270000046 ], [ -4.940669696999862, 9.87905020400018 ], [ -4.94094944099993, 9.879352327000049 ], [ -4.941047422999929, 9.879439422000019 ], [ -4.941454729999975, 9.879715875000102 ], [ -4.943420389999972, 9.880883360000155 ], [ -4.943536610999899, 9.8809513920001 ], [ -4.94367834399992, 9.880999581000083 ], [ -4.944546639999828, 9.881265210000095 ], [ -4.945671919999938, 9.881564430000026 ], [ -4.950479016999964, 9.882842270000026 ], [ -4.951049316999956, 9.882971511000164 ], [ -4.951923230999967, 9.88310485500017 ], [ -4.953258903999938, 9.883229677000031 ], [ -4.953422153999952, 9.883212268000079 ], [ -4.953625697999883, 9.883106844000054 ], [ -4.953714137999953, 9.883065877000149 ], [ -4.953861841999981, 9.883055620000107 ], [ -4.954108014999917, 9.88305767200012 ], [ -4.95425776999997, 9.883067929000163 ], [ -4.954544971999951, 9.883143832000144 ], [ -4.954890840999951, 9.883295671000155 ], [ -4.956091340999876, 9.883910782000157 ], [ -4.956346460999953, 9.884086531000037 ], [ -4.960373113999879, 9.887702133000062 ], [ -4.960898282999892, 9.888227302000075 ], [ -4.963091216999885, 9.890270167000097 ], [ -4.963598306999927, 9.890700855000034 ], [ -4.96445027599998, 9.890850447000162 ], [ -4.965550949999908, 9.891146502000026 ], [ -4.965762248999908, 9.891273690999981 ], [ -4.966480252999872, 9.891778344999977 ], [ -4.966786960999968, 9.892120200000136 ], [ -4.966956904999904, 9.89237197000017 ], [ -4.967095377999897, 9.892630034000035 ], [ -4.970110320999936, 9.899056456000096 ], [ -4.97024249999987, 9.899471876000177 ], [ -4.970361043999901, 9.899937976000047 ], [ -4.97038655599988, 9.900660816000141 ], [ -4.970018314999891, 9.903827864 ], [ -4.969890376999956, 9.904103307000128 ], [ -4.969842140999958, 9.904207154000119 ], [ -4.968702956999948, 9.9083726450001 ], [ -4.968938930999911, 9.910131546000059 ], [ -4.969076595999979, 9.91339125899998 ], [ -4.969055737999895, 9.913590992000081 ], [ -4.969002605999947, 9.913791711000101 ], [ -4.968925860999832, 9.914016044999983 ], [ -4.968754658999956, 9.914287606000187 ], [ -4.968474252999954, 9.914631393000093 ], [ -4.96385474199991, 9.917534538999973 ], [ -4.963435592999872, 9.917741162000141 ], [ -4.963007611999899, 9.917905833000134 ], [ -4.961519588999977, 9.918364114000155 ], [ -4.96038018899992, 9.91867794500007 ], [ -4.959311519999972, 9.918791332000126 ], [ -4.958896082999956, 9.918920306000132 ], [ -4.957519560999913, 9.919347655000081 ], [ -4.957330827999954, 9.919474844000035 ], [ -4.957201586999929, 9.919579468000165 ], [ -4.957057985999938, 9.919745634000037 ], [ -4.956977277999897, 9.919920022000099 ], [ -4.956920997999873, 9.920074921000037 ], [ -4.956853865999904, 9.920259688000158 ], [ -4.95684536199991, 9.920384413000079 ], [ -4.957540716999915, 9.922766871000022 ], [ -4.957586461999881, 9.922864078000146 ], [ -4.958173239999951, 9.925631039000052 ], [ -4.95831938799995, 9.92632020100001 ], [ -4.957897022999816, 9.927700683000012 ], [ -4.957700708999937, 9.929659694 ], [ -4.957627729999899, 9.930387945000177 ], [ -4.957656075999864, 9.930810310000027 ], [ -4.95787434499988, 9.931776931000172 ], [ -4.958230611999966, 9.933121406000112 ], [ -4.95852261899995, 9.93366850100017 ], [ -4.958868801999927, 9.933869916000049 ], [ -4.959756290999906, 9.934373456000117 ], [ -4.96014733599992, 9.934589790000075 ], [ -4.96069045899992, 9.934961711000028 ], [ -4.961216418999925, 9.935459380999987 ], [ -4.961402937999821, 9.93590278 ], [ -4.963120874999959, 9.94067771400006 ], [ -4.964027838999925, 9.945091501000093 ], [ -4.96405045899985, 9.945608625000091 ], [ -4.963883834999933, 9.946321596000189 ], [ -4.963809087999948, 9.946452211000064 ], [ -4.963725167999939, 9.946551808000038 ], [ -4.963527498999838, 9.946753391000129 ], [ -4.963044773999968, 9.947115302000157 ], [ -4.962398453999924, 9.947513570000069 ], [ -4.962225998999884, 9.947572238000078 ], [ -4.961981443999889, 9.947604196999976 ], [ -4.961848948999943, 9.947607100000141 ], [ -4.961509268999976, 9.947525949000067 ], [ -4.960341654999922, 9.947056356000076 ], [ -4.956782590999978, 9.945790080999984 ], [ -4.949724748999813, 9.945452023000087 ], [ -4.949029828999869, 9.945440649000034 ], [ -4.94891679299991, 9.94547367500013 ], [ -4.947445412999969, 9.946076069000014 ], [ -4.947347520999926, 9.946139478000021 ], [ -4.940841348999925, 9.95212146900019 ], [ -4.940666975999875, 9.952384054000163 ], [ -4.940342848999819, 9.953104109000151 ], [ -4.940320282999892, 9.953358488000106 ], [ -4.940340796999976, 9.953586198000153 ], [ -4.940390031999812, 9.953859039000065 ], [ -4.940605432999973, 9.954517552000084 ], [ -4.940679953999904, 9.954645232000189 ], [ -4.941378646999965, 9.955499397999972 ], [ -4.941878444999929, 9.956076171 ], [ -4.942321119999974, 9.95655495200009 ], [ -4.942768710999871, 9.956987623000089 ], [ -4.943815937999943, 9.95794961200005 ], [ -4.944046208999964, 9.958130844000095 ], [ -4.944572127999891, 9.958466537000106 ], [ -4.945045633999882, 9.958761363000121 ], [ -4.946690712999953, 9.95951536299998 ], [ -4.947061159999976, 9.959685152000134 ], [ -4.947138593999966, 9.959705915000143 ], [ -4.947719151999934, 9.959754935000092 ], [ -4.947879844999932, 9.959731525000109 ], [ -4.948388598999941, 9.959594867000021 ], [ -4.949014028999954, 9.959555346 ], [ -4.949812694999878, 9.959564085000125 ], [ -4.949942079999914, 9.959588323 ], [ -4.949977125999908, 9.959603825000045 ], [ -4.95018349299994, 9.959695108000062 ], [ -4.959219531999906, 9.965258725000012 ], [ -4.959441304999871, 9.965404264000085 ], [ -4.959902106999891, 9.965862973000128 ], [ -4.960069953999948, 9.966265804000159 ], [ -4.960284901999955, 9.968313489000025 ], [ -4.960291820999885, 9.968386132999967 ], [ -4.96028993099992, 9.969457058000046 ], [ -4.960247933999824, 9.969872876000181 ], [ -4.960226610999939, 9.970003186000099 ], [ -4.959902106999891, 9.971435476000124 ], [ -4.959778021999909, 9.971849095000152 ], [ -4.959597669999937, 9.972330210000109 ], [ -4.959435605999943, 9.972849224000072 ], [ -4.959357650999948, 9.973249255000042 ], [ -4.95932285899994, 9.973829183000021 ], [ -4.959288842999968, 9.974741945000062 ], [ -4.959334197999965, 9.975269192000098 ], [ -4.95938617999991, 9.9753937320001 ], [ -4.959505750999938, 9.975558105000118 ], [ -4.959635190999904, 9.975659427000153 ], [ -4.959951157999967, 9.975863931000163 ], [ -4.960316711999894, 9.976013791000128 ], [ -4.960483974999875, 9.976068038999983 ], [ -4.960832636999953, 9.976160248999975 ], [ -4.970550437999975, 9.978509925000083 ], [ -4.975352604999898, 9.979493729000126 ], [ -4.975893681999935, 9.97957743 ], [ -4.976549581999905, 9.979667163999977 ], [ -4.976961062999976, 9.979709242000126 ], [ -4.977894606999939, 9.979800823000119 ], [ -4.977914142999964, 9.97979386999998 ], [ -4.978003299999955, 9.979762136000033 ], [ -4.978155574999846, 9.97960297000003 ], [ -4.978269757999954, 9.979512685000088 ], [ -4.978643933999933, 9.97939646400016 ], [ -4.978754485999843, 9.979385125000022 ], [ -4.978831021999952, 9.979407803000129 ], [ -4.978875868999921, 9.979431055000077 ], [ -4.97916737099996, 9.979585317000044 ], [ -4.979640643999971, 9.979876816000115 ], [ -4.980040274999908, 9.980135941000128 ], [ -4.980183875999955, 9.980275439000138 ], [ -4.983138457999928, 9.98330665800006 ], [ -4.984502388999886, 9.984714137000026 ], [ -4.986541410999848, 9.987524096000129 ], [ -4.986793522999903, 9.987874039000189 ], [ -4.986986452999815, 9.988208360000044 ], [ -4.987023378999936, 9.98828836600012 ], [ -4.987035686999889, 9.988384784000118 ], [ -4.987039789999869, 9.988454533000095 ], [ -4.987099281999974, 9.992575877000036 ], [ -4.986844902999906, 9.995642780000026 ], [ -4.985536083999875, 9.999556929000164 ], [ -4.985374019999881, 9.999899520000156 ], [ -4.985207853999896, 10.000170309999987 ], [ -4.984818079999968, 10.000510849000023 ], [ -4.983880571999975, 10.001589907000152 ], [ -4.982590215999949, 10.003403380000179 ], [ -4.982479437999928, 10.003594164000162 ], [ -4.982350196999903, 10.003840336999986 ], [ -4.98212248699997, 10.004355248000081 ], [ -4.98165475899998, 10.005637399000022 ], [ -4.981597317999956, 10.005887674 ], [ -4.98158500999989, 10.00614205300019 ], [ -4.981640277999873, 10.006436557000029 ], [ -4.981814640999971, 10.006800620000092 ], [ -4.981985040999973, 10.007030327000166 ], [ -4.982216852999954, 10.007243677000019 ], [ -4.982579957999974, 10.007532930000082 ], [ -4.98299434899991, 10.007832440000186 ], [ -4.98336565999989, 10.008084767000184 ], [ -4.983788256999958, 10.008306323000056 ], [ -4.984331888999975, 10.008542239 ], [ -4.985053995999976, 10.008913549 ], [ -4.985595575999923, 10.009215111000117 ], [ -4.985786359999906, 10.009385381000129 ], [ -4.986112538999976, 10.009865418000174 ], [ -4.98613510499996, 10.00999671 ], [ -4.986131001999979, 10.010205956999982 ], [ -4.98606740699995, 10.010521879 ], [ -4.985051943999963, 10.012604091000185 ], [ -4.984904239999935, 10.012858469000093 ], [ -4.984692941999924, 10.013180546 ], [ -4.984524723999868, 10.013428770000132 ], [ -4.984346248999941, 10.013668788000075 ], [ -4.984056995999879, 10.013888293000036 ], [ -4.983622089999869, 10.014140620000035 ], [ -4.9832220589999, 10.014333455000099 ], [ -4.983010760999946, 10.014415513000131 ], [ -4.98278715399988, 10.014433975999964 ], [ -4.982536877999962, 10.014431924000178 ], [ -4.982286601999874, 10.014380638000034 ], [ -4.982046583999931, 10.014312941000185 ], [ -4.98189887999996, 10.014237038000033 ], [ -4.981662963999952, 10.0140811280001 ], [ -4.98136140299988, 10.013839058000144 ], [ -4.978397070999847, 10.01134245500009 ], [ -4.978027811999937, 10.011026533000063 ], [ -4.977691375999882, 10.010690097000122 ], [ -4.976987730999952, 10.009883881000178 ], [ -4.976841907999869, 10.009716577 ], [ -4.976830304999964, 10.009692726000083 ], [ -4.97666565499992, 10.00931973500002 ], [ -4.975982525999882, 10.00846428400007 ], [ -4.975541465999925, 10.008049893000134 ], [ -4.975032708999834, 10.007766794000077 ], [ -4.974359835999849, 10.007500107000112 ], [ -4.973822358999939, 10.007292911000036 ], [ -4.97335052699998, 10.007141105000073 ], [ -4.972975113999951, 10.00705084100008 ], [ -4.965520178999952, 10.005834337000124 ], [ -4.965048346999879, 10.005922549000161 ], [ -4.964633955999886, 10.006004607000023 ], [ -4.964322136999954, 10.006088716000136 ], [ -4.964086221999878, 10.006162568000036 ], [ -4.963790990999939, 10.006314116000112 ], [ -4.96023692499989, 10.009208421999972 ], [ -4.960144396999965, 10.009291040000051 ], [ -4.960055140999941, 10.009438718000013 ], [ -4.960024368999882, 10.00952693000005 ], [ -4.959999751999874, 10.009730023000088 ], [ -4.960005906999868, 10.010259294000093 ], [ -4.96001821499982, 10.01092601199997 ], [ -4.960196690999908, 10.011763000000144 ], [ -4.960374662999925, 10.012026039000148 ], [ -4.961954624999976, 10.014911528000084 ], [ -4.963645372999906, 10.018494442000019 ], [ -4.963661195999975, 10.018589704000078 ], [ -4.963675961999968, 10.018678604000172 ], [ -4.963675725999906, 10.018904025999973 ], [ -4.963631246999967, 10.01938013400013 ], [ -4.963390782999966, 10.020575989000065 ], [ -4.963316931999884, 10.020711384000151 ], [ -4.963199998999926, 10.020799596000188 ], [ -4.963042038999902, 10.02086524200007 ], [ -4.962785607999933, 10.020916528000043 ], [ -4.962693293999905, 10.021019100000046 ], [ -4.961729116999891, 10.022293045000026 ], [ -4.96161628699997, 10.022479726000086 ], [ -4.961480107999876, 10.022820174 ], [ -4.961254337999947, 10.023602268000047 ], [ -4.961257672999977, 10.02369061700017 ], [ -4.961965031999966, 10.025444057000129 ], [ -4.962108586999932, 10.025785639000162 ], [ -4.962246079999943, 10.025924094000175 ], [ -4.962414297999942, 10.026008203000117 ], [ -4.962588669999946, 10.026038975000176 ], [ -4.963439533999917, 10.026101468000093 ], [ -4.96367677499984, 10.026217353000163 ], [ -4.964856310999892, 10.026957519000121 ], [ -4.965395831999956, 10.027407113000038 ], [ -4.96732968099991, 10.02922473600006 ], [ -4.967832132999945, 10.02974457300013 ], [ -4.967901250999944, 10.0298482500001 ], [ -4.969640694999896, 10.033149214000048 ], [ -4.969709705999946, 10.033282123000106 ], [ -4.969877437999969, 10.033651871000131 ], [ -4.96999177999993, 10.033966312000132 ], [ -4.970021754999891, 10.034112601000061 ], [ -4.970039501999963, 10.03439654400006 ], [ -4.970049758999835, 10.034704260000069 ], [ -4.970047707999925, 10.035438676000126 ], [ -4.969986331999905, 10.036203122000131 ], [ -4.969882823999967, 10.03678966700005 ], [ -4.969694453999921, 10.037395136000157 ], [ -4.969655167999974, 10.037521410000124 ], [ -4.969421324999871, 10.038025148000088 ], [ -4.969384533999857, 10.038137052000081 ], [ -4.969283442999938, 10.038781168000071 ], [ -4.969287914999938, 10.038918684000123 ], [ -4.96929661799993, 10.03899727300012 ], [ -4.969327171999907, 10.039273152000135 ], [ -4.969516384999906, 10.040819603999978 ], [ -4.969791572999952, 10.042359405000127 ], [ -4.969832712999903, 10.042482944000142 ], [ -4.971888811999918, 10.04684220200005 ], [ -4.972113508999882, 10.047170864000066 ], [ -4.972365835999881, 10.047478580000131 ], [ -4.972635677999904, 10.047786780000024 ], [ -4.972907769999949, 10.048025961 ], [ -4.973346423999942, 10.04827659100016 ], [ -4.973756367999897, 10.048450826000078 ], [ -4.973871892999966, 10.048497336000025 ], [ -4.980902090999962, 10.051102857000046 ], [ -4.981234185999938, 10.051200261000133 ], [ -4.982500719999905, 10.051568240999984 ], [ -4.984131623999929, 10.051979793000157 ], [ -4.985314514999857, 10.052212172000111 ], [ -4.986945649999882, 10.059115103000067 ], [ -4.986988245999953, 10.059240097000099 ], [ -4.987087823999957, 10.059433427000101 ], [ -4.987247552999918, 10.059632521000026 ], [ -4.987594168999976, 10.060064560000171 ], [ -4.990417187999981, 10.063123429000029 ], [ -4.990454575999877, 10.063162298000179 ], [ -4.990523451999877, 10.06323390100016 ], [ -4.990660316999936, 10.063302334000014 ], [ -4.995003606999944, 10.065044438000086 ], [ -4.995170369999869, 10.065099067000119 ], [ -4.995388885999944, 10.065139320000128 ], [ -4.995785666999893, 10.065116318000037 ], [ -5.001951707999922, 10.064106418000108 ], [ -5.00244784399996, 10.063976396000044 ], [ -5.002875548999953, 10.063829266000084 ], [ -5.003027526999915, 10.063772361000076 ], [ -5.003974288999927, 10.063385437000079 ], [ -5.004607038999893, 10.063282291000064 ], [ -5.004824610999947, 10.063274309000121 ], [ -5.005417979999947, 10.063368984000022 ], [ -5.008930045999819, 10.06506072000002 ], [ -5.009095569999943, 10.065179464999972 ], [ -5.00919804699987, 10.065259786000183 ], [ -5.013991548999911, 10.070904133000056 ], [ -5.014273320999962, 10.071266411000011 ], [ -5.015147769999942, 10.072620842000106 ], [ -5.015205567999828, 10.072829557000034 ], [ -5.015218487999903, 10.072912246000044 ], [ -5.015237952999939, 10.073297342000103 ], [ -5.015230755999937, 10.073426883000081 ], [ -5.015205567999828, 10.073531235000189 ], [ -5.015166043999955, 10.073634606000155 ], [ -5.012226872999918, 10.079154761999973 ], [ -5.010741365999934, 10.08137428800012 ], [ -5.008635455999979, 10.083192413 ], [ -5.006265837999933, 10.084892071000127 ], [ -5.003763910999851, 10.087667788000033 ], [ -5.003269741999929, 10.088671643000055 ], [ -5.003247992999889, 10.08877338800005 ], [ -5.003241504999949, 10.088987496000186 ], [ -5.003255483999965, 10.089164644999983 ], [ -5.003318738999951, 10.089285404000123 ], [ -5.003503370999965, 10.089388471000063 ], [ -5.003698037999925, 10.089497140000049 ], [ -5.003896276999967, 10.089607803000092 ], [ -5.003994422999938, 10.089689972000031 ], [ -5.004150987999878, 10.089891581000074 ], [ -5.004172577999896, 10.090037313999972 ], [ -5.004175276999945, 10.090145265000103 ], [ -5.004177975999937, 10.090264010000112 ], [ -5.004177975999937, 10.090398948000086 ], [ -5.004071662999934, 10.090716366000038 ], [ -5.000758643999973, 10.098028349000117 ], [ -4.999209554999879, 10.10305614300006 ], [ -4.999179867999885, 10.10315869600015 ], [ -4.999150075999921, 10.103269588000046 ], [ -4.999046740999972, 10.106746815000065 ], [ -4.999063848999981, 10.106965799000079 ], [ -4.999156232999894, 10.107123194000053 ], [ -4.99930336299991, 10.107263481000018 ], [ -4.999429963999887, 10.107325071000162 ], [ -4.999614731999827, 10.10733533500013 ], [ -4.999792656999887, 10.10733533500013 ], [ -4.999912413999937, 10.10731480600009 ], [ -5.000025327999936, 10.107246373 ], [ -5.003645415999927, 10.104988095000067 ], [ -5.004045746999964, 10.104700677999972 ], [ -5.004357115999881, 10.10443721200005 ], [ -5.004880625999874, 10.103811053000186 ], [ -5.0052393819999, 10.103336666000132 ], [ -5.005706147999945, 10.102934049999988 ], [ -5.007039891999909, 10.102052383000171 ], [ -5.00711979099998, 10.102003240999977 ], [ -5.007796792999955, 10.101727358000176 ], [ -5.007867331999819, 10.101713358999973 ], [ -5.010187623999968, 10.101664691000053 ], [ -5.010999437999885, 10.101670997000042 ], [ -5.011916761999942, 10.101962590000085 ], [ -5.012000246999833, 10.101989128000184 ], [ -5.012559094999972, 10.10216047900002 ], [ -5.013097356999936, 10.102255513999978 ], [ -5.013985798999954, 10.102229637999983 ], [ -5.016951205999931, 10.101554038000074 ], [ -5.018125768999937, 10.101279044000023 ], [ -5.018348504999892, 10.101226790000169 ], [ -5.022457556999882, 10.09910972900002 ], [ -5.022906940999974, 10.098856872000169 ], [ -5.023294126999929, 10.098628386000087 ], [ -5.023846739999897, 10.098261163000188 ], [ -5.027596850999942, 10.094921649000071 ], [ -5.027785039999969, 10.094726616 ], [ -5.027856894999957, 10.094473415000152 ], [ -5.031336695999926, 10.087948360000155 ], [ -5.033964510999965, 10.083294939000154 ], [ -5.034402479999926, 10.08273036900016 ], [ -5.034902037999871, 10.082268449000139 ], [ -5.035579521999978, 10.081881804000034 ], [ -5.036147512999889, 10.081861274000119 ], [ -5.03657863799998, 10.081878382000127 ], [ -5.036872898999889, 10.081974188000061 ], [ -5.037654944999929, 10.082376353000029 ], [ -5.037781222999911, 10.082488600000147 ], [ -5.037879437999948, 10.082607862000089 ], [ -5.037885701999926, 10.082750899000075 ], [ -5.037875437999958, 10.082894607000071 ], [ -5.040677754999933, 10.084831252000185 ], [ -5.043765552999957, 10.086502578000079 ], [ -5.043955679999897, 10.08656259900016 ], [ -5.045324333999815, 10.08692187000014 ], [ -5.045553582999958, 10.086938978000148 ], [ -5.045690447999903, 10.086942400000055 ], [ -5.045779410999899, 10.08693213500004 ], [ -5.049262633999888, 10.085477941000136 ], [ -5.049977754999816, 10.085036550000098 ], [ -5.050610756999959, 10.084598581000023 ], [ -5.051124001999881, 10.084116131000087 ], [ -5.051527754999881, 10.083599464000031 ], [ -5.052095745999907, 10.083031473000062 ], [ -5.052400271999886, 10.082870656000125 ], [ -5.052999057999955, 10.082682466000051 ], [ -5.053683383999896, 10.082593504000101 ], [ -5.055103361999898, 10.082569552000109 ], [ -5.055264178999948, 10.08257639600015 ], [ -5.055346297999904, 10.082685888000128 ], [ -5.055452368999909, 10.082880921000026 ], [ -5.055609763999939, 10.083195711000144 ], [ -5.055900602999941, 10.08744880200004 ], [ -5.05580137499993, 10.087855976000185 ], [ -5.055685039999958, 10.088252886000134 ], [ -5.055394200999956, 10.088954320000084 ], [ -5.055277864999937, 10.089159618 ], [ -5.055072566999911, 10.089453879000132 ], [ -5.050497843999949, 10.094322863000116 ], [ -5.049163405999934, 10.095681252000134 ], [ -5.04502322999997, 10.099239751000141 ], [ -5.044571573999974, 10.099547698000151 ], [ -5.042556231999924, 10.100167013000146 ], [ -5.041177313999981, 10.10057760899997 ], [ -5.040759874999878, 10.100707631000091 ], [ -5.040434818999927, 10.100923194000075 ], [ -5.040359542999965, 10.100991627000155 ], [ -5.040263737999965, 10.101135336000027 ], [ -5.039993428999878, 10.101624629000128 ], [ -5.039644421999981, 10.102308956000172 ], [ -5.039569145999963, 10.10253820500003 ], [ -5.038238130999957, 10.107167675000085 ], [ -5.038138902999947, 10.107520104000059 ], [ -5.038111529999981, 10.107838316000084 ], [ -5.038237224999875, 10.108186089000185 ], [ -5.038363502999857, 10.108452675000024 ], [ -5.038392852999891, 10.108503651000149 ], [ -5.03872604399993, 10.108898895000152 ], [ -5.03874331499992, 10.108916874000158 ], [ -5.038891255999829, 10.109070874000111 ], [ -5.039013852999915, 10.109146519000035 ], [ -5.039196445999949, 10.109159562000173 ], [ -5.039350344999889, 10.10915434500015 ], [ -5.039624233999973, 10.109102175000089 ], [ -5.041433935999976, 10.108721097 ], [ -5.041731618999904, 10.108625291000067 ], [ -5.041889013999878, 10.10856028000012 ], [ -5.042078797999864, 10.108418758000141 ], [ -5.042297908999956, 10.108197039000174 ], [ -5.042524844999889, 10.107855330000064 ], [ -5.04289367399997, 10.106996579000167 ], [ -5.042897854999865, 10.10693454200009 ], [ -5.042850117999933, 10.106744248000155 ], [ -5.042850492999946, 10.106722863000073 ], [ -5.042908659999966, 10.106503879000059 ], [ -5.043038682999963, 10.106278051 ], [ -5.043302147999896, 10.10602142800019 ], [ -5.044184929999972, 10.105248139000082 ], [ -5.044390227999884, 10.105083901000171 ], [ -5.044732390999968, 10.10489571100004 ], [ -5.04624817499996, 10.104450898000096 ], [ -5.046813158999896, 10.104297386000042 ], [ -5.04695140799987, 10.104276518000063 ], [ -5.047160084999916, 10.104281735000029 ], [ -5.047589454999979, 10.104348249000054 ], [ -5.055743207999967, 10.105764806000082 ], [ -5.057279314999903, 10.106067210999981 ], [ -5.057433569999944, 10.106099796000137 ], [ -5.057693059999849, 10.106154612000012 ], [ -5.058300912999869, 10.106571609000184 ], [ -5.058856893999973, 10.106931583000119 ], [ -5.060382942999922, 10.107804099000191 ], [ -5.06053197499989, 10.107877142000063 ], [ -5.060653665999951, 10.107915325000135 ], [ -5.064378786999953, 10.108113938000145 ], [ -5.064502588999972, 10.108070987000076 ], [ -5.064711308999961, 10.107978603000049 ], [ -5.065563295999823, 10.107393503000139 ], [ -5.065922566999973, 10.107116351000116 ], [ -5.065968097999928, 10.107068750000167 ], [ -5.066089703999921, 10.10698671200015 ], [ -5.066979851999974, 10.106644166000024 ], [ -5.067633383999862, 10.10642860300004 ], [ -5.067955017999907, 10.10633621900007 ], [ -5.06837410299994, 10.106220899999983 ], [ -5.068562526999926, 10.106195932000048 ], [ -5.068728306999958, 10.106195932000048 ], [ -5.068918812999925, 10.106214518 ], [ -5.069067144999906, 10.106242423000083 ], [ -5.069436584999949, 10.106363592000093 ], [ -5.06993956499997, 10.10654836000009 ], [ -5.070144862999939, 10.106678382000041 ], [ -5.070264950999899, 10.106827423000027 ], [ -5.070357951999938, 10.106942847000141 ], [ -5.073110884999835, 10.11125884300003 ], [ -5.073466830999962, 10.112203442000123 ], [ -5.073378306999928, 10.113364254000032 ], [ -5.07330645199994, 10.113836439000124 ], [ -5.073049682999908, 10.115425807000179 ], [ -5.073036142999968, 10.11550961800009 ], [ -5.072057867999945, 10.119163019000155 ], [ -5.072018740999965, 10.119272574000036 ], [ -5.07198743899994, 10.119353437000086 ], [ -5.071421131999898, 10.120679706000146 ], [ -5.07019523199989, 10.123205259000088 ], [ -5.070083273999956, 10.123334894000095 ], [ -5.069444186999931, 10.123662618000026 ], [ -5.068447732999914, 10.123964474000161 ], [ -5.068154810999943, 10.12395975600009 ], [ -5.06800692399986, 10.123957374000099 ], [ -5.067490017999887, 10.123687885999971 ], [ -5.06732792299988, 10.123514268000179 ], [ -5.067240997999818, 10.123421163000046 ], [ -5.067109334999941, 10.123229654000113 ], [ -5.066874267999935, 10.122926026000187 ], [ -5.066727003999915, 10.12275114900001 ], [ -5.066071443999931, 10.122139275 ], [ -5.065497111999946, 10.121697564000158 ], [ -5.065063736999946, 10.121589861000018 ], [ -5.064786584999865, 10.121586439000112 ], [ -5.064516275999949, 10.121586439000112 ], [ -5.062530328999969, 10.121898812000097 ], [ -5.062399672999902, 10.121935844000177 ], [ -5.062134818999937, 10.122106527000142 ], [ -5.061690006999868, 10.122575291000032 ], [ -5.060933825999939, 10.123259618000077 ], [ -5.060300822999977, 10.123796814000116 ], [ -5.059664399999974, 10.124282686000186 ], [ -5.059305127999892, 10.124508514000013 ], [ -5.058590006999964, 10.124946483000144 ], [ -5.058124664999923, 10.125138095000182 ], [ -5.057495083999811, 10.125329706000116 ], [ -5.055744537999942, 10.125655484000049 ], [ -5.055533251999918, 10.12566331 ], [ -5.05495931299987, 10.125379537000072 ], [ -5.054877774999966, 10.125327120000065 ], [ -5.054146372999924, 10.12482125300005 ], [ -5.053916004999962, 10.124630358000161 ], [ -5.052202243999943, 10.12254619600003 ], [ -5.052119697999956, 10.122407631000044 ], [ -5.051958880999962, 10.122089419000133 ], [ -5.051640668999937, 10.120878161000121 ], [ -5.051727503999928, 10.120156843000132 ], [ -5.051852809999957, 10.119653410000126 ], [ -5.051852809999957, 10.119560832000104 ], [ -5.051720915999965, 10.119213050000099 ], [ -5.051637745999926, 10.119062069000165 ], [ -5.051384335999956, 10.118714410000052 ], [ -5.050904407999838, 10.118410782000183 ], [ -5.050341339999875, 10.118158630000096 ], [ -5.050157936999881, 10.118076499000153 ], [ -5.050032700999907, 10.118023901000015 ], [ -5.049729072999924, 10.117911264000043 ], [ -5.049317705999897, 10.117788834000066 ], [ -5.049086076999913, 10.117720069000143 ], [ -5.048900320999905, 10.117676069000026 ], [ -5.048313701999973, 10.117537119000076 ], [ -5.048229146999972, 10.117535668000073 ], [ -5.044941110999901, 10.117795269000112 ], [ -5.044191772999966, 10.117904761000148 ], [ -5.042619697999953, 10.118396282000049 ], [ -5.04211484099983, 10.118561715000112 ], [ -5.037451154999928, 10.120115137000028 ], [ -5.037228420999895, 10.120271340000102 ], [ -5.037076678999881, 10.120457847000182 ], [ -5.036712777999981, 10.120905123000057 ], [ -5.036677865999934, 10.121206638000046 ], [ -5.036674443999971, 10.121583016999978 ], [ -5.036777092999955, 10.122127057000057 ], [ -5.038535812999896, 10.129107189000138 ], [ -5.038686364999933, 10.129555423000056 ], [ -5.038847180999824, 10.129914695000139 ], [ -5.03939122099996, 10.131088315000056 ], [ -5.039699145999975, 10.131716481000183 ], [ -5.039767191999829, 10.131824641000094 ], [ -5.040085184999953, 10.132185023000034 ], [ -5.040198520999979, 10.132313466000085 ], [ -5.040429236999955, 10.132549079000171 ], [ -5.041124865999961, 10.133175160000178 ], [ -5.041519476999952, 10.133432134000145 ], [ -5.041895856999929, 10.133623746000183 ], [ -5.04229960999993, 10.133753768000076 ], [ -5.042929189999882, 10.133832465000125 ], [ -5.044765599999948, 10.133831425000039 ], [ -5.04502625899994, 10.133829501000037 ], [ -5.04535843799988, 10.133822880000139 ], [ -5.046881055999904, 10.133792527000026 ], [ -5.04741495199994, 10.133678492000058 ], [ -5.047833262999916, 10.133610296000143 ], [ -5.049598031999949, 10.13346497100008 ], [ -5.052184346999979, 10.133301785000072 ], [ -5.057248725999955, 10.133671648000018 ], [ -5.058350491999875, 10.133791406000171 ], [ -5.059031396999899, 10.133907741000144 ], [ -5.064817086999881, 10.136202617000095 ], [ -5.066389676999961, 10.136937088000025 ], [ -5.069286021999915, 10.138644350999982 ], [ -5.06937641199994, 10.138711498000134 ], [ -5.069440356999962, 10.138767029 ], [ -5.069636405999859, 10.138993257000095 ], [ -5.069696713999974, 10.139101618999973 ], [ -5.070296759999962, 10.143287574000055 ], [ -5.070307588999981, 10.143390427000099 ], [ -5.070216716999823, 10.143933127000082 ], [ -5.070042213999955, 10.144306085000039 ], [ -5.069761639999911, 10.144819330000132 ], [ -5.06936130899993, 10.145294937000131 ], [ -5.068984928999953, 10.145739750000075 ], [ -5.068232169999931, 10.146622531 ], [ -5.067893427999877, 10.147063922000029 ], [ -5.067421242999899, 10.148521538000011 ], [ -5.067373339999904, 10.148747366000066 ], [ -5.067380182999955, 10.149038204000135 ], [ -5.067475988999888, 10.150160500000084 ], [ -5.067547842999886, 10.150820875000136 ], [ -5.067985811999961, 10.152158734000068 ], [ -5.068343415999891, 10.152593086000081 ], [ -5.068473838999921, 10.15273133400018 ], [ -5.068640780999885, 10.152851324000153 ], [ -5.068815547999975, 10.152963487000136 ], [ -5.069055882999976, 10.153129924000098 ], [ -5.069073891999949, 10.153171537999981 ], [ -5.069094421999978, 10.153253657000164 ], [ -5.06911152999993, 10.153421317000152 ], [ -5.06911152999993, 10.153585555000063 ], [ -5.069084156999907, 10.153725842000028 ], [ -5.068399829999862, 10.15631601900003 ], [ -5.064428385999975, 10.166968214000065 ], [ -5.064745625999933, 10.169896110000025 ], [ -5.06475901399989, 10.170981552000114 ], [ -5.064757021999981, 10.171126948000051 ], [ -5.064746678999938, 10.171191964000116 ], [ -5.06471175199988, 10.171357371000056 ], [ -5.063012764999826, 10.173724864000064 ], [ -5.061822026999891, 10.175346396000123 ], [ -5.060834585999885, 10.176348358000098 ], [ -5.060683931999961, 10.176458811000089 ], [ -5.060632146999922, 10.176536489000114 ], [ -5.060352737999892, 10.177162109 ], [ -5.060157504999836, 10.177646279000101 ], [ -5.060084420999829, 10.177862981000089 ], [ -5.060030644999927, 10.178105973000129 ], [ -5.060008735999872, 10.178235434999976 ], [ -5.059984834999909, 10.17847643500005 ], [ -5.059945, 10.179679440000029 ], [ -5.059950974999879, 10.179830810999988 ], [ -5.059976867999978, 10.180026000999987 ], [ -5.060000768999942, 10.180147497000121 ], [ -5.060024668999858, 10.180249075000177 ], [ -5.060086744999921, 10.180344105000017 ], [ -5.060224695999977, 10.180506258000037 ], [ -5.060389269999916, 10.180641790000038 ], [ -5.060541741999828, 10.180755539000131 ], [ -5.060829745999854, 10.180927373000145 ], [ -5.061277482999969, 10.181120989000021 ], [ -5.062209258999928, 10.181319445000099 ], [ -5.064014726999858, 10.18163891100005 ], [ -5.067388482999945, 10.182193135999967 ], [ -5.068262173999926, 10.182287524000174 ], [ -5.068741372999966, 10.182270583000104 ], [ -5.076631218999978, 10.179935092000051 ], [ -5.076764329999946, 10.179886688000124 ], [ -5.076851456999975, 10.179833443000064 ], [ -5.079692947999888, 10.177614690000041 ], [ -5.08488409399996, 10.175740888000121 ], [ -5.095496662999835, 10.172785827000098 ], [ -5.096554288999926, 10.172621253000159 ], [ -5.097369895999918, 10.172553488000176 ], [ -5.097677260999944, 10.172546227000169 ], [ -5.098483186999943, 10.172582530000057 ], [ -5.099080975999925, 10.172686599000087 ], [ -5.100437904999922, 10.173105647999989 ], [ -5.101355961999957, 10.173436860000038 ], [ -5.10226814899994, 10.17377397000007 ], [ -5.10247009099993, 10.173861495000097 ], [ -5.102689692999888, 10.173977641000135 ], [ -5.103143546999888, 10.174217682000176 ], [ -5.103170845999841, 10.174234611999964 ], [ -5.103641972999924, 10.174616613000069 ], [ -5.104412888999946, 10.175315157000114 ], [ -5.10457966599995, 10.175527911000131 ], [ -5.104674053999872, 10.175779612000099 ], [ -5.104724877999899, 10.176055514000041 ], [ -5.104724877999899, 10.176508091000073 ], [ -5.104678893999903, 10.176926785999967 ], [ -5.104611128999977, 10.177306757000053 ], [ -5.104526421999935, 10.177558457000089 ], [ -5.104216604999863, 10.178418268000087 ], [ -5.103686612999979, 10.179196931000149 ], [ -5.103307889999883, 10.179502904000174 ], [ -5.103121457999919, 10.179624963000037 ], [ -5.100861469999813, 10.180846164000116 ], [ -5.0992364519999, 10.181663547000142 ], [ -5.097841190999929, 10.182344468000053 ], [ -5.097527883999931, 10.182494855000186 ], [ -5.097224323999967, 10.182589543000176 ], [ -5.097014060999868, 10.182627140000022 ], [ -5.093190408999874, 10.182556349000095 ], [ -5.090297606999968, 10.182343515000071 ], [ -5.089837190999901, 10.182408668000051 ], [ -5.089528798999879, 10.182469478000087 ], [ -5.089207376999923, 10.182538975000114 ], [ -5.089016260999927, 10.182630189000179 ], [ -5.08875564799996, 10.182851710000136 ], [ -5.088503721999871, 10.183112323000103 ], [ -5.08816492499983, 10.183503242000029 ], [ -5.081210907999889, 10.192920050000055 ], [ -5.080919889999961, 10.193332687000179 ], [ -5.080628872999966, 10.193871286999979 ], [ -5.080337854999868, 10.194453322000072 ], [ -5.080255327999964, 10.194631406999974 ], [ -5.079899156999886, 10.19784563200011 ], [ -5.078570031999959, 10.210342014000048 ], [ -5.078557000999979, 10.211145570000099 ], [ -5.078704681999909, 10.212009936000015 ], [ -5.078887110999915, 10.212631063000174 ], [ -5.079111478999835, 10.213108278000163 ], [ -5.079870955999979, 10.214061720000132 ], [ -5.08049856599996, 10.214833241000122 ], [ -5.081603195999946, 10.216765929000189 ], [ -5.081905874999961, 10.217534927000031 ], [ -5.082044868999958, 10.218034435000163 ], [ -5.08221426699987, 10.218907488000184 ], [ -5.08227941999985, 10.219650233999971 ], [ -5.082262045999926, 10.22041035500007 ], [ -5.082170831999917, 10.221396340000069 ], [ -5.082094278999875, 10.222885157000064 ], [ -5.083159125999885, 10.224067646000094 ], [ -5.083686728999851, 10.224402074000068 ], [ -5.084529376999853, 10.224753901000099 ], [ -5.08485079999997, 10.224840772000107 ], [ -5.085506674999976, 10.224888551000049 ], [ -5.086153863999868, 10.224836428000117 ], [ -5.086675088999925, 10.224766932000023 ], [ -5.087100756999973, 10.224645312000121 ], [ -5.087461270999938, 10.224436822000087 ], [ -5.088099771999964, 10.223889535000183 ], [ -5.088790395999979, 10.223007795000058 ], [ -5.089077069999973, 10.222499600000049 ], [ -5.089780724999855, 10.220297422000044 ], [ -5.089876282999853, 10.219889129000137 ], [ -5.089893656999948, 10.218872739000062 ], [ -5.089924061999966, 10.218451415000175 ], [ -5.090071741999964, 10.217799883000112 ], [ -5.090236796999932, 10.21756967500005 ], [ -5.091591983999876, 10.216110244 ], [ -5.097759818999862, 10.212209739000116 ], [ -5.09845478699998, 10.211779728000181 ], [ -5.099132379999901, 10.211401840000178 ], [ -5.099966340999913, 10.211002233000045 ], [ -5.10116950299988, 10.21044191600015 ], [ -5.112614747999885, 10.205199256000128 ], [ -5.114026399999887, 10.204664999000101 ], [ -5.117653260999873, 10.20346618100001 ], [ -5.117883468999935, 10.203435776000106 ], [ -5.119881499999963, 10.203401027000154 ], [ -5.120228983999937, 10.203440119000163 ], [ -5.120789301999935, 10.203587800000037 ], [ -5.121257561999926, 10.203764444000115 ], [ -5.121462480999924, 10.203895523000028 ], [ -5.121783973999868, 10.204256706000137 ], [ -5.121975089999978, 10.204686717000129 ], [ -5.1220880219999, 10.205329562000088 ], [ -5.122118426999918, 10.206823742000097 ], [ -5.122083677999967, 10.207288501000107 ], [ -5.121731850999936, 10.209842507000189 ], [ -5.121197594999956, 10.211862256000074 ], [ -5.121002134999856, 10.212222770000039 ], [ -5.120815362999963, 10.212452978000101 ], [ -5.120472222999979, 10.212783087000162 ], [ -5.119985745999941, 10.213061074000166 ], [ -5.119720788999871, 10.213265221000086 ], [ -5.119416740999952, 10.213647453000078 ], [ -5.118821674999936, 10.214755057000048 ], [ -5.118634902999929, 10.215159007000068 ], [ -5.118022462999875, 10.217183100000113 ], [ -5.117527297999914, 10.218981328000041 ], [ -5.117162439999959, 10.220419042000174 ], [ -5.116893140999935, 10.221335529999976 ], [ -5.116814956999974, 10.221570082000028 ], [ -5.115294715999937, 10.225435838000124 ], [ -5.115073194999923, 10.225674733000119 ], [ -5.114773489999891, 10.225978781000038 ], [ -5.111563608999973, 10.229184318000136 ], [ -5.110612372999981, 10.22996615600016 ], [ -5.109470019999947, 10.230826179000189 ], [ -5.108670806999896, 10.231438619000073 ], [ -5.107784723999941, 10.232168334000107 ], [ -5.107563202999927, 10.232376825000074 ], [ -5.107276528999819, 10.232815523000113 ], [ -5.105668804999937, 10.236267417000079 ], [ -5.105631247999952, 10.236423010000067 ], [ -5.105604420999953, 10.236970271000132 ], [ -5.105577594999943, 10.237877007000066 ], [ -5.105668804999937, 10.238907144999985 ], [ -5.105792206999922, 10.239164679000169 ], [ -5.105985357999941, 10.239524155000083 ], [ -5.106370434999974, 10.240012806000095 ], [ -5.106504960999928, 10.240147332000049 ], [ -5.106712318999939, 10.24033767200018 ], [ -5.107289125999955, 10.240640137000071 ], [ -5.107741846999943, 10.24082913500007 ], [ -5.108383646999926, 10.240919133000034 ], [ -5.108834332999947, 10.240913768000041 ], [ -5.109547917999976, 10.240881576000049 ], [ -5.110610246999954, 10.240779635000024 ], [ -5.110948260999862, 10.24071525100004 ], [ -5.111372119999942, 10.240650868000159 ], [ -5.112477371999887, 10.240613311000118 ], [ -5.112729540999965, 10.240613311000118 ], [ -5.112944152999887, 10.240618676000111 ], [ -5.113496778999945, 10.240709886000047 ], [ -5.114237190999916, 10.240978151000149 ], [ -5.114650318999907, 10.241155206000144 ], [ -5.115220994999959, 10.241479201 ], [ -5.116920522999919, 10.242552634000106 ], [ -5.117341608999936, 10.242824091000102 ], [ -5.117963547999977, 10.243374360000075 ], [ -5.118845984999894, 10.244631921000121 ], [ -5.119275208999966, 10.245302584000058 ], [ -5.119527377999873, 10.24571034700017 ], [ -5.120122925999851, 10.247303841000189 ], [ -5.12029461599991, 10.247877929000083 ], [ -5.120359, 10.248205212000073 ], [ -5.120627264999939, 10.250002588000143 ], [ -5.120750666999925, 10.250871766999978 ], [ -5.120804319999934, 10.251456585000085 ], [ -5.120809684999927, 10.251805329000149 ], [ -5.12076139699991, 10.252143343000057 ], [ -5.120691647999934, 10.252583298000104 ], [ -5.12046093999993, 10.253656358000114 ], [ -5.120096099999955, 10.254847455000174 ], [ -5.119881487999862, 10.255485926000119 ], [ -5.119661510999947, 10.256081474000041 ], [ -5.11915180699998, 10.257406704000061 ], [ -5.118947924999873, 10.257825197000159 ], [ -5.118271897999819, 10.258689011000058 ], [ -5.117858768999895, 10.2591236 ], [ -5.117552946999922, 10.259429422000096 ], [ -5.116914475999863, 10.259939126000177 ], [ -5.116544269999963, 10.260175199000059 ], [ -5.116131141999972, 10.260341524000069 ], [ -5.113985021999952, 10.261157049000133 ], [ -5.11331972399995, 10.261387757000023 ], [ -5.112745636999875, 10.261586273000148 ], [ -5.112101800999937, 10.261779424000053 ], [ -5.11131310199994, 10.262015497000107 ], [ -5.109623031999888, 10.262450087 ], [ -5.109102597999936, 10.262578854000083 ], [ -5.108555336999927, 10.262745177999989 ], [ -5.107943692999868, 10.262975886000106 ], [ -5.107224741999971, 10.263313900000185 ], [ -5.106645289999904, 10.263641184000051 ], [ -5.106237526999905, 10.263920179000138 ], [ -5.104370401999972, 10.265722921000076 ], [ -5.102733984999929, 10.267364703000055 ], [ -5.098135921999869, 10.272070072000076 ], [ -5.09799105899998, 10.27234906800004 ], [ -5.097894482999891, 10.272654890000126 ], [ -5.097830099999896, 10.272982173000116 ], [ -5.097889117999898, 10.273577722000141 ], [ -5.098039345999894, 10.274210827 ], [ -5.098302245999889, 10.275037084000076 ], [ -5.098497067999915, 10.275281407000136 ], [ -5.098633995999876, 10.275447162000091 ], [ -5.098835784999892, 10.275670570999978 ], [ -5.098987125999884, 10.275821913000073 ], [ -5.099642939999967, 10.276333592000071 ], [ -5.099823108999942, 10.276434486000028 ], [ -5.100259377999976, 10.276666819000184 ], [ -5.103887711999903, 10.278560476000109 ], [ -5.104334808999965, 10.278772558000071 ], [ -5.104675598999904, 10.278917029000013 ], [ -5.110009333999869, 10.279576129000191 ], [ -5.114478629999951, 10.279876585000181 ], [ -5.114843469999926, 10.279871220000189 ], [ -5.115202944999908, 10.279919508000091 ], [ -5.116474521999976, 10.280273618000081 ], [ -5.117595869999946, 10.280600901000071 ], [ -5.118856714999879, 10.281024760000093 ], [ -5.119781574999934, 10.281619730999978 ], [ -5.119961966999938, 10.281985149000036 ], [ -5.120337537999944, 10.282838232000188 ], [ -5.120450209999944, 10.283133323000186 ], [ -5.120450209999944, 10.28347670300019 ], [ -5.120412652999846, 10.283830812000076 ], [ -5.119924409999953, 10.285536978000039 ], [ -5.119817103999935, 10.285901819000117 ], [ -5.119688336999957, 10.286153988000081 ], [ -5.119495185999938, 10.286438349000093 ], [ -5.116903745999934, 10.290236982000067 ], [ -5.116629233999959, 10.290473223000163 ], [ -5.116455747999908, 10.290574753000044 ], [ -5.115903029999913, 10.290898224000046 ], [ -5.115272693999884, 10.291267120000043 ], [ -5.114961506999919, 10.291578307000123 ], [ -5.114607396999929, 10.292206048000082 ], [ -5.114451802999952, 10.292560158000072 ], [ -5.112186304999966, 10.298554373000172 ], [ -5.112104818999967, 10.298813919000168 ], [ -5.110315155999956, 10.304801595000129 ], [ -5.110203489999947, 10.305181861000165 ], [ -5.110028446999877, 10.305981626000175 ], [ -5.11004655499994, 10.306204957000091 ], [ -5.110206507999862, 10.306527880999965 ], [ -5.110402676999911, 10.306887021000023 ], [ -5.110583755999812, 10.307206927000038 ], [ -5.110961003999932, 10.307650570000078 ], [ -5.111030416999824, 10.307698858000151 ], [ -5.111250729999938, 10.307849757000099 ], [ -5.111434826999869, 10.307928225000012 ], [ -5.111531401999969, 10.307967459000054 ], [ -5.111796984999899, 10.307934261000185 ], [ -5.11202936899997, 10.307895027000143 ], [ -5.112418688999924, 10.307822595000175 ], [ -5.112696342999925, 10.307741110000109 ], [ -5.113082644999963, 10.307557013000064 ], [ -5.113287867999929, 10.307418186 ], [ -5.1183158259999, 10.303950525000062 ], [ -5.119106536999936, 10.303368054000089 ], [ -5.119203112999969, 10.303199047000078 ], [ -5.12011152499997, 10.302212167000107 ], [ -5.120262423999918, 10.302067304000104 ], [ -5.120835840999973, 10.301560283000185 ], [ -5.121041063999883, 10.301403348000065 ], [ -5.12125835799992, 10.301270557 ], [ -5.121653713999933, 10.301065333999986 ], [ -5.12190722399987, 10.300983847999987 ], [ -5.12225429199998, 10.300881237000112 ], [ -5.12283374499998, 10.300926507000156 ], [ -5.123177794999947, 10.300980830000128 ], [ -5.123428286999967, 10.301023082000086 ], [ -5.123690851999925, 10.301107586000114 ], [ -5.123841750999873, 10.30118907100001 ], [ -5.12398359599996, 10.301349024000046 ], [ -5.124134494999964, 10.301581409000164 ], [ -5.124979529999962, 10.30391129100019 ], [ -5.127239998999926, 10.308963393000056 ], [ -5.127402969999935, 10.309201813000072 ], [ -5.127768144999948, 10.309576043000106 ], [ -5.128458862999878, 10.31001305500007 ], [ -5.128517139999929, 10.310049925999976 ], [ -5.12884254699992, 10.310227927000085 ], [ -5.12961213199992, 10.31061121100015 ], [ -5.129832444999863, 10.310701750000078 ], [ -5.129992397999956, 10.31074098400012 ], [ -5.130140278999932, 10.310686660000101 ], [ -5.130526580999913, 10.310312431000114 ], [ -5.131033601999945, 10.309397982000064 ], [ -5.13123311499993, 10.308994633000168 ], [ -5.131272021999962, 10.308761188000119 ], [ -5.131253914999945, 10.308133448000035 ], [ -5.131111144999977, 10.307311021000146 ], [ -5.130909864999921, 10.306684816000086 ], [ -5.134525406999956, 10.301490869000133 ], [ -5.137884420999967, 10.300446647000058 ], [ -5.143353003999891, 10.296308994000128 ], [ -5.146570172999816, 10.291739770000049 ], [ -5.146669765999945, 10.291555673000175 ], [ -5.146974582999974, 10.291066760000149 ], [ -5.147279398999956, 10.290644241999985 ], [ -5.147496693999926, 10.290387714000076 ], [ -5.147795473999963, 10.290104022999969 ], [ -5.148610328999951, 10.289400833000059 ], [ -5.148803479999856, 10.289274078000119 ], [ -5.14914752999988, 10.289138269000034 ], [ -5.155669388999968, 10.286639380000111 ], [ -5.167908797999928, 10.287077986000156 ], [ -5.16799342999991, 10.287083823000046 ], [ -5.168152693999957, 10.287096074000033 ], [ -5.168215991999944, 10.287110367000082 ], [ -5.168336459999978, 10.287140994000026 ], [ -5.168691741999965, 10.28723491900007 ], [ -5.168779540999935, 10.287269631000129 ], [ -5.168965348999961, 10.287357429999986 ], [ -5.169065398999976, 10.287408476000167 ], [ -5.169232830999874, 10.287494234000121 ], [ -5.171266318999926, 10.288981334000084 ], [ -5.171396092999828, 10.289086963000045 ], [ -5.171743160999938, 10.289488355 ], [ -5.172141533999934, 10.289992358000063 ], [ -5.172265270999958, 10.290203617000031 ], [ -5.17234977499993, 10.290445055000134 ], [ -5.172289414999909, 10.291033562000052 ], [ -5.17227130699996, 10.291377612000133 ], [ -5.172654590999969, 10.293263850000017 ], [ -5.172730040999966, 10.293493217000105 ], [ -5.172814543999948, 10.293556594999984 ], [ -5.173046997999904, 10.293593226000098 ], [ -5.176279186999977, 10.293743710000115 ], [ -5.176424050999913, 10.293716548000191 ], [ -5.176590039999951, 10.293647134000139 ], [ -5.176677560999906, 10.293562631000157 ], [ -5.178071868999893, 10.292494265000016 ], [ -5.179774010999949, 10.291226713000128 ], [ -5.180259905999947, 10.290876627000159 ], [ -5.184207425999887, 10.288299270000152 ], [ -5.184792914999946, 10.288003507999974 ], [ -5.184892507999905, 10.287973327999964 ], [ -5.185182233999967, 10.287900896000053 ], [ -5.186730458999932, 10.28783751900005 ], [ -5.188942639999823, 10.287831483000048 ], [ -5.189093538999941, 10.287888825000039 ], [ -5.189250615999981, 10.287979376000123 ], [ -5.189375134999977, 10.288072765000152 ], [ -5.189745422999977, 10.288444133000155 ], [ -5.189950645999886, 10.28871877 ], [ -5.190484828999956, 10.289506463000123 ], [ -5.190961669999979, 10.290436001000103 ], [ -5.191109550999954, 10.291060723999976 ], [ -5.191417384999966, 10.292488229000071 ], [ -5.191474726999957, 10.292765883000129 ], [ -5.191495852999935, 10.293058628000097 ], [ -5.191474726999957, 10.293354390000047 ], [ -5.191435492999915, 10.293601864000095 ], [ -5.188858135999908, 10.300461737000091 ], [ -5.188680074999922, 10.300639798000134 ], [ -5.188553319999926, 10.300742410000112 ], [ -5.18842052899987, 10.30082993100018 ], [ -5.188242467999885, 10.300869165000051 ], [ -5.188037244999975, 10.300872183000081 ], [ -5.187877291999939, 10.300838985000041 ], [ -5.187698053999952, 10.300739121000106 ], [ -5.187288936999948, 10.300365956000064 ], [ -5.187005094999904, 10.299954716000116 ], [ -5.186890411999912, 10.299740440000164 ], [ -5.186848159999897, 10.299571433000096 ], [ -5.186827033999919, 10.29936621000013 ], [ -5.18685117799987, 10.299040268000113 ], [ -5.186854195999956, 10.298572481000065 ], [ -5.186739512999964, 10.297727446000067 ], [ -5.186700278999979, 10.297534295000162 ], [ -5.186588613999902, 10.297253623000188 ], [ -5.186461977999897, 10.296963864000134 ], [ -5.186356354999873, 10.296722187000114 ], [ -5.18532709699997, 10.294495187000052 ], [ -5.185175799999968, 10.29437392400007 ], [ -5.185139085999879, 10.294346389000168 ], [ -5.185047299999837, 10.294300496000176 ], [ -5.184989168999891, 10.294272960000058 ], [ -5.183184459999893, 10.294222737000041 ], [ -5.182985142999939, 10.294247713000175 ], [ -5.182758794999927, 10.294320144000039 ], [ -5.182235599999899, 10.294490186000075 ], [ -5.181871507999972, 10.294624960000021 ], [ -5.181723626999883, 10.294721536000054 ], [ -5.181614979999949, 10.297863254999982 ], [ -5.181642140999827, 10.298074514000177 ], [ -5.181838309999875, 10.298569462999978 ], [ -5.190082971999914, 10.30388020100014 ], [ -5.190930895999941, 10.304421855000157 ], [ -5.192030034999902, 10.305043034000164 ], [ -5.192313725999952, 10.305145645000039 ], [ -5.195081152999933, 10.306070878000071 ], [ -5.197504654999932, 10.306974542000091 ], [ -5.197984513999927, 10.307155621000049 ], [ -5.198798976999967, 10.307618018000028 ], [ -5.199493504999964, 10.308133448000035 ], [ -5.199571971999887, 10.308278311000038 ], [ -5.199674583999979, 10.310230945000114 ], [ -5.199623277999876, 10.310433150000051 ], [ -5.199565935999942, 10.310605175000035 ], [ -5.199191706999954, 10.311417012000106 ], [ -5.198995537999906, 10.311745972000153 ], [ -5.198850674999903, 10.311939123000059 ], [ -5.197558977999961, 10.313635229000056 ], [ -5.196786374999931, 10.314398778000111 ], [ -5.196478540999919, 10.314773008000145 ], [ -5.196212957999876, 10.315141202000063 ], [ -5.19600471799987, 10.315436964000014 ], [ -5.194077494999931, 10.318626849000054 ], [ -5.194077494999931, 10.318920563000063 ], [ -5.194153642999936, 10.319121811000173 ], [ -5.1950751789999, 10.320154070000058 ], [ -5.195470534999913, 10.320552443000054 ], [ -5.198102214999892, 10.321503108000115 ], [ -5.198283293999964, 10.321530269000164 ], [ -5.198479462999842, 10.321530269000164 ], [ -5.198745044999953, 10.321509144000061 ], [ -5.200465294999901, 10.321162076000121 ], [ -5.201153394999949, 10.320805953999979 ], [ -5.205109968999977, 10.314806206000071 ], [ -5.208146058999944, 10.31010720800009 ], [ -5.208257723999964, 10.309853697 ], [ -5.208402586999853, 10.309612259000119 ], [ -5.210131890999946, 10.307209945000125 ], [ -5.210400491999962, 10.306941345000098 ], [ -5.210844134999888, 10.306636528000183 ], [ -5.21102521399996, 10.30655202500003 ], [ -5.211245525999971, 10.306506754999987 ], [ -5.211483946999977, 10.306467521000116 ], [ -5.211767636999923, 10.306470539000031 ], [ -5.212968793999835, 10.306494683000096 ], [ -5.213303789999941, 10.306582205000041 ], [ -5.217549678999944, 10.309519954 ], [ -5.220160644999964, 10.311637325000163 ], [ -5.220312212999829, 10.311815154000044 ], [ -5.220350777999897, 10.311960249000037 ], [ -5.220356813999956, 10.312382766000098 ], [ -5.220350777999897, 10.312621187 ], [ -5.220329651999918, 10.312889787000017 ], [ -5.220362849999844, 10.313131226000053 ], [ -5.220456406999858, 10.313333430000057 ], [ -5.220586180999931, 10.313553743000057 ], [ -5.221159955999894, 10.313965667000048 ], [ -5.221267353999963, 10.314042636000124 ], [ -5.221838642999899, 10.314287113000034 ], [ -5.222185710999952, 10.314428958000121 ], [ -5.222541832999923, 10.314510443000188 ], [ -5.224032715999897, 10.314670396 ], [ -5.224521628999923, 10.31468548600003 ], [ -5.227204614999891, 10.314754900000082 ], [ -5.227449071999956, 10.314760936000027 ], [ -5.232570586999941, 10.314284095000119 ], [ -5.23289820399998, 10.31421957900011 ], [ -5.233029767999938, 10.314148158000137 ], [ -5.233113005999883, 10.314100323 ], [ -5.233334135999883, 10.313973242999964 ], [ -5.233690257999967, 10.313674462000051 ], [ -5.234075059999839, 10.313396531000024 ], [ -5.234205687999975, 10.313317419000043 ], [ -5.234331894999968, 10.313252777000059 ], [ -5.234424614999966, 10.313215544000059 ], [ -5.234559436999859, 10.31316140500013 ], [ -5.234752587999935, 10.313143298000114 ], [ -5.236804815999903, 10.313143298000114 ], [ -5.236934588999929, 10.313167441000076 ], [ -5.237025127999857, 10.313188567000054 ], [ -5.237157919999902, 10.313224783000067 ], [ -5.242034977999936, 10.313487348000024 ], [ -5.249649346999888, 10.311030710000125 ], [ -5.252220667999836, 10.309364784000138 ], [ -5.254173301999913, 10.307620391000114 ], [ -5.254435905999969, 10.307378418000098 ], [ -5.256524309999918, 10.305646630000183 ], [ -5.257960868999874, 10.305963518000112 ], [ -5.259868233999953, 10.306718014000182 ], [ -5.260100617999967, 10.306923237000035 ], [ -5.260272642999837, 10.307080172000099 ], [ -5.260468811999885, 10.307327645999976 ], [ -5.260577459999922, 10.30748156300001 ], [ -5.260677052999881, 10.307659624000109 ], [ -5.260755520999908, 10.307876919000023 ], [ -5.260797771999933, 10.308088178000048 ], [ -5.260806825999964, 10.308308490000115 ], [ -5.260749484999963, 10.308501641000021 ], [ -5.260649890999957, 10.308746098000086 ], [ -5.260544261999939, 10.308903033000036 ], [ -5.260016434999955, 10.309406729000159 ], [ -5.259993774999941, 10.309499635 ], [ -5.260415855999952, 10.312215403000039 ], [ -5.260462513999926, 10.31227054500016 ], [ -5.260555829999817, 10.312346894000143 ], [ -5.260652940999933, 10.312412678999976 ], [ -5.264066246999903, 10.313979279000137 ], [ -5.268614665999962, 10.314294072000166 ], [ -5.269179521999945, 10.314098240000078 ], [ -5.269360092999875, 10.314010242000109 ], [ -5.269465416999878, 10.313930991 ], [ -5.270832561999953, 10.31286564300018 ], [ -5.270986478999873, 10.312735869999983 ], [ -5.271086072999879, 10.312600061000069 ], [ -5.271140396999954, 10.312461234000182 ], [ -5.271161521999886, 10.312319389000095 ], [ -5.271146431999966, 10.312150382000027 ], [ -5.271001568999907, 10.311842547000083 ], [ -5.270826525999894, 10.31160110899998 ], [ -5.270443242999875, 10.311112196000124 ], [ -5.27016860599997, 10.310861703000114 ], [ -5.269803430999957, 10.310300359 ], [ -5.269278301999975, 10.309476450000147 ], [ -5.269199833999949, 10.309298389000048 ], [ -5.26911231299988, 10.308957357000111 ], [ -5.269073078999952, 10.308661594000057 ], [ -5.269157581999934, 10.308411102000093 ], [ -5.269296409999924, 10.308208897000156 ], [ -5.269586145999938, 10.307979912000121 ], [ -5.269740052999964, 10.307898045 ], [ -5.269981490999953, 10.307846739000013 ], [ -5.270476439999868, 10.307810523000057 ], [ -5.273799238999914, 10.308251149000114 ], [ -5.280206413999906, 10.310765128000185 ], [ -5.280487086999926, 10.310882829000093 ], [ -5.280728524999915, 10.311066926000137 ], [ -5.280945819999886, 10.311323454000046 ], [ -5.283628805999911, 10.314794134000124 ], [ -5.283770650999941, 10.315011428000162 ], [ -5.284908429999916, 10.316837308000061 ], [ -5.284760548999941, 10.316837308000061 ], [ -5.284648883999921, 10.316840325000044 ], [ -5.284368210999901, 10.317021404 ], [ -5.28423240199993, 10.317142124000043 ], [ -5.284199203999947, 10.317286987000045 ], [ -5.284392354999966, 10.318877463000035 ], [ -5.284416498999974, 10.31906156000008 ], [ -5.284501002999946, 10.319318089000092 ], [ -5.284555325999918, 10.319381466000095 ], [ -5.285493918999975, 10.320383436000043 ], [ -5.285641799999951, 10.320422670000085 ], [ -5.285816842999964, 10.320419652000169 ], [ -5.289365989999965, 10.320220465000148 ], [ -5.289574229999971, 10.32020839300003 ], [ -5.289671222999914, 10.320192998000095 ], [ -5.289764362999961, 10.320178214000123 ], [ -5.289942423999889, 10.320087674000092 ], [ -5.291605331999961, 10.319176244000175 ], [ -5.298893758999952, 10.315135166000118 ], [ -5.298948081999924, 10.315035572000056 ], [ -5.298996369999941, 10.314836385000149 ], [ -5.298917901999914, 10.314281077000032 ], [ -5.298830380999959, 10.314048692000085 ], [ -5.29876398499988, 10.313927973000148 ], [ -5.298483312999906, 10.313810272000069 ], [ -5.296581983999886, 10.313236855000127 ], [ -5.296150412999907, 10.313179513000023 ], [ -5.29533253999989, 10.313460186000043 ], [ -5.294236763999947, 10.314046516000076 ], [ -5.294058951999943, 10.314048692000085 ], [ -5.293600217999938, 10.314030584000022 ], [ -5.293204862999971, 10.313912883000114 ], [ -5.29267369799993, 10.313752930000135 ], [ -5.29250167299989, 10.313595995000014 ], [ -5.292254197999853, 10.313282125000171 ], [ -5.291804518999925, 10.312228849000064 ], [ -5.291738122999959, 10.311999481999976 ], [ -5.291170742999896, 10.308703846000185 ], [ -5.291330695999932, 10.307237107000049 ], [ -5.291375965999919, 10.30705602800009 ], [ -5.291520828999921, 10.306802517000165 ], [ -5.291780374999973, 10.306446396000069 ], [ -5.29209424499993, 10.306020860000046 ], [ -5.292408114999887, 10.305628522000063 ], [ -5.293844674999889, 10.303869039000062 ], [ -5.294129909999981, 10.303618953000182 ], [ -5.294454306999967, 10.303446522 ], [ -5.294771194999896, 10.303349946000026 ], [ -5.295003579999957, 10.303307694000068 ], [ -5.295281233999845, 10.303337874000079 ], [ -5.295456276999914, 10.303470665000134 ], [ -5.295779200999903, 10.30375435600007 ], [ -5.29583654299995, 10.304083316000117 ], [ -5.295981405999953, 10.304252323000185 ], [ -5.299114070999963, 10.306051040000057 ], [ -5.299884878999876, 10.306401666000113 ], [ -5.299988266999947, 10.306393582000169 ], [ -5.30010520299993, 10.306347423000148 ], [ -5.300264309999932, 10.306250407000107 ], [ -5.30055364899988, 10.306066130000033 ], [ -5.303447892999827, 10.302867069000115 ], [ -5.303819104999889, 10.302414372000044 ], [ -5.310903500999871, 10.300876210000183 ], [ -5.314981296999918, 10.298364524000021 ], [ -5.317218174999937, 10.296635893000087 ], [ -5.319972163999978, 10.29348003399997 ], [ -5.321999242999823, 10.291192922000107 ], [ -5.322646370999962, 10.290480785000057 ], [ -5.322865319999892, 10.290359072000058 ], [ -5.325686988999962, 10.290796962 ], [ -5.32740675499997, 10.291884374000119 ], [ -5.32748653799996, 10.292386712000109 ], [ -5.327837423999881, 10.292665394000096 ], [ -5.328305051999962, 10.293036794999978 ], [ -5.330075051999927, 10.294360601000108 ], [ -5.332545368999945, 10.29609809700014 ], [ -5.336345401999949, 10.298077896000109 ], [ -5.337435939999864, 10.298543212000027 ], [ -5.338372740999944, 10.298831654000082 ], [ -5.339554198999963, 10.299074397000027 ], [ -5.340130660999876, 10.299191903000178 ], [ -5.341578573999868, 10.299620367000102 ], [ -5.345854349999968, 10.301632671000164 ], [ -5.346155751999959, 10.301916344000063 ], [ -5.346395100999871, 10.302256160000127 ], [ -5.346563531999948, 10.302785091000089 ], [ -5.346610809999959, 10.30383704500008 ], [ -5.346655133999889, 10.304977646000054 ], [ -5.346708322999916, 10.305175626000107 ], [ -5.346835384999963, 10.305435659000011 ], [ -5.346950626999899, 10.305565676000015 ], [ -5.347098372999881, 10.305654323000169 ], [ -5.347225427999831, 10.30567994800009 ], [ -5.347450008999942, 10.305725242000108 ], [ -5.347627304999946, 10.305731151000145 ], [ -5.347792779999963, 10.305692737000186 ], [ -5.348741310999912, 10.305240634000143 ], [ -5.349119541999869, 10.30504265400009 ], [ -5.351631226999928, 10.303432220000104 ], [ -5.351965133999954, 10.303074674000186 ], [ -5.352101060999928, 10.302897379000171 ], [ -5.352163113999893, 10.302770317000125 ], [ -5.352210392999893, 10.302631435000023 ], [ -5.35308209599998, 10.297811953 ], [ -5.353652395999916, 10.293896678000181 ], [ -5.353891744999942, 10.292501954000045 ], [ -5.354733897999893, 10.289165844000081 ], [ -5.355067804999976, 10.288164124000161 ], [ -5.355100308999909, 10.288093206000156 ], [ -5.358507336999821, 10.283604675000106 ], [ -5.358926936999978, 10.283114158000103 ], [ -5.359018538999919, 10.283007781000094 ], [ -5.359346535999975, 10.282780251000077 ], [ -5.359715900999902, 10.282611821000046 ], [ -5.359775, 10.282594090999964 ], [ -5.362552628999936, 10.282419751000134 ], [ -5.362709239999958, 10.282440435000069 ], [ -5.36818176099996, 10.284101103000125 ], [ -5.368533396999908, 10.284352271000159 ], [ -5.368595449999873, 10.284437964000062 ], [ -5.369558755999947, 10.285865193000063 ], [ -5.369919255999889, 10.286476861999972 ], [ -5.372206367999979, 10.292366027000071 ], [ -5.372425032999956, 10.293098848000056 ], [ -5.372658471999898, 10.294032605000154 ], [ -5.372620057999825, 10.294127162000052 ], [ -5.37259346299993, 10.294280818000175 ], [ -5.372798581999916, 10.294480506000184 ], [ -5.373240591999831, 10.294800885000086 ], [ -5.374056150999877, 10.29538596000009 ], [ -5.374493479999956, 10.295536661000085 ], [ -5.375424280999937, 10.295814424000014 ], [ -5.376845599999967, 10.295923756000036 ], [ -5.378246233999846, 10.295705092000048 ], [ -5.378559455999891, 10.295622354000159 ], [ -5.37891995699988, 10.295456878000095 ], [ -5.37937205999998, 10.295176160000153 ], [ -5.379679372999931, 10.294951586000082 ], [ -5.379986684999949, 10.294682688000023 ], [ -5.380199438999966, 10.294449249000138 ], [ -5.380364914999973, 10.294206944999985 ], [ -5.380486066999879, 10.293923272000086 ], [ -5.380574714999966, 10.293615960000011 ], [ -5.38099135899995, 10.291819366000084 ], [ -5.381310490999965, 10.290347813000096 ], [ -5.381363679999936, 10.290208932000041 ], [ -5.381446417999939, 10.29008187 ], [ -5.38174781999993, 10.28985434100008 ], [ -5.382063996999875, 10.289632721999965 ], [ -5.382309255999928, 10.289502705000132 ], [ -5.382726465999895, 10.289431136000189 ], [ -5.383104129999879, 10.289428832000169 ], [ -5.383458720999897, 10.289493840000034 ], [ -5.38374534899998, 10.28965340600007 ], [ -5.384088119999944, 10.289901620000023 ], [ -5.385057335999932, 10.290950618000124 ], [ -5.38557149199994, 10.291585927000028 ], [ -5.386212710999871, 10.292262605000076 ], [ -5.393071090999968, 10.296718631000147 ], [ -5.394589922999955, 10.297102771000141 ], [ -5.39481449699997, 10.297153005000041 ], [ -5.395039070999928, 10.2971411850001 ], [ -5.395163177999962, 10.297117546000038 ], [ -5.396944997999867, 10.296446778000131 ], [ -5.397069103999911, 10.296399499000017 ], [ -5.397249354999929, 10.296296077000022 ], [ -5.397414830999935, 10.296169015000146 ], [ -5.397559621999903, 10.29598581 ], [ -5.39879773499996, 10.295247079000092 ], [ -5.402860756999928, 10.296047863000069 ], [ -5.403241941999966, 10.296139466000113 ], [ -5.403971807999937, 10.296426094000026 ], [ -5.40406189599986, 10.29650175200004 ], [ -5.404275338999923, 10.296681009000054 ], [ -5.404438081999899, 10.296850985000106 ], [ -5.404713190999928, 10.297317625000176 ], [ -5.404824626999925, 10.297665865 ], [ -5.40629142399996, 10.301343088000067 ], [ -5.407269503999942, 10.303647929000078 ], [ -5.407479303999821, 10.303916828000013 ], [ -5.407691427999964, 10.304066981000119 ], [ -5.407712638999953, 10.304081995000104 ], [ -5.408507617999817, 10.304640784000071 ], [ -5.409877333999816, 10.305441734999988 ], [ -5.41028943699996, 10.305642504 ], [ -5.410732675999952, 10.305858213000022 ], [ -5.411025213999949, 10.305896627000152 ], [ -5.412792258999957, 10.305926176000014 ], [ -5.412904545999822, 10.305926176000014 ], [ -5.413084795999907, 10.305914357 ], [ -5.413191172999916, 10.305902537000122 ], [ -5.413451206999923, 10.305861168000149 ], [ -5.413714194999955, 10.305796160000114 ], [ -5.413805797999942, 10.305698647000099 ], [ -5.413844211999958, 10.305624774000137 ], [ -5.413888535999945, 10.305550901000174 ], [ -5.413991957999826, 10.305512487000158 ], [ -5.414160388999903, 10.305515442000171 ], [ -5.414370187999964, 10.305524307000098 ], [ -5.414807516999872, 10.305612954000026 ], [ -5.415463510999814, 10.305766610000148 ], [ -5.415847650999979, 10.305937996000125 ], [ -5.416225880999832, 10.306144841000105 ], [ -5.416370671999971, 10.306236444000092 ], [ -5.416438635999953, 10.306304407000141 ], [ -5.416465229999915, 10.306425559000047 ], [ -5.416447499999947, 10.306596944000091 ], [ -5.416172078999978, 10.309007689000168 ], [ -5.415771472999893, 10.310925581000049 ], [ -5.41528252899991, 10.313226499 ], [ -5.414901093999902, 10.31385906100013 ], [ -5.414870684999869, 10.314023520000148 ], [ -5.414850981999848, 10.314217504 ], [ -5.414873997999962, 10.314363268000022 ], [ -5.414953088999937, 10.314570882000112 ], [ -5.416543100999945, 10.318173861000105 ], [ -5.416743239999903, 10.318621947000054 ], [ -5.417501743999878, 10.319667852000123 ], [ -5.419857252999975, 10.321596703000125 ], [ -5.419987619999858, 10.321697442000016 ], [ -5.421690812999827, 10.32281703700005 ], [ -5.422057818999974, 10.322939373000054 ], [ -5.422293106999916, 10.323017802000038 ], [ -5.422347749999915, 10.323028516000022 ], [ -5.422956449999901, 10.323096533000069 ], [ -5.423324389999891, 10.323078886000133 ], [ -5.423777191999875, 10.323057168000105 ], [ -5.425619502999893, 10.322836720000168 ], [ -5.425820267999882, 10.32280522800005 ], [ -5.425961983999912, 10.322769799000014 ], [ -5.426103700999931, 10.322714687000087 ], [ -5.426245416999905, 10.322624146000123 ], [ -5.4263311979999, 10.322535944000151 ], [ -5.426375641999925, 10.322452982000186 ], [ -5.426381503999892, 10.322430371 ], [ -5.426394444999971, 10.322262308000063 ], [ -5.426382456999875, 10.321753775000161 ], [ -5.426348682999844, 10.321704412000088 ], [ -5.426177210999867, 10.321631666000087 ], [ -5.426138239999943, 10.321571911000035 ], [ -5.426138239999943, 10.321525145000066 ], [ -5.426221950999945, 10.321254456000133 ], [ -5.426394882999944, 10.32082933200013 ], [ -5.427956388999974, 10.31886242000013 ], [ -5.428171160999909, 10.318663427999979 ], [ -5.428396341999871, 10.318470839000156 ], [ -5.428827912999964, 10.318214419000071 ], [ -5.428841951999971, 10.318206078000173 ], [ -5.429062718999944, 10.318076831000042 ], [ -5.429334652999898, 10.317998334000038 ], [ -5.429533939999942, 10.317952990000038 ], [ -5.430732111999873, 10.317723017999981 ], [ -5.43134146899996, 10.317650115000106 ], [ -5.431811736999862, 10.317630313000052 ], [ -5.432230323999931, 10.317719309000154 ], [ -5.433108918999892, 10.318020857000022 ], [ -5.433295801999975, 10.318108908000113 ], [ -5.437546323999868, 10.321805736000101 ], [ -5.437613714999941, 10.321908025000141 ], [ -5.437623015999918, 10.321922143000052 ], [ -5.437655416999917, 10.32200854700011 ], [ -5.437690971999928, 10.322130026000139 ], [ -5.437813217999917, 10.323375955000074 ], [ -5.437819710999918, 10.323522049000076 ], [ -5.437858832999893, 10.324486123000099 ], [ -5.437806724999916, 10.324944030999973 ], [ -5.437309756999923, 10.327205641000035 ], [ -5.436861358999977, 10.329046531000131 ], [ -5.436449673999903, 10.331138420000116 ], [ -5.436179743999958, 10.333413871000175 ], [ -5.436171949999959, 10.333499607000022 ], [ -5.437130633999857, 10.336383455000032 ], [ -5.437167006999914, 10.336451004000025 ], [ -5.437525725999933, 10.336999214000116 ], [ -5.438395103999937, 10.338126796000154 ], [ -5.438840020999976, 10.338642445000062 ], [ -5.440790246999939, 10.34069915300006 ], [ -5.441420276999963, 10.341165889000138 ], [ -5.441566519999981, 10.34125948500008 ], [ -5.441633791999948, 10.341285809000112 ], [ -5.444201821999968, 10.342005325000173 ], [ -5.444658100999959, 10.342122320000158 ], [ -5.444813118999946, 10.34214864400019 ], [ -5.44503540799991, 10.342154493000066 ], [ -5.445286946999943, 10.342136944000117 ], [ -5.445488761999968, 10.342101846000048 ], [ -5.44575492499996, 10.342034573999968 ], [ -5.445901167999978, 10.341961451999964 ], [ -5.446062035999944, 10.341862007000032 ], [ -5.446170255999959, 10.341756712000119 ], [ -5.446208278999904, 10.34167189100009 ], [ -5.446214128999941, 10.341578294999977 ], [ -5.447583043999941, 10.340602325000077 ], [ -5.44956024399994, 10.339612106000118 ], [ -5.449664550999955, 10.339593699000091 ], [ -5.451689341999895, 10.339470082999981 ], [ -5.451929284999949, 10.339508023000121 ], [ -5.452390163999894, 10.33975021599997 ], [ -5.452632524999956, 10.339950661000159 ], [ -5.453162108999891, 10.340652790000036 ], [ -5.453319786999884, 10.34101315800001 ], [ -5.454310151999948, 10.342835987000115 ], [ -5.456117717999916, 10.343622775000028 ], [ -5.460876908999978, 10.34644314600007 ], [ -5.461300939999887, 10.346763286000112 ], [ -5.461531029999946, 10.346956561000184 ], [ -5.461807136999937, 10.347217329000102 ], [ -5.462034158999813, 10.347490368000024 ], [ -5.464550761999931, 10.351707044000023 ], [ -5.464690540999868, 10.351955541000109 ], [ -5.464728505999972, 10.352086692 ], [ -5.464726779999921, 10.35224890500001 ], [ -5.464667995999946, 10.352648054000099 ], [ -5.464631996999969, 10.352760050000143 ], [ -5.464579348999905, 10.352903368000113 ], [ -5.464529626999877, 10.352994039000066 ], [ -5.464400932999979, 10.353105184000071 ], [ -5.464266388999931, 10.353187080000112 ], [ -5.464108445999841, 10.353251427000032 ], [ -5.463959277999948, 10.353295300000184 ], [ -5.463775011999871, 10.353339173000165 ], [ -5.463605369999868, 10.353371347000177 ], [ -5.463397703999931, 10.353350873000068 ], [ -5.462827355999877, 10.353268976000152 ], [ -5.462648938999962, 10.353222179000113 ], [ -5.462505620999934, 10.353166606 ], [ -5.462476799999934, 10.353153891000147 ], [ -5.462117147999948, 10.352945489000092 ], [ -5.46176, 10.352730000000122 ], [ -5.461349999999868, 10.35211 ], [ -5.461188891999939, 10.351805685000102 ], [ -5.4609, 10.35125 ], [ -5.46054, 10.350910000000169 ], [ -5.46017, 10.350680000000182 ], [ -5.459911265999949, 10.350642449000134 ], [ -5.459770872999968, 10.350709720000111 ], [ -5.459646405999933, 10.350776908000171 ], [ -5.45952043199992, 10.350901156000134 ], [ -5.459458535999943, 10.35101006900004 ], [ -5.459340961999885, 10.351216954000165 ], [ -5.45705, 10.35637 ], [ -5.45701, 10.356670000000179 ], [ -5.457077, 10.357140000000129 ], [ -5.4574270089999, 10.358607554000059 ], [ -5.45782, 10.35993 ], [ -5.458565, 10.361184 ], [ -5.461067057999969, 10.364426282000125 ], [ -5.46125490899982, 10.364550733000044 ], [ -5.461893113999963, 10.365106733 ], [ -5.462102239999922, 10.365304449000064 ], [ -5.462863821999974, 10.366108303000146 ], [ -5.462983291999933, 10.366285694000169 ], [ -5.463192963999859, 10.366901767000058 ], [ -5.463561109999944, 10.368038168 ], [ -5.463771652999867, 10.368900460000134 ], [ -5.463813149999908, 10.369169179999972 ], [ -5.46378855699993, 10.36937617100017 ], [ -5.463600705999909, 10.370543199000053 ], [ -5.463523216999931, 10.370644169000059 ], [ -5.463366335999979, 10.370890386000099 ], [ -5.463304839999978, 10.371149020000189 ], [ -5.463300142999913, 10.371318086000144 ], [ -5.463345056999913, 10.371666371000117 ], [ -5.463389508999967, 10.371835288000113 ], [ -5.46350954199994, 10.372111236000023 ], [ -5.464828366999882, 10.374449053000149 ], [ -5.465740708999874, 10.375824699000077 ], [ -5.465923700999952, 10.376022984000031 ], [ -5.466153792999876, 10.376151250000021 ], [ -5.466535886999964, 10.376364249000119 ], [ -5.466752736999979, 10.37646283600003 ], [ -5.467155374999948, 10.376645888000098 ], [ -5.467336359999933, 10.376702727000065 ], [ -5.467512714999941, 10.376746997 ], [ -5.467782751999835, 10.376742301000149 ], [ -5.467925987999934, 10.376681249000058 ], [ -5.471414727999957, 10.375146447000077 ], [ -5.472020202999943, 10.374854471999981 ], [ -5.472824540999966, 10.374462541000185 ], [ -5.47385982499992, 10.373922274000165 ], [ -5.474564192999935, 10.373546476000115 ], [ -5.475268636999886, 10.373144943000057 ], [ -5.475346125999977, 10.37311911300003 ], [ -5.475458836999906, 10.373128506 ], [ -5.475695998999981, 10.373236520000091 ], [ -5.479610224999931, 10.375541815000133 ], [ -5.480856216999825, 10.376275956000029 ], [ -5.481207200999904, 10.376489471000184 ], [ -5.481490346999976, 10.376679078000166 ], [ -5.482732659999897, 10.377813782999965 ], [ -5.482957826999893, 10.378064142000028 ], [ -5.483225426999923, 10.378544784000155 ], [ -5.483259201999942, 10.378633118000039 ], [ -5.483279986999889, 10.378734442000052 ], [ -5.483259201999942, 10.37883057 ], [ -5.483225426999923, 10.378986454000142 ], [ -5.482074687999898, 10.381317991 ], [ -5.481982054999889, 10.381454081000072 ], [ -5.481892406999918, 10.381554566000148 ], [ -5.481725609999899, 10.381741525000052 ], [ -5.482018689999904, 10.384211423000181 ], [ -5.483923897999887, 10.389290786000061 ], [ -5.48530765199996, 10.392089734000024 ], [ -5.486739323999871, 10.394494274000181 ], [ -5.487863382999876, 10.397018323000054 ], [ -5.488911997999935, 10.400869615000033 ], [ -5.488726173999964, 10.402598443000045 ], [ -5.488386406999894, 10.403635983000129 ], [ -5.488300184999957, 10.404077607000033 ], [ -5.488238186999979, 10.404407322000054 ], [ -5.488374765999936, 10.405138871000133 ], [ -5.488483144999918, 10.405449693000094 ], [ -5.488526087999901, 10.405547848000083 ], [ -5.488571074999925, 10.40562759900007 ], [ -5.488636511999971, 10.405707349000068 ], [ -5.488724070999865, 10.405801533000044 ], [ -5.491611425999849, 10.406923865000181 ], [ -5.491845325999918, 10.406822415000136 ], [ -5.492104589999883, 10.406768871000168 ], [ -5.492682396999896, 10.406736806000083 ], [ -5.492891460999886, 10.406741525000029 ], [ -5.494448358999932, 10.407037865 ], [ -5.496810778999873, 10.4078087420001 ], [ -5.49686995899998, 10.407836922000172 ], [ -5.497647952999955, 10.408398176000048 ], [ -5.499915914999974, 10.41111657099998 ], [ -5.501060253999981, 10.414059813000165 ], [ -5.501080163999916, 10.414156044000038 ], [ -5.501100072999975, 10.414255592000075 ], [ -5.501237178999929, 10.415209542000184 ], [ -5.501228920999949, 10.41525083300013 ], [ -5.500956170999871, 10.415572545000089 ], [ -5.500628767999956, 10.416189666999969 ], [ -5.500076930999967, 10.417469111000173 ], [ -5.500048749999848, 10.417539563000105 ], [ -5.499429820999978, 10.422769708000033 ], [ -5.499478274999888, 10.423934325000062 ], [ -5.499497555999881, 10.424022465000064 ], [ -5.499602185999947, 10.424188787000162 ], [ -5.499864942999977, 10.424538082000026 ], [ -5.500000764999868, 10.424629486000129 ], [ -5.500089811999942, 10.424640975999978 ], [ -5.500179104999972, 10.424644859000068 ], [ -5.500268397999889, 10.42463321200006 ], [ -5.500338278999891, 10.424555566000038 ], [ -5.500384866999923, 10.424462390000144 ], [ -5.500431453999965, 10.424345921000167 ], [ -5.5005013359999, 10.424264392999987 ], [ -5.500578981999922, 10.424210041000151 ], [ -5.50187178799996, 10.423390876000099 ], [ -5.501976609999929, 10.423340406000023 ], [ -5.50421281499996, 10.42228442000004 ], [ -5.504601044999902, 10.422129128000165 ], [ -5.505094096999926, 10.4220048950001 ], [ -5.505221784999947, 10.421998909000138 ], [ -5.505365953999956, 10.421992151000097 ], [ -5.505591030999938, 10.421981601000141 ], [ -5.505857976999891, 10.422004223000044 ], [ -5.506278197999961, 10.422039834999964 ], [ -5.506720779999966, 10.422113599000056 ], [ -5.507089598999926, 10.422187363000091 ], [ -5.50780782399994, 10.422346537000124 ], [ -5.508133936999911, 10.422490182000047 ], [ -5.508603502999961, 10.422761085000161 ], [ -5.508739575999925, 10.422839589000091 ], [ -5.509046277999914, 10.423068645 ], [ -5.509205451999946, 10.423227819000033 ], [ -5.509372390999886, 10.423449110000149 ], [ -5.509640269999863, 10.423864516000037 ], [ -5.509768385999962, 10.424303216000112 ], [ -5.509725679999917, 10.424470155000165 ], [ -5.509554858999877, 10.424648741 ], [ -5.508786163999957, 10.425332026000149 ], [ -5.508608315999936, 10.425473788000147 ], [ -5.508204213999875, 10.425738457000136 ], [ -5.507799316999865, 10.426126827000076 ], [ -5.50723741999991, 10.426674952000042 ], [ -5.506463432999908, 10.427721624000128 ], [ -5.506377532999977, 10.427894809000179 ], [ -5.506302338999888, 10.428050639000105 ], [ -5.506281642999966, 10.428410224000118 ], [ -5.506331221999972, 10.428470821000076 ], [ -5.508518214999924, 10.430272199000058 ], [ -5.509662553999931, 10.430499075 ], [ -5.510517202999949, 10.429606259000025 ], [ -5.51212647899996, 10.429850775000034 ], [ -5.512771302999909, 10.430094648000022 ], [ -5.513040939999939, 10.430252918000178 ], [ -5.513170396999897, 10.430412673000149 ], [ -5.51323650199987, 10.430583446000128 ], [ -5.513241572999959, 10.430677489 ], [ -5.513207, 10.430789000000118 ], [ -5.51332, 10.431150000000116 ], [ -5.5136, 10.431500000000142 ], [ -5.51431, 10.431670000000167 ], [ -5.514659999999878, 10.431740000000104 ], [ -5.51519, 10.431790000000149 ], [ -5.515619999999899, 10.431830000000105 ], [ -5.516189999999824, 10.431880000000149 ], [ -5.518619999999885, 10.432670000000144 ], [ -5.52221, 10.43566 ], [ -5.52517, 10.437930000000165 ], [ -5.53056, 10.441750000000184 ], [ -5.53809, 10.447 ], [ -5.539149999999893, 10.44844 ], [ -5.53938, 10.44865 ], [ -5.54239, 10.45055 ], [ -5.543729999999869, 10.45089 ], [ -5.545979999999872, 10.4514 ], [ -5.546229999999866, 10.45145 ], [ -5.5498, 10.45647 ], [ -5.54987, 10.45675000000017 ], [ -5.549939999999879, 10.456960000000151 ], [ -5.550769999999886, 10.45825 ], [ -5.55276, 10.45987 ], [ -5.55383, 10.46059 ], [ -5.55417, 10.4608 ], [ -5.559059999999874, 10.46309 ], [ -5.560139999999876, 10.46346 ], [ -5.56042, 10.463390000000118 ], [ -5.56075, 10.46325 ], [ -5.563219999999887, 10.46142 ], [ -5.56561, 10.459530000000143 ], [ -5.572839999999871, 10.45589 ], [ -5.57327, 10.45569 ], [ -5.5747, 10.455150000000117 ], [ -5.576959999999872, 10.45514 ], [ -5.57777, 10.45527 ], [ -5.57803, 10.455380000000162 ], [ -5.578579999999818, 10.455380000000162 ], [ -5.57974, 10.455380000000162 ], [ -5.58115, 10.45527 ], [ -5.58258, 10.45496 ], [ -5.58591, 10.45417 ], [ -5.59127, 10.45327 ], [ -5.591731, 10.453259000000173 ], [ -5.59235, 10.453277 ], [ -5.59363, 10.453450000000146 ], [ -5.59377, 10.45347 ], [ -5.594879999999876, 10.45363 ], [ -5.595369999999889, 10.4539 ], [ -5.595869999999877, 10.45435 ], [ -5.596209999999871, 10.45481 ], [ -5.5969, 10.45534 ], [ -5.59798, 10.45604 ], [ -5.59926, 10.456170000000157 ], [ -5.605579999999861, 10.45472 ], [ -5.60603, 10.454500000000166 ], [ -5.60698, 10.453770000000134 ], [ -5.60827, 10.452690000000132 ], [ -5.60848, 10.45253 ], [ -5.60977, 10.45177 ], [ -5.61558, 10.45055 ], [ -5.61589, 10.450530000000128 ], [ -5.61696, 10.450620000000129 ], [ -5.61913, 10.451430000000187 ], [ -5.624529999999879, 10.453570000000127 ], [ -5.62961, 10.4565 ], [ -5.63465, 10.45934 ], [ -5.63749, 10.45969 ], [ -5.63906999999989, 10.45880000000011 ], [ -5.64054, 10.457630000000165 ], [ -5.64204, 10.45688 ], [ -5.642489999999896, 10.45667 ], [ -5.64329, 10.45645 ], [ -5.64809, 10.45601 ], [ -5.65125, 10.456580000000145 ], [ -5.65163, 10.45674 ], [ -5.65275, 10.45724 ], [ -5.6529, 10.457340000000102 ], [ -5.653349999999875, 10.45782 ], [ -5.65361, 10.45834 ], [ -5.65387, 10.458740000000148 ], [ -5.65442, 10.459410000000162 ], [ -5.654939999999897, 10.460030000000131 ], [ -5.65532, 10.46039 ], [ -5.65559, 10.4606 ], [ -5.65575, 10.46072 ], [ -5.65599, 10.46086 ], [ -5.6604, 10.46332 ], [ -5.66271, 10.464410000000157 ], [ -5.6629, 10.46443 ], [ -5.66414, 10.46402 ], [ -5.6691, 10.46234 ], [ -5.669299999999851, 10.4616 ], [ -5.669419999999832, 10.46071 ], [ -5.66956, 10.459970000000112 ], [ -5.66993, 10.4589 ], [ -5.67013, 10.458500000000186 ], [ -5.670629999999846, 10.457510000000184 ], [ -5.6739, 10.451340000000187 ], [ -5.67479, 10.450200000000166 ], [ -5.67915, 10.447 ], [ -5.684129999999868, 10.44384 ], [ -5.68465, 10.44353 ], [ -5.68511999999987, 10.443160000000148 ], [ -5.692744498999957, 10.436727855000072 ], [ -5.694000197999856, 10.435472156000174 ], [ -5.694821231999924, 10.434554529000025 ], [ -5.695545673999902, 10.433733495000126 ], [ -5.695883746999925, 10.432960757000103 ], [ -5.696221819999892, 10.432091427000159 ], [ -5.69702, 10.431240000000116 ], [ -5.697079999999858, 10.43122 ], [ -5.69753999999989, 10.43107 ], [ -5.698659999999848, 10.43081 ], [ -5.7068, 10.42979 ], [ -5.70827, 10.429920000000152 ], [ -5.70928, 10.43002 ], [ -5.710199999999872, 10.430210000000159 ], [ -5.71201, 10.430470000000184 ], [ -5.72095, 10.431500000000142 ], [ -5.725779999999872, 10.431410000000142 ], [ -5.73326, 10.430800000000147 ], [ -5.73493, 10.43052 ], [ -5.73674, 10.43015 ], [ -5.738559999999893, 10.429690000000107 ], [ -5.74018999999987, 10.429280000000119 ], [ -5.742019999999854, 10.42893000000015 ], [ -5.74468, 10.42864 ], [ -5.748219999999833, 10.42868 ], [ -5.75025, 10.428810000000169 ], [ -5.75127, 10.429040000000157 ], [ -5.75261, 10.42941 ], [ -5.75465, 10.430360000000121 ], [ -5.75488, 10.430500000000166 ], [ -5.76153, 10.43522 ], [ -5.762339999999881, 10.43598 ], [ -5.763719999999864, 10.437430000000177 ], [ -5.764009999999871, 10.437990000000127 ], [ -5.76504, 10.439 ], [ -5.76581, 10.43950000000018 ], [ -5.7666, 10.439830000000143 ], [ -5.76789, 10.439970000000187 ], [ -5.768169999999884, 10.43996 ], [ -5.769049999999879, 10.439920000000143 ], [ -5.7716, 10.43946 ], [ -5.77211, 10.439070000000129 ], [ -5.77236, 10.43876 ], [ -5.773009999999886, 10.43843 ], [ -5.77548, 10.437430000000177 ], [ -5.77822, 10.43663 ], [ -5.78144, 10.43572 ], [ -5.7826, 10.43538000000018 ], [ -5.7842, 10.434830000000147 ], [ -5.78577, 10.43405 ], [ -5.7876, 10.433050000000151 ], [ -5.78936, 10.43207 ], [ -5.79006, 10.4316 ], [ -5.790459999999882, 10.43119 ], [ -5.791129999999896, 10.430380000000184 ], [ -5.79568, 10.42524 ], [ -5.79718, 10.42471 ], [ -5.79748, 10.42459 ], [ -5.79779, 10.42445 ], [ -5.80768, 10.418520000000171 ], [ -5.80808, 10.41819 ], [ -5.80868, 10.41761 ], [ -5.80960805999996, 10.416607870000064 ], [ -5.81484951099992, 10.410948087000065 ], [ -5.815069999999878, 10.41071 ], [ -5.81798, 10.40691 ], [ -5.818399999999883, 10.406130000000132 ], [ -5.82132, 10.40029 ], [ -5.82335, 10.39559 ], [ -5.82454, 10.391260000000102 ], [ -5.82513, 10.39121 ], [ -5.82557, 10.391080000000102 ], [ -5.83317, 10.38858 ], [ -5.833769999999845, 10.38826 ], [ -5.834139999999877, 10.388030000000185 ], [ -5.8357, 10.387040000000184 ], [ -5.83642, 10.38654 ], [ -5.83696, 10.386080000000106 ], [ -5.837349999999844, 10.385110000000168 ], [ -5.83807, 10.38312000000019 ], [ -5.838259999999821, 10.38238 ], [ -5.83849, 10.381730000000118 ], [ -5.839049999999816, 10.380940000000123 ], [ -5.83979, 10.38034 ], [ -5.8427, 10.37835 ], [ -5.850849999999866, 10.37566 ], [ -5.85673, 10.375760000000128 ], [ -5.85766, 10.37613 ], [ -5.859179999999867, 10.37668 ], [ -5.862839999999892, 10.37789 ], [ -5.86502, 10.37826 ], [ -5.86553, 10.37826 ], [ -5.86665, 10.37785 ], [ -5.86702, 10.377540000000181 ], [ -5.867299999999886, 10.377070000000174 ], [ -5.87202, 10.36759 ], [ -5.87202, 10.36733 ], [ -5.87195, 10.36714000000012 ], [ -5.87121999999988, 10.365330000000142 ], [ -5.87114, 10.36514 ], [ -5.871009999999899, 10.36485 ], [ -5.87089, 10.364650000000154 ], [ -5.87039, 10.36373 ], [ -5.87017, 10.3633 ], [ -5.870129999999847, 10.36297 ], [ -5.86992, 10.361060000000123 ], [ -5.86994, 10.35977 ], [ -5.87002, 10.35946 ], [ -5.87017, 10.359040000000164 ], [ -5.87133, 10.35797 ], [ -5.871589999999856, 10.357780000000162 ], [ -5.87204, 10.35747 ], [ -5.87223, 10.3573 ], [ -5.8729, 10.35652 ], [ -5.8734, 10.355800000000102 ], [ -5.873589999999865, 10.355420000000152 ], [ -5.873919999999885, 10.35418 ], [ -5.87399, 10.35347 ], [ -5.87402, 10.3528 ], [ -5.87402, 10.3524 ], [ -5.87402, 10.35149 ], [ -5.87402, 10.3512 ], [ -5.87395, 10.35085 ], [ -5.87326, 10.34844 ], [ -5.87245, 10.345890000000111 ], [ -5.87233, 10.3457 ], [ -5.87223, 10.34489 ], [ -5.87209, 10.34216 ], [ -5.872589999999889, 10.34023 ], [ -5.87276, 10.340080000000114 ], [ -5.87295, 10.33989 ], [ -5.87399, 10.33849 ], [ -5.87423, 10.33811 ], [ -5.87573, 10.33456 ], [ -5.87595, 10.33377 ], [ -5.87595, 10.333580000000154 ], [ -5.87516, 10.3327 ], [ -5.87333, 10.329080000000147 ], [ -5.87302, 10.328420000000108 ], [ -5.87278, 10.327510000000132 ], [ -5.872679999999889, 10.327040000000125 ], [ -5.87228, 10.3243 ], [ -5.87204, 10.321920000000148 ], [ -5.87199, 10.31949 ], [ -5.87218, 10.3172 ], [ -5.872369999999819, 10.316390000000183 ], [ -5.87321, 10.31518 ], [ -5.87333, 10.31503 ], [ -5.87402, 10.31451 ], [ -5.87423, 10.31437 ], [ -5.878879999999867, 10.31156 ], [ -5.88114, 10.31058000000013 ], [ -5.88352, 10.309440000000166 ], [ -5.88918, 10.3056 ], [ -5.890449999999873, 10.3042 ], [ -5.8921, 10.299240000000168 ], [ -5.89181, 10.29646 ], [ -5.891619999999875, 10.295910000000106 ], [ -5.89145, 10.29558 ], [ -5.88907, 10.29329 ], [ -5.887789999999882, 10.29222 ], [ -5.885919999999885, 10.29034 ], [ -5.884459999999876, 10.2887 ], [ -5.88347, 10.287110000000155 ], [ -5.880829999999833, 10.28151 ], [ -5.88027, 10.27975 ], [ -5.88031, 10.27927 ], [ -5.88039, 10.27879 ], [ -5.880629999999883, 10.277870000000178 ], [ -5.880829999999833, 10.27751 ], [ -5.88151, 10.277030000000138 ], [ -5.88211, 10.276790000000176 ], [ -5.882469999999898, 10.27655 ], [ -5.88323, 10.27547 ], [ -5.883709999999894, 10.27471 ], [ -5.883989999999812, 10.274190000000146 ], [ -5.885509999999897, 10.271150000000148 ], [ -5.885749999999859, 10.27059 ], [ -5.885869999999841, 10.26939 ], [ -5.885869999999841, 10.268750000000182 ], [ -5.88591, 10.267990000000168 ], [ -5.88607, 10.26727000000011 ], [ -5.886742, 10.265386 ], [ -5.889828, 10.264346000000103 ], [ -5.892566, 10.263738000000103 ], [ -5.89682299999987, 10.263029 ], [ -5.900168999999892, 10.262927000000104 ], [ -5.901689, 10.263029 ], [ -5.909494999999879, 10.266475 ], [ -5.911624, 10.267692 ], [ -5.914867999999899, 10.270023000000151 ], [ -5.919902, 10.274907000000155 ], [ -5.920818999999881, 10.276179 ], [ -5.921571, 10.277222 ], [ -5.923951, 10.278649000000144 ], [ -5.927282, 10.279601 ], [ -5.93144599999988, 10.27853 ], [ -5.932311999999854, 10.278126 ], [ -5.935015, 10.276865000000157 ], [ -5.944533, 10.274128000000189 ], [ -5.949649, 10.273533000000157 ], [ -5.950781, 10.274618 ], [ -5.952504, 10.276270000000125 ], [ -5.953744, 10.279426000000115 ], [ -5.953813, 10.279601 ], [ -5.954883999999879, 10.277222 ], [ -5.954883999999879, 10.274128000000189 ], [ -5.953813, 10.268418 ], [ -5.952917, 10.265178 ], [ -5.952265999999895, 10.262826000000132 ], [ -5.952504, 10.257829000000186 ], [ -5.953217999999879, 10.253665000000126 ], [ -5.954922999999837, 10.246968 ], [ -5.95641, 10.243874000000176 ], [ -5.959383999999886, 10.237747 ], [ -5.963012999999876, 10.232453 ], [ -5.963905, 10.231293000000164 ], [ -5.964798, 10.230133000000137 ], [ -5.973423, 10.22008 ], [ -5.97998, 10.213860000000182 ], [ -5.98432, 10.20746 ], [ -5.984459999999899, 10.20578 ], [ -5.98491, 10.199950000000172 ], [ -5.98453, 10.197140000000161 ], [ -5.997515, 10.195095 ], [ -6.000847, 10.194798 ], [ -6.008182, 10.195753 ], [ -6.012899999999888, 10.195810000000108 ], [ -6.014103356999897, 10.195860266000182 ], [ -6.024034984999901, 10.196275122000031 ], [ -6.032949, 10.196826000000101 ], [ -6.03322, 10.19643 ], [ -6.03351, 10.195630000000108 ], [ -6.03429, 10.194690000000151 ], [ -6.03512, 10.19377 ], [ -6.03963, 10.19564 ], [ -6.04128, 10.196410000000185 ], [ -6.043599999999856, 10.198550000000125 ], [ -6.04587, 10.19895 ], [ -6.04813, 10.19924 ], [ -6.04882, 10.19934000000012 ], [ -6.04934, 10.19942 ], [ -6.049979999999891, 10.19971 ], [ -6.05153, 10.20047 ], [ -6.05279, 10.20116 ], [ -6.05324, 10.201470000000143 ], [ -6.05367, 10.20181 ], [ -6.05387, 10.202200000000175 ], [ -6.05445, 10.203230000000133 ], [ -6.05469, 10.203640000000121 ], [ -6.055049999999881, 10.204140000000109 ], [ -6.05536, 10.20433 ], [ -6.05562, 10.20438 ], [ -6.05774, 10.204190000000153 ], [ -6.05803, 10.204140000000109 ], [ -6.05836, 10.20397 ], [ -6.058789999999817, 10.20373 ], [ -6.0596, 10.20345 ], [ -6.06054, 10.203220000000158 ], [ -6.06217, 10.20290000000017 ], [ -6.064549999999883, 10.20254 ], [ -6.06606, 10.2026 ], [ -6.068379999999877, 10.203780000000165 ], [ -6.068669999999884, 10.204020000000128 ], [ -6.069549999999879, 10.20538 ], [ -6.070305, 10.206543000000124 ], [ -6.070444, 10.206551000000104 ], [ -6.077132491999919, 10.206934069000056 ], [ -6.083821, 10.207317 ], [ -6.086333, 10.207859000000155 ], [ -6.088098, 10.20824 ], [ -6.09642, 10.206970000000126 ], [ -6.09734, 10.20678 ], [ -6.102939999999819, 10.20507 ], [ -6.10475, 10.204510000000141 ], [ -6.10554, 10.204100000000153 ], [ -6.10691, 10.203 ], [ -6.10828, 10.20246 ], [ -6.109149999999886, 10.20289 ], [ -6.110789999999895, 10.20374 ], [ -6.11197, 10.204510000000141 ], [ -6.11318, 10.204980000000148 ], [ -6.11417, 10.20510000000013 ], [ -6.120109999999897, 10.20576 ], [ -6.121649999999875, 10.2059 ], [ -6.12322, 10.20595 ], [ -6.12429, 10.20581 ], [ -6.125359999999887, 10.205390000000136 ], [ -6.12582, 10.205 ], [ -6.12603, 10.20485 ], [ -6.1272, 10.20442 ], [ -6.1282, 10.2044 ], [ -6.128559999999879, 10.2044 ], [ -6.12901, 10.20442 ], [ -6.13013, 10.20462 ], [ -6.13516, 10.20789 ], [ -6.136599999999873, 10.208960000000104 ], [ -6.13794, 10.21002 ], [ -6.13938, 10.211500000000115 ], [ -6.14054, 10.212110000000166 ], [ -6.143509999999878, 10.21266 ], [ -6.14399, 10.21274 ], [ -6.145679999999857, 10.21297 ], [ -6.14618, 10.21294 ], [ -6.14644, 10.21285 ], [ -6.14667999999989, 10.21285 ], [ -6.147059999999897, 10.21288 ], [ -6.148509999999874, 10.213190000000168 ], [ -6.15144, 10.21474000000012 ], [ -6.15632, 10.217430000000149 ], [ -6.15654, 10.21766 ], [ -6.156749999999818, 10.21797 ], [ -6.15822, 10.21935000000019 ], [ -6.15915, 10.21993 ], [ -6.15973, 10.220240000000103 ], [ -6.16025999999988, 10.22037 ], [ -6.16094, 10.22052 ], [ -6.1614, 10.22062000000011 ], [ -6.16216, 10.22058 ], [ -6.162759999999878, 10.220440000000167 ], [ -6.16382, 10.22011 ], [ -6.1652, 10.21988000000016 ], [ -6.16632, 10.2197 ], [ -6.16708999999986, 10.21973 ], [ -6.16728, 10.21988000000016 ], [ -6.16802, 10.220550000000173 ], [ -6.168969999999888, 10.221310000000187 ], [ -6.17206, 10.22373 ], [ -6.17333, 10.224040000000116 ], [ -6.17452, 10.22405 ], [ -6.17544, 10.22414 ], [ -6.17652, 10.22428 ], [ -6.17723, 10.22443 ], [ -6.17797, 10.224760000000174 ], [ -6.178209999999865, 10.22495 ], [ -6.17887, 10.226090000000113 ], [ -6.179009999999892, 10.22673 ], [ -6.18173, 10.230050000000176 ], [ -6.183159999999873, 10.231550000000141 ], [ -6.18371, 10.231930000000148 ], [ -6.1844, 10.23229 ], [ -6.18497, 10.23243 ], [ -6.18567, 10.232570000000123 ], [ -6.18706, 10.232750000000124 ], [ -6.188449999999875, 10.232890000000168 ], [ -6.18932999999987, 10.23308 ], [ -6.19132, 10.2346 ], [ -6.196271976999981, 10.240400602000022 ], [ -6.196279999999888, 10.240410000000111 ], [ -6.19619, 10.241540000000157 ], [ -6.19553, 10.243360000000109 ], [ -6.195021, 10.24437300000011 ], [ -6.194780970999943, 10.244849988000112 ], [ -6.19463, 10.24515 ], [ -6.192199999999843, 10.24857 ], [ -6.19094, 10.25026 ], [ -6.189459999999883, 10.25219 ], [ -6.18882, 10.253240000000119 ], [ -6.18834, 10.25516000000016 ], [ -6.19177, 10.259640000000104 ], [ -6.19346, 10.260780000000125 ], [ -6.195289999999886, 10.260160000000155 ], [ -6.19758, 10.25926 ], [ -6.203689999999824, 10.25816 ], [ -6.205619999999897, 10.2588 ], [ -6.215729999999837, 10.2629 ], [ -6.21721, 10.26359 ], [ -6.21833, 10.26418 ], [ -6.21842, 10.265010000000188 ], [ -6.21821, 10.26573 ], [ -6.21685, 10.26661 ], [ -6.21609, 10.267560000000117 ], [ -6.21538, 10.268660000000182 ], [ -6.21521, 10.26951 ], [ -6.215167, 10.26999700000016 ], [ -6.215109999999868, 10.27065000000016 ], [ -6.21597, 10.271650000000136 ], [ -6.216519999999832, 10.272910000000138 ], [ -6.216449999999895, 10.27675 ], [ -6.2163, 10.27748 ], [ -6.21592, 10.27822 ], [ -6.21576, 10.280410000000188 ], [ -6.21599, 10.285980000000109 ], [ -6.21627999999987, 10.28662 ], [ -6.217779999999891, 10.28948000000014 ], [ -6.218639999999823, 10.29017 ], [ -6.22301, 10.293140000000108 ], [ -6.225439999999878, 10.29466 ], [ -6.22713, 10.29538 ], [ -6.22808, 10.295900000000188 ], [ -6.22996, 10.29761 ], [ -6.23284, 10.30116 ], [ -6.23315, 10.301780000000178 ], [ -6.23315, 10.30254 ], [ -6.2327, 10.30323 ], [ -6.23003, 10.305470000000128 ], [ -6.22121, 10.310960000000136 ], [ -6.21966, 10.311870000000113 ], [ -6.21766, 10.31294 ], [ -6.21583, 10.3137 ], [ -6.21321, 10.31446 ], [ -6.206239999999866, 10.316340000000139 ], [ -6.20522, 10.31641 ], [ -6.20027, 10.31536 ], [ -6.19584, 10.312750000000108 ], [ -6.19415, 10.30977 ], [ -6.194079999999872, 10.30911 ], [ -6.19455, 10.307160000000124 ], [ -6.19455, 10.305730000000153 ], [ -6.19389, 10.303850000000182 ], [ -6.19315, 10.30292 ], [ -6.19199, 10.30213 ], [ -6.19113, 10.30204 ], [ -6.19022, 10.302250000000129 ], [ -6.189079999999876, 10.30273 ], [ -6.18796, 10.30366 ], [ -6.186419999999885, 10.305180000000121 ], [ -6.185919999999896, 10.30589 ], [ -6.18607999999989, 10.30761 ], [ -6.18625, 10.30899 ], [ -6.18616, 10.310990000000118 ], [ -6.184539999999856, 10.315960000000132 ], [ -6.183699999999874, 10.31708 ], [ -6.18247, 10.31822 ], [ -6.180749999999875, 10.318530000000123 ], [ -6.17961, 10.3187 ], [ -6.178759999999897, 10.319120000000112 ], [ -6.17795, 10.319810000000189 ], [ -6.17726, 10.320690000000184 ], [ -6.17716, 10.321770000000186 ], [ -6.177659999999833, 10.32269 ], [ -6.17866, 10.32343 ], [ -6.180089999999893, 10.324410000000114 ], [ -6.18289, 10.32631 ], [ -6.18411, 10.32712 ], [ -6.185749999999871, 10.32798 ], [ -6.18735, 10.329050000000166 ], [ -6.190699999999879, 10.33264 ], [ -6.192749999999876, 10.33602 ], [ -6.19301, 10.336830000000134 ], [ -6.19301, 10.33778 ], [ -6.192869999999857, 10.338520000000187 ], [ -6.192249999999888, 10.340130000000158 ], [ -6.19008, 10.34432 ], [ -6.189079999999876, 10.34565 ], [ -6.18444, 10.351030000000151 ], [ -6.183869999999843, 10.35163 ], [ -6.18285, 10.35189 ], [ -6.18159, 10.35196000000019 ], [ -6.18033, 10.35234 ], [ -6.177659999999833, 10.35432 ], [ -6.17457, 10.357150000000104 ], [ -6.17281, 10.35929 ], [ -6.17207, 10.36067 ], [ -6.170969999999897, 10.36276 ], [ -6.17033, 10.363310000000126 ], [ -6.16662, 10.365330000000142 ], [ -6.16567, 10.365570000000105 ], [ -6.164759999999887, 10.365240000000142 ], [ -6.163809999999899, 10.364400000000103 ], [ -6.1626, 10.363220000000126 ], [ -6.16162, 10.36274 ], [ -6.16027, 10.362930000000119 ], [ -6.159669999999835, 10.36333000000019 ], [ -6.15929, 10.36429 ], [ -6.15941, 10.365330000000142 ], [ -6.16029, 10.3659 ], [ -6.161719999999889, 10.36648 ], [ -6.163429999999892, 10.36671 ], [ -6.17186, 10.371610000000146 ], [ -6.180589999999881, 10.37718 ], [ -6.18128, 10.37832 ], [ -6.18163, 10.37978 ], [ -6.181329999999889, 10.38206 ], [ -6.18194, 10.38361 ], [ -6.18321, 10.384990000000187 ], [ -6.184369999999888, 10.385960000000125 ], [ -6.18535, 10.38656 ], [ -6.18625, 10.386870000000101 ], [ -6.18706, 10.38715000000019 ], [ -6.187539999999899, 10.387890000000141 ], [ -6.18694, 10.389030000000162 ], [ -6.18589, 10.38987 ], [ -6.18425, 10.390960000000121 ], [ -6.1828, 10.39282 ], [ -6.18201, 10.39422 ], [ -6.181657, 10.395179000000155 ], [ -6.181369999999845, 10.395960000000116 ], [ -6.18111, 10.397980000000132 ], [ -6.18163, 10.401190000000156 ], [ -6.18073, 10.40512 ], [ -6.18006, 10.406830000000127 ], [ -6.180709999999863, 10.409780000000183 ], [ -6.18111, 10.41071 ], [ -6.18092, 10.41168000000016 ], [ -6.18015999999983, 10.412710000000118 ], [ -6.17416, 10.414490000000114 ], [ -6.172999999999888, 10.414520000000152 ], [ -6.17107, 10.414140000000145 ], [ -6.16745, 10.413090000000125 ], [ -6.16567, 10.412260000000174 ], [ -6.16407, 10.41135 ], [ -6.16319, 10.410280000000114 ], [ -6.16272, 10.409260000000131 ], [ -6.16174, 10.40883 ], [ -6.16108, 10.40883 ], [ -6.16041, 10.409110000000169 ], [ -6.15932, 10.41042 ], [ -6.15848, 10.411850000000186 ], [ -6.15762999999987, 10.413610000000176 ], [ -6.155479999999898, 10.418320000000108 ], [ -6.15525, 10.419370000000129 ], [ -6.15558, 10.42044 ], [ -6.157839999999851, 10.42608 ], [ -6.15889, 10.42751 ], [ -6.16016999999988, 10.42889 ], [ -6.16376, 10.432170000000156 ], [ -6.16543, 10.433460000000139 ], [ -6.1666, 10.43424 ], [ -6.17131, 10.4366500000001 ], [ -6.172619999999824, 10.4367400000001 ], [ -6.175089999999898, 10.437000000000126 ], [ -6.17741999999987, 10.437720000000184 ], [ -6.178539999999884, 10.43810000000019 ], [ -6.18061, 10.439830000000143 ], [ -6.18539, 10.44852 ], [ -6.185919999999896, 10.456110000000137 ], [ -6.18606, 10.45887 ], [ -6.18568, 10.4667 ], [ -6.18489, 10.46998 ], [ -6.18461, 10.470700000000136 ], [ -6.175969999999893, 10.47921 ], [ -6.17095, 10.48264 ], [ -6.170209999999884, 10.482850000000155 ], [ -6.16895, 10.48288 ], [ -6.16719, 10.482710000000111 ], [ -6.16196, 10.484400000000164 ], [ -6.16074, 10.484810000000152 ], [ -6.16048, 10.48547 ], [ -6.16053, 10.48666 ], [ -6.16074, 10.48828 ], [ -6.16124, 10.48945 ], [ -6.16272, 10.49125 ], [ -6.16791, 10.49696 ], [ -6.17245, 10.499080000000106 ], [ -6.17906, 10.501130000000103 ], [ -6.18033, 10.5012 ], [ -6.18287, 10.50058 ], [ -6.18535, 10.49982 ], [ -6.186959999999885, 10.49906 ], [ -6.188199999999881, 10.49834 ], [ -6.18927, 10.49801 ], [ -6.19053, 10.497850000000142 ], [ -6.19301, 10.497730000000161 ], [ -6.19765, 10.49942 ], [ -6.19911999999988, 10.50041 ], [ -6.2006, 10.50141 ], [ -6.20224, 10.50325 ], [ -6.20348, 10.504720000000134 ], [ -6.20343, 10.505510000000129 ], [ -6.20262, 10.50701 ], [ -6.20143, 10.508600000000172 ], [ -6.20088, 10.51012 ], [ -6.20055, 10.511880000000133 ], [ -6.200529999999844, 10.514 ], [ -6.201, 10.51493 ], [ -6.2016, 10.515450000000101 ], [ -6.2026, 10.515830000000108 ], [ -6.204069999999888, 10.516620000000103 ], [ -6.2056, 10.51814 ], [ -6.2064, 10.51945000000012 ], [ -6.20676, 10.5204 ], [ -6.207, 10.521260000000154 ], [ -6.2134, 10.526090000000124 ], [ -6.2153, 10.527370000000133 ], [ -6.21692, 10.52823 ], [ -6.218229999999892, 10.52856 ], [ -6.21947, 10.527800000000184 ], [ -6.22225, 10.52457 ], [ -6.223699999999894, 10.52247 ], [ -6.22556, 10.5204 ], [ -6.2282, 10.518170000000111 ], [ -6.22968, 10.5175 ], [ -6.2317, 10.516760000000147 ], [ -6.23317, 10.5169 ], [ -6.233477506999918, 10.516974765000043 ], [ -6.24045, 10.5186700000001 ], [ -6.24188, 10.519090000000176 ], [ -6.24386, 10.52069 ], [ -6.244479999999896, 10.521880000000124 ], [ -6.246186408999961, 10.525628505000043 ], [ -6.24630999999988, 10.5259 ], [ -6.247259999999869, 10.52811 ], [ -6.24786, 10.52975 ], [ -6.24769, 10.53128 ], [ -6.24659, 10.532200000000103 ], [ -6.24569, 10.532510000000173 ], [ -6.24507, 10.53297 ], [ -6.244479999999896, 10.53387 ], [ -6.24336, 10.536370000000147 ], [ -6.243139999999869, 10.53777 ], [ -6.24295, 10.54106 ], [ -6.24269, 10.543790000000172 ], [ -6.24184, 10.54484 ], [ -6.2372, 10.549500000000137 ], [ -6.23503, 10.55076 ], [ -6.22811, 10.55395 ], [ -6.227059999999881, 10.55395 ], [ -6.22563, 10.55381 ], [ -6.223819999999876, 10.55369 ], [ -6.222469999999817, 10.55398 ], [ -6.221439999999859, 10.554790000000139 ], [ -6.221229999999878, 10.55555 ], [ -6.22163, 10.55671000000018 ], [ -6.22151, 10.557950000000119 ], [ -6.22025, 10.55954 ], [ -6.21859, 10.560900000000117 ], [ -6.21678, 10.56242 ], [ -6.21280999999982, 10.566420000000107 ], [ -6.20971, 10.570280000000139 ], [ -6.20709, 10.57523 ], [ -6.20643, 10.576800000000105 ], [ -6.205359999999871, 10.58034 ], [ -6.20431, 10.585220000000106 ], [ -6.20488, 10.58698 ], [ -6.20519, 10.587550000000135 ], [ -6.20586, 10.588 ], [ -6.20693, 10.58779 ], [ -6.2089, 10.58686 ], [ -6.209859999999878, 10.584600000000137 ], [ -6.21047, 10.58391 ], [ -6.21164, 10.58334 ], [ -6.21247, 10.58362 ], [ -6.21295, 10.58446 ], [ -6.21338, 10.58541 ], [ -6.21307, 10.58719 ], [ -6.20993, 10.59526 ], [ -6.20909, 10.596470000000124 ], [ -6.20776, 10.597780000000171 ], [ -6.206119999999885, 10.599 ], [ -6.204949999999883, 10.59966 ], [ -6.2045, 10.600470000000144 ], [ -6.20498, 10.601520000000164 ], [ -6.20588, 10.60261 ], [ -6.207069999999874, 10.60333 ], [ -6.20833, 10.60361 ], [ -6.20919, 10.603160000000116 ], [ -6.20971, 10.6023 ], [ -6.209899999999891, 10.601110000000176 ], [ -6.211349999999811, 10.600610000000188 ], [ -6.21526, 10.59931 ], [ -6.21795, 10.599470000000167 ], [ -6.21978, 10.60045 ], [ -6.22059, 10.601400000000183 ], [ -6.22072999999989, 10.60235 ], [ -6.220178, 10.604264000000171 ], [ -6.219939999999895, 10.605090000000132 ], [ -6.21992, 10.60599000000019 ], [ -6.22061, 10.60744 ], [ -6.22142, 10.608560000000182 ], [ -6.22209, 10.60911 ], [ -6.22268, 10.610350000000153 ], [ -6.22354, 10.61244 ], [ -6.223609999999894, 10.6137 ], [ -6.22325, 10.61553 ], [ -6.22308, 10.616080000000125 ], [ -6.22204, 10.616980000000183 ], [ -6.21987, 10.618150000000185 ], [ -6.21875, 10.619170000000167 ], [ -6.217899999999872, 10.62048 ], [ -6.21716, 10.62243 ], [ -6.216569999999876, 10.624000000000137 ], [ -6.21599, 10.62474 ], [ -6.21509, 10.625050000000158 ], [ -6.20895, 10.625170000000139 ], [ -6.207829999999888, 10.6251 ], [ -6.203029999999899, 10.62481 ], [ -6.19427, 10.62588 ], [ -6.19315, 10.62629 ], [ -6.19213, 10.62703 ], [ -6.19163, 10.628170000000182 ], [ -6.18889, 10.63143 ], [ -6.188039999999887, 10.631980000000112 ], [ -6.18618, 10.63226 ], [ -6.18394, 10.63269 ], [ -6.1834, 10.6334 ], [ -6.183159999999873, 10.63457 ], [ -6.1833, 10.63866 ], [ -6.18359, 10.639900000000125 ], [ -6.18463, 10.640990000000102 ], [ -6.18573, 10.64109000000019 ], [ -6.18751, 10.64052 ], [ -6.19006, 10.64004000000017 ], [ -6.19486, 10.64009 ], [ -6.19548, 10.64035 ], [ -6.19636, 10.64111 ], [ -6.19777, 10.642470000000174 ], [ -6.19881, 10.644130000000189 ], [ -6.20003, 10.645110000000102 ], [ -6.20126, 10.645660000000134 ], [ -6.2031, 10.646040000000141 ], [ -6.20517, 10.646590000000174 ], [ -6.20674, 10.64723 ], [ -6.21006999999986, 10.649250000000166 ], [ -6.21097, 10.65011 ], [ -6.21254, 10.65237000000019 ], [ -6.213349999999821, 10.65382000000011 ], [ -6.21342, 10.656030000000158 ], [ -6.21352, 10.657460000000185 ], [ -6.214, 10.658430000000124 ], [ -6.21495, 10.658630000000187 ], [ -6.2263, 10.65953 ], [ -6.22815, 10.65927 ], [ -6.229529999999897, 10.658820000000105 ], [ -6.23094, 10.65912 ], [ -6.23144, 10.660270000000139 ], [ -6.231939999999895, 10.662460000000181 ], [ -6.23286, 10.668190000000152 ], [ -6.232939999999871, 10.66931000000011 ], [ -6.23258, 10.67083 ], [ -6.23217, 10.67233 ], [ -6.23037, 10.67742 ], [ -6.229559999999879, 10.67864 ], [ -6.228009999999813, 10.680400000000191 ], [ -6.22565, 10.682630000000131 ], [ -6.22444, 10.684010000000114 ], [ -6.224179999999819, 10.684820000000173 ], [ -6.22444, 10.6863 ], [ -6.225059999999871, 10.687750000000108 ], [ -6.22549, 10.68901000000011 ], [ -6.2253, 10.690560000000119 ], [ -6.22475, 10.6945300000001 ], [ -6.22561, 10.697770000000162 ], [ -6.228269999999895, 10.69948 ], [ -6.22884, 10.700930000000142 ], [ -6.228679999999827, 10.702720000000113 ], [ -6.22806, 10.704120000000103 ], [ -6.22601, 10.70624 ], [ -6.22337, 10.70798 ], [ -6.22204, 10.70919 ], [ -6.21837, 10.71264 ], [ -6.215279999999893, 10.716090000000179 ], [ -6.210779999999886, 10.72356 ], [ -6.210619999999892, 10.72444 ], [ -6.211189999999874, 10.72663 ], [ -6.21238, 10.7278 ], [ -6.214229999999873, 10.72844 ], [ -6.21626, 10.72827 ], [ -6.21866, 10.72799 ], [ -6.220439999999883, 10.72832000000011 ] ] ], [ [ [ -6.09186000099993, 4.99184 ], [ -6.09903, 4.994060000000104 ], [ -6.10555, 4.99108 ], [ -6.11243, 4.99121 ], [ -6.11391, 4.99021 ], [ -6.113689998999916, 4.98792 ], [ -6.107569998999907, 4.978899999000134 ], [ -6.103520000999936, 4.968750000999989 ], [ -6.10006, 4.971249999000065 ], [ -6.083109998999873, 4.967890000000182 ], [ -6.07669, 4.968070000000125 ], [ -6.072029998999824, 4.976999999000157 ], [ -6.07154, 4.97952 ], [ -6.074480000999927, 4.98507 ], [ -6.079959999999858, 4.988330000000133 ], [ -6.089010000999906, 4.99088 ], [ -6.09186000099993, 4.99184 ] ] ] ] } }
]
}
