{
"type": "FeatureCollection",
"name": "civ_admincentroids",
"crs": { "type": "name", "properties": { "name": "urn:ogc:def:crs:OGC:1.3:CRS84" } },
"features": [
{ "type": "Feature", "properties": { "admin_level": 0, "name": "Côte d'Ivoire", "name1": null, "name2": null, "name3": null, "x_coord": -5.56137165, "y_coord": 7.55301705, "adm4_name": null, "adm4_name1": null, "adm4_name2": null, "adm4_name3": null, "adm4_pcode": null, "adm3_name": null, "adm3_name1": null, "adm3_name2": null, "adm3_name3": null, "adm3_pcode": null, "adm2_name": null, "adm2_name1": null, "adm2_name2": null, "adm2_name3": null, "adm2_pcode": null, "adm1_name": null, "adm1_name1": null, "adm1_name2": null, "adm1_name3": null, "adm1_pcode": null, "adm0_name": "Côte d'Ivoire", "adm0_name1": null, "adm0_name2": null, "adm0_name3": null, "adm0_pcode": "CI", "valid_on": "2018-07-06", "valid_to": null, "cod_version": "V_01", "lang": "fr", "lang1": null, "lang2": null, "lang3": null }, "geometry": { "type": "Point", "coordinates": [ -5.56137164799992, 7.553017046000036 ] } },
{ "type": "Feature", "properties": { "admin_level": 1, "name": "Agneby-Tiassa", "name1": null, "name2": null, "name3": null, "x_coord": -4.53812376, "y_coord": 5.95313667, "adm4_name": null, "adm4_name1": null, "adm4_name2": null, "adm4_name3": null, "adm4_pcode": null, "adm3_name": null, "adm3_name1": null, "adm3_name2": null, "adm3_name3": null, "adm3_pcode": null, "adm2_name": null, "adm2_name1": null, "adm2_name2": null, "adm2_name3": null, "adm2_pcode": null, "adm1_name": "Agneby-Tiassa", "adm1_name1": null, "adm1_name2": null, "adm1_name3": null, "adm1_pcode": "CI03", "adm0_name": "Côte d'Ivoire", "adm0_name1": null, "adm0_name2": null, "adm0_name3": null, "adm0_pcode": "CI", "valid_on": "2018-07-06", "valid_to": null, "cod_version": "V_01", "lang": "fr", "lang1": null, "lang2": null, "lang3": null }, "geometry": { "type": "Point", "coordinates": [ -4.538123760999838, 5.953136671000095 ] } },
{ "type": "Feature", "properties": { "admin_level": 1, "name": "Bafing", "name1": null, "name2": null, "name3": null, "x_coord": -7.41737725, "y_coord": 8.45563756, "adm4_name": null, "adm4_name1": null, "adm4_name2": null, "adm4_name3": null, "adm4_pcode": null, "adm3_name": null, "adm3_name1": null, "adm3_name2": null, "adm3_name3": null, "adm3_pcode": null, "adm2_name": null, "adm2_name1": null, "adm2_name2": null, "adm2_name3": null, "adm2_pcode": null, "adm1_name": "Bafing", "adm1_name1": null, "adm1_name2": null, "adm1_name3": null, "adm1_pcode": "CI04", "adm0_name": "Côte d'Ivoire", "adm0_name1": null, "adm0_name2": null, "adm0_name3": null, "adm0_pcode": "CI", "valid_on": "2018-07-06", "valid_to": null, "cod_version": "V_01", "lang": "fr", "lang1": null, "lang2": null, "lang3": null }, "geometry": { "type": "Point", "coordinates": [ -7.417377247999923, 8.45563755600017 ] } },
{ "type": "Feature", "properties": { "admin_level": 1, "name": "Bagoue", "name1": null, "name2": null, "name3": null, "x_coord": -6.45253256, "y_coord": 9.90260247, "adm4_name": null, "adm4_name1": null, "adm4_name2": null, "adm4_name3": null, "adm4_pcode": null, "adm3_name": null, "adm3_name1": null, "adm3_name2": null, "adm3_name3": null, "adm3_pcode": null, "adm2_name": null, "adm2_name1": null, "adm2_name2": null, "adm2_name3": null, "adm2_pcode": null, "adm1_name": "Bagoue", "adm1_name1": null, "adm1_name2": null, "adm1_name3": null, "adm1_pcode": "CI05", "adm0_name": "Côte d'Ivoire", "adm0_name1": null, "adm0_name2": null, "adm0_name3": null, "adm0_pcode": "CI", "valid_on": "2018-07-06", "valid_to": null, "cod_version": "V_01", "lang": "fr", "lang1": null, "lang2": null, "lang3": null }, "geometry": { "type": "Point", "coordinates": [ -6.452532561999931, 9.902602469000158 ] } },
{ "type": "Feature", "properties": { "admin_level": 1, "name": "Belier", "name1": null, "name2": null, "name3": null, "x_coord": -5.20102835, "y_coord": 7.22270378, "adm4_name": null, "adm4_name1": null, "adm4_name2": null, "adm4_name3": null, "adm4_pcode": null, "adm3_name": null, "adm3_name1": null, "adm3_name2": null, "adm3_name3": null, "adm3_pcode": null, "adm2_name": null, "adm2_name1": null, "adm2_name2": null, "adm2_name3": null, "adm2_pcode": null, "adm1_name": "Belier", "adm1_name1": null, "adm1_name2": null, "adm1_name3": null, "adm1_pcode": "CI06", "adm0_name": "Côte d'Ivoire", "adm0_name1": null, "adm0_name2": null, "adm0_name3": null, "adm0_pcode": "CI", "valid_on": "2018-07-06", "valid_to": null, "cod_version": "V_01", "lang": "fr", "lang1": null, "lang2": null, "lang3": null }, "geometry": { "type": "Point", "coordinates": [ -5.201028347999966, 7.22270378200011 ] } },
{ "type": "Feature", "properties": { "admin_level": 1, "name": "Bere", "name1": null, "name2": null, "name3": null, "x_coord": -5.93203746, "y_coord": 8.37699311, "adm4_name": null, "adm4_name1": null, "adm4_name2": null, "adm4_name3": null, "adm4_pcode": null, "adm3_name": null, "adm3_name1": null, "adm3_name2": null, "adm3_name3": null, "adm3_pcode": null, "adm2_name": null, "adm2_name1": null, "adm2_name2": null, "adm2_name3": null, "adm2_pcode": null, "adm1_name": "Bere", "adm1_name1": null, "adm1_name2": null, "adm1_name3": null, "adm1_pcode": "CI07", "adm0_name": "Côte d'Ivoire", "adm0_name1": null, "adm0_name2": null, "adm0_name3": null, "adm0_pcode": "CI", "valid_on": "2018-07-06", "valid_to": null, "cod_version": "V_01", "lang": "fr", "lang1": null, "lang2": null, "lang3": null }, "geometry": { "type": "Point", "coordinates": [ -5.932037458999957, 8.376993111000161 ] } },
{ "type": "Feature", "properties": { "admin_level": 1, "name": "Bounkani", "name1": null, "name2": null, "name3": null, "x_coord": -3.30685526, "y_coord": 9.07786053, "adm4_name": null, "adm4_name1": null, "adm4_name2": null, "adm4_name3": null, "adm4_pcode": null, "adm3_name": null, "adm3_name1": null, "adm3_name2": null, "adm3_name3": null, "adm3_pcode": null, "adm2_name": null, "adm2_name1": null, "adm2_name2": null, "adm2_name3": null, "adm2_pcode": null, "adm1_name": "Bounkani", "adm1_name1": null, "adm1_name2": null, "adm1_name3": null, "adm1_pcode": "CI08", "adm0_name": "Côte d'Ivoire", "adm0_name1": null, "adm0_name2": null, "adm0_name3": null, "adm0_pcode": "CI", "valid_on": "2018-07-06", "valid_to": null, "cod_version": "V_01", "lang": "fr", "lang1": null, "lang2": null, "lang3": null }, "geometry": { "type": "Point", "coordinates": [ -3.306855263999978, 9.077860528000031 ] } },
{ "type": "Feature", "properties": { "admin_level": 1, "name": "Cavally", "name1": null, "name2": null, "name3": null, "x_coord": -7.57662859, "y_coord": 6.29861832, "adm4_name": null, "adm4_name1": null, "adm4_name2": null, "adm4_name3": null, "adm4_pcode": null, "adm3_name": null, "adm3_name1": null, "adm3_name2": null, "adm3_name3": null, "adm3_pcode": null, "adm2_name": null, "adm2_name1": null, "adm2_name2": null, "adm2_name3": null, "adm2_pcode": null, "adm1_name": "Cavally", "adm1_name1": null, "adm1_name2": null, "adm1_name3": null, "adm1_pcode": "CI09", "adm0_name": "Côte d'Ivoire", "adm0_name1": null, "adm0_name2": null, "adm0_name3": null, "adm0_pcode": "CI", "valid_on": "2018-07-06", "valid_to": null, "cod_version": "V_01", "lang": "fr", "lang1": null, "lang2": null, "lang3": null }, "geometry": { "type": "Point", "coordinates": [ -7.576628591999963, 6.298618324000131 ] } },
{ "type": "Feature", "properties": { "admin_level": 1, "name": "District Autonome D'Abidjan", "name1": null, "name2": null, "name3": null, "x_coord": -4.06852986, "y_coord": 5.41179757, "adm4_name": null, "adm4_name1": null, "adm4_name2": null, "adm4_name3": null, "adm4_pcode": null, "adm3_name": null, "adm3_name1": null, "adm3_name2": null, "adm3_name3": null, "adm3_pcode": null, "adm2_name": null, "adm2_name1": null, "adm2_name2": null, "adm2_name3": null, "adm2_pcode": null, "adm1_name": "District Autonome D'Abidjan", "adm1_name1": null, "adm1_name2": null, "adm1_name3": null, "adm1_pcode": "CI01", "adm0_name": "Côte d'Ivoire", "adm0_name1": null, "adm0_name2": null, "adm0_name3": null, "adm0_pcode": "CI", "valid_on": "2018-07-06", "valid_to": null, "cod_version": "V_01", "lang": "fr", "lang1": null, "lang2": null, "lang3": null }, "geometry": { "type": "Point", "coordinates": [ -4.06852986399997, 5.411797575000151 ] } },
{ "type": "Feature", "properties": { "admin_level": 1, "name": "District Autonome De Yamoussoukro", "name1": null, "name2": null, "name3": null, "x_coord": -5.22238042, "y_coord": 6.81530468, "adm4_name": null, "adm4_name1": null, "adm4_name2": null, "adm4_name3": null, "adm4_pcode": null, "adm3_name": null, "adm3_name1": null, "adm3_name2": null, "adm3_name3": null, "adm3_pcode": null, "adm2_name": null, "adm2_name1": null, "adm2_name2": null, "adm2_name3": null, "adm2_pcode": null, "adm1_name": "District Autonome De Yamoussoukro", "adm1_name1": null, "adm1_name2": null, "adm1_name3": null, "adm1_pcode": "CI02", "adm0_name": "Côte d'Ivoire", "adm0_name1": null, "adm0_name2": null, "adm0_name3": null, "adm0_pcode": "CI", "valid_on": "2018-07-06", "valid_to": null, "cod_version": "V_01", "lang": "fr", "lang1": null, "lang2": null, "lang3": null }, "geometry": { "type": "Point", "coordinates": [ -5.222380417999887, 6.815304681000157 ] } },
{ "type": "Feature", "properties": { "admin_level": 1, "name": "Folon", "name1": null, "name2": null, "name3": null, "x_coord": -7.46577496, "y_coord": 10.08514627, "adm4_name": null, "adm4_name1": null, "adm4_name2": null, "adm4_name3": null, "adm4_pcode": null, "adm3_name": null, "adm3_name1": null, "adm3_name2": null, "adm3_name3": null, "adm3_pcode": null, "adm2_name": null, "adm2_name1": null, "adm2_name2": null, "adm2_name3": null, "adm2_pcode": null, "adm1_name": "Folon", "adm1_name1": null, "adm1_name2": null, "adm1_name3": null, "adm1_pcode": "CI10", "adm0_name": "Côte d'Ivoire", "adm0_name1": null, "adm0_name2": null, "adm0_name3": null, "adm0_pcode": "CI", "valid_on": "2018-07-06", "valid_to": null, "cod_version": "V_01", "lang": "fr", "lang1": null, "lang2": null, "lang3": null }, "geometry": { "type": "Point", "coordinates": [ -7.465774962999944, 10.085146266000152 ] } },
{ "type": "Feature", "properties": { "admin_level": 1, "name": "Gbeke", "name1": null, "name2": null, "name3": null, "x_coord": -5.09891487, "y_coord": 7.6916614, "adm4_name": null, "adm4_name1": null, "adm4_name2": null, "adm4_name3": null, "adm4_pcode": null, "adm3_name": null, "adm3_name1": null, "adm3_name2": null, "adm3_name3": null, "adm3_pcode": null, "adm2_name": null, "adm2_name1": null, "adm2_name2": null, "adm2_name3": null, "adm2_pcode": null, "adm1_name": "Gbeke", "adm1_name1": null, "adm1_name2": null, "adm1_name3": null, "adm1_pcode": "CI11", "adm0_name": "Côte d'Ivoire", "adm0_name1": null, "adm0_name2": null, "adm0_name3": null, "adm0_pcode": "CI", "valid_on": "2018-07-06", "valid_to": null, "cod_version": "V_01", "lang": "fr", "lang1": null, "lang2": null, "lang3": null }, "geometry": { "type": "Point", "coordinates": [ -5.09891486999993, 7.691661403000069 ] } },
{ "type": "Feature", "properties": { "admin_level": 1, "name": "Gbokle", "name1": null, "name2": null, "name3": null, "x_coord": -5.92966979, "y_coord": 5.24313859, "adm4_name": null, "adm4_name1": null, "adm4_name2": null, "adm4_name3": null, "adm4_pcode": null, "adm3_name": null, "adm3_name1": null, "adm3_name2": null, "adm3_name3": null, "adm3_pcode": null, "adm2_name": null, "adm2_name1": null, "adm2_name2": null, "adm2_name3": null, "adm2_pcode": null, "adm1_name": "Gbokle", "adm1_name1": null, "adm1_name2": null, "adm1_name3": null, "adm1_pcode": "CI12", "adm0_name": "Côte d'Ivoire", "adm0_name1": null, "adm0_name2": null, "adm0_name3": null, "adm0_pcode": "CI", "valid_on": "2018-07-06", "valid_to": null, "cod_version": "V_01", "lang": "fr", "lang1": null, "lang2": null, "lang3": null }, "geometry": { "type": "Point", "coordinates": [ -5.929669787999899, 5.243138595000119 ] } },
{ "type": "Feature", "properties": { "admin_level": 1, "name": "Goh", "name1": null, "name2": null, "name3": null, "x_coord": -6.0909866, "y_coord": 6.15217374, "adm4_name": null, "adm4_name1": null, "adm4_name2": null, "adm4_name3": null, "adm4_pcode": null, "adm3_name": null, "adm3_name1": null, "adm3_name2": null, "adm3_name3": null, "adm3_pcode": null, "adm2_name": null, "adm2_name1": null, "adm2_name2": null, "adm2_name3": null, "adm2_pcode": null, "adm1_name": "Goh", "adm1_name1": null, "adm1_name2": null, "adm1_name3": null, "adm1_pcode": "CI13", "adm0_name": "Côte d'Ivoire", "adm0_name1": null, "adm0_name2": null, "adm0_name3": null, "adm0_pcode": "CI", "valid_on": "2018-07-06", "valid_to": null, "cod_version": "V_01", "lang": "fr", "lang1": null, "lang2": null, "lang3": null }, "geometry": { "type": "Point", "coordinates": [ -6.09098660099994, 6.152173743000048 ] } },
{ "type": "Feature", "properties": { "admin_level": 1, "name": "Gontougo", "name1": null, "name2": null, "name3": null, "x_coord": -3.36905276, "y_coord": 7.92114903, "adm4_name": null, "adm4_name1": null, "adm4_name2": null, "adm4_name3": null, "adm4_pcode": null, "adm3_name": null, "adm3_name1": null, "adm3_name2": null, "adm3_name3": null, "adm3_pcode": null, "adm2_name": null, "adm2_name1": null, "adm2_name2": null, "adm2_name3": null, "adm2_pcode": null, "adm1_name": "Gontougo", "adm1_name1": null, "adm1_name2": null, "adm1_name3": null, "adm1_pcode": "CI14", "adm0_name": "Côte d'Ivoire", "adm0_name1": null, "adm0_name2": null, "adm0_name3": null, "adm0_pcode": "CI", "valid_on": "2018-07-06", "valid_to": null, "cod_version": "V_01", "lang": "fr", "lang1": null, "lang2": null, "lang3": null }, "geometry": { "type": "Point", "coordinates": [ -3.369052761999853, 7.921149032000017 ] } },
{ "type": "Feature", "properties": { "admin_level": 1, "name": "Grands Ponts", "name1": null, "name2": null, "name3": null, "x_coord": -4.66325952, "y_coord": 5.45492741, "adm4_name": null, "adm4_name1": null, "adm4_name2": null, "adm4_name3": null, "adm4_pcode": null, "adm3_name": null, "adm3_name1": null, "adm3_name2": null, "adm3_name3": null, "adm3_pcode": null, "adm2_name": null, "adm2_name1": null, "adm2_name2": null, "adm2_name3": null, "adm2_pcode": null, "adm1_name": "Grands Ponts", "adm1_name1": null, "adm1_name2": null, "adm1_name3": null, "adm1_pcode": "CI15", "adm0_name": "Côte d'Ivoire", "adm0_name1": null, "adm0_name2": null, "adm0_name3": null, "adm0_pcode": "CI", "valid_on": "2018-07-06", "valid_to": null, "cod_version": "V_01", "lang": "fr", "lang1": null, "lang2": null, "lang3": null }, "geometry": { "type": "Point", "coordinates": [ -4.663259523999955, 5.454927407000184 ] } },
{ "type": "Feature", "properties": { "admin_level": 1, "name": "Guemon", "name1": null, "name2": null, "name3": null, "x_coord": -7.3903955, "y_coord": 7.02891069, "adm4_name": null, "adm4_name1": null, "adm4_name2": null, "adm4_name3": null, "adm4_pcode": null, "adm3_name": null, "adm3_name1": null, "adm3_name2": null, "adm3_name3": null, "adm3_pcode": null, "adm2_name": null, "adm2_name1": null, "adm2_name2": null, "adm2_name3": null, "adm2_pcode": null, "adm1_name": "Guemon", "adm1_name1": null, "adm1_name2": null, "adm1_name3": null, "adm1_pcode": "CI16", "adm0_name": "Côte d'Ivoire", "adm0_name1": null, "adm0_name2": null, "adm0_name3": null, "adm0_pcode": "CI", "valid_on": "2018-07-06", "valid_to": null, "cod_version": "V_01", "lang": "fr", "lang1": null, "lang2": null, "lang3": null }, "geometry": { "type": "Point", "coordinates": [ -7.390395502999979, 7.028910685000142 ] } },
{ "type": "Feature", "properties": { "admin_level": 1, "name": "Hambol", "name1": null, "name2": null, "name3": null, "x_coord": -4.82116968, "y_coord": 8.62195127, "adm4_name": null, "adm4_name1": null, "adm4_name2": null, "adm4_name3": null, "adm4_pcode": null, "adm3_name": null, "adm3_name1": null, "adm3_name2": null, "adm3_name3": null, "adm3_pcode": null, "adm2_name": null, "adm2_name1": null, "adm2_name2": null, "adm2_name3": null, "adm2_pcode": null, "adm1_name": "Hambol", "adm1_name1": null, "adm1_name2": null, "adm1_name3": null, "adm1_pcode": "CI17", "adm0_name": "Côte d'Ivoire", "adm0_name1": null, "adm0_name2": null, "adm0_name3": null, "adm0_pcode": "CI", "valid_on": "2018-07-06", "valid_to": null, "cod_version": "V_01", "lang": "fr", "lang1": null, "lang2": null, "lang3": null }, "geometry": { "type": "Point", "coordinates": [ -4.821169678999922, 8.621951267000043 ] } },
{ "type": "Feature", "properties": { "admin_level": 1, "name": "Haut-Sassandra", "name1": null, "name2": null, "name3": null, "x_coord": -6.60332103, "y_coord": 7.03287288, "adm4_name": null, "adm4_name1": null, "adm4_name2": null, "adm4_name3": null, "adm4_pcode": null, "adm3_name": null, "adm3_name1": null, "adm3_name2": null, "adm3_name3": null, "adm3_pcode": null, "adm2_name": null, "adm2_name1": null, "adm2_name2": null, "adm2_name3": null, "adm2_pcode": null, "adm1_name": "Haut-Sassandra", "adm1_name1": null, "adm1_name2": null, "adm1_name3": null, "adm1_pcode": "CI18", "adm0_name": "Côte d'Ivoire", "adm0_name1": null, "adm0_name2": null, "adm0_name3": null, "adm0_pcode": "CI", "valid_on": "2018-07-06", "valid_to": null, "cod_version": "V_01", "lang": "fr", "lang1": null, "lang2": null, "lang3": null }, "geometry": { "type": "Point", "coordinates": [ -6.603321026999879, 7.032872879000081 ] } },
{ "type": "Feature", "properties": { "admin_level": 1, "name": "Iffou", "name1": null, "name2": null, "name3": null, "x_coord": -4.11167932, "y_coord": 7.49842383, "adm4_name": null, "adm4_name1": null, "adm4_name2": null, "adm4_name3": null, "adm4_pcode": null, "adm3_name": null, "adm3_name1": null, "adm3_name2": null, "adm3_name3": null, "adm3_pcode": null, "adm2_name": null, "adm2_name1": null, "adm2_name2": null, "adm2_name3": null, "adm2_pcode": null, "adm1_name": "Iffou", "adm1_name1": null, "adm1_name2": null, "adm1_name3": null, "adm1_pcode": "CI19", "adm0_name": "Côte d'Ivoire", "adm0_name1": null, "adm0_name2": null, "adm0_name3": null, "adm0_pcode": "CI", "valid_on": "2018-07-06", "valid_to": null, "cod_version": "V_01", "lang": "fr", "lang1": null, "lang2": null, "lang3": null }, "geometry": { "type": "Point", "coordinates": [ -4.111679317999972, 7.498423825000145 ] } },
{ "type": "Feature", "properties": { "admin_level": 1, "name": "Indenie-Djuablin", "name1": null, "name2": null, "name3": null, "x_coord": -3.47113026, "y_coord": 6.62373604, "adm4_name": null, "adm4_name1": null, "adm4_name2": null, "adm4_name3": null, "adm4_pcode": null, "adm3_name": null, "adm3_name1": null, "adm3_name2": null, "adm3_name3": null, "adm3_pcode": null, "adm2_name": null, "adm2_name1": null, "adm2_name2": null, "adm2_name3": null, "adm2_pcode": null, "adm1_name": "Indenie-Djuablin", "adm1_name1": null, "adm1_name2": null, "adm1_name3": null, "adm1_pcode": "CI20", "adm0_name": "Côte d'Ivoire", "adm0_name1": null, "adm0_name2": null, "adm0_name3": null, "adm0_pcode": "CI", "valid_on": "2018-07-06", "valid_to": null, "cod_version": "V_01", "lang": "fr", "lang1": null, "lang2": null, "lang3": null }, "geometry": { "type": "Point", "coordinates": [ -3.471130259999825, 6.623736043000122 ] } },
{ "type": "Feature", "properties": { "admin_level": 1, "name": "Kabadougou", "name1": null, "name2": null, "name3": null, "x_coord": -7.31840222, "y_coord": 9.2547538, "adm4_name": null, "adm4_name1": null, "adm4_name2": null, "adm4_name3": null, "adm4_pcode": null, "adm3_name": null, "adm3_name1": null, "adm3_name2": null, "adm3_name3": null, "adm3_pcode": null, "adm2_name": null, "adm2_name1": null, "adm2_name2": null, "adm2_name3": null, "adm2_pcode": null, "adm1_name": "Kabadougou", "adm1_name1": null, "adm1_name2": null, "adm1_name3": null, "adm1_pcode": "CI21", "adm0_name": "Côte d'Ivoire", "adm0_name1": null, "adm0_name2": null, "adm0_name3": null, "adm0_pcode": "CI", "valid_on": "2018-07-06", "valid_to": null, "cod_version": "V_01", "lang": "fr", "lang1": null, "lang2": null, "lang3": null }, "geometry": { "type": "Point", "coordinates": [ -7.31840221899995, 9.254753795000056 ] } },
{ "type": "Feature", "properties": { "admin_level": 1, "name": "Loh-Djiboua", "name1": null, "name2": null, "name3": null, "x_coord": -5.48091122, "y_coord": 5.71396152, "adm4_name": null, "adm4_name1": null, "adm4_name2": null, "adm4_name3": null, "adm4_pcode": null, "adm3_name": null, "adm3_name1": null, "adm3_name2": null, "adm3_name3": null, "adm3_pcode": null, "adm2_name": null, "adm2_name1": null, "adm2_name2": null, "adm2_name3": null, "adm2_pcode": null, "adm1_name": "Loh-Djiboua", "adm1_name1": null, "adm1_name2": null, "adm1_name3": null, "adm1_pcode": "CI22", "adm0_name": "Côte d'Ivoire", "adm0_name1": null, "adm0_name2": null, "adm0_name3": null, "adm0_pcode": "CI", "valid_on": "2018-07-06", "valid_to": null, "cod_version": "V_01", "lang": "fr", "lang1": null, "lang2": null, "lang3": null }, "geometry": { "type": "Point", "coordinates": [ -5.480911222999907, 5.713961515000108 ] } },
{ "type": "Feature", "properties": { "admin_level": 1, "name": "Marahoue", "name1": null, "name2": null, "name3": null, "x_coord": -5.74359744, "y_coord": 7.12767754, "adm4_name": null, "adm4_name1": null, "adm4_name2": null, "adm4_name3": null, "adm4_pcode": null, "adm3_name": null, "adm3_name1": null, "adm3_name2": null, "adm3_name3": null, "adm3_pcode": null, "adm2_name": null, "adm2_name1": null, "adm2_name2": null, "adm2_name3": null, "adm2_pcode": null, "adm1_name": "Marahoue", "adm1_name1": null, "adm1_name2": null, "adm1_name3": null, "adm1_pcode": "CI23", "adm0_name": "Côte d'Ivoire", "adm0_name1": null, "adm0_name2": null, "adm0_name3": null, "adm0_pcode": "CI", "valid_on": "2018-07-06", "valid_to": null, "cod_version": "V_01", "lang": "fr", "lang1": null, "lang2": null, "lang3": null }, "geometry": { "type": "Point", "coordinates": [ -5.743597442999885, 7.127677537000011 ] } },
{ "type": "Feature", "properties": { "admin_level": 1, "name": "Me", "name1": null, "name2": null, "name3": null, "x_coord": -3.76061219, "y_coord": 5.93707315, "adm4_name": null, "adm4_name1": null, "adm4_name2": null, "adm4_name3": null, "adm4_pcode": null, "adm3_name": null, "adm3_name1": null, "adm3_name2": null, "adm3_name3": null, "adm3_pcode": null, "adm2_name": null, "adm2_name1": null, "adm2_name2": null, "adm2_name3": null, "adm2_pcode": null, "adm1_name": "Me", "adm1_name1": null, "adm1_name2": null, "adm1_name3": null, "adm1_pcode": "CI24", "adm0_name": "Côte d'Ivoire", "adm0_name1": null, "adm0_name2": null, "adm0_name3": null, "adm0_pcode": "CI", "valid_on": "2018-07-06", "valid_to": null, "cod_version": "V_01", "lang": "fr", "lang1": null, "lang2": null, "lang3": null }, "geometry": { "type": "Point", "coordinates": [ -3.760612188999971, 5.937073148000138 ] } },
{ "type": "Feature", "properties": { "admin_level": 1, "name": "Moronou", "name1": null, "name2": null, "name3": null, "x_coord": -4.17386675, "y_coord": 6.59358044, "adm4_name": null, "adm4_name1": null, "adm4_name2": null, "adm4_name3": null, "adm4_pcode": null, "adm3_name": null, "adm3_name1": null, "adm3_name2": null, "adm3_name3": null, "adm3_pcode": null, "adm2_name": null, "adm2_name1": null, "adm2_name2": null, "adm2_name3": null, "adm2_pcode": null, "adm1_name": "Moronou", "adm1_name1": null, "adm1_name2": null, "adm1_name3": null, "adm1_pcode": "CI25", "adm0_name": "Côte d'Ivoire", "adm0_name1": null, "adm0_name2": null, "adm0_name3": null, "adm0_pcode": "CI", "valid_on": "2018-07-06", "valid_to": null, "cod_version": "V_01", "lang": "fr", "lang1": null, "lang2": null, "lang3": null }, "geometry": { "type": "Point", "coordinates": [ -4.173866751999981, 6.593580443000121 ] } },
{ "type": "Feature", "properties": { "admin_level": 1, "name": "N'Zi", "name1": null, "name2": null, "name3": null, "x_coord": -4.45170945, "y_coord": 7.02106277, "adm4_name": null, "adm4_name1": null, "adm4_name2": null, "adm4_name3": null, "adm4_pcode": null, "adm3_name": null, "adm3_name1": null, "adm3_name2": null, "adm3_name3": null, "adm3_pcode": null, "adm2_name": null, "adm2_name1": null, "adm2_name2": null, "adm2_name3": null, "adm2_pcode": null, "adm1_name": "N'Zi", "adm1_name1": null, "adm1_name2": null, "adm1_name3": null, "adm1_pcode": "CI27", "adm0_name": "Côte d'Ivoire", "adm0_name1": null, "adm0_name2": null, "adm0_name3": null, "adm0_pcode": "CI", "valid_on": "2018-07-06", "valid_to": null, "cod_version": "V_01", "lang": "fr", "lang1": null, "lang2": null, "lang3": null }, "geometry": { "type": "Point", "coordinates": [ -4.451709445999882, 7.021062765000067 ] } },
{ "type": "Feature", "properties": { "admin_level": 1, "name": "Nawa", "name1": null, "name2": null, "name3": null, "x_coord": -6.6902138, "y_coord": 5.91109514, "adm4_name": null, "adm4_name1": null, "adm4_name2": null, "adm4_name3": null, "adm4_pcode": null, "adm3_name": null, "adm3_name1": null, "adm3_name2": null, "adm3_name3": null, "adm3_pcode": null, "adm2_name": null, "adm2_name1": null, "adm2_name2": null, "adm2_name3": null, "adm2_pcode": null, "adm1_name": "Nawa", "adm1_name1": null, "adm1_name2": null, "adm1_name3": null, "adm1_pcode": "CI26", "adm0_name": "Côte d'Ivoire", "adm0_name1": null, "adm0_name2": null, "adm0_name3": null, "adm0_pcode": "CI", "valid_on": "2018-07-06", "valid_to": null, "cod_version": "V_01", "lang": "fr", "lang1": null, "lang2": null, "lang3": null }, "geometry": { "type": "Point", "coordinates": [ -6.690213799999981, 5.911095136000085 ] } },
{ "type": "Feature", "properties": { "admin_level": 1, "name": "Poro", "name1": null, "name2": null, "name3": null, "x_coord": -5.73547748, "y_coord": 9.4760368, "adm4_name": null, "adm4_name1": null, "adm4_name2": null, "adm4_name3": null, "adm4_pcode": null, "adm3_name": null, "adm3_name1": null, "adm3_name2": null, "adm3_name3": null, "adm3_pcode": null, "adm2_name": null, "adm2_name1": null, "adm2_name2": null, "adm2_name3": null, "adm2_pcode": null, "adm1_name": "Poro", "adm1_name1": null, "adm1_name2": null, "adm1_name3": null, "adm1_pcode": "CI28", "adm0_name": "Côte d'Ivoire", "adm0_name1": null, "adm0_name2": null, "adm0_name3": null, "adm0_pcode": "CI", "valid_on": "2018-07-06", "valid_to": null, "cod_version": "V_01", "lang": "fr", "lang1": null, "lang2": null, "lang3": null }, "geometry": { "type": "Point", "coordinates": [ -5.735477474999868, 9.476036804000103 ] } },
{ "type": "Feature", "properties": { "admin_level": 1, "name": "San Pedro", "name1": null, "name2": null, "name3": null, "x_coord": -6.95368213, "y_coord": 5.01696501, "adm4_name": null, "adm4_name1": null, "adm4_name2": null, "adm4_name3": null, "adm4_pcode": null, "adm3_name": null, "adm3_name1": null, "adm3_name2": null, "adm3_name3": null, "adm3_pcode": null, "adm2_name": null, "adm2_name1": null, "adm2_name2": null, "adm2_name3": null, "adm2_pcode": null, "adm1_name": "San Pedro", "adm1_name1": null, "adm1_name2": null, "adm1_name3": null, "adm1_pcode": "CI29", "adm0_name": "Côte d'Ivoire", "adm0_name1": null, "adm0_name2": null, "adm0_name3": null, "adm0_pcode": "CI", "valid_on": "2018-07-06", "valid_to": null, "cod_version": "V_01", "lang": "fr", "lang1": null, "lang2": null, "lang3": null }, "geometry": { "type": "Point", "coordinates": [ -6.953682129999891, 5.016965010000092 ] } },
{ "type": "Feature", "properties": { "admin_level": 1, "name": "Sud-Comoe", "name1": null, "name2": null, "name3": null, "x_coord": -3.14309447, "y_coord": 5.66114011, "adm4_name": null, "adm4_name1": null, "adm4_name2": null, "adm4_name3": null, "adm4_pcode": null, "adm3_name": null, "adm3_name1": null, "adm3_name2": null, "adm3_name3": null, "adm3_pcode": null, "adm2_name": null, "adm2_name1": null, "adm2_name2": null, "adm2_name3": null, "adm2_pcode": null, "adm1_name": "Sud-Comoe", "adm1_name1": null, "adm1_name2": null, "adm1_name3": null, "adm1_pcode": "CI30", "adm0_name": "Côte d'Ivoire", "adm0_name1": null, "adm0_name2": null, "adm0_name3": null, "adm0_pcode": "CI", "valid_on": "2018-07-06", "valid_to": null, "cod_version": "V_01", "lang": "fr", "lang1": null, "lang2": null, "lang3": null }, "geometry": { "type": "Point", "coordinates": [ -3.143094466999969, 5.661140105000015 ] } },
{ "type": "Feature", "properties": { "admin_level": 1, "name": "Tchologo", "name1": null, "name2": null, "name3": null, "x_coord": -4.78258726, "y_coord": 9.54835277, "adm4_name": null, "adm4_name1": null, "adm4_name2": null, "adm4_name3": null, "adm4_pcode": null, "adm3_name": null, "adm3_name1": null, "adm3_name2": null, "adm3_name3": null, "adm3_pcode": null, "adm2_name": null, "adm2_name1": null, "adm2_name2": null, "adm2_name3": null, "adm2_pcode": null, "adm1_name": "Tchologo", "adm1_name1": null, "adm1_name2": null, "adm1_name3": null, "adm1_pcode": "CI31", "adm0_name": "Côte d'Ivoire", "adm0_name1": null, "adm0_name2": null, "adm0_name3": null, "adm0_pcode": "CI", "valid_on": "2018-07-06", "valid_to": null, "cod_version": "V_01", "lang": "fr", "lang1": null, "lang2": null, "lang3": null }, "geometry": { "type": "Point", "coordinates": [ -4.782587258999911, 9.548352768000086 ] } },
{ "type": "Feature", "properties": { "admin_level": 1, "name": "Tonkpi", "name1": null, "name2": null, "name3": null, "x_coord": -7.94356829, "y_coord": 7.36704998, "adm4_name": null, "adm4_name1": null, "adm4_name2": null, "adm4_name3": null, "adm4_pcode": null, "adm3_name": null, "adm3_name1": null, "adm3_name2": null, "adm3_name3": null, "adm3_pcode": null, "adm2_name": null, "adm2_name1": null, "adm2_name2": null, "adm2_name3": null, "adm2_pcode": null, "adm1_name": "Tonkpi", "adm1_name1": null, "adm1_name2": null, "adm1_name3": null, "adm1_pcode": "CI32", "adm0_name": "Côte d'Ivoire", "adm0_name1": null, "adm0_name2": null, "adm0_name3": null, "adm0_pcode": "CI", "valid_on": "2018-07-06", "valid_to": null, "cod_version": "V_01", "lang": "fr", "lang1": null, "lang2": null, "lang3": null }, "geometry": { "type": "Point", "coordinates": [ -7.943568292999885, 7.367049979000114 ] } },
{ "type": "Feature", "properties": { "admin_level": 1, "name": "Worodougou", "name1": null, "name2": null, "name3": null, "x_coord": -6.78095574, "y_coord": 8.42777859, "adm4_name": null, "adm4_name1": null, "adm4_name2": null, "adm4_name3": null, "adm4_pcode": null, "adm3_name": null, "adm3_name1": null, "adm3_name2": null, "adm3_name3": null, "adm3_pcode": null, "adm2_name": null, "adm2_name1": null, "adm2_name2": null, "adm2_name3": null, "adm2_pcode": null, "adm1_name": "Worodougou", "adm1_name1": null, "adm1_name2": null, "adm1_name3": null, "adm1_pcode": "CI33", "adm0_name": "Côte d'Ivoire", "adm0_name1": null, "adm0_name2": null, "adm0_name3": null, "adm0_pcode": "CI", "valid_on": "2018-07-06", "valid_to": null, "cod_version": "V_01", "lang": "fr", "lang1": null, "lang2": null, "lang3": null }, "geometry": { "type": "Point", "coordinates": [ -6.780955735999953, 8.427778591000049 ] } },
{ "type": "Feature", "properties": { "admin_level": 2, "name": "Abengourou", "name1": null, "name2": null, "name3": null, "x_coord": -3.5151982, "y_coord": 6.66765225, "adm4_name": null, "adm4_name1": null, "adm4_name2": null, "adm4_name3": null, "adm4_pcode": null, "adm3_name": null, "adm3_name1": null, "adm3_name2": null, "adm3_name3": null, "adm3_pcode": null, "adm2_name": "Abengourou", "adm2_name1": null, "adm2_name2": null, "adm2_name3": null, "adm2_pcode": "CI2001", "adm1_name": "Indenie-Djuablin", "adm1_name1": null, "adm1_name2": null, "adm1_name3": null, "adm1_pcode": "CI20", "adm0_name": "Côte d'Ivoire", "adm0_name1": null, "adm0_name2": null, "adm0_name3": null, "adm0_pcode": "CI", "valid_on": "2018-07-06", "valid_to": null, "cod_version": "V_01", "lang": "fr", "lang1": null, "lang2": null, "lang3": null }, "geometry": { "type": "Point", "coordinates": [ -3.515198196999961, 6.667652247000092 ] } },
{ "type": "Feature", "properties": { "admin_level": 2, "name": "Abidjan", "name1": null, "name2": null, "name3": null, "x_coord": -4.06852986, "y_coord": 5.41179757, "adm4_name": null, "adm4_name1": null, "adm4_name2": null, "adm4_name3": null, "adm4_pcode": null, "adm3_name": null, "adm3_name1": null, "adm3_name2": null, "adm3_name3": null, "adm3_pcode": null, "adm2_name": "Abidjan", "adm2_name1": null, "adm2_name2": null, "adm2_name3": null, "adm2_pcode": "CI0101", "adm1_name": "District Autonome D'Abidjan", "adm1_name1": null, "adm1_name2": null, "adm1_name3": null, "adm1_pcode": "CI01", "adm0_name": "Côte d'Ivoire", "adm0_name1": null, "adm0_name2": null, "adm0_name3": null, "adm0_pcode": "CI", "valid_on": "2018-07-06", "valid_to": null, "cod_version": "V_01", "lang": "fr", "lang1": null, "lang2": null, "lang3": null }, "geometry": { "type": "Point", "coordinates": [ -4.06852986399997, 5.411797575000151 ] } },
{ "type": "Feature", "properties": { "admin_level": 2, "name": "Aboisso", "name1": null, "name2": null, "name3": null, "x_coord": -3.14853781, "y_coord": 5.71174381, "adm4_name": null, "adm4_name1": null, "adm4_name2": null, "adm4_name3": null, "adm4_pcode": null, "adm3_name": null, "adm3_name1": null, "adm3_name2": null, "adm3_name3": null, "adm3_pcode": null, "adm2_name": "Aboisso", "adm2_name1": null, "adm2_name2": null, "adm2_name3": null, "adm2_pcode": "CI3001", "adm1_name": "Sud-Comoe", "adm1_name1": null, "adm1_name2": null, "adm1_name3": null, "adm1_pcode": "CI30", "adm0_name": "Côte d'Ivoire", "adm0_name1": null, "adm0_name2": null, "adm0_name3": null, "adm0_pcode": "CI", "valid_on": "2018-07-06", "valid_to": null, "cod_version": "V_01", "lang": "fr", "lang1": null, "lang2": null, "lang3": null }, "geometry": { "type": "Point", "coordinates": [ -3.148537812999962, 5.711743809000154 ] } },
{ "type": "Feature", "properties": { "admin_level": 2, "name": "Adiaké", "name1": null, "name2": null, "name3": null, "x_coord": -3.25986179, "y_coord": 5.23295234, "adm4_name": null, "adm4_name1": null, "adm4_name2": null, "adm4_name3": null, "adm4_pcode": null, "adm3_name": null, "adm3_name1": null, "adm3_name2": null, "adm3_name3": null, "adm3_pcode": null, "adm2_name": "Adiaké", "adm2_name1": null, "adm2_name2": null, "adm2_name3": null, "adm2_pcode": "CI3002", "adm1_name": "Sud-Comoe", "adm1_name1": null, "adm1_name2": null, "adm1_name3": null, "adm1_pcode": "CI30", "adm0_name": "Côte d'Ivoire", "adm0_name1": null, "adm0_name2": null, "adm0_name3": null, "adm0_pcode": "CI", "valid_on": "2018-07-06", "valid_to": null, "cod_version": "V_01", "lang": "fr", "lang1": null, "lang2": null, "lang3": null }, "geometry": { "type": "Point", "coordinates": [ -3.259861793999903, 5.232952336000096 ] } },
{ "type": "Feature", "properties": { "admin_level": 2, "name": "Adzopé", "name1": null, "name2": null, "name3": null, "x_coord": -3.8549654, "y_coord": 6.09755636, "adm4_name": null, "adm4_name1": null, "adm4_name2": null, "adm4_name3": null, "adm4_pcode": null, "adm3_name": null, "adm3_name1": null, "adm3_name2": null, "adm3_name3": null, "adm3_pcode": null, "adm2_name": "Adzopé", "adm2_name1": null, "adm2_name2": null, "adm2_name3": null, "adm2_pcode": "CI2401", "adm1_name": "Me", "adm1_name1": null, "adm1_name2": null, "adm1_name3": null, "adm1_pcode": "CI24", "adm0_name": "Côte d'Ivoire", "adm0_name1": null, "adm0_name2": null, "adm0_name3": null, "adm0_pcode": "CI", "valid_on": "2018-07-06", "valid_to": null, "cod_version": "V_01", "lang": "fr", "lang1": null, "lang2": null, "lang3": null }, "geometry": { "type": "Point", "coordinates": [ -3.854965396999887, 6.097556362000148 ] } },
{ "type": "Feature", "properties": { "admin_level": 2, "name": "Agboville", "name1": null, "name2": null, "name3": null, "x_coord": -4.33482523, "y_coord": 5.92179449, "adm4_name": null, "adm4_name1": null, "adm4_name2": null, "adm4_name3": null, "adm4_pcode": null, "adm3_name": null, "adm3_name1": null, "adm3_name2": null, "adm3_name3": null, "adm3_pcode": null, "adm2_name": "Agboville", "adm2_name1": null, "adm2_name2": null, "adm2_name3": null, "adm2_pcode": "CI0301", "adm1_name": "Agneby-Tiassa", "adm1_name1": null, "adm1_name2": null, "adm1_name3": null, "adm1_pcode": "CI03", "adm0_name": "Côte d'Ivoire", "adm0_name1": null, "adm0_name2": null, "adm0_name3": null, "adm0_pcode": "CI", "valid_on": "2018-07-06", "valid_to": null, "cod_version": "V_01", "lang": "fr", "lang1": null, "lang2": null, "lang3": null }, "geometry": { "type": "Point", "coordinates": [ -4.334825227999943, 5.921794494000039 ] } },
{ "type": "Feature", "properties": { "admin_level": 2, "name": "Agnibilékrou", "name1": null, "name2": null, "name3": null, "x_coord": -3.33301513, "y_coord": 7.06577627, "adm4_name": null, "adm4_name1": null, "adm4_name2": null, "adm4_name3": null, "adm4_pcode": null, "adm3_name": null, "adm3_name1": null, "adm3_name2": null, "adm3_name3": null, "adm3_pcode": null, "adm2_name": "Agnibilékrou", "adm2_name1": null, "adm2_name2": null, "adm2_name3": null, "adm2_pcode": "CI2002", "adm1_name": "Indenie-Djuablin", "adm1_name1": null, "adm1_name2": null, "adm1_name3": null, "adm1_pcode": "CI20", "adm0_name": "Côte d'Ivoire", "adm0_name1": null, "adm0_name2": null, "adm0_name3": null, "adm0_pcode": "CI", "valid_on": "2018-07-06", "valid_to": null, "cod_version": "V_01", "lang": "fr", "lang1": null, "lang2": null, "lang3": null }, "geometry": { "type": "Point", "coordinates": [ -3.333015134999869, 7.065776267000047 ] } },
{ "type": "Feature", "properties": { "admin_level": 2, "name": "Akoupé", "name1": null, "name2": null, "name3": null, "x_coord": -3.91553451, "y_coord": 6.41056731, "adm4_name": null, "adm4_name1": null, "adm4_name2": null, "adm4_name3": null, "adm4_pcode": null, "adm3_name": null, "adm3_name1": null, "adm3_name2": null, "adm3_name3": null, "adm3_pcode": null, "adm2_name": "Akoupé", "adm2_name1": null, "adm2_name2": null, "adm2_name3": null, "adm2_pcode": "CI2402", "adm1_name": "Me", "adm1_name1": null, "adm1_name2": null, "adm1_name3": null, "adm1_pcode": "CI24", "adm0_name": "Côte d'Ivoire", "adm0_name1": null, "adm0_name2": null, "adm0_name3": null, "adm0_pcode": "CI", "valid_on": "2018-07-06", "valid_to": null, "cod_version": "V_01", "lang": "fr", "lang1": null, "lang2": null, "lang3": null }, "geometry": { "type": "Point", "coordinates": [ -3.91553450899994, 6.410567315000094 ] } },
{ "type": "Feature", "properties": { "admin_level": 2, "name": "Alépé", "name1": null, "name2": null, "name3": null, "x_coord": -3.70789292, "y_coord": 5.56853275, "adm4_name": null, "adm4_name1": null, "adm4_name2": null, "adm4_name3": null, "adm4_pcode": null, "adm3_name": null, "adm3_name1": null, "adm3_name2": null, "adm3_name3": null, "adm3_pcode": null, "adm2_name": "Alépé", "adm2_name1": null, "adm2_name2": null, "adm2_name3": null, "adm2_pcode": "CI2403", "adm1_name": "Me", "adm1_name1": null, "adm1_name2": null, "adm1_name3": null, "adm1_pcode": "CI24", "adm0_name": "Côte d'Ivoire", "adm0_name1": null, "adm0_name2": null, "adm0_name3": null, "adm0_pcode": "CI", "valid_on": "2018-07-06", "valid_to": null, "cod_version": "V_01", "lang": "fr", "lang1": null, "lang2": null, "lang3": null }, "geometry": { "type": "Point", "coordinates": [ -3.707892924999896, 5.568532750000088 ] } },
{ "type": "Feature", "properties": { "admin_level": 2, "name": "Arrah", "name1": null, "name2": null, "name3": null, "x_coord": -3.9389679, "y_coord": 6.76730973, "adm4_name": null, "adm4_name1": null, "adm4_name2": null, "adm4_name3": null, "adm4_pcode": null, "adm3_name": null, "adm3_name1": null, "adm3_name2": null, "adm3_name3": null, "adm3_pcode": null, "adm2_name": "Arrah", "adm2_name1": null, "adm2_name2": null, "adm2_name3": null, "adm2_pcode": "CI2501", "adm1_name": "Moronou", "adm1_name1": null, "adm1_name2": null, "adm1_name3": null, "adm1_pcode": "CI25", "adm0_name": "Côte d'Ivoire", "adm0_name1": null, "adm0_name2": null, "adm0_name3": null, "adm0_pcode": "CI", "valid_on": "2018-07-06", "valid_to": null, "cod_version": "V_01", "lang": "fr", "lang1": null, "lang2": null, "lang3": null }, "geometry": { "type": "Point", "coordinates": [ -3.93896789799993, 6.76730972900009 ] } },
{ "type": "Feature", "properties": { "admin_level": 2, "name": "Attiégouakro", "name1": null, "name2": null, "name3": null, "x_coord": -5.11805353, "y_coord": 6.89148915, "adm4_name": null, "adm4_name1": null, "adm4_name2": null, "adm4_name3": null, "adm4_pcode": null, "adm3_name": null, "adm3_name1": null, "adm3_name2": null, "adm3_name3": null, "adm3_pcode": null, "adm2_name": "Attiégouakro", "adm2_name1": null, "adm2_name2": null, "adm2_name3": null, "adm2_pcode": "CI0201", "adm1_name": "District Autonome De Yamoussoukro", "adm1_name1": null, "adm1_name2": null, "adm1_name3": null, "adm1_pcode": "CI02", "adm0_name": "Côte d'Ivoire", "adm0_name1": null, "adm0_name2": null, "adm0_name3": null, "adm0_pcode": "CI", "valid_on": "2018-07-06", "valid_to": null, "cod_version": "V_01", "lang": "fr", "lang1": null, "lang2": null, "lang3": null }, "geometry": { "type": "Point", "coordinates": [ -5.118053527999962, 6.891489150000041 ] } },
{ "type": "Feature", "properties": { "admin_level": 2, "name": "Bangolo", "name1": null, "name2": null, "name3": null, "x_coord": -7.29200378, "y_coord": 7.05554841, "adm4_name": null, "adm4_name1": null, "adm4_name2": null, "adm4_name3": null, "adm4_pcode": null, "adm3_name": null, "adm3_name1": null, "adm3_name2": null, "adm3_name3": null, "adm3_pcode": null, "adm2_name": "Bangolo", "adm2_name1": null, "adm2_name2": null, "adm2_name3": null, "adm2_pcode": "CI1601", "adm1_name": "Guemon", "adm1_name1": null, "adm1_name2": null, "adm1_name3": null, "adm1_pcode": "CI16", "adm0_name": "Côte d'Ivoire", "adm0_name1": null, "adm0_name2": null, "adm0_name3": null, "adm0_pcode": "CI", "valid_on": "2018-07-06", "valid_to": null, "cod_version": "V_01", "lang": "fr", "lang1": null, "lang2": null, "lang3": null }, "geometry": { "type": "Point", "coordinates": [ -7.292003780999949, 7.055548409000039 ] } },
{ "type": "Feature", "properties": { "admin_level": 2, "name": "Béoumi", "name1": null, "name2": null, "name3": null, "x_coord": -5.56028529, "y_coord": 7.77474493, "adm4_name": null, "adm4_name1": null, "adm4_name2": null, "adm4_name3": null, "adm4_pcode": null, "adm3_name": null, "adm3_name1": null, "adm3_name2": null, "adm3_name3": null, "adm3_pcode": null, "adm2_name": "Béoumi", "adm2_name1": null, "adm2_name2": null, "adm2_name3": null, "adm2_pcode": "CI1101", "adm1_name": "Gbeke", "adm1_name1": null, "adm1_name2": null, "adm1_name3": null, "adm1_pcode": "CI11", "adm0_name": "Côte d'Ivoire", "adm0_name1": null, "adm0_name2": null, "adm0_name3": null, "adm0_pcode": "CI", "valid_on": "2018-07-06", "valid_to": null, "cod_version": "V_01", "lang": "fr", "lang1": null, "lang2": null, "lang3": null }, "geometry": { "type": "Point", "coordinates": [ -5.560285292999936, 7.7747449310001 ] } },
{ "type": "Feature", "properties": { "admin_level": 2, "name": "Béttié", "name1": null, "name2": null, "name3": null, "x_coord": -3.31448941, "y_coord": 6.11845263, "adm4_name": null, "adm4_name1": null, "adm4_name2": null, "adm4_name3": null, "adm4_pcode": null, "adm3_name": null, "adm3_name1": null, "adm3_name2": null, "adm3_name3": null, "adm3_pcode": null, "adm2_name": "Béttié", "adm2_name1": null, "adm2_name2": null, "adm2_name3": null, "adm2_pcode": "CI2003", "adm1_name": "Indenie-Djuablin", "adm1_name1": null, "adm1_name2": null, "adm1_name3": null, "adm1_pcode": "CI20", "adm0_name": "Côte d'Ivoire", "adm0_name1": null, "adm0_name2": null, "adm0_name3": null, "adm0_pcode": "CI", "valid_on": "2018-07-06", "valid_to": null, "cod_version": "V_01", "lang": "fr", "lang1": null, "lang2": null, "lang3": null }, "geometry": { "type": "Point", "coordinates": [ -3.314489404999961, 6.118452632000185 ] } },
{ "type": "Feature", "properties": { "admin_level": 2, "name": "Biankouma", "name1": null, "name2": null, "name3": null, "x_coord": -7.44517167, "y_coord": 7.76181553, "adm4_name": null, "adm4_name1": null, "adm4_name2": null, "adm4_name3": null, "adm4_pcode": null, "adm3_name": null, "adm3_name1": null, "adm3_name2": null, "adm3_name3": null, "adm3_pcode": null, "adm2_name": "Biankouma", "adm2_name1": null, "adm2_name2": null, "adm2_name3": null, "adm2_pcode": "CI3201", "adm1_name": "Tonkpi", "adm1_name1": null, "adm1_name2": null, "adm1_name3": null, "adm1_pcode": "CI32", "adm0_name": "Côte d'Ivoire", "adm0_name1": null, "adm0_name2": null, "adm0_name3": null, "adm0_pcode": "CI", "valid_on": "2018-07-06", "valid_to": null, "cod_version": "V_01", "lang": "fr", "lang1": null, "lang2": null, "lang3": null }, "geometry": { "type": "Point", "coordinates": [ -7.445171665999965, 7.761815532000128 ] } },
{ "type": "Feature", "properties": { "admin_level": 2, "name": "Bloléquin", "name1": null, "name2": null, "name3": null, "x_coord": -8.03047577, "y_coord": 6.62635273, "adm4_name": null, "adm4_name1": null, "adm4_name2": null, "adm4_name3": null, "adm4_pcode": null, "adm3_name": null, "adm3_name1": null, "adm3_name2": null, "adm3_name3": null, "adm3_pcode": null, "adm2_name": "Bloléquin", "adm2_name1": null, "adm2_name2": null, "adm2_name3": null, "adm2_pcode": "CI0901", "adm1_name": "Cavally", "adm1_name1": null, "adm1_name2": null, "adm1_name3": null, "adm1_pcode": "CI09", "adm0_name": "Côte d'Ivoire", "adm0_name1": null, "adm0_name2": null, "adm0_name3": null, "adm0_pcode": "CI", "valid_on": "2018-07-06", "valid_to": null, "cod_version": "V_01", "lang": "fr", "lang1": null, "lang2": null, "lang3": null }, "geometry": { "type": "Point", "coordinates": [ -8.030475773999967, 6.626352726 ] } },
{ "type": "Feature", "properties": { "admin_level": 2, "name": "Bocanda", "name1": null, "name2": null, "name3": null, "x_coord": -4.38089628, "y_coord": 6.97100605, "adm4_name": null, "adm4_name1": null, "adm4_name2": null, "adm4_name3": null, "adm4_pcode": null, "adm3_name": null, "adm3_name1": null, "adm3_name2": null, "adm3_name3": null, "adm3_pcode": null, "adm2_name": "Bocanda", "adm2_name1": null, "adm2_name2": null, "adm2_name3": null, "adm2_pcode": "CI2701", "adm1_name": "N'Zi", "adm1_name1": null, "adm1_name2": null, "adm1_name3": null, "adm1_pcode": "CI27", "adm0_name": "Côte d'Ivoire", "adm0_name1": null, "adm0_name2": null, "adm0_name3": null, "adm0_pcode": "CI", "valid_on": "2018-07-06", "valid_to": null, "cod_version": "V_01", "lang": "fr", "lang1": null, "lang2": null, "lang3": null }, "geometry": { "type": "Point", "coordinates": [ -4.380896274999941, 6.971006049000096 ] } },
{ "type": "Feature", "properties": { "admin_level": 2, "name": "Bondoukou", "name1": null, "name2": null, "name3": null, "x_coord": -2.96309649, "y_coord": 8.27792104, "adm4_name": null, "adm4_name1": null, "adm4_name2": null, "adm4_name3": null, "adm4_pcode": null, "adm3_name": null, "adm3_name1": null, "adm3_name2": null, "adm3_name3": null, "adm3_pcode": null, "adm2_name": "Bondoukou", "adm2_name1": null, "adm2_name2": null, "adm2_name3": null, "adm2_pcode": "CI1401", "adm1_name": "Gontougo", "adm1_name1": null, "adm1_name2": null, "adm1_name3": null, "adm1_pcode": "CI14", "adm0_name": "Côte d'Ivoire", "adm0_name1": null, "adm0_name2": null, "adm0_name3": null, "adm0_pcode": "CI", "valid_on": "2018-07-06", "valid_to": null, "cod_version": "V_01", "lang": "fr", "lang1": null, "lang2": null, "lang3": null }, "geometry": { "type": "Point", "coordinates": [ -2.96309649299991, 8.277921043999982 ] } },
{ "type": "Feature", "properties": { "admin_level": 2, "name": "Bongouanou", "name1": null, "name2": null, "name3": null, "x_coord": -4.26810003, "y_coord": 6.73264522, "adm4_name": null, "adm4_name1": null, "adm4_name2": null, "adm4_name3": null, "adm4_pcode": null, "adm3_name": null, "adm3_name1": null, "adm3_name2": null, "adm3_name3": null, "adm3_pcode": null, "adm2_name": "Bongouanou", "adm2_name1": null, "adm2_name2": null, "adm2_name3": null, "adm2_pcode": "CI2502", "adm1_name": "Moronou", "adm1_name1": null, "adm1_name2": null, "adm1_name3": null, "adm1_pcode": "CI25", "adm0_name": "Côte d'Ivoire", "adm0_name1": null, "adm0_name2": null, "adm0_name3": null, "adm0_pcode": "CI", "valid_on": "2018-07-06", "valid_to": null, "cod_version": "V_01", "lang": "fr", "lang1": null, "lang2": null, "lang3": null }, "geometry": { "type": "Point", "coordinates": [ -4.268100031999836, 6.732645216000151 ] } },
{ "type": "Feature", "properties": { "admin_level": 2, "name": "Botro", "name1": null, "name2": null, "name3": null, "x_coord": -5.25034686, "y_coord": 7.88337129, "adm4_name": null, "adm4_name1": null, "adm4_name2": null, "adm4_name3": null, "adm4_pcode": null, "adm3_name": null, "adm3_name1": null, "adm3_name2": null, "adm3_name3": null, "adm3_pcode": null, "adm2_name": "Botro", "adm2_name1": null, "adm2_name2": null, "adm2_name3": null, "adm2_pcode": "CI1102", "adm1_name": "Gbeke", "adm1_name1": null, "adm1_name2": null, "adm1_name3": null, "adm1_pcode": "CI11", "adm0_name": "Côte d'Ivoire", "adm0_name1": null, "adm0_name2": null, "adm0_name3": null, "adm0_pcode": "CI", "valid_on": "2018-07-06", "valid_to": null, "cod_version": "V_01", "lang": "fr", "lang1": null, "lang2": null, "lang3": null }, "geometry": { "type": "Point", "coordinates": [ -5.250346857999943, 7.883371290000127 ] } },
{ "type": "Feature", "properties": { "admin_level": 2, "name": "Bouaflé", "name1": null, "name2": null, "name3": null, "x_coord": -5.79046804, "y_coord": 7.071304, "adm4_name": null, "adm4_name1": null, "adm4_name2": null, "adm4_name3": null, "adm4_pcode": null, "adm3_name": null, "adm3_name1": null, "adm3_name2": null, "adm3_name3": null, "adm3_pcode": null, "adm2_name": "Bouaflé", "adm2_name1": null, "adm2_name2": null, "adm2_name3": null, "adm2_pcode": "CI2301", "adm1_name": "Marahoue", "adm1_name1": null, "adm1_name2": null, "adm1_name3": null, "adm1_pcode": "CI23", "adm0_name": "Côte d'Ivoire", "adm0_name1": null, "adm0_name2": null, "adm0_name3": null, "adm0_pcode": "CI", "valid_on": "2018-07-06", "valid_to": null, "cod_version": "V_01", "lang": "fr", "lang1": null, "lang2": null, "lang3": null }, "geometry": { "type": "Point", "coordinates": [ -5.790468037999915, 7.071303998000076 ] } },
{ "type": "Feature", "properties": { "admin_level": 2, "name": "Bouaké", "name1": null, "name2": null, "name3": null, "x_coord": -4.83945028, "y_coord": 7.6819439, "adm4_name": null, "adm4_name1": null, "adm4_name2": null, "adm4_name3": null, "adm4_pcode": null, "adm3_name": null, "adm3_name1": null, "adm3_name2": null, "adm3_name3": null, "adm3_pcode": null, "adm2_name": "Bouaké", "adm2_name1": null, "adm2_name2": null, "adm2_name3": null, "adm2_pcode": "CI1103", "adm1_name": "Gbeke", "adm1_name1": null, "adm1_name2": null, "adm1_name3": null, "adm1_pcode": "CI11", "adm0_name": "Côte d'Ivoire", "adm0_name1": null, "adm0_name2": null, "adm0_name3": null, "adm0_pcode": "CI", "valid_on": "2018-07-06", "valid_to": null, "cod_version": "V_01", "lang": "fr", "lang1": null, "lang2": null, "lang3": null }, "geometry": { "type": "Point", "coordinates": [ -4.839450279999937, 7.681943900000135 ] } },
{ "type": "Feature", "properties": { "admin_level": 2, "name": "Bouna", "name1": null, "name2": null, "name3": null, "x_coord": -3.33785437, "y_coord": 9.06226664, "adm4_name": null, "adm4_name1": null, "adm4_name2": null, "adm4_name3": null, "adm4_pcode": null, "adm3_name": null, "adm3_name1": null, "adm3_name2": null, "adm3_name3": null, "adm3_pcode": null, "adm2_name": "Bouna", "adm2_name1": null, "adm2_name2": null, "adm2_name3": null, "adm2_pcode": "CI0801", "adm1_name": "Bounkani", "adm1_name1": null, "adm1_name2": null, "adm1_name3": null, "adm1_pcode": "CI08", "adm0_name": "Côte d'Ivoire", "adm0_name1": null, "adm0_name2": null, "adm0_name3": null, "adm0_pcode": "CI", "valid_on": "2018-07-06", "valid_to": null, "cod_version": "V_01", "lang": "fr", "lang1": null, "lang2": null, "lang3": null }, "geometry": { "type": "Point", "coordinates": [ -3.337854364999885, 9.062266641000065 ] } },
{ "type": "Feature", "properties": { "admin_level": 2, "name": "Boundiali", "name1": null, "name2": null, "name3": null, "x_coord": -6.46474734, "y_coord": 9.55893066, "adm4_name": null, "adm4_name1": null, "adm4_name2": null, "adm4_name3": null, "adm4_pcode": null, "adm3_name": null, "adm3_name1": null, "adm3_name2": null, "adm3_name3": null, "adm3_pcode": null, "adm2_name": "Boundiali", "adm2_name1": null, "adm2_name2": null, "adm2_name3": null, "adm2_pcode": "CI0501", "adm1_name": "Bagoue", "adm1_name1": null, "adm1_name2": null, "adm1_name3": null, "adm1_pcode": "CI05", "adm0_name": "Côte d'Ivoire", "adm0_name1": null, "adm0_name2": null, "adm0_name3": null, "adm0_pcode": "CI", "valid_on": "2018-07-06", "valid_to": null, "cod_version": "V_01", "lang": "fr", "lang1": null, "lang2": null, "lang3": null }, "geometry": { "type": "Point", "coordinates": [ -6.464747343999932, 9.558930658000065 ] } },
{ "type": "Feature", "properties": { "admin_level": 2, "name": "Buyo", "name1": null, "name2": null, "name3": null, "x_coord": -6.945043, "y_coord": 6.18906733, "adm4_name": null, "adm4_name1": null, "adm4_name2": null, "adm4_name3": null, "adm4_pcode": null, "adm3_name": null, "adm3_name1": null, "adm3_name2": null, "adm3_name3": null, "adm3_pcode": null, "adm2_name": "Buyo", "adm2_name1": null, "adm2_name2": null, "adm2_name3": null, "adm2_pcode": "CI2601", "adm1_name": "Nawa", "adm1_name1": null, "adm1_name2": null, "adm1_name3": null, "adm1_pcode": "CI26", "adm0_name": "Côte d'Ivoire", "adm0_name1": null, "adm0_name2": null, "adm0_name3": null, "adm0_pcode": "CI", "valid_on": "2018-07-06", "valid_to": null, "cod_version": "V_01", "lang": "fr", "lang1": null, "lang2": null, "lang3": null }, "geometry": { "type": "Point", "coordinates": [ -6.945042998999895, 6.189067326000043 ] } },
{ "type": "Feature", "properties": { "admin_level": 2, "name": "Dabakala", "name1": null, "name2": null, "name3": null, "x_coord": -4.44546333, "y_coord": 8.37291109, "adm4_name": null, "adm4_name1": null, "adm4_name2": null, "adm4_name3": null, "adm4_pcode": null, "adm3_name": null, "adm3_name1": null, "adm3_name2": null, "adm3_name3": null, "adm3_pcode": null, "adm2_name": "Dabakala", "adm2_name1": null, "adm2_name2": null, "adm2_name3": null, "adm2_pcode": "CI1701", "adm1_name": "Hambol", "adm1_name1": null, "adm1_name2": null, "adm1_name3": null, "adm1_pcode": "CI17", "adm0_name": "Côte d'Ivoire", "adm0_name1": null, "adm0_name2": null, "adm0_name3": null, "adm0_pcode": "CI", "valid_on": "2018-07-06", "valid_to": null, "cod_version": "V_01", "lang": "fr", "lang1": null, "lang2": null, "lang3": null }, "geometry": { "type": "Point", "coordinates": [ -4.445463330999928, 8.372911092000038 ] } },
{ "type": "Feature", "properties": { "admin_level": 2, "name": "Dabou", "name1": null, "name2": null, "name3": null, "x_coord": -4.5340006, "y_coord": 5.40108335, "adm4_name": null, "adm4_name1": null, "adm4_name2": null, "adm4_name3": null, "adm4_pcode": null, "adm3_name": null, "adm3_name1": null, "adm3_name2": null, "adm3_name3": null, "adm3_pcode": null, "adm2_name": "Dabou", "adm2_name1": null, "adm2_name2": null, "adm2_name3": null, "adm2_pcode": "CI1501", "adm1_name": "Grands Ponts", "adm1_name1": null, "adm1_name2": null, "adm1_name3": null, "adm1_pcode": "CI15", "adm0_name": "Côte d'Ivoire", "adm0_name1": null, "adm0_name2": null, "adm0_name3": null, "adm0_pcode": "CI", "valid_on": "2018-07-06", "valid_to": null, "cod_version": "V_01", "lang": "fr", "lang1": null, "lang2": null, "lang3": null }, "geometry": { "type": "Point", "coordinates": [ -4.534000603999914, 5.401083352000114 ] } },
{ "type": "Feature", "properties": { "admin_level": 2, "name": "Daloa", "name1": null, "name2": null, "name3": null, "x_coord": -6.44303703, "y_coord": 6.92083221, "adm4_name": null, "adm4_name1": null, "adm4_name2": null, "adm4_name3": null, "adm4_pcode": null, "adm3_name": null, "adm3_name1": null, "adm3_name2": null, "adm3_name3": null, "adm3_pcode": null, "adm2_name": "Daloa", "adm2_name1": null, "adm2_name2": null, "adm2_name3": null, "adm2_pcode": "CI1801", "adm1_name": "Haut-Sassandra", "adm1_name1": null, "adm1_name2": null, "adm1_name3": null, "adm1_pcode": "CI18", "adm0_name": "Côte d'Ivoire", "adm0_name1": null, "adm0_name2": null, "adm0_name3": null, "adm0_pcode": "CI", "valid_on": "2018-07-06", "valid_to": null, "cod_version": "V_01", "lang": "fr", "lang1": null, "lang2": null, "lang3": null }, "geometry": { "type": "Point", "coordinates": [ -6.443037033999929, 6.920832209000025 ] } },
{ "type": "Feature", "properties": { "admin_level": 2, "name": "Danané", "name1": null, "name2": null, "name3": null, "x_coord": -8.18106082, "y_coord": 7.36969932, "adm4_name": null, "adm4_name1": null, "adm4_name2": null, "adm4_name3": null, "adm4_pcode": null, "adm3_name": null, "adm3_name1": null, "adm3_name2": null, "adm3_name3": null, "adm3_pcode": null, "adm2_name": "Danané", "adm2_name1": null, "adm2_name2": null, "adm2_name3": null, "adm2_pcode": "CI3202", "adm1_name": "Tonkpi", "adm1_name1": null, "adm1_name2": null, "adm1_name3": null, "adm1_pcode": "CI32", "adm0_name": "Côte d'Ivoire", "adm0_name1": null, "adm0_name2": null, "adm0_name3": null, "adm0_pcode": "CI", "valid_on": "2018-07-06", "valid_to": null, "cod_version": "V_01", "lang": "fr", "lang1": null, "lang2": null, "lang3": null }, "geometry": { "type": "Point", "coordinates": [ -8.181060817999878, 7.369699320000052 ] } },
{ "type": "Feature", "properties": { "admin_level": 2, "name": "Daoukro", "name1": null, "name2": null, "name3": null, "x_coord": -3.99762758, "y_coord": 7.22963296, "adm4_name": null, "adm4_name1": null, "adm4_name2": null, "adm4_name3": null, "adm4_pcode": null, "adm3_name": null, "adm3_name1": null, "adm3_name2": null, "adm3_name3": null, "adm3_pcode": null, "adm2_name": "Daoukro", "adm2_name1": null, "adm2_name2": null, "adm2_name3": null, "adm2_pcode": "CI1901", "adm1_name": "Iffou", "adm1_name1": null, "adm1_name2": null, "adm1_name3": null, "adm1_pcode": "CI19", "adm0_name": "Côte d'Ivoire", "adm0_name1": null, "adm0_name2": null, "adm0_name3": null, "adm0_pcode": "CI", "valid_on": "2018-07-06", "valid_to": null, "cod_version": "V_01", "lang": "fr", "lang1": null, "lang2": null, "lang3": null }, "geometry": { "type": "Point", "coordinates": [ -3.997627580999904, 7.229632959000128 ] } },
{ "type": "Feature", "properties": { "admin_level": 2, "name": "Dianra", "name1": null, "name2": null, "name3": null, "x_coord": -6.24577278, "y_coord": 8.81312982, "adm4_name": null, "adm4_name1": null, "adm4_name2": null, "adm4_name3": null, "adm4_pcode": null, "adm3_name": null, "adm3_name1": null, "adm3_name2": null, "adm3_name3": null, "adm3_pcode": null, "adm2_name": "Dianra", "adm2_name1": null, "adm2_name2": null, "adm2_name3": null, "adm2_pcode": "CI0701", "adm1_name": "Bere", "adm1_name1": null, "adm1_name2": null, "adm1_name3": null, "adm1_pcode": "CI07", "adm0_name": "Côte d'Ivoire", "adm0_name1": null, "adm0_name2": null, "adm0_name3": null, "adm0_pcode": "CI", "valid_on": "2018-07-06", "valid_to": null, "cod_version": "V_01", "lang": "fr", "lang1": null, "lang2": null, "lang3": null }, "geometry": { "type": "Point", "coordinates": [ -6.24577278299995, 8.81312981800005 ] } },
{ "type": "Feature", "properties": { "admin_level": 2, "name": "Didievi", "name1": null, "name2": null, "name3": null, "x_coord": -4.83450339, "y_coord": 7.23860708, "adm4_name": null, "adm4_name1": null, "adm4_name2": null, "adm4_name3": null, "adm4_pcode": null, "adm3_name": null, "adm3_name1": null, "adm3_name2": null, "adm3_name3": null, "adm3_pcode": null, "adm2_name": "Didievi", "adm2_name1": null, "adm2_name2": null, "adm2_name3": null, "adm2_pcode": "CI0601", "adm1_name": "Belier", "adm1_name1": null, "adm1_name2": null, "adm1_name3": null, "adm1_pcode": "CI06", "adm0_name": "Côte d'Ivoire", "adm0_name1": null, "adm0_name2": null, "adm0_name3": null, "adm0_pcode": "CI", "valid_on": "2018-07-06", "valid_to": null, "cod_version": "V_01", "lang": "fr", "lang1": null, "lang2": null, "lang3": null }, "geometry": { "type": "Point", "coordinates": [ -4.834503388999963, 7.23860708 ] } },
{ "type": "Feature", "properties": { "admin_level": 2, "name": "Dikodougou", "name1": null, "name2": null, "name3": null, "x_coord": -5.86314275, "y_coord": 8.9494908, "adm4_name": null, "adm4_name1": null, "adm4_name2": null, "adm4_name3": null, "adm4_pcode": null, "adm3_name": null, "adm3_name1": null, "adm3_name2": null, "adm3_name3": null, "adm3_pcode": null, "adm2_name": "Dikodougou", "adm2_name1": null, "adm2_name2": null, "adm2_name3": null, "adm2_pcode": "CI2801", "adm1_name": "Poro", "adm1_name1": null, "adm1_name2": null, "adm1_name3": null, "adm1_pcode": "CI28", "adm0_name": "Côte d'Ivoire", "adm0_name1": null, "adm0_name2": null, "adm0_name3": null, "adm0_pcode": "CI", "valid_on": "2018-07-06", "valid_to": null, "cod_version": "V_01", "lang": "fr", "lang1": null, "lang2": null, "lang3": null }, "geometry": { "type": "Point", "coordinates": [ -5.863142746999927, 8.949490805000153 ] } },
{ "type": "Feature", "properties": { "admin_level": 2, "name": "Dimbokro", "name1": null, "name2": null, "name3": null, "x_coord": -4.74645601, "y_coord": 6.80719032, "adm4_name": null, "adm4_name1": null, "adm4_name2": null, "adm4_name3": null, "adm4_pcode": null, "adm3_name": null, "adm3_name1": null, "adm3_name2": null, "adm3_name3": null, "adm3_pcode": null, "adm2_name": "Dimbokro", "adm2_name1": null, "adm2_name2": null, "adm2_name3": null, "adm2_pcode": "CI2702", "adm1_name": "N'Zi", "adm1_name1": null, "adm1_name2": null, "adm1_name3": null, "adm1_pcode": "CI27", "adm0_name": "Côte d'Ivoire", "adm0_name1": null, "adm0_name2": null, "adm0_name3": null, "adm0_pcode": "CI", "valid_on": "2018-07-06", "valid_to": null, "cod_version": "V_01", "lang": "fr", "lang1": null, "lang2": null, "lang3": null }, "geometry": { "type": "Point", "coordinates": [ -4.746456012999829, 6.807190322000167 ] } },
{ "type": "Feature", "properties": { "admin_level": 2, "name": "Divo", "name1": null, "name2": null, "name3": null, "x_coord": -5.25701165, "y_coord": 5.92490859, "adm4_name": null, "adm4_name1": null, "adm4_name2": null, "adm4_name3": null, "adm4_pcode": null, "adm3_name": null, "adm3_name1": null, "adm3_name2": null, "adm3_name3": null, "adm3_pcode": null, "adm2_name": "Divo", "adm2_name1": null, "adm2_name2": null, "adm2_name3": null, "adm2_pcode": "CI2201", "adm1_name": "Loh-Djiboua", "adm1_name1": null, "adm1_name2": null, "adm1_name3": null, "adm1_pcode": "CI22", "adm0_name": "Côte d'Ivoire", "adm0_name1": null, "adm0_name2": null, "adm0_name3": null, "adm0_pcode": "CI", "valid_on": "2018-07-06", "valid_to": null, "cod_version": "V_01", "lang": "fr", "lang1": null, "lang2": null, "lang3": null }, "geometry": { "type": "Point", "coordinates": [ -5.257011647999946, 5.924908592000122 ] } },
{ "type": "Feature", "properties": { "admin_level": 2, "name": "Djekanou", "name1": null, "name2": null, "name3": null, "x_coord": -5.11719957, "y_coord": 6.41269308, "adm4_name": null, "adm4_name1": null, "adm4_name2": null, "adm4_name3": null, "adm4_pcode": null, "adm3_name": null, "adm3_name1": null, "adm3_name2": null, "adm3_name3": null, "adm3_pcode": null, "adm2_name": "Djekanou", "adm2_name1": null, "adm2_name2": null, "adm2_name3": null, "adm2_pcode": "CI0602", "adm1_name": "Belier", "adm1_name1": null, "adm1_name2": null, "adm1_name3": null, "adm1_pcode": "CI06", "adm0_name": "Côte d'Ivoire", "adm0_name1": null, "adm0_name2": null, "adm0_name3": null, "adm0_pcode": "CI", "valid_on": "2018-07-06", "valid_to": null, "cod_version": "V_01", "lang": "fr", "lang1": null, "lang2": null, "lang3": null }, "geometry": { "type": "Point", "coordinates": [ -5.117199567999933, 6.412693084000068 ] } },
{ "type": "Feature", "properties": { "admin_level": 2, "name": "Doropo", "name1": null, "name2": null, "name3": null, "x_coord": -3.23267847, "y_coord": 9.64496408, "adm4_name": null, "adm4_name1": null, "adm4_name2": null, "adm4_name3": null, "adm4_pcode": null, "adm3_name": null, "adm3_name1": null, "adm3_name2": null, "adm3_name3": null, "adm3_pcode": null, "adm2_name": "Doropo", "adm2_name1": null, "adm2_name2": null, "adm2_name3": null, "adm2_pcode": "CI0802", "adm1_name": "Bounkani", "adm1_name1": null, "adm1_name2": null, "adm1_name3": null, "adm1_pcode": "CI08", "adm0_name": "Côte d'Ivoire", "adm0_name1": null, "adm0_name2": null, "adm0_name3": null, "adm0_pcode": "CI", "valid_on": "2018-07-06", "valid_to": null, "cod_version": "V_01", "lang": "fr", "lang1": null, "lang2": null, "lang3": null }, "geometry": { "type": "Point", "coordinates": [ -3.232678469999939, 9.644964075000019 ] } },
{ "type": "Feature", "properties": { "admin_level": 2, "name": "Duékoué", "name1": null, "name2": null, "name3": null, "x_coord": -7.24601484, "y_coord": 6.64655078, "adm4_name": null, "adm4_name1": null, "adm4_name2": null, "adm4_name3": null, "adm4_pcode": null, "adm3_name": null, "adm3_name1": null, "adm3_name2": null, "adm3_name3": null, "adm3_pcode": null, "adm2_name": "Duékoué", "adm2_name1": null, "adm2_name2": null, "adm2_name3": null, "adm2_pcode": "CI1602", "adm1_name": "Guemon", "adm1_name1": null, "adm1_name2": null, "adm1_name3": null, "adm1_pcode": "CI16", "adm0_name": "Côte d'Ivoire", "adm0_name1": null, "adm0_name2": null, "adm0_name3": null, "adm0_pcode": "CI", "valid_on": "2018-07-06", "valid_to": null, "cod_version": "V_01", "lang": "fr", "lang1": null, "lang2": null, "lang3": null }, "geometry": { "type": "Point", "coordinates": [ -7.246014841999965, 6.646550783000123 ] } },
{ "type": "Feature", "properties": { "admin_level": 2, "name": "Facobly", "name1": null, "name2": null, "name3": null, "x_coord": -7.15897003, "y_coord": 7.52304097, "adm4_name": null, "adm4_name1": null, "adm4_name2": null, "adm4_name3": null, "adm4_pcode": null, "adm3_name": null, "adm3_name1": null, "adm3_name2": null, "adm3_name3": null, "adm3_pcode": null, "adm2_name": "Facobly", "adm2_name1": null, "adm2_name2": null, "adm2_name3": null, "adm2_pcode": "CI1603", "adm1_name": "Guemon", "adm1_name1": null, "adm1_name2": null, "adm1_name3": null, "adm1_pcode": "CI16", "adm0_name": "Côte d'Ivoire", "adm0_name1": null, "adm0_name2": null, "adm0_name3": null, "adm0_pcode": "CI", "valid_on": "2018-07-06", "valid_to": null, "cod_version": "V_01", "lang": "fr", "lang1": null, "lang2": null, "lang3": null }, "geometry": { "type": "Point", "coordinates": [ -7.158970029999978, 7.523040968000146 ] } },
{ "type": "Feature", "properties": { "admin_level": 2, "name": "Ferkessédougou", "name1": null, "name2": null, "name3": null, "x_coord": -5.0385146, "y_coord": 9.57778635, "adm4_name": null, "adm4_name1": null, "adm4_name2": null, "adm4_name3": null, "adm4_pcode": null, "adm3_name": null, "adm3_name1": null, "adm3_name2": null, "adm3_name3": null, "adm3_pcode": null, "adm2_name": "Ferkessédougou", "adm2_name1": null, "adm2_name2": null, "adm2_name3": null, "adm2_pcode": "CI3101", "adm1_name": "Tchologo", "adm1_name1": null, "adm1_name2": null, "adm1_name3": null, "adm1_pcode": "CI31", "adm0_name": "Côte d'Ivoire", "adm0_name1": null, "adm0_name2": null, "adm0_name3": null, "adm0_pcode": "CI", "valid_on": "2018-07-06", "valid_to": null, "cod_version": "V_01", "lang": "fr", "lang1": null, "lang2": null, "lang3": null }, "geometry": { "type": "Point", "coordinates": [ -5.038514601999907, 9.577786354000011 ] } },
{ "type": "Feature", "properties": { "admin_level": 2, "name": "Fresco", "name1": null, "name2": null, "name3": null, "x_coord": -5.59050005, "y_coord": 5.3322677, "adm4_name": null, "adm4_name1": null, "adm4_name2": null, "adm4_name3": null, "adm4_pcode": null, "adm3_name": null, "adm3_name1": null, "adm3_name2": null, "adm3_name3": null, "adm3_pcode": null, "adm2_name": "Fresco", "adm2_name1": null, "adm2_name2": null, "adm2_name3": null, "adm2_pcode": "CI1201", "adm1_name": "Gbokle", "adm1_name1": null, "adm1_name2": null, "adm1_name3": null, "adm1_pcode": "CI12", "adm0_name": "Côte d'Ivoire", "adm0_name1": null, "adm0_name2": null, "adm0_name3": null, "adm0_pcode": "CI", "valid_on": "2018-07-06", "valid_to": null, "cod_version": "V_01", "lang": "fr", "lang1": null, "lang2": null, "lang3": null }, "geometry": { "type": "Point", "coordinates": [ -5.590500045999931, 5.332267696000031 ] } },
{ "type": "Feature", "properties": { "admin_level": 2, "name": "Gagnoa", "name1": null, "name2": null, "name3": null, "x_coord": -6.07292856, "y_coord": 6.07392245, "adm4_name": null, "adm4_name1": null, "adm4_name2": null, "adm4_name3": null, "adm4_pcode": null, "adm3_name": null, "adm3_name1": null, "adm3_name2": null, "adm3_name3": null, "adm3_pcode": null, "adm2_name": "Gagnoa", "adm2_name1": null, "adm2_name2": null, "adm2_name3": null, "adm2_pcode": "CI1301", "adm1_name": "Goh", "adm1_name1": null, "adm1_name2": null, "adm1_name3": null, "adm1_pcode": "CI13", "adm0_name": "Côte d'Ivoire", "adm0_name1": null, "adm0_name2": null, "adm0_name3": null, "adm0_pcode": "CI", "valid_on": "2018-07-06", "valid_to": null, "cod_version": "V_01", "lang": "fr", "lang1": null, "lang2": null, "lang3": null }, "geometry": { "type": "Point", "coordinates": [ -6.072928556999898, 6.073922453000137 ] } },
{ "type": "Feature", "properties": { "admin_level": 2, "name": "Gbeleban", "name1": null, "name2": null, "name3": null, "x_coord": -7.90764021, "y_coord": 9.64447484, "adm4_name": null, "adm4_name1": null, "adm4_name2": null, "adm4_name3": null, "adm4_pcode": null, "adm3_name": null, "adm3_name1": null, "adm3_name2": null, "adm3_name3": null, "adm3_pcode": null, "adm2_name": "Gbeleban", "adm2_name1": null, "adm2_name2": null, "adm2_name3": null, "adm2_pcode": "CI2101", "adm1_name": "Kabadougou", "adm1_name1": null, "adm1_name2": null, "adm1_name3": null, "adm1_pcode": "CI21", "adm0_name": "Côte d'Ivoire", "adm0_name1": null, "adm0_name2": null, "adm0_name3": null, "adm0_pcode": "CI", "valid_on": "2018-07-06", "valid_to": null, "cod_version": "V_01", "lang": "fr", "lang1": null, "lang2": null, "lang3": null }, "geometry": { "type": "Point", "coordinates": [ -7.90764020499995, 9.644474839000054 ] } },
{ "type": "Feature", "properties": { "admin_level": 2, "name": "Grand-Bassam", "name1": null, "name2": null, "name3": null, "x_coord": -3.51826631, "y_coord": 5.37898181, "adm4_name": null, "adm4_name1": null, "adm4_name2": null, "adm4_name3": null, "adm4_pcode": null, "adm3_name": null, "adm3_name1": null, "adm3_name2": null, "adm3_name3": null, "adm3_pcode": null, "adm2_name": "Grand-Bassam", "adm2_name1": null, "adm2_name2": null, "adm2_name3": null, "adm2_pcode": "CI3003", "adm1_name": "Sud-Comoe", "adm1_name1": null, "adm1_name2": null, "adm1_name3": null, "adm1_pcode": "CI30", "adm0_name": "Côte d'Ivoire", "adm0_name1": null, "adm0_name2": null, "adm0_name3": null, "adm0_pcode": "CI", "valid_on": "2018-07-06", "valid_to": null, "cod_version": "V_01", "lang": "fr", "lang1": null, "lang2": null, "lang3": null }, "geometry": { "type": "Point", "coordinates": [ -3.518266313999959, 5.378981811000131 ] } },
{ "type": "Feature", "properties": { "admin_level": 2, "name": "Grand-Lahou", "name1": null, "name2": null, "name3": null, "x_coord": -4.89468646, "y_coord": 5.45482765, "adm4_name": null, "adm4_name1": null, "adm4_name2": null, "adm4_name3": null, "adm4_pcode": null, "adm3_name": null, "adm3_name1": null, "adm3_name2": null, "adm3_name3": null, "adm3_pcode": null, "adm2_name": "Grand-Lahou", "adm2_name1": null, "adm2_name2": null, "adm2_name3": null, "adm2_pcode": "CI1502", "adm1_name": "Grands Ponts", "adm1_name1": null, "adm1_name2": null, "adm1_name3": null, "adm1_pcode": "CI15", "adm0_name": "Côte d'Ivoire", "adm0_name1": null, "adm0_name2": null, "adm0_name3": null, "adm0_pcode": "CI", "valid_on": "2018-07-06", "valid_to": null, "cod_version": "V_01", "lang": "fr", "lang1": null, "lang2": null, "lang3": null }, "geometry": { "type": "Point", "coordinates": [ -4.89468646499995, 5.454827649000094 ] } },
{ "type": "Feature", "properties": { "admin_level": 2, "name": "Guéyo", "name1": null, "name2": null, "name3": null, "x_coord": -6.10803111, "y_coord": 5.56121312, "adm4_name": null, "adm4_name1": null, "adm4_name2": null, "adm4_name3": null, "adm4_pcode": null, "adm3_name": null, "adm3_name1": null, "adm3_name2": null, "adm3_name3": null, "adm3_pcode": null, "adm2_name": "Guéyo", "adm2_name1": null, "adm2_name2": null, "adm2_name3": null, "adm2_pcode": "CI2602", "adm1_name": "Nawa", "adm1_name1": null, "adm1_name2": null, "adm1_name3": null, "adm1_pcode": "CI26", "adm0_name": "Côte d'Ivoire", "adm0_name1": null, "adm0_name2": null, "adm0_name3": null, "adm0_pcode": "CI", "valid_on": "2018-07-06", "valid_to": null, "cod_version": "V_01", "lang": "fr", "lang1": null, "lang2": null, "lang3": null }, "geometry": { "type": "Point", "coordinates": [ -6.108031111999878, 5.561213116000033 ] } },
{ "type": "Feature", "properties": { "admin_level": 2, "name": "Guiglo", "name1": null, "name2": null, "name3": null, "x_coord": -7.54699349, "y_coord": 6.52091431, "adm4_name": null, "adm4_name1": null, "adm4_name2": null, "adm4_name3": null, "adm4_pcode": null, "adm3_name": null, "adm3_name1": null, "adm3_name2": null, "adm3_name3": null, "adm3_pcode": null, "adm2_name": "Guiglo", "adm2_name1": null, "adm2_name2": null, "adm2_name3": null, "adm2_pcode": "CI0902", "adm1_name": "Cavally", "adm1_name1": null, "adm1_name2": null, "adm1_name3": null, "adm1_pcode": "CI09", "adm0_name": "Côte d'Ivoire", "adm0_name1": null, "adm0_name2": null, "adm0_name3": null, "adm0_pcode": "CI", "valid_on": "2018-07-06", "valid_to": null, "cod_version": "V_01", "lang": "fr", "lang1": null, "lang2": null, "lang3": null }, "geometry": { "type": "Point", "coordinates": [ -7.546993486999952, 6.520914311000126 ] } },
{ "type": "Feature", "properties": { "admin_level": 2, "name": "Guitry", "name1": null, "name2": null, "name3": null, "x_coord": -5.23106267, "y_coord": 5.43219684, "adm4_name": null, "adm4_name1": null, "adm4_name2": null, "adm4_name3": null, "adm4_pcode": null, "adm3_name": null, "adm3_name1": null, "adm3_name2": null, "adm3_name3": null, "adm3_pcode": null, "adm2_name": "Guitry", "adm2_name1": null, "adm2_name2": null, "adm2_name3": null, "adm2_pcode": "CI2202", "adm1_name": "Loh-Djiboua", "adm1_name1": null, "adm1_name2": null, "adm1_name3": null, "adm1_pcode": "CI22", "adm0_name": "Côte d'Ivoire", "adm0_name1": null, "adm0_name2": null, "adm0_name3": null, "adm0_pcode": "CI", "valid_on": "2018-07-06", "valid_to": null, "cod_version": "V_01", "lang": "fr", "lang1": null, "lang2": null, "lang3": null }, "geometry": { "type": "Point", "coordinates": [ -5.231062672999883, 5.432196842000167 ] } },
{ "type": "Feature", "properties": { "admin_level": 2, "name": "Issia", "name1": null, "name2": null, "name3": null, "x_coord": -6.52086269, "y_coord": 6.47575758, "adm4_name": null, "adm4_name1": null, "adm4_name2": null, "adm4_name3": null, "adm4_pcode": null, "adm3_name": null, "adm3_name1": null, "adm3_name2": null, "adm3_name3": null, "adm3_pcode": null, "adm2_name": "Issia", "adm2_name1": null, "adm2_name2": null, "adm2_name3": null, "adm2_pcode": "CI1802", "adm1_name": "Haut-Sassandra", "adm1_name1": null, "adm1_name2": null, "adm1_name3": null, "adm1_pcode": "CI18", "adm0_name": "Côte d'Ivoire", "adm0_name1": null, "adm0_name2": null, "adm0_name3": null, "adm0_pcode": "CI", "valid_on": "2018-07-06", "valid_to": null, "cod_version": "V_01", "lang": "fr", "lang1": null, "lang2": null, "lang3": null }, "geometry": { "type": "Point", "coordinates": [ -6.520862687999966, 6.475757577000081 ] } },
{ "type": "Feature", "properties": { "admin_level": 2, "name": "Jacqueville", "name1": null, "name2": null, "name3": null, "x_coord": -4.42585842, "y_coord": 5.24618331, "adm4_name": null, "adm4_name1": null, "adm4_name2": null, "adm4_name3": null, "adm4_pcode": null, "adm3_name": null, "adm3_name1": null, "adm3_name2": null, "adm3_name3": null, "adm3_pcode": null, "adm2_name": "Jacqueville", "adm2_name1": null, "adm2_name2": null, "adm2_name3": null, "adm2_pcode": "CI1503", "adm1_name": "Grands Ponts", "adm1_name1": null, "adm1_name2": null, "adm1_name3": null, "adm1_pcode": "CI15", "adm0_name": "Côte d'Ivoire", "adm0_name1": null, "adm0_name2": null, "adm0_name3": null, "adm0_pcode": "CI", "valid_on": "2018-07-06", "valid_to": null, "cod_version": "V_01", "lang": "fr", "lang1": null, "lang2": null, "lang3": null }, "geometry": { "type": "Point", "coordinates": [ -4.425858415999869, 5.24618330800007 ] } },
{ "type": "Feature", "properties": { "admin_level": 2, "name": "Kani", "name1": null, "name2": null, "name3": null, "x_coord": -6.82064259, "y_coord": 8.71636022, "adm4_name": null, "adm4_name1": null, "adm4_name2": null, "adm4_name3": null, "adm4_pcode": null, "adm3_name": null, "adm3_name1": null, "adm3_name2": null, "adm3_name3": null, "adm3_pcode": null, "adm2_name": "Kani", "adm2_name1": null, "adm2_name2": null, "adm2_name3": null, "adm2_pcode": "CI3301", "adm1_name": "Worodougou", "adm1_name1": null, "adm1_name2": null, "adm1_name3": null, "adm1_pcode": "CI33", "adm0_name": "Côte d'Ivoire", "adm0_name1": null, "adm0_name2": null, "adm0_name3": null, "adm0_pcode": "CI", "valid_on": "2018-07-06", "valid_to": null, "cod_version": "V_01", "lang": "fr", "lang1": null, "lang2": null, "lang3": null }, "geometry": { "type": "Point", "coordinates": [ -6.820642585999963, 8.716360215000122 ] } },
{ "type": "Feature", "properties": { "admin_level": 2, "name": "Kaniasso", "name1": null, "name2": null, "name3": null, "x_coord": -7.14032665, "y_coord": 10.05000133, "adm4_name": null, "adm4_name1": null, "adm4_name2": null, "adm4_name3": null, "adm4_pcode": null, "adm3_name": null, "adm3_name1": null, "adm3_name2": null, "adm3_name3": null, "adm3_pcode": null, "adm2_name": "Kaniasso", "adm2_name1": null, "adm2_name2": null, "adm2_name3": null, "adm2_pcode": "CI1001", "adm1_name": "Folon", "adm1_name1": null, "adm1_name2": null, "adm1_name3": null, "adm1_pcode": "CI10", "adm0_name": "Côte d'Ivoire", "adm0_name1": null, "adm0_name2": null, "adm0_name3": null, "adm0_pcode": "CI", "valid_on": "2018-07-06", "valid_to": null, "cod_version": "V_01", "lang": "fr", "lang1": null, "lang2": null, "lang3": null }, "geometry": { "type": "Point", "coordinates": [ -7.140326645999835, 10.050001333000012 ] } },
{ "type": "Feature", "properties": { "admin_level": 2, "name": "Katiola", "name1": null, "name2": null, "name3": null, "x_coord": -5.10312861, "y_coord": 8.20644656, "adm4_name": null, "adm4_name1": null, "adm4_name2": null, "adm4_name3": null, "adm4_pcode": null, "adm3_name": null, "adm3_name1": null, "adm3_name2": null, "adm3_name3": null, "adm3_pcode": null, "adm2_name": "Katiola", "adm2_name1": null, "adm2_name2": null, "adm2_name3": null, "adm2_pcode": "CI1702", "adm1_name": "Hambol", "adm1_name1": null, "adm1_name2": null, "adm1_name3": null, "adm1_pcode": "CI17", "adm0_name": "Côte d'Ivoire", "adm0_name1": null, "adm0_name2": null, "adm0_name3": null, "adm0_pcode": "CI", "valid_on": "2018-07-06", "valid_to": null, "cod_version": "V_01", "lang": "fr", "lang1": null, "lang2": null, "lang3": null }, "geometry": { "type": "Point", "coordinates": [ -5.1031286139999, 8.206446557000106 ] } },
{ "type": "Feature", "properties": { "admin_level": 2, "name": "Kong", "name1": null, "name2": null, "name3": null, "x_coord": -4.46540245, "y_coord": 9.19178806, "adm4_name": null, "adm4_name1": null, "adm4_name2": null, "adm4_name3": null, "adm4_pcode": null, "adm3_name": null, "adm3_name1": null, "adm3_name2": null, "adm3_name3": null, "adm3_pcode": null, "adm2_name": "Kong", "adm2_name1": null, "adm2_name2": null, "adm2_name3": null, "adm2_pcode": "CI3102", "adm1_name": "Tchologo", "adm1_name1": null, "adm1_name2": null, "adm1_name3": null, "adm1_pcode": "CI31", "adm0_name": "Côte d'Ivoire", "adm0_name1": null, "adm0_name2": null, "adm0_name3": null, "adm0_pcode": "CI", "valid_on": "2018-07-06", "valid_to": null, "cod_version": "V_01", "lang": "fr", "lang1": null, "lang2": null, "lang3": null }, "geometry": { "type": "Point", "coordinates": [ -4.465402451999978, 9.191788063000104 ] } },
{ "type": "Feature", "properties": { "admin_level": 2, "name": "Korhogo", "name1": null, "name2": null, "name3": null, "x_coord": -5.55009268, "y_coord": 9.30761587, "adm4_name": null, "adm4_name1": null, "adm4_name2": null, "adm4_name3": null, "adm4_pcode": null, "adm3_name": null, "adm3_name1": null, "adm3_name2": null, "adm3_name3": null, "adm3_pcode": null, "adm2_name": "Korhogo", "adm2_name1": null, "adm2_name2": null, "adm2_name3": null, "adm2_pcode": "CI2802", "adm1_name": "Poro", "adm1_name1": null, "adm1_name2": null, "adm1_name3": null, "adm1_pcode": "CI28", "adm0_name": "Côte d'Ivoire", "adm0_name1": null, "adm0_name2": null, "adm0_name3": null, "adm0_pcode": "CI", "valid_on": "2018-07-06", "valid_to": null, "cod_version": "V_01", "lang": "fr", "lang1": null, "lang2": null, "lang3": null }, "geometry": { "type": "Point", "coordinates": [ -5.550092675999963, 9.307615872000042 ] } },
{ "type": "Feature", "properties": { "admin_level": 2, "name": "Koro", "name1": null, "name2": null, "name3": null, "x_coord": -7.55171976, "y_coord": 8.71293329, "adm4_name": null, "adm4_name1": null, "adm4_name2": null, "adm4_name3": null, "adm4_pcode": null, "adm3_name": null, "adm3_name1": null, "adm3_name2": null, "adm3_name3": null, "adm3_pcode": null, "adm2_name": "Koro", "adm2_name1": null, "adm2_name2": null, "adm2_name3": null, "adm2_pcode": "CI0401", "adm1_name": "Bafing", "adm1_name1": null, "adm1_name2": null, "adm1_name3": null, "adm1_pcode": "CI04", "adm0_name": "Côte d'Ivoire", "adm0_name1": null, "adm0_name2": null, "adm0_name3": null, "adm0_pcode": "CI", "valid_on": "2018-07-06", "valid_to": null, "cod_version": "V_01", "lang": "fr", "lang1": null, "lang2": null, "lang3": null }, "geometry": { "type": "Point", "coordinates": [ -7.551719761999834, 8.712933293999981 ] } },
{ "type": "Feature", "properties": { "admin_level": 2, "name": "Kouassi-Kouassikro", "name1": null, "name2": null, "name3": null, "x_coord": -4.63342786, "y_coord": 7.29534533, "adm4_name": null, "adm4_name1": null, "adm4_name2": null, "adm4_name3": null, "adm4_pcode": null, "adm3_name": null, "adm3_name1": null, "adm3_name2": null, "adm3_name3": null, "adm3_pcode": null, "adm2_name": "Kouassi-Kouassikro", "adm2_name1": null, "adm2_name2": null, "adm2_name3": null, "adm2_pcode": "CI2703", "adm1_name": "N'Zi", "adm1_name1": null, "adm1_name2": null, "adm1_name3": null, "adm1_pcode": "CI27", "adm0_name": "Côte d'Ivoire", "adm0_name1": null, "adm0_name2": null, "adm0_name3": null, "adm0_pcode": "CI", "valid_on": "2018-07-06", "valid_to": null, "cod_version": "V_01", "lang": "fr", "lang1": null, "lang2": null, "lang3": null }, "geometry": { "type": "Point", "coordinates": [ -4.633427862999895, 7.295345334 ] } },
{ "type": "Feature", "properties": { "admin_level": 2, "name": "Kouibly", "name1": null, "name2": null, "name3": null, "x_coord": -7.2051555, "y_coord": 7.32742534, "adm4_name": null, "adm4_name1": null, "adm4_name2": null, "adm4_name3": null, "adm4_pcode": null, "adm3_name": null, "adm3_name1": null, "adm3_name2": null, "adm3_name3": null, "adm3_pcode": null, "adm2_name": "Kouibly", "adm2_name1": null, "adm2_name2": null, "adm2_name3": null, "adm2_pcode": "CI1604", "adm1_name": "Guemon", "adm1_name1": null, "adm1_name2": null, "adm1_name3": null, "adm1_pcode": "CI16", "adm0_name": "Côte d'Ivoire", "adm0_name1": null, "adm0_name2": null, "adm0_name3": null, "adm0_pcode": "CI", "valid_on": "2018-07-06", "valid_to": null, "cod_version": "V_01", "lang": "fr", "lang1": null, "lang2": null, "lang3": null }, "geometry": { "type": "Point", "coordinates": [ -7.205155496999907, 7.327425337000022 ] } },
{ "type": "Feature", "properties": { "admin_level": 2, "name": "Koun Fao", "name1": null, "name2": null, "name3": null, "x_coord": -3.37610525, "y_coord": 7.50867113, "adm4_name": null, "adm4_name1": null, "adm4_name2": null, "adm4_name3": null, "adm4_pcode": null, "adm3_name": null, "adm3_name1": null, "adm3_name2": null, "adm3_name3": null, "adm3_pcode": null, "adm2_name": "Koun Fao", "adm2_name1": null, "adm2_name2": null, "adm2_name3": null, "adm2_pcode": "CI1402", "adm1_name": "Gontougo", "adm1_name1": null, "adm1_name2": null, "adm1_name3": null, "adm1_pcode": "CI14", "adm0_name": "Côte d'Ivoire", "adm0_name1": null, "adm0_name2": null, "adm0_name3": null, "adm0_pcode": "CI", "valid_on": "2018-07-06", "valid_to": null, "cod_version": "V_01", "lang": "fr", "lang1": null, "lang2": null, "lang3": null }, "geometry": { "type": "Point", "coordinates": [ -3.376105244999906, 7.508671124999978 ] } },
{ "type": "Feature", "properties": { "admin_level": 2, "name": "Kounahiri", "name1": null, "name2": null, "name3": null, "x_coord": -5.97117808, "y_coord": 7.78403519, "adm4_name": null, "adm4_name1": null, "adm4_name2": null, "adm4_name3": null, "adm4_pcode": null, "adm3_name": null, "adm3_name1": null, "adm3_name2": null, "adm3_name3": null, "adm3_pcode": null, "adm2_name": "Kounahiri", "adm2_name1": null, "adm2_name2": null, "adm2_name3": null, "adm2_pcode": "CI0702", "adm1_name": "Bere", "adm1_name1": null, "adm1_name2": null, "adm1_name3": null, "adm1_pcode": "CI07", "adm0_name": "Côte d'Ivoire", "adm0_name1": null, "adm0_name2": null, "adm0_name3": null, "adm0_pcode": "CI", "valid_on": "2018-07-06", "valid_to": null, "cod_version": "V_01", "lang": "fr", "lang1": null, "lang2": null, "lang3": null }, "geometry": { "type": "Point", "coordinates": [ -5.97117807799998, 7.784035191000157 ] } },
{ "type": "Feature", "properties": { "admin_level": 2, "name": "Kouto", "name1": null, "name2": null, "name3": null, "x_coord": -6.52645392, "y_coord": 9.90471967, "adm4_name": null, "adm4_name1": null, "adm4_name2": null, "adm4_name3": null, "adm4_pcode": null, "adm3_name": null, "adm3_name1": null, "adm3_name2": null, "adm3_name3": null, "adm3_pcode": null, "adm2_name": "Kouto", "adm2_name1": null, "adm2_name2": null, "adm2_name3": null, "adm2_pcode": "CI0502", "adm1_name": "Bagoue", "adm1_name1": null, "adm1_name2": null, "adm1_name3": null, "adm1_pcode": "CI05", "adm0_name": "Côte d'Ivoire", "adm0_name1": null, "adm0_name2": null, "adm0_name3": null, "adm0_pcode": "CI", "valid_on": "2018-07-06", "valid_to": null, "cod_version": "V_01", "lang": "fr", "lang1": null, "lang2": null, "lang3": null }, "geometry": { "type": "Point", "coordinates": [ -6.526453923999952, 9.904719670000077 ] } },
{ "type": "Feature", "properties": { "admin_level": 2, "name": "Lakota", "name1": null, "name2": null, "name3": null, "x_coord": -5.70368872, "y_coord": 5.86159395, "adm4_name": null, "adm4_name1": null, "adm4_name2": null, "adm4_name3": null, "adm4_pcode": null, "adm3_name": null, "adm3_name1": null, "adm3_name2": null, "adm3_name3": null, "adm3_pcode": null, "adm2_name": "Lakota", "adm2_name1": null, "adm2_name2": null, "adm2_name3": null, "adm2_pcode": "CI2203", "adm1_name": "Loh-Djiboua", "adm1_name1": null, "adm1_name2": null, "adm1_name3": null, "adm1_pcode": "CI22", "adm0_name": "Côte d'Ivoire", "adm0_name1": null, "adm0_name2": null, "adm0_name3": null, "adm0_pcode": "CI", "valid_on": "2018-07-06", "valid_to": null, "cod_version": "V_01", "lang": "fr", "lang1": null, "lang2": null, "lang3": null }, "geometry": { "type": "Point", "coordinates": [ -5.703688717999967, 5.861593949000167 ] } },
{ "type": "Feature", "properties": { "admin_level": 2, "name": "M'Bahiakro", "name1": null, "name2": null, "name3": null, "x_coord": -4.327347, "y_coord": 7.63124389, "adm4_name": null, "adm4_name1": null, "adm4_name2": null, "adm4_name3": null, "adm4_pcode": null, "adm3_name": null, "adm3_name1": null, "adm3_name2": null, "adm3_name3": null, "adm3_pcode": null, "adm2_name": "M'Bahiakro", "adm2_name1": null, "adm2_name2": null, "adm2_name3": null, "adm2_pcode": "CI1902", "adm1_name": "Iffou", "adm1_name1": null, "adm1_name2": null, "adm1_name3": null, "adm1_pcode": "CI19", "adm0_name": "Côte d'Ivoire", "adm0_name1": null, "adm0_name2": null, "adm0_name3": null, "adm0_pcode": "CI", "valid_on": "2018-07-06", "valid_to": null, "cod_version": "V_01", "lang": "fr", "lang1": null, "lang2": null, "lang3": null }, "geometry": { "type": "Point", "coordinates": [ -4.327346998999928, 7.631243891000111 ] } },
{ "type": "Feature", "properties": { "admin_level": 2, "name": "M'Batto", "name1": null, "name2": null, "name3": null, "x_coord": -4.43493296, "y_coord": 6.4638934, "adm4_name": null, "adm4_name1": null, "adm4_name2": null, "adm4_name3": null, "adm4_pcode": null, "adm3_name": null, "adm3_name1": null, "adm3_name2": null, "adm3_name3": null, "adm3_pcode": null, "adm2_name": "M'Batto", "adm2_name1": null, "adm2_name2": null, "adm2_name3": null, "adm2_pcode": "CI2503", "adm1_name": "Moronou", "adm1_name1": null, "adm1_name2": null, "adm1_name3": null, "adm1_pcode": "CI25", "adm0_name": "Côte d'Ivoire", "adm0_name1": null, "adm0_name2": null, "adm0_name3": null, "adm0_pcode": "CI", "valid_on": "2018-07-06", "valid_to": null, "cod_version": "V_01", "lang": "fr", "lang1": null, "lang2": null, "lang3": null }, "geometry": { "type": "Point", "coordinates": [ -4.434932963999927, 6.463893397000049 ] } },
{ "type": "Feature", "properties": { "admin_level": 2, "name": "M'Bengué", "name1": null, "name2": null, "name3": null, "x_coord": -6.00163342, "y_coord": 10.05964985, "adm4_name": null, "adm4_name1": null, "adm4_name2": null, "adm4_name3": null, "adm4_pcode": null, "adm3_name": null, "adm3_name1": null, "adm3_name2": null, "adm3_name3": null, "adm3_pcode": null, "adm2_name": "M'Bengué", "adm2_name1": null, "adm2_name2": null, "adm2_name3": null, "adm2_pcode": "CI2803", "adm1_name": "Poro", "adm1_name1": null, "adm1_name2": null, "adm1_name3": null, "adm1_pcode": "CI28", "adm0_name": "Côte d'Ivoire", "adm0_name1": null, "adm0_name2": null, "adm0_name3": null, "adm0_pcode": "CI", "valid_on": "2018-07-06", "valid_to": null, "cod_version": "V_01", "lang": "fr", "lang1": null, "lang2": null, "lang3": null }, "geometry": { "type": "Point", "coordinates": [ -6.001633417999926, 10.059649849000039 ] } },
{ "type": "Feature", "properties": { "admin_level": 2, "name": "Madinani", "name1": null, "name2": null, "name3": null, "x_coord": -7.03887411, "y_coord": 9.66842537, "adm4_name": null, "adm4_name1": null, "adm4_name2": null, "adm4_name3": null, "adm4_pcode": null, "adm3_name": null, "adm3_name1": null, "adm3_name2": null, "adm3_name3": null, "adm3_pcode": null, "adm2_name": "Madinani", "adm2_name1": null, "adm2_name2": null, "adm2_name3": null, "adm2_pcode": "CI2102", "adm1_name": "Kabadougou", "adm1_name1": null, "adm1_name2": null, "adm1_name3": null, "adm1_pcode": "CI21", "adm0_name": "Côte d'Ivoire", "adm0_name1": null, "adm0_name2": null, "adm0_name3": null, "adm0_pcode": "CI", "valid_on": "2018-07-06", "valid_to": null, "cod_version": "V_01", "lang": "fr", "lang1": null, "lang2": null, "lang3": null }, "geometry": { "type": "Point", "coordinates": [ -7.038874108999948, 9.668425373000048 ] } },
{ "type": "Feature", "properties": { "admin_level": 2, "name": "Man", "name1": null, "name2": null, "name3": null, "x_coord": -7.70975747, "y_coord": 7.33579926, "adm4_name": null, "adm4_name1": null, "adm4_name2": null, "adm4_name3": null, "adm4_pcode": null, "adm3_name": null, "adm3_name1": null, "adm3_name2": null, "adm3_name3": null, "adm3_pcode": null, "adm2_name": "Man", "adm2_name1": null, "adm2_name2": null, "adm2_name3": null, "adm2_pcode": "CI3203", "adm1_name": "Tonkpi", "adm1_name1": null, "adm1_name2": null, "adm1_name3": null, "adm1_pcode": "CI32", "adm0_name": "Côte d'Ivoire", "adm0_name1": null, "adm0_name2": null, "adm0_name3": null, "adm0_pcode": "CI", "valid_on": "2018-07-06", "valid_to": null, "cod_version": "V_01", "lang": "fr", "lang1": null, "lang2": null, "lang3": null }, "geometry": { "type": "Point", "coordinates": [ -7.70975747499989, 7.335799263000069 ] } },
{ "type": "Feature", "properties": { "admin_level": 2, "name": "Mankono", "name1": null, "name2": null, "name3": null, "x_coord": -5.83897528, "y_coord": 8.20099229, "adm4_name": null, "adm4_name1": null, "adm4_name2": null, "adm4_name3": null, "adm4_pcode": null, "adm3_name": null, "adm3_name1": null, "adm3_name2": null, "adm3_name3": null, "adm3_pcode": null, "adm2_name": "Mankono", "adm2_name1": null, "adm2_name2": null, "adm2_name3": null, "adm2_pcode": "CI0703", "adm1_name": "Bere", "adm1_name1": null, "adm1_name2": null, "adm1_name3": null, "adm1_pcode": "CI07", "adm0_name": "Côte d'Ivoire", "adm0_name1": null, "adm0_name2": null, "adm0_name3": null, "adm0_pcode": "CI", "valid_on": "2018-07-06", "valid_to": null, "cod_version": "V_01", "lang": "fr", "lang1": null, "lang2": null, "lang3": null }, "geometry": { "type": "Point", "coordinates": [ -5.838975278999953, 8.20099228700019 ] } },
{ "type": "Feature", "properties": { "admin_level": 2, "name": "Méagui", "name1": null, "name2": null, "name3": null, "x_coord": -6.74485663, "y_coord": 5.50350086, "adm4_name": null, "adm4_name1": null, "adm4_name2": null, "adm4_name3": null, "adm4_pcode": null, "adm3_name": null, "adm3_name1": null, "adm3_name2": null, "adm3_name3": null, "adm3_pcode": null, "adm2_name": "Méagui", "adm2_name1": null, "adm2_name2": null, "adm2_name3": null, "adm2_pcode": "CI2603", "adm1_name": "Nawa", "adm1_name1": null, "adm1_name2": null, "adm1_name3": null, "adm1_pcode": "CI26", "adm0_name": "Côte d'Ivoire", "adm0_name1": null, "adm0_name2": null, "adm0_name3": null, "adm0_pcode": "CI", "valid_on": "2018-07-06", "valid_to": null, "cod_version": "V_01", "lang": "fr", "lang1": null, "lang2": null, "lang3": null }, "geometry": { "type": "Point", "coordinates": [ -6.744856630999948, 5.503500856000073 ] } },
{ "type": "Feature", "properties": { "admin_level": 2, "name": "Minignan", "name1": null, "name2": null, "name3": null, "x_coord": -7.61715963, "y_coord": 10.16078769, "adm4_name": null, "adm4_name1": null, "adm4_name2": null, "adm4_name3": null, "adm4_pcode": null, "adm3_name": null, "adm3_name1": null, "adm3_name2": null, "adm3_name3": null, "adm3_pcode": null, "adm2_name": "Minignan", "adm2_name1": null, "adm2_name2": null, "adm2_name3": null, "adm2_pcode": "CI1002", "adm1_name": "Folon", "adm1_name1": null, "adm1_name2": null, "adm1_name3": null, "adm1_pcode": "CI10", "adm0_name": "Côte d'Ivoire", "adm0_name1": null, "adm0_name2": null, "adm0_name3": null, "adm0_pcode": "CI", "valid_on": "2018-07-06", "valid_to": null, "cod_version": "V_01", "lang": "fr", "lang1": null, "lang2": null, "lang3": null }, "geometry": { "type": "Point", "coordinates": [ -7.617159630999936, 10.160787686999981 ] } },
{ "type": "Feature", "properties": { "admin_level": 2, "name": "Nassian", "name1": null, "name2": null, "name3": null, "x_coord": -3.61115514, "y_coord": 8.46775076, "adm4_name": null, "adm4_name1": null, "adm4_name2": null, "adm4_name3": null, "adm4_pcode": null, "adm3_name": null, "adm3_name1": null, "adm3_name2": null, "adm3_name3": null, "adm3_pcode": null, "adm2_name": "Nassian", "adm2_name1": null, "adm2_name2": null, "adm2_name3": null, "adm2_pcode": "CI0803", "adm1_name": "Bounkani", "adm1_name1": null, "adm1_name2": null, "adm1_name3": null, "adm1_pcode": "CI08", "adm0_name": "Côte d'Ivoire", "adm0_name1": null, "adm0_name2": null, "adm0_name3": null, "adm0_pcode": "CI", "valid_on": "2018-07-06", "valid_to": null, "cod_version": "V_01", "lang": "fr", "lang1": null, "lang2": null, "lang3": null }, "geometry": { "type": "Point", "coordinates": [ -3.611155143999952, 8.467750759000126 ] } },
{ "type": "Feature", "properties": { "admin_level": 2, "name": "Niakaramandougou", "name1": null, "name2": null, "name3": null, "x_coord": -5.21045617, "y_coord": 8.88084458, "adm4_name": null, "adm4_name1": null, "adm4_name2": null, "adm4_name3": null, "adm4_pcode": null, "adm3_name": null, "adm3_name1": null, "adm3_name2": null, "adm3_name3": null, "adm3_pcode": null, "adm2_name": "Niakaramandougou", "adm2_name1": null, "adm2_name2": null, "adm2_name3": null, "adm2_pcode": "CI1703", "adm1_name": "Hambol", "adm1_name1": null, "adm1_name2": null, "adm1_name3": null, "adm1_pcode": "CI17", "adm0_name": "Côte d'Ivoire", "adm0_name1": null, "adm0_name2": null, "adm0_name3": null, "adm0_pcode": "CI", "valid_on": "2018-07-06", "valid_to": null, "cod_version": "V_01", "lang": "fr", "lang1": null, "lang2": null, "lang3": null }, "geometry": { "type": "Point", "coordinates": [ -5.210456172999955, 8.880844576000129 ] } },
{ "type": "Feature", "properties": { "admin_level": 2, "name": "Odienne", "name1": null, "name2": null, "name3": null, "x_coord": -7.43454166, "y_coord": 9.1188587, "adm4_name": null, "adm4_name1": null, "adm4_name2": null, "adm4_name3": null, "adm4_pcode": null, "adm3_name": null, "adm3_name1": null, "adm3_name2": null, "adm3_name3": null, "adm3_pcode": null, "adm2_name": "Odienne", "adm2_name1": null, "adm2_name2": null, "adm2_name3": null, "adm2_pcode": "CI2103", "adm1_name": "Kabadougou", "adm1_name1": null, "adm1_name2": null, "adm1_name3": null, "adm1_pcode": "CI21", "adm0_name": "Côte d'Ivoire", "adm0_name1": null, "adm0_name2": null, "adm0_name3": null, "adm0_pcode": "CI", "valid_on": "2018-07-06", "valid_to": null, "cod_version": "V_01", "lang": "fr", "lang1": null, "lang2": null, "lang3": null }, "geometry": { "type": "Point", "coordinates": [ -7.434541656999897, 9.118858699000043 ] } },
{ "type": "Feature", "properties": { "admin_level": 2, "name": "Ouangolodougou", "name1": null, "name2": null, "name3": null, "x_coord": -5.39010811, "y_coord": 10.09184237, "adm4_name": null, "adm4_name1": null, "adm4_name2": null, "adm4_name3": null, "adm4_pcode": null, "adm3_name": null, "adm3_name1": null, "adm3_name2": null, "adm3_name3": null, "adm3_pcode": null, "adm2_name": "Ouangolodougou", "adm2_name1": null, "adm2_name2": null, "adm2_name3": null, "adm2_pcode": "CI3103", "adm1_name": "Tchologo", "adm1_name1": null, "adm1_name2": null, "adm1_name3": null, "adm1_pcode": "CI31", "adm0_name": "Côte d'Ivoire", "adm0_name1": null, "adm0_name2": null, "adm0_name3": null, "adm0_pcode": "CI", "valid_on": "2018-07-06", "valid_to": null, "cod_version": "V_01", "lang": "fr", "lang1": null, "lang2": null, "lang3": null }, "geometry": { "type": "Point", "coordinates": [ -5.39010811299994, 10.091842367000027 ] } },
{ "type": "Feature", "properties": { "admin_level": 2, "name": "Ouaninou", "name1": null, "name2": null, "name3": null, "x_coord": -7.98485961, "y_coord": 8.21962641, "adm4_name": null, "adm4_name1": null, "adm4_name2": null, "adm4_name3": null, "adm4_pcode": null, "adm3_name": null, "adm3_name1": null, "adm3_name2": null, "adm3_name3": null, "adm3_pcode": null, "adm2_name": "Ouaninou", "adm2_name1": null, "adm2_name2": null, "adm2_name3": null, "adm2_pcode": "CI0402", "adm1_name": "Bafing", "adm1_name1": null, "adm1_name2": null, "adm1_name3": null, "adm1_pcode": "CI04", "adm0_name": "Côte d'Ivoire", "adm0_name1": null, "adm0_name2": null, "adm0_name3": null, "adm0_pcode": "CI", "valid_on": "2018-07-06", "valid_to": null, "cod_version": "V_01", "lang": "fr", "lang1": null, "lang2": null, "lang3": null }, "geometry": { "type": "Point", "coordinates": [ -7.984859612999969, 8.219626413000128 ] } },
{ "type": "Feature", "properties": { "admin_level": 2, "name": "Oumé", "name1": null, "name2": null, "name3": null, "x_coord": -5.53031804, "y_coord": 6.40111312, "adm4_name": null, "adm4_name1": null, "adm4_name2": null, "adm4_name3": null, "adm4_pcode": null, "adm3_name": null, "adm3_name1": null, "adm3_name2": null, "adm3_name3": null, "adm3_pcode": null, "adm2_name": "Oumé", "adm2_name1": null, "adm2_name2": null, "adm2_name3": null, "adm2_pcode": "CI1302", "adm1_name": "Goh", "adm1_name1": null, "adm1_name2": null, "adm1_name3": null, "adm1_pcode": "CI13", "adm0_name": "Côte d'Ivoire", "adm0_name1": null, "adm0_name2": null, "adm0_name3": null, "adm0_pcode": "CI", "valid_on": "2018-07-06", "valid_to": null, "cod_version": "V_01", "lang": "fr", "lang1": null, "lang2": null, "lang3": null }, "geometry": { "type": "Point", "coordinates": [ -5.530318035999926, 6.401113120000105 ] } },
{ "type": "Feature", "properties": { "admin_level": 2, "name": "Prikro", "name1": null, "name2": null, "name3": null, "x_coord": -3.93946318, "y_coord": 7.71452437, "adm4_name": null, "adm4_name1": null, "adm4_name2": null, "adm4_name3": null, "adm4_pcode": null, "adm3_name": null, "adm3_name1": null, "adm3_name2": null, "adm3_name3": null, "adm3_pcode": null, "adm2_name": "Prikro", "adm2_name1": null, "adm2_name2": null, "adm2_name3": null, "adm2_pcode": "CI1903", "adm1_name": "Iffou", "adm1_name1": null, "adm1_name2": null, "adm1_name3": null, "adm1_pcode": "CI19", "adm0_name": "Côte d'Ivoire", "adm0_name1": null, "adm0_name2": null, "adm0_name3": null, "adm0_pcode": "CI", "valid_on": "2018-07-06", "valid_to": null, "cod_version": "V_01", "lang": "fr", "lang1": null, "lang2": null, "lang3": null }, "geometry": { "type": "Point", "coordinates": [ -3.939463184999966, 7.714524374 ] } },
{ "type": "Feature", "properties": { "admin_level": 2, "name": "Sakassou", "name1": null, "name2": null, "name3": null, "x_coord": -5.3301804, "y_coord": 7.44201759, "adm4_name": null, "adm4_name1": null, "adm4_name2": null, "adm4_name3": null, "adm4_pcode": null, "adm3_name": null, "adm3_name1": null, "adm3_name2": null, "adm3_name3": null, "adm3_pcode": null, "adm2_name": "Sakassou", "adm2_name1": null, "adm2_name2": null, "adm2_name3": null, "adm2_pcode": "CI1104", "adm1_name": "Gbeke", "adm1_name1": null, "adm1_name2": null, "adm1_name3": null, "adm1_pcode": "CI11", "adm0_name": "Côte d'Ivoire", "adm0_name1": null, "adm0_name2": null, "adm0_name3": null, "adm0_pcode": "CI", "valid_on": "2018-07-06", "valid_to": null, "cod_version": "V_01", "lang": "fr", "lang1": null, "lang2": null, "lang3": null }, "geometry": { "type": "Point", "coordinates": [ -5.330180404999965, 7.442017591000081 ] } },
{ "type": "Feature", "properties": { "admin_level": 2, "name": "Samatiguila", "name1": null, "name2": null, "name3": null, "x_coord": -7.65975934, "y_coord": 9.81434202, "adm4_name": null, "adm4_name1": null, "adm4_name2": null, "adm4_name3": null, "adm4_pcode": null, "adm3_name": null, "adm3_name1": null, "adm3_name2": null, "adm3_name3": null, "adm3_pcode": null, "adm2_name": "Samatiguila", "adm2_name1": null, "adm2_name2": null, "adm2_name3": null, "adm2_pcode": "CI2104", "adm1_name": "Kabadougou", "adm1_name1": null, "adm1_name2": null, "adm1_name3": null, "adm1_pcode": "CI21", "adm0_name": "Côte d'Ivoire", "adm0_name1": null, "adm0_name2": null, "adm0_name3": null, "adm0_pcode": "CI", "valid_on": "2018-07-06", "valid_to": null, "cod_version": "V_01", "lang": "fr", "lang1": null, "lang2": null, "lang3": null }, "geometry": { "type": "Point", "coordinates": [ -7.659759340999926, 9.814342018000104 ] } },
{ "type": "Feature", "properties": { "admin_level": 2, "name": "San Pédro", "name1": null, "name2": null, "name3": null, "x_coord": -6.77604057, "y_coord": 4.98714937, "adm4_name": null, "adm4_name1": null, "adm4_name2": null, "adm4_name3": null, "adm4_pcode": null, "adm3_name": null, "adm3_name1": null, "adm3_name2": null, "adm3_name3": null, "adm3_pcode": null, "adm2_name": "San Pédro", "adm2_name1": null, "adm2_name2": null, "adm2_name3": null, "adm2_pcode": "CI2901", "adm1_name": "San Pedro", "adm1_name1": null, "adm1_name2": null, "adm1_name3": null, "adm1_pcode": "CI29", "adm0_name": "Côte d'Ivoire", "adm0_name1": null, "adm0_name2": null, "adm0_name3": null, "adm0_pcode": "CI", "valid_on": "2018-07-06", "valid_to": null, "cod_version": "V_01", "lang": "fr", "lang1": null, "lang2": null, "lang3": null }, "geometry": { "type": "Point", "coordinates": [ -6.776040569999964, 4.987149371000044 ] } },
{ "type": "Feature", "properties": { "admin_level": 2, "name": "Sandegue", "name1": null, "name2": null, "name3": null, "x_coord": -3.71622603, "y_coord": 8.11690253, "adm4_name": null, "adm4_name1": null, "adm4_name2": null, "adm4_name3": null, "adm4_pcode": null, "adm3_name": null, "adm3_name1": null, "adm3_name2": null, "adm3_name3": null, "adm3_pcode": null, "adm2_name": "Sandegue", "adm2_name1": null, "adm2_name2": null, "adm2_name3": null, "adm2_pcode": "CI1403", "adm1_name": "Gontougo", "adm1_name1": null, "adm1_name2": null, "adm1_name3": null, "adm1_pcode": "CI14", "adm0_name": "Côte d'Ivoire", "adm0_name1": null, "adm0_name2": null, "adm0_name3": null, "adm0_pcode": "CI", "valid_on": "2018-07-06", "valid_to": null, "cod_version": "V_01", "lang": "fr", "lang1": null, "lang2": null, "lang3": null }, "geometry": { "type": "Point", "coordinates": [ -3.716226032999884, 8.116902526000104 ] } },
{ "type": "Feature", "properties": { "admin_level": 2, "name": "Sassandra", "name1": null, "name2": null, "name3": null, "x_coord": -6.05683142, "y_coord": 5.24340526, "adm4_name": null, "adm4_name1": null, "adm4_name2": null, "adm4_name3": null, "adm4_pcode": null, "adm3_name": null, "adm3_name1": null, "adm3_name2": null, "adm3_name3": null, "adm3_pcode": null, "adm2_name": "Sassandra", "adm2_name1": null, "adm2_name2": null, "adm2_name3": null, "adm2_pcode": "CI1202", "adm1_name": "Gbokle", "adm1_name1": null, "adm1_name2": null, "adm1_name3": null, "adm1_pcode": "CI12", "adm0_name": "Côte d'Ivoire", "adm0_name1": null, "adm0_name2": null, "adm0_name3": null, "adm0_pcode": "CI", "valid_on": "2018-07-06", "valid_to": null, "cod_version": "V_01", "lang": "fr", "lang1": null, "lang2": null, "lang3": null }, "geometry": { "type": "Point", "coordinates": [ -6.056831421999959, 5.243405260000031 ] } },
{ "type": "Feature", "properties": { "admin_level": 2, "name": "Séguéla", "name1": null, "name2": null, "name3": null, "x_coord": -6.70854222, "y_coord": 8.15563166, "adm4_name": null, "adm4_name1": null, "adm4_name2": null, "adm4_name3": null, "adm4_pcode": null, "adm3_name": null, "adm3_name1": null, "adm3_name2": null, "adm3_name3": null, "adm3_pcode": null, "adm2_name": "Séguéla", "adm2_name1": null, "adm2_name2": null, "adm2_name3": null, "adm2_pcode": "CI3302", "adm1_name": "Worodougou", "adm1_name1": null, "adm1_name2": null, "adm1_name3": null, "adm1_pcode": "CI33", "adm0_name": "Côte d'Ivoire", "adm0_name1": null, "adm0_name2": null, "adm0_name3": null, "adm0_pcode": "CI", "valid_on": "2018-07-06", "valid_to": null, "cod_version": "V_01", "lang": "fr", "lang1": null, "lang2": null, "lang3": null }, "geometry": { "type": "Point", "coordinates": [ -6.708542219999913, 8.155631663000122 ] } },
{ "type": "Feature", "properties": { "admin_level": 2, "name": "Séguélon", "name1": null, "name2": null, "name3": null, "x_coord": -6.95869877, "y_coord": 9.24477998, "adm4_name": null, "adm4_name1": null, "adm4_name2": null, "adm4_name3": null, "adm4_pcode": null, "adm3_name": null, "adm3_name1": null, "adm3_name2": null, "adm3_name3": null, "adm3_pcode": null, "adm2_name": "Séguélon", "adm2_name1": null, "adm2_name2": null, "adm2_name3": null, "adm2_pcode": "CI2105", "adm1_name": "Kabadougou", "adm1_name1": null, "adm1_name2": null, "adm1_name3": null, "adm1_pcode": "CI21", "adm0_name": "Côte d'Ivoire", "adm0_name1": null, "adm0_name2": null, "adm0_name3": null, "adm0_pcode": "CI", "valid_on": "2018-07-06", "valid_to": null, "cod_version": "V_01", "lang": "fr", "lang1": null, "lang2": null, "lang3": null }, "geometry": { "type": "Point", "coordinates": [ -6.958698765999941, 9.244779982000011 ] } },
{ "type": "Feature", "properties": { "admin_level": 2, "name": "Sikensi", "name1": null, "name2": null, "name3": null, "x_coord": -4.52820327, "y_coord": 5.67190421, "adm4_name": null, "adm4_name1": null, "adm4_name2": null, "adm4_name3": null, "adm4_pcode": null, "adm3_name": null, "adm3_name1": null, "adm3_name2": null, "adm3_name3": null, "adm3_pcode": null, "adm2_name": "Sikensi", "adm2_name1": null, "adm2_name2": null, "adm2_name3": null, "adm2_pcode": "CI0302", "adm1_name": "Agneby-Tiassa", "adm1_name1": null, "adm1_name2": null, "adm1_name3": null, "adm1_pcode": "CI03", "adm0_name": "Côte d'Ivoire", "adm0_name1": null, "adm0_name2": null, "adm0_name3": null, "adm0_pcode": "CI", "valid_on": "2018-07-06", "valid_to": null, "cod_version": "V_01", "lang": "fr", "lang1": null, "lang2": null, "lang3": null }, "geometry": { "type": "Point", "coordinates": [ -4.52820326799997, 5.671904207000182 ] } },
{ "type": "Feature", "properties": { "admin_level": 2, "name": "Sinématiali", "name1": null, "name2": null, "name3": null, "x_coord": -5.3962266, "y_coord": 9.53825685, "adm4_name": null, "adm4_name1": null, "adm4_name2": null, "adm4_name3": null, "adm4_pcode": null, "adm3_name": null, "adm3_name1": null, "adm3_name2": null, "adm3_name3": null, "adm3_pcode": null, "adm2_name": "Sinématiali", "adm2_name1": null, "adm2_name2": null, "adm2_name3": null, "adm2_pcode": "CI2804", "adm1_name": "Poro", "adm1_name1": null, "adm1_name2": null, "adm1_name3": null, "adm1_pcode": "CI28", "adm0_name": "Côte d'Ivoire", "adm0_name1": null, "adm0_name2": null, "adm0_name3": null, "adm0_pcode": "CI", "valid_on": "2018-07-06", "valid_to": null, "cod_version": "V_01", "lang": "fr", "lang1": null, "lang2": null, "lang3": null }, "geometry": { "type": "Point", "coordinates": [ -5.396226598999931, 9.538256854000167 ] } },
{ "type": "Feature", "properties": { "admin_level": 2, "name": "Sinfra", "name1": null, "name2": null, "name3": null, "x_coord": -5.76195015, "y_coord": 6.65104969, "adm4_name": null, "adm4_name1": null, "adm4_name2": null, "adm4_name3": null, "adm4_pcode": null, "adm3_name": null, "adm3_name1": null, "adm3_name2": null, "adm3_name3": null, "adm3_pcode": null, "adm2_name": "Sinfra", "adm2_name1": null, "adm2_name2": null, "adm2_name3": null, "adm2_pcode": "CI2302", "adm1_name": "Marahoue", "adm1_name1": null, "adm1_name2": null, "adm1_name3": null, "adm1_pcode": "CI23", "adm0_name": "Côte d'Ivoire", "adm0_name1": null, "adm0_name2": null, "adm0_name3": null, "adm0_pcode": "CI", "valid_on": "2018-07-06", "valid_to": null, "cod_version": "V_01", "lang": "fr", "lang1": null, "lang2": null, "lang3": null }, "geometry": { "type": "Point", "coordinates": [ -5.761950151999883, 6.651049690000093 ] } },
{ "type": "Feature", "properties": { "admin_level": 2, "name": "Sipilou", "name1": null, "name2": null, "name3": null, "x_coord": -7.94919527, "y_coord": 7.86821083, "adm4_name": null, "adm4_name1": null, "adm4_name2": null, "adm4_name3": null, "adm4_pcode": null, "adm3_name": null, "adm3_name1": null, "adm3_name2": null, "adm3_name3": null, "adm3_pcode": null, "adm2_name": "Sipilou", "adm2_name1": null, "adm2_name2": null, "adm2_name3": null, "adm2_pcode": "CI3204", "adm1_name": "Tonkpi", "adm1_name1": null, "adm1_name2": null, "adm1_name3": null, "adm1_pcode": "CI32", "adm0_name": "Côte d'Ivoire", "adm0_name1": null, "adm0_name2": null, "adm0_name3": null, "adm0_pcode": "CI", "valid_on": "2018-07-06", "valid_to": null, "cod_version": "V_01", "lang": "fr", "lang1": null, "lang2": null, "lang3": null }, "geometry": { "type": "Point", "coordinates": [ -7.949195271999884, 7.868210829000134 ] } },
{ "type": "Feature", "properties": { "admin_level": 2, "name": "Soubré", "name1": null, "name2": null, "name3": null, "x_coord": -6.59012177, "y_coord": 5.92609384, "adm4_name": null, "adm4_name1": null, "adm4_name2": null, "adm4_name3": null, "adm4_pcode": null, "adm3_name": null, "adm3_name1": null, "adm3_name2": null, "adm3_name3": null, "adm3_pcode": null, "adm2_name": "Soubré", "adm2_name1": null, "adm2_name2": null, "adm2_name3": null, "adm2_pcode": "CI2604", "adm1_name": "Nawa", "adm1_name1": null, "adm1_name2": null, "adm1_name3": null, "adm1_pcode": "CI26", "adm0_name": "Côte d'Ivoire", "adm0_name1": null, "adm0_name2": null, "adm0_name3": null, "adm0_pcode": "CI", "valid_on": "2018-07-06", "valid_to": null, "cod_version": "V_01", "lang": "fr", "lang1": null, "lang2": null, "lang3": null }, "geometry": { "type": "Point", "coordinates": [ -6.59012176799996, 5.92609384400015 ] } },
{ "type": "Feature", "properties": { "admin_level": 2, "name": "Taabo", "name1": null, "name2": null, "name3": null, "x_coord": -4.99436637, "y_coord": 6.19164302, "adm4_name": null, "adm4_name1": null, "adm4_name2": null, "adm4_name3": null, "adm4_pcode": null, "adm3_name": null, "adm3_name1": null, "adm3_name2": null, "adm3_name3": null, "adm3_pcode": null, "adm2_name": "Taabo", "adm2_name1": null, "adm2_name2": null, "adm2_name3": null, "adm2_pcode": "CI0303", "adm1_name": "Agneby-Tiassa", "adm1_name1": null, "adm1_name2": null, "adm1_name3": null, "adm1_pcode": "CI03", "adm0_name": "Côte d'Ivoire", "adm0_name1": null, "adm0_name2": null, "adm0_name3": null, "adm0_pcode": "CI", "valid_on": "2018-07-06", "valid_to": null, "cod_version": "V_01", "lang": "fr", "lang1": null, "lang2": null, "lang3": null }, "geometry": { "type": "Point", "coordinates": [ -4.994366372999878, 6.191643019000082 ] } },
{ "type": "Feature", "properties": { "admin_level": 2, "name": "Tabou", "name1": null, "name2": null, "name3": null, "x_coord": -7.394291, "y_coord": 5.01866912, "adm4_name": null, "adm4_name1": null, "adm4_name2": null, "adm4_name3": null, "adm4_pcode": null, "adm3_name": null, "adm3_name1": null, "adm3_name2": null, "adm3_name3": null, "adm3_pcode": null, "adm2_name": "Tabou", "adm2_name1": null, "adm2_name2": null, "adm2_name3": null, "adm2_pcode": "CI2902", "adm1_name": "San Pedro", "adm1_name1": null, "adm1_name2": null, "adm1_name3": null, "adm1_pcode": "CI29", "adm0_name": "Côte d'Ivoire", "adm0_name1": null, "adm0_name2": null, "adm0_name3": null, "adm0_pcode": "CI", "valid_on": "2018-07-06", "valid_to": null, "cod_version": "V_01", "lang": "fr", "lang1": null, "lang2": null, "lang3": null }, "geometry": { "type": "Point", "coordinates": [ -7.394290995999881, 5.018669119000094 ] } },
{ "type": "Feature", "properties": { "admin_level": 2, "name": "Taï", "name1": null, "name2": null, "name3": null, "x_coord": -7.43581882, "y_coord": 6.01028161, "adm4_name": null, "adm4_name1": null, "adm4_name2": null, "adm4_name3": null, "adm4_pcode": null, "adm3_name": null, "adm3_name1": null, "adm3_name2": null, "adm3_name3": null, "adm3_pcode": null, "adm2_name": "Taï", "adm2_name1": null, "adm2_name2": null, "adm2_name3": null, "adm2_pcode": "CI0903", "adm1_name": "Cavally", "adm1_name1": null, "adm1_name2": null, "adm1_name3": null, "adm1_pcode": "CI09", "adm0_name": "Côte d'Ivoire", "adm0_name1": null, "adm0_name2": null, "adm0_name3": null, "adm0_pcode": "CI", "valid_on": "2018-07-06", "valid_to": null, "cod_version": "V_01", "lang": "fr", "lang1": null, "lang2": null, "lang3": null }, "geometry": { "type": "Point", "coordinates": [ -7.435818822999977, 6.010281609000117 ] } },
{ "type": "Feature", "properties": { "admin_level": 2, "name": "Tanda", "name1": null, "name2": null, "name3": null, "x_coord": -3.15342963, "y_coord": 7.85265617, "adm4_name": null, "adm4_name1": null, "adm4_name2": null, "adm4_name3": null, "adm4_pcode": null, "adm3_name": null, "adm3_name1": null, "adm3_name2": null, "adm3_name3": null, "adm3_pcode": null, "adm2_name": "Tanda", "adm2_name1": null, "adm2_name2": null, "adm2_name3": null, "adm2_pcode": "CI1404", "adm1_name": "Gontougo", "adm1_name1": null, "adm1_name2": null, "adm1_name3": null, "adm1_pcode": "CI14", "adm0_name": "Côte d'Ivoire", "adm0_name1": null, "adm0_name2": null, "adm0_name3": null, "adm0_pcode": "CI", "valid_on": "2018-07-06", "valid_to": null, "cod_version": "V_01", "lang": "fr", "lang1": null, "lang2": null, "lang3": null }, "geometry": { "type": "Point", "coordinates": [ -3.153429626999866, 7.852656172000025 ] } },
{ "type": "Feature", "properties": { "admin_level": 2, "name": "Téhini", "name1": null, "name2": null, "name3": null, "x_coord": -3.87318689, "y_coord": 9.75210772, "adm4_name": null, "adm4_name1": null, "adm4_name2": null, "adm4_name3": null, "adm4_pcode": null, "adm3_name": null, "adm3_name1": null, "adm3_name2": null, "adm3_name3": null, "adm3_pcode": null, "adm2_name": "Téhini", "adm2_name1": null, "adm2_name2": null, "adm2_name3": null, "adm2_pcode": "CI0804", "adm1_name": "Bounkani", "adm1_name1": null, "adm1_name2": null, "adm1_name3": null, "adm1_pcode": "CI08", "adm0_name": "Côte d'Ivoire", "adm0_name1": null, "adm0_name2": null, "adm0_name3": null, "adm0_pcode": "CI", "valid_on": "2018-07-06", "valid_to": null, "cod_version": "V_01", "lang": "fr", "lang1": null, "lang2": null, "lang3": null }, "geometry": { "type": "Point", "coordinates": [ -3.873186886999861, 9.752107721000073 ] } },
{ "type": "Feature", "properties": { "admin_level": 2, "name": "Tengrela", "name1": null, "name2": null, "name3": null, "x_coord": -6.43530434, "y_coord": 10.4769131, "adm4_name": null, "adm4_name1": null, "adm4_name2": null, "adm4_name3": null, "adm4_pcode": null, "adm3_name": null, "adm3_name1": null, "adm3_name2": null, "adm3_name3": null, "adm3_pcode": null, "adm2_name": "Tengrela", "adm2_name1": null, "adm2_name2": null, "adm2_name3": null, "adm2_pcode": "CI0503", "adm1_name": "Bagoue", "adm1_name1": null, "adm1_name2": null, "adm1_name3": null, "adm1_pcode": "CI05", "adm0_name": "Côte d'Ivoire", "adm0_name1": null, "adm0_name2": null, "adm0_name3": null, "adm0_pcode": "CI", "valid_on": "2018-07-06", "valid_to": null, "cod_version": "V_01", "lang": "fr", "lang1": null, "lang2": null, "lang3": null }, "geometry": { "type": "Point", "coordinates": [ -6.435304339999959, 10.476913097000022 ] } },
{ "type": "Feature", "properties": { "admin_level": 2, "name": "Tiapoum", "name1": null, "name2": null, "name3": null, "x_coord": -2.87133727, "y_coord": 5.24503617, "adm4_name": null, "adm4_name1": null, "adm4_name2": null, "adm4_name3": null, "adm4_pcode": null, "adm3_name": null, "adm3_name1": null, "adm3_name2": null, "adm3_name3": null, "adm3_pcode": null, "adm2_name": "Tiapoum", "adm2_name1": null, "adm2_name2": null, "adm2_name3": null, "adm2_pcode": "CI3004", "adm1_name": "Sud-Comoe", "adm1_name1": null, "adm1_name2": null, "adm1_name3": null, "adm1_pcode": "CI30", "adm0_name": "Côte d'Ivoire", "adm0_name1": null, "adm0_name2": null, "adm0_name3": null, "adm0_pcode": "CI", "valid_on": "2018-07-06", "valid_to": null, "cod_version": "V_01", "lang": "fr", "lang1": null, "lang2": null, "lang3": null }, "geometry": { "type": "Point", "coordinates": [ -2.871337265999955, 5.245036174000177 ] } },
{ "type": "Feature", "properties": { "admin_level": 2, "name": "Tiassalé", "name1": null, "name2": null, "name3": null, "x_coord": -4.79646444, "y_coord": 5.93083495, "adm4_name": null, "adm4_name1": null, "adm4_name2": null, "adm4_name3": null, "adm4_pcode": null, "adm3_name": null, "adm3_name1": null, "adm3_name2": null, "adm3_name3": null, "adm3_pcode": null, "adm2_name": "Tiassalé", "adm2_name1": null, "adm2_name2": null, "adm2_name3": null, "adm2_pcode": "CI0304", "adm1_name": "Agneby-Tiassa", "adm1_name1": null, "adm1_name2": null, "adm1_name3": null, "adm1_pcode": "CI03", "adm0_name": "Côte d'Ivoire", "adm0_name1": null, "adm0_name2": null, "adm0_name3": null, "adm0_pcode": "CI", "valid_on": "2018-07-06", "valid_to": null, "cod_version": "V_01", "lang": "fr", "lang1": null, "lang2": null, "lang3": null }, "geometry": { "type": "Point", "coordinates": [ -4.796464439999966, 5.930834947999983 ] } },
{ "type": "Feature", "properties": { "admin_level": 2, "name": "Tiébissou", "name1": null, "name2": null, "name3": null, "x_coord": -5.20699104, "y_coord": 7.12106967, "adm4_name": null, "adm4_name1": null, "adm4_name2": null, "adm4_name3": null, "adm4_pcode": null, "adm3_name": null, "adm3_name1": null, "adm3_name2": null, "adm3_name3": null, "adm3_pcode": null, "adm2_name": "Tiébissou", "adm2_name1": null, "adm2_name2": null, "adm2_name3": null, "adm2_pcode": "CI0603", "adm1_name": "Belier", "adm1_name1": null, "adm1_name2": null, "adm1_name3": null, "adm1_pcode": "CI06", "adm0_name": "Côte d'Ivoire", "adm0_name1": null, "adm0_name2": null, "adm0_name3": null, "adm0_pcode": "CI", "valid_on": "2018-07-06", "valid_to": null, "cod_version": "V_01", "lang": "fr", "lang1": null, "lang2": null, "lang3": null }, "geometry": { "type": "Point", "coordinates": [ -5.206991040999924, 7.121069674000125 ] } },
{ "type": "Feature", "properties": { "admin_level": 2, "name": "Touba", "name1": null, "name2": null, "name3": null, "x_coord": -7.40963381, "y_coord": 8.16378672, "adm4_name": null, "adm4_name1": null, "adm4_name2": null, "adm4_name3": null, "adm4_pcode": null, "adm3_name": null, "adm3_name1": null, "adm3_name2": null, "adm3_name3": null, "adm3_pcode": null, "adm2_name": "Touba", "adm2_name1": null, "adm2_name2": null, "adm2_name3": null, "adm2_pcode": "CI0403", "adm1_name": "Bafing", "adm1_name1": null, "adm1_name2": null, "adm1_name3": null, "adm1_pcode": "CI04", "adm0_name": "Côte d'Ivoire", "adm0_name1": null, "adm0_name2": null, "adm0_name3": null, "adm0_pcode": "CI", "valid_on": "2018-07-06", "valid_to": null, "cod_version": "V_01", "lang": "fr", "lang1": null, "lang2": null, "lang3": null }, "geometry": { "type": "Point", "coordinates": [ -7.409633804999942, 8.163786721 ] } },
{ "type": "Feature", "properties": { "admin_level": 2, "name": "Toulepleu", "name1": null, "name2": null, "name3": null, "x_coord": -8.34693219, "y_coord": 6.50120213, "adm4_name": null, "adm4_name1": null, "adm4_name2": null, "adm4_name3": null, "adm4_pcode": null, "adm3_name": null, "adm3_name1": null, "adm3_name2": null, "adm3_name3": null, "adm3_pcode": null, "adm2_name": "Toulepleu", "adm2_name1": null, "adm2_name2": null, "adm2_name3": null, "adm2_pcode": "CI0904", "adm1_name": "Cavally", "adm1_name1": null, "adm1_name2": null, "adm1_name3": null, "adm1_pcode": "CI09", "adm0_name": "Côte d'Ivoire", "adm0_name1": null, "adm0_name2": null, "adm0_name3": null, "adm0_pcode": "CI", "valid_on": "2018-07-06", "valid_to": null, "cod_version": "V_01", "lang": "fr", "lang1": null, "lang2": null, "lang3": null }, "geometry": { "type": "Point", "coordinates": [ -8.346932186999936, 6.501202128000102 ] } },
{ "type": "Feature", "properties": { "admin_level": 2, "name": "Toumodi", "name1": null, "name2": null, "name3": null, "x_coord": -4.9334196, "y_coord": 6.50987189, "adm4_name": null, "adm4_name1": null, "adm4_name2": null, "adm4_name3": null, "adm4_pcode": null, "adm3_name": null, "adm3_name1": null, "adm3_name2": null, "adm3_name3": null, "adm3_pcode": null, "adm2_name": "Toumodi", "adm2_name1": null, "adm2_name2": null, "adm2_name3": null, "adm2_pcode": "CI0604", "adm1_name": "Belier", "adm1_name1": null, "adm1_name2": null, "adm1_name3": null, "adm1_pcode": "CI06", "adm0_name": "Côte d'Ivoire", "adm0_name1": null, "adm0_name2": null, "adm0_name3": null, "adm0_pcode": "CI", "valid_on": "2018-07-06", "valid_to": null, "cod_version": "V_01", "lang": "fr", "lang1": null, "lang2": null, "lang3": null }, "geometry": { "type": "Point", "coordinates": [ -4.933419600999969, 6.509871885000052 ] } },
{ "type": "Feature", "properties": { "admin_level": 2, "name": "Transua", "name1": null, "name2": null, "name3": null, "x_coord": -3.04262566, "y_coord": 7.57563779, "adm4_name": null, "adm4_name1": null, "adm4_name2": null, "adm4_name3": null, "adm4_pcode": null, "adm3_name": null, "adm3_name1": null, "adm3_name2": null, "adm3_name3": null, "adm3_pcode": null, "adm2_name": "Transua", "adm2_name1": null, "adm2_name2": null, "adm2_name3": null, "adm2_pcode": "CI1405", "adm1_name": "Gontougo", "adm1_name1": null, "adm1_name2": null, "adm1_name3": null, "adm1_pcode": "CI14", "adm0_name": "Côte d'Ivoire", "adm0_name1": null, "adm0_name2": null, "adm0_name3": null, "adm0_pcode": "CI", "valid_on": "2018-07-06", "valid_to": null, "cod_version": "V_01", "lang": "fr", "lang1": null, "lang2": null, "lang3": null }, "geometry": { "type": "Point", "coordinates": [ -3.042625658999953, 7.575637789000041 ] } },
{ "type": "Feature", "properties": { "admin_level": 2, "name": "Vavoua", "name1": null, "name2": null, "name3": null, "x_coord": -6.69528875, "y_coord": 7.42300041, "adm4_name": null, "adm4_name1": null, "adm4_name2": null, "adm4_name3": null, "adm4_pcode": null, "adm3_name": null, "adm3_name1": null, "adm3_name2": null, "adm3_name3": null, "adm3_pcode": null, "adm2_name": "Vavoua", "adm2_name1": null, "adm2_name2": null, "adm2_name3": null, "adm2_pcode": "CI1803", "adm1_name": "Haut-Sassandra", "adm1_name1": null, "adm1_name2": null, "adm1_name3": null, "adm1_pcode": "CI18", "adm0_name": "Côte d'Ivoire", "adm0_name1": null, "adm0_name2": null, "adm0_name3": null, "adm0_pcode": "CI", "valid_on": "2018-07-06", "valid_to": null, "cod_version": "V_01", "lang": "fr", "lang1": null, "lang2": null, "lang3": null }, "geometry": { "type": "Point", "coordinates": [ -6.69528874699995, 7.423000410000043 ] } },
{ "type": "Feature", "properties": { "admin_level": 2, "name": "Yakassé-Attobrou", "name1": null, "name2": null, "name3": null, "x_coord": -3.55199611, "y_coord": 6.10244764, "adm4_name": null, "adm4_name1": null, "adm4_name2": null, "adm4_name3": null, "adm4_pcode": null, "adm3_name": null, "adm3_name1": null, "adm3_name2": null, "adm3_name3": null, "adm3_pcode": null, "adm2_name": "Yakassé-Attobrou", "adm2_name1": null, "adm2_name2": null, "adm2_name3": null, "adm2_pcode": "CI2404", "adm1_name": "Me", "adm1_name1": null, "adm1_name2": null, "adm1_name3": null, "adm1_pcode": "CI24", "adm0_name": "Côte d'Ivoire", "adm0_name1": null, "adm0_name2": null, "adm0_name3": null, "adm0_pcode": "CI", "valid_on": "2018-07-06", "valid_to": null, "cod_version": "V_01", "lang": "fr", "lang1": null, "lang2": null, "lang3": null }, "geometry": { "type": "Point", "coordinates": [ -3.551996114999952, 6.102447636000022 ] } },
{ "type": "Feature", "properties": { "admin_level": 2, "name": "Yamoussoukro", "name1": null, "name2": null, "name3": null, "x_coord": -5.33336197, "y_coord": 6.80822722, "adm4_name": null, "adm4_name1": null, "adm4_name2": null, "adm4_name3": null, "adm4_pcode": null, "adm3_name": null, "adm3_name1": null, "adm3_name2": null, "adm3_name3": null, "adm3_pcode": null, "adm2_name": "Yamoussoukro", "adm2_name1": null, "adm2_name2": null, "adm2_name3": null, "adm2_pcode": "CI0202", "adm1_name": "District Autonome De Yamoussoukro", "adm1_name1": null, "adm1_name2": null, "adm1_name3": null, "adm1_pcode": "CI02", "adm0_name": "Côte d'Ivoire", "adm0_name1": null, "adm0_name2": null, "adm0_name3": null, "adm0_pcode": "CI", "valid_on": "2018-07-06", "valid_to": null, "cod_version": "V_01", "lang": "fr", "lang1": null, "lang2": null, "lang3": null }, "geometry": { "type": "Point", "coordinates": [ -5.333361969999942, 6.808227221000038 ] } },
{ "type": "Feature", "properties": { "admin_level": 2, "name": "Zouan-Hounien", "name1": null, "name2": null, "name3": null, "x_coord": -8.20566259, "y_coord": 6.8559121, "adm4_name": null, "adm4_name1": null, "adm4_name2": null, "adm4_name3": null, "adm4_pcode": null, "adm3_name": null, "adm3_name1": null, "adm3_name2": null, "adm3_name3": null, "adm3_pcode": null, "adm2_name": "Zouan-Hounien", "adm2_name1": null, "adm2_name2": null, "adm2_name3": null, "adm2_pcode": "CI3205", "adm1_name": "Tonkpi", "adm1_name1": null, "adm1_name2": null, "adm1_name3": null, "adm1_pcode": "CI32", "adm0_name": "Côte d'Ivoire", "adm0_name1": null, "adm0_name2": null, "adm0_name3": null, "adm0_pcode": "CI", "valid_on": "2018-07-06", "valid_to": null, "cod_version": "V_01", "lang": "fr", "lang1": null, "lang2": null, "lang3": null }, "geometry": { "type": "Point", "coordinates": [ -8.205662593999932, 6.855912098000147 ] } },
{ "type": "Feature", "properties": { "admin_level": 2, "name": "Zoukougbeu", "name1": null, "name2": null, "name3": null, "x_coord": -6.86101064, "y_coord": 6.84685317, "adm4_name": null, "adm4_name1": null, "adm4_name2": null, "adm4_name3": null, "adm4_pcode": null, "adm3_name": null, "adm3_name1": null, "adm3_name2": null, "adm3_name3": null, "adm3_pcode": null, "adm2_name": "Zoukougbeu", "adm2_name1": null, "adm2_name2": null, "adm2_name3": null, "adm2_pcode": "CI1804", "adm1_name": "Haut-Sassandra", "adm1_name1": null, "adm1_name2": null, "adm1_name3": null, "adm1_pcode": "CI18", "adm0_name": "Côte d'Ivoire", "adm0_name1": null, "adm0_name2": null, "adm0_name3": null, "adm0_pcode": "CI", "valid_on": "2018-07-06", "valid_to": null, "cod_version": "V_01", "lang": "fr", "lang1": null, "lang2": null, "lang3": null }, "geometry": { "type": "Point", "coordinates": [ -6.861010637999868, 6.846853166000074 ] } },
{ "type": "Feature", "properties": { "admin_level": 2, "name": "Zuénoula", "name1": null, "name2": null, "name3": null, "x_coord": -6.05676024, "y_coord": 7.46148089, "adm4_name": null, "adm4_name1": null, "adm4_name2": null, "adm4_name3": null, "adm4_pcode": null, "adm3_name": null, "adm3_name1": null, "adm3_name2": null, "adm3_name3": null, "adm3_pcode": null, "adm2_name": "Zuénoula", "adm2_name1": null, "adm2_name2": null, "adm2_name3": null, "adm2_pcode": "CI2303", "adm1_name": "Marahoue", "adm1_name1": null, "adm1_name2": null, "adm1_name3": null, "adm1_pcode": "CI23", "adm0_name": "Côte d'Ivoire", "adm0_name1": null, "adm0_name2": null, "adm0_name3": null, "adm0_pcode": "CI", "valid_on": "2018-07-06", "valid_to": null, "cod_version": "V_01", "lang": "fr", "lang1": null, "lang2": null, "lang3": null }, "geometry": { "type": "Point", "coordinates": [ -6.056760237999981, 7.461480891000065 ] } },
{ "type": "Feature", "properties": { "admin_level": 3, "name": "Abengourou", "name1": null, "name2": null, "name3": null, "x_coord": -3.51168437, "y_coord": 6.67184795, "adm4_name": null, "adm4_name1": null, "adm4_name2": null, "adm4_name3": null, "adm4_pcode": null, "adm3_name": "Abengourou", "adm3_name1": null, "adm3_name2": null, "adm3_name3": null, "adm3_pcode": "CI200101", "adm2_name": "Abengourou", "adm2_name1": null, "adm2_name2": null, "adm2_name3": null, "adm2_pcode": "CI2001", "adm1_name": "Indenie-Djuablin", "adm1_name1": null, "adm1_name2": null, "adm1_name3": null, "adm1_pcode": "CI20", "adm0_name": "Côte d'Ivoire", "adm0_name1": null, "adm0_name2": null, "adm0_name3": null, "adm0_pcode": "CI", "valid_on": "2018-07-06", "valid_to": null, "cod_version": "V_01", "lang": "fr", "lang1": null, "lang2": null, "lang3": null }, "geometry": { "type": "Point", "coordinates": [ -3.511684367999919, 6.671847954000043 ] } },
{ "type": "Feature", "properties": { "admin_level": 3, "name": "Abidjan", "name1": null, "name2": null, "name3": null, "x_coord": -4.03165922, "y_coord": 5.34647057, "adm4_name": null, "adm4_name1": null, "adm4_name2": null, "adm4_name3": null, "adm4_pcode": null, "adm3_name": "Abidjan", "adm3_name1": null, "adm3_name2": null, "adm3_name3": null, "adm3_pcode": "CI010101", "adm2_name": "Abidjan", "adm2_name1": null, "adm2_name2": null, "adm2_name3": null, "adm2_pcode": "CI0101", "adm1_name": "District Autonome D'Abidjan", "adm1_name1": null, "adm1_name2": null, "adm1_name3": null, "adm1_pcode": "CI01", "adm0_name": "Côte d'Ivoire", "adm0_name1": null, "adm0_name2": null, "adm0_name3": null, "adm0_pcode": "CI", "valid_on": "2018-07-06", "valid_to": null, "cod_version": "V_01", "lang": "fr", "lang1": null, "lang2": null, "lang3": null }, "geometry": { "type": "Point", "coordinates": [ -4.031659216999913, 5.34647056700004 ] } },
{ "type": "Feature", "properties": { "admin_level": 3, "name": "Abigui", "name1": null, "name2": null, "name3": null, "x_coord": -4.87209961, "y_coord": 6.7388275, "adm4_name": null, "adm4_name1": null, "adm4_name2": null, "adm4_name3": null, "adm4_pcode": null, "adm3_name": "Abigui", "adm3_name1": null, "adm3_name2": null, "adm3_name3": null, "adm3_pcode": "CI270201", "adm2_name": "Dimbokro", "adm2_name1": null, "adm2_name2": null, "adm2_name3": null, "adm2_pcode": "CI2702", "adm1_name": "N'Zi", "adm1_name1": null, "adm1_name2": null, "adm1_name3": null, "adm1_pcode": "CI27", "adm0_name": "Côte d'Ivoire", "adm0_name1": null, "adm0_name2": null, "adm0_name3": null, "adm0_pcode": "CI", "valid_on": "2018-07-06", "valid_to": null, "cod_version": "V_01", "lang": "fr", "lang1": null, "lang2": null, "lang3": null }, "geometry": { "type": "Point", "coordinates": [ -4.87209960499996, 6.738827498000092 ] } },
{ "type": "Feature", "properties": { "admin_level": 3, "name": "Aboisso", "name1": null, "name2": null, "name3": null, "x_coord": -3.21637857, "y_coord": 5.49306679, "adm4_name": null, "adm4_name1": null, "adm4_name2": null, "adm4_name3": null, "adm4_pcode": null, "adm3_name": "Aboisso", "adm3_name1": null, "adm3_name2": null, "adm3_name3": null, "adm3_pcode": "CI300101", "adm2_name": "Aboisso", "adm2_name1": null, "adm2_name2": null, "adm2_name3": null, "adm2_pcode": "CI3001", "adm1_name": "Sud-Comoe", "adm1_name1": null, "adm1_name2": null, "adm1_name3": null, "adm1_pcode": "CI30", "adm0_name": "Côte d'Ivoire", "adm0_name1": null, "adm0_name2": null, "adm0_name3": null, "adm0_pcode": "CI", "valid_on": "2018-07-06", "valid_to": null, "cod_version": "V_01", "lang": "fr", "lang1": null, "lang2": null, "lang3": null }, "geometry": { "type": "Point", "coordinates": [ -3.216378567999925, 5.493066790000057 ] } },
{ "type": "Feature", "properties": { "admin_level": 3, "name": "Aboisso-Comoé", "name1": null, "name2": null, "name3": null, "x_coord": -3.42154083, "y_coord": 5.68426574, "adm4_name": null, "adm4_name1": null, "adm4_name2": null, "adm4_name3": null, "adm4_pcode": null, "adm3_name": "Aboisso-Comoé", "adm3_name1": null, "adm3_name2": null, "adm3_name3": null, "adm3_pcode": "CI240301", "adm2_name": "Alépé", "adm2_name1": null, "adm2_name2": null, "adm2_name3": null, "adm2_pcode": "CI2403", "adm1_name": "Me", "adm1_name1": null, "adm1_name2": null, "adm1_name3": null, "adm1_pcode": "CI24", "adm0_name": "Côte d'Ivoire", "adm0_name1": null, "adm0_name2": null, "adm0_name3": null, "adm0_pcode": "CI", "valid_on": "2018-07-06", "valid_to": null, "cod_version": "V_01", "lang": "fr", "lang1": null, "lang2": null, "lang3": null }, "geometry": { "type": "Point", "coordinates": [ -3.421540826999887, 5.684265745000175 ] } },
{ "type": "Feature", "properties": { "admin_level": 3, "name": "Abongoua", "name1": null, "name2": null, "name3": null, "x_coord": -3.54168165, "y_coord": 6.27480705, "adm4_name": null, "adm4_name1": null, "adm4_name2": null, "adm4_name3": null, "adm4_pcode": null, "adm3_name": "Abongoua", "adm3_name1": null, "adm3_name2": null, "adm3_name3": null, "adm3_pcode": "CI240402", "adm2_name": "Yakassé-Attobrou", "adm2_name1": null, "adm2_name2": null, "adm2_name3": null, "adm2_pcode": "CI2404", "adm1_name": "Me", "adm1_name1": null, "adm1_name2": null, "adm1_name3": null, "adm1_pcode": "CI24", "adm0_name": "Côte d'Ivoire", "adm0_name1": null, "adm0_name2": null, "adm0_name3": null, "adm0_pcode": "CI", "valid_on": "2018-07-06", "valid_to": null, "cod_version": "V_01", "lang": "fr", "lang1": null, "lang2": null, "lang3": null }, "geometry": { "type": "Point", "coordinates": [ -3.541681652999898, 6.274807046000149 ] } },
{ "type": "Feature", "properties": { "admin_level": 3, "name": "Aboudé", "name1": null, "name2": null, "name3": null, "x_coord": -4.5553979, "y_coord": 5.9050645, "adm4_name": null, "adm4_name1": null, "adm4_name2": null, "adm4_name3": null, "adm4_pcode": null, "adm3_name": "Aboudé", "adm3_name1": null, "adm3_name2": null, "adm3_name3": null, "adm3_pcode": "CI030101", "adm2_name": "Agboville", "adm2_name1": null, "adm2_name2": null, "adm2_name3": null, "adm2_pcode": "CI0301", "adm1_name": "Agneby-Tiassa", "adm1_name1": null, "adm1_name2": null, "adm1_name3": null, "adm1_pcode": "CI03", "adm0_name": "Côte d'Ivoire", "adm0_name1": null, "adm0_name2": null, "adm0_name3": null, "adm0_pcode": "CI", "valid_on": "2018-07-06", "valid_to": null, "cod_version": "V_01", "lang": "fr", "lang1": null, "lang2": null, "lang3": null }, "geometry": { "type": "Point", "coordinates": [ -4.555397901999925, 5.905064500000094 ] } },
{ "type": "Feature", "properties": { "admin_level": 3, "name": "Adaou", "name1": null, "name2": null, "name3": null, "x_coord": -3.400492, "y_coord": 5.4566441, "adm4_name": null, "adm4_name1": null, "adm4_name2": null, "adm4_name3": null, "adm4_pcode": null, "adm3_name": "Adaou", "adm3_name1": null, "adm3_name2": null, "adm3_name3": null, "adm3_pcode": "CI300102", "adm2_name": "Aboisso", "adm2_name1": null, "adm2_name2": null, "adm2_name3": null, "adm2_pcode": "CI3001", "adm1_name": "Sud-Comoe", "adm1_name1": null, "adm1_name2": null, "adm1_name3": null, "adm1_pcode": "CI30", "adm0_name": "Côte d'Ivoire", "adm0_name1": null, "adm0_name2": null, "adm0_name3": null, "adm0_pcode": "CI", "valid_on": "2018-07-06", "valid_to": null, "cod_version": "V_01", "lang": "fr", "lang1": null, "lang2": null, "lang3": null }, "geometry": { "type": "Point", "coordinates": [ -3.400492000999918, 5.456644097000094 ] } },
{ "type": "Feature", "properties": { "admin_level": 3, "name": "Adiake", "name1": null, "name2": null, "name3": null, "x_coord": -3.32436159, "y_coord": 5.27179505, "adm4_name": null, "adm4_name1": null, "adm4_name2": null, "adm4_name3": null, "adm4_pcode": null, "adm3_name": "Adiake", "adm3_name1": null, "adm3_name2": null, "adm3_name3": null, "adm3_pcode": "CI300201", "adm2_name": "Adiaké", "adm2_name1": null, "adm2_name2": null, "adm2_name3": null, "adm2_pcode": "CI3002", "adm1_name": "Sud-Comoe", "adm1_name1": null, "adm1_name2": null, "adm1_name3": null, "adm1_pcode": "CI30", "adm0_name": "Côte d'Ivoire", "adm0_name1": null, "adm0_name2": null, "adm0_name3": null, "adm0_pcode": "CI", "valid_on": "2018-07-06", "valid_to": null, "cod_version": "V_01", "lang": "fr", "lang1": null, "lang2": null, "lang3": null }, "geometry": { "type": "Point", "coordinates": [ -3.324361592999935, 5.271795048000172 ] } },
{ "type": "Feature", "properties": { "admin_level": 3, "name": "Adjouan", "name1": null, "name2": null, "name3": null, "x_coord": -3.07045449, "y_coord": 5.27431867, "adm4_name": null, "adm4_name1": null, "adm4_name2": null, "adm4_name3": null, "adm4_pcode": null, "adm3_name": "Adjouan", "adm3_name1": null, "adm3_name2": null, "adm3_name3": null, "adm3_pcode": "CI300103", "adm2_name": "Aboisso", "adm2_name1": null, "adm2_name2": null, "adm2_name3": null, "adm2_pcode": "CI3001", "adm1_name": "Sud-Comoe", "adm1_name1": null, "adm1_name2": null, "adm1_name3": null, "adm1_pcode": "CI30", "adm0_name": "Côte d'Ivoire", "adm0_name1": null, "adm0_name2": null, "adm0_name3": null, "adm0_pcode": "CI", "valid_on": "2018-07-06", "valid_to": null, "cod_version": "V_01", "lang": "fr", "lang1": null, "lang2": null, "lang3": null }, "geometry": { "type": "Point", "coordinates": [ -3.070454490999907, 5.27431866500018 ] } },
{ "type": "Feature", "properties": { "admin_level": 3, "name": "Adzopé", "name1": null, "name2": null, "name3": null, "x_coord": -3.80315747, "y_coord": 6.21679068, "adm4_name": null, "adm4_name1": null, "adm4_name2": null, "adm4_name3": null, "adm4_pcode": null, "adm3_name": "Adzopé", "adm3_name1": null, "adm3_name2": null, "adm3_name3": null, "adm3_pcode": "CI240101", "adm2_name": "Adzopé", "adm2_name1": null, "adm2_name2": null, "adm2_name3": null, "adm2_pcode": "CI2401", "adm1_name": "Me", "adm1_name1": null, "adm1_name2": null, "adm1_name3": null, "adm1_pcode": "CI24", "adm0_name": "Côte d'Ivoire", "adm0_name1": null, "adm0_name2": null, "adm0_name3": null, "adm0_pcode": "CI", "valid_on": "2018-07-06", "valid_to": null, "cod_version": "V_01", "lang": "fr", "lang1": null, "lang2": null, "lang3": null }, "geometry": { "type": "Point", "coordinates": [ -3.803157468999814, 6.216790678999985 ] } },
{ "type": "Feature", "properties": { "admin_level": 3, "name": "Afféry", "name1": null, "name2": null, "name3": null, "x_coord": -4.04451948, "y_coord": 6.33508299, "adm4_name": null, "adm4_name1": null, "adm4_name2": null, "adm4_name3": null, "adm4_pcode": null, "adm3_name": "Afféry", "adm3_name1": null, "adm3_name2": null, "adm3_name3": null, "adm3_pcode": "CI240201", "adm2_name": "Akoupé", "adm2_name1": null, "adm2_name2": null, "adm2_name3": null, "adm2_pcode": "CI2402", "adm1_name": "Me", "adm1_name1": null, "adm1_name2": null, "adm1_name3": null, "adm1_pcode": "CI24", "adm0_name": "Côte d'Ivoire", "adm0_name1": null, "adm0_name2": null, "adm0_name3": null, "adm0_pcode": "CI", "valid_on": "2018-07-06", "valid_to": null, "cod_version": "V_01", "lang": "fr", "lang1": null, "lang2": null, "lang3": null }, "geometry": { "type": "Point", "coordinates": [ -4.04451947899986, 6.335082993000185 ] } },
{ "type": "Feature", "properties": { "admin_level": 3, "name": "Agboville", "name1": null, "name2": null, "name3": null, "x_coord": -4.17618965, "y_coord": 5.85763998, "adm4_name": null, "adm4_name1": null, "adm4_name2": null, "adm4_name3": null, "adm4_pcode": null, "adm3_name": "Agboville", "adm3_name1": null, "adm3_name2": null, "adm3_name3": null, "adm3_pcode": "CI030102", "adm2_name": "Agboville", "adm2_name1": null, "adm2_name2": null, "adm2_name3": null, "adm2_pcode": "CI0301", "adm1_name": "Agneby-Tiassa", "adm1_name1": null, "adm1_name2": null, "adm1_name3": null, "adm1_pcode": "CI03", "adm0_name": "Côte d'Ivoire", "adm0_name1": null, "adm0_name2": null, "adm0_name3": null, "adm0_pcode": "CI", "valid_on": "2018-07-06", "valid_to": null, "cod_version": "V_01", "lang": "fr", "lang1": null, "lang2": null, "lang3": null }, "geometry": { "type": "Point", "coordinates": [ -4.176189646999887, 5.857639977000076 ] } },
{ "type": "Feature", "properties": { "admin_level": 3, "name": "Agnibilekrou", "name1": null, "name2": null, "name3": null, "x_coord": -3.22678692, "y_coord": 7.16083819, "adm4_name": null, "adm4_name1": null, "adm4_name2": null, "adm4_name3": null, "adm4_pcode": null, "adm3_name": "Agnibilekrou", "adm3_name1": null, "adm3_name2": null, "adm3_name3": null, "adm3_pcode": "CI200201", "adm2_name": "Agnibilékrou", "adm2_name1": null, "adm2_name2": null, "adm2_name3": null, "adm2_pcode": "CI2002", "adm1_name": "Indenie-Djuablin", "adm1_name1": null, "adm1_name2": null, "adm1_name3": null, "adm1_pcode": "CI20", "adm0_name": "Côte d'Ivoire", "adm0_name1": null, "adm0_name2": null, "adm0_name3": null, "adm0_pcode": "CI", "valid_on": "2018-07-06", "valid_to": null, "cod_version": "V_01", "lang": "fr", "lang1": null, "lang2": null, "lang3": null }, "geometry": { "type": "Point", "coordinates": [ -3.226786921999917, 7.160838186999968 ] } },
{ "type": "Feature", "properties": { "admin_level": 3, "name": "Agou", "name1": null, "name2": null, "name3": null, "x_coord": -3.96538549, "y_coord": 6.00002808, "adm4_name": null, "adm4_name1": null, "adm4_name2": null, "adm4_name3": null, "adm4_pcode": null, "adm3_name": "Agou", "adm3_name1": null, "adm3_name2": null, "adm3_name3": null, "adm3_pcode": "CI240102", "adm2_name": "Adzopé", "adm2_name1": null, "adm2_name2": null, "adm2_name3": null, "adm2_pcode": "CI2401", "adm1_name": "Me", "adm1_name1": null, "adm1_name2": null, "adm1_name3": null, "adm1_pcode": "CI24", "adm0_name": "Côte d'Ivoire", "adm0_name1": null, "adm0_name2": null, "adm0_name3": null, "adm0_pcode": "CI", "valid_on": "2018-07-06", "valid_to": null, "cod_version": "V_01", "lang": "fr", "lang1": null, "lang2": null, "lang3": null }, "geometry": { "type": "Point", "coordinates": [ -3.965385486999935, 6.000028079000117 ] } },
{ "type": "Feature", "properties": { "admin_level": 3, "name": "Ahouanou", "name1": null, "name2": null, "name3": null, "x_coord": -4.81566849, "y_coord": 5.45902933, "adm4_name": null, "adm4_name1": null, "adm4_name2": null, "adm4_name3": null, "adm4_pcode": null, "adm3_name": "Ahouanou", "adm3_name1": null, "adm3_name2": null, "adm3_name3": null, "adm3_pcode": "CI150201", "adm2_name": "Grand-Lahou", "adm2_name1": null, "adm2_name2": null, "adm2_name3": null, "adm2_pcode": "CI1502", "adm1_name": "Grands Ponts", "adm1_name1": null, "adm1_name2": null, "adm1_name3": null, "adm1_pcode": "CI15", "adm0_name": "Côte d'Ivoire", "adm0_name1": null, "adm0_name2": null, "adm0_name3": null, "adm0_pcode": "CI", "valid_on": "2018-07-06", "valid_to": null, "cod_version": "V_01", "lang": "fr", "lang1": null, "lang2": null, "lang3": null }, "geometry": { "type": "Point", "coordinates": [ -4.81566849099994, 5.459029330000021 ] } },
{ "type": "Feature", "properties": { "admin_level": 3, "name": "Akoboissué", "name1": null, "name2": null, "name3": null, "x_coord": -3.22887653, "y_coord": 6.91873205, "adm4_name": null, "adm4_name1": null, "adm4_name2": null, "adm4_name3": null, "adm4_pcode": null, "adm3_name": "Akoboissué", "adm3_name1": null, "adm3_name2": null, "adm3_name3": null, "adm3_pcode": "CI200202", "adm2_name": "Agnibilékrou", "adm2_name1": null, "adm2_name2": null, "adm2_name3": null, "adm2_pcode": "CI2002", "adm1_name": "Indenie-Djuablin", "adm1_name1": null, "adm1_name2": null, "adm1_name3": null, "adm1_pcode": "CI20", "adm0_name": "Côte d'Ivoire", "adm0_name1": null, "adm0_name2": null, "adm0_name3": null, "adm0_pcode": "CI", "valid_on": "2018-07-06", "valid_to": null, "cod_version": "V_01", "lang": "fr", "lang1": null, "lang2": null, "lang3": null }, "geometry": { "type": "Point", "coordinates": [ -3.228876525999965, 6.918732055000021 ] } },
{ "type": "Feature", "properties": { "admin_level": 3, "name": "Akoupé", "name1": null, "name2": null, "name3": null, "x_coord": -3.8472988, "y_coord": 6.43129806, "adm4_name": null, "adm4_name1": null, "adm4_name2": null, "adm4_name3": null, "adm4_pcode": null, "adm3_name": "Akoupé", "adm3_name1": null, "adm3_name2": null, "adm3_name3": null, "adm3_pcode": "CI240202", "adm2_name": "Akoupé", "adm2_name1": null, "adm2_name2": null, "adm2_name3": null, "adm2_pcode": "CI2402", "adm1_name": "Me", "adm1_name1": null, "adm1_name2": null, "adm1_name3": null, "adm1_pcode": "CI24", "adm0_name": "Côte d'Ivoire", "adm0_name1": null, "adm0_name2": null, "adm0_name3": null, "adm0_pcode": "CI", "valid_on": "2018-07-06", "valid_to": null, "cod_version": "V_01", "lang": "fr", "lang1": null, "lang2": null, "lang3": null }, "geometry": { "type": "Point", "coordinates": [ -3.84729880499998, 6.431298063000099 ] } },
{ "type": "Feature", "properties": { "admin_level": 3, "name": "Akpassanou", "name1": null, "name2": null, "name3": null, "x_coord": -4.47321327, "y_coord": 7.34149323, "adm4_name": null, "adm4_name1": null, "adm4_name2": null, "adm4_name3": null, "adm4_pcode": null, "adm3_name": "Akpassanou", "adm3_name1": null, "adm3_name2": null, "adm3_name3": null, "adm3_pcode": "CI190101", "adm2_name": "Daoukro", "adm2_name1": null, "adm2_name2": null, "adm2_name3": null, "adm2_pcode": "CI1901", "adm1_name": "Iffou", "adm1_name1": null, "adm1_name2": null, "adm1_name3": null, "adm1_pcode": "CI19", "adm0_name": "Côte d'Ivoire", "adm0_name1": null, "adm0_name2": null, "adm0_name3": null, "adm0_pcode": "CI", "valid_on": "2018-07-06", "valid_to": null, "cod_version": "V_01", "lang": "fr", "lang1": null, "lang2": null, "lang3": null }, "geometry": { "type": "Point", "coordinates": [ -4.473213271999953, 7.341493232 ] } },
{ "type": "Feature", "properties": { "admin_level": 3, "name": "Alépé", "name1": null, "name2": null, "name3": null, "x_coord": -3.71844314, "y_coord": 5.5314003, "adm4_name": null, "adm4_name1": null, "adm4_name2": null, "adm4_name3": null, "adm4_pcode": null, "adm3_name": "Alépé", "adm3_name1": null, "adm3_name2": null, "adm3_name3": null, "adm3_pcode": "CI240302", "adm2_name": "Alépé", "adm2_name1": null, "adm2_name2": null, "adm2_name3": null, "adm2_pcode": "CI2403", "adm1_name": "Me", "adm1_name1": null, "adm1_name2": null, "adm1_name3": null, "adm1_pcode": "CI24", "adm0_name": "Côte d'Ivoire", "adm0_name1": null, "adm0_name2": null, "adm0_name3": null, "adm0_pcode": "CI", "valid_on": "2018-07-06", "valid_to": null, "cod_version": "V_01", "lang": "fr", "lang1": null, "lang2": null, "lang3": null }, "geometry": { "type": "Point", "coordinates": [ -3.718443142999945, 5.53140029900004 ] } },
{ "type": "Feature", "properties": { "admin_level": 3, "name": "Allosso", "name1": null, "name2": null, "name3": null, "x_coord": -3.51433912, "y_coord": 5.59990524, "adm4_name": null, "adm4_name1": null, "adm4_name2": null, "adm4_name3": null, "adm4_pcode": null, "adm3_name": "Allosso", "adm3_name1": null, "adm3_name2": null, "adm3_name3": null, "adm3_pcode": "CI240303", "adm2_name": "Alépé", "adm2_name1": null, "adm2_name2": null, "adm2_name3": null, "adm2_pcode": "CI2403", "adm1_name": "Me", "adm1_name1": null, "adm1_name2": null, "adm1_name3": null, "adm1_pcode": "CI24", "adm0_name": "Côte d'Ivoire", "adm0_name1": null, "adm0_name2": null, "adm0_name3": null, "adm0_pcode": "CI", "valid_on": "2018-07-06", "valid_to": null, "cod_version": "V_01", "lang": "fr", "lang1": null, "lang2": null, "lang3": null }, "geometry": { "type": "Point", "coordinates": [ -3.514339122999957, 5.599905241000158 ] } },
{ "type": "Feature", "properties": { "admin_level": 3, "name": "Amanvi", "name1": null, "name2": null, "name3": null, "x_coord": -3.14680668, "y_coord": 7.96668746, "adm4_name": null, "adm4_name1": null, "adm4_name2": null, "adm4_name3": null, "adm4_pcode": null, "adm3_name": "Amanvi", "adm3_name1": null, "adm3_name2": null, "adm3_name3": null, "adm3_pcode": "CI140402", "adm2_name": "Tanda", "adm2_name1": null, "adm2_name2": null, "adm2_name3": null, "adm2_pcode": "CI1404", "adm1_name": "Gontougo", "adm1_name1": null, "adm1_name2": null, "adm1_name3": null, "adm1_pcode": "CI14", "adm0_name": "Côte d'Ivoire", "adm0_name1": null, "adm0_name2": null, "adm0_name3": null, "adm0_pcode": "CI", "valid_on": "2018-07-06", "valid_to": null, "cod_version": "V_01", "lang": "fr", "lang1": null, "lang2": null, "lang3": null }, "geometry": { "type": "Point", "coordinates": [ -3.146806681999976, 7.966687456000102 ] } },
{ "type": "Feature", "properties": { "admin_level": 3, "name": "Amélékia", "name1": null, "name2": null, "name3": null, "x_coord": -3.63875408, "y_coord": 6.88996907, "adm4_name": null, "adm4_name1": null, "adm4_name2": null, "adm4_name3": null, "adm4_pcode": null, "adm3_name": "Amélékia", "adm3_name1": null, "adm3_name2": null, "adm3_name3": null, "adm3_pcode": "CI200102", "adm2_name": "Abengourou", "adm2_name1": null, "adm2_name2": null, "adm2_name3": null, "adm2_pcode": "CI2001", "adm1_name": "Indenie-Djuablin", "adm1_name1": null, "adm1_name2": null, "adm1_name3": null, "adm1_pcode": "CI20", "adm0_name": "Côte d'Ivoire", "adm0_name1": null, "adm0_name2": null, "adm0_name3": null, "adm0_pcode": "CI", "valid_on": "2018-07-06", "valid_to": null, "cod_version": "V_01", "lang": "fr", "lang1": null, "lang2": null, "lang3": null }, "geometry": { "type": "Point", "coordinates": [ -3.638754084999903, 6.889969067000095 ] } },
{ "type": "Feature", "properties": { "admin_level": 3, "name": "Ananda", "name1": null, "name2": null, "name3": null, "x_coord": -4.29921125, "y_coord": 7.2963377, "adm4_name": null, "adm4_name1": null, "adm4_name2": null, "adm4_name3": null, "adm4_pcode": null, "adm3_name": "Ananda", "adm3_name1": null, "adm3_name2": null, "adm3_name3": null, "adm3_pcode": "CI190102", "adm2_name": "Daoukro", "adm2_name1": null, "adm2_name2": null, "adm2_name3": null, "adm2_pcode": "CI1901", "adm1_name": "Iffou", "adm1_name1": null, "adm1_name2": null, "adm1_name3": null, "adm1_pcode": "CI19", "adm0_name": "Côte d'Ivoire", "adm0_name1": null, "adm0_name2": null, "adm0_name3": null, "adm0_pcode": "CI", "valid_on": "2018-07-06", "valid_to": null, "cod_version": "V_01", "lang": "fr", "lang1": null, "lang2": null, "lang3": null }, "geometry": { "type": "Point", "coordinates": [ -4.299211251999964, 7.296337699000162 ] } },
{ "type": "Feature", "properties": { "admin_level": 3, "name": "Ananguié", "name1": null, "name2": null, "name3": null, "x_coord": -4.47068349, "y_coord": 6.04959965, "adm4_name": null, "adm4_name1": null, "adm4_name2": null, "adm4_name3": null, "adm4_pcode": null, "adm3_name": "Ananguié", "adm3_name1": null, "adm3_name2": null, "adm3_name3": null, "adm3_pcode": "CI030103", "adm2_name": "Agboville", "adm2_name1": null, "adm2_name2": null, "adm2_name3": null, "adm2_pcode": "CI0301", "adm1_name": "Agneby-Tiassa", "adm1_name1": null, "adm1_name2": null, "adm1_name3": null, "adm1_pcode": "CI03", "adm0_name": "Côte d'Ivoire", "adm0_name1": null, "adm0_name2": null, "adm0_name3": null, "adm0_pcode": "CI", "valid_on": "2018-07-06", "valid_to": null, "cod_version": "V_01", "lang": "fr", "lang1": null, "lang2": null, "lang3": null }, "geometry": { "type": "Point", "coordinates": [ -4.470683484999938, 6.049599648000026 ] } },
{ "type": "Feature", "properties": { "admin_level": 3, "name": "Andé", "name1": null, "name2": null, "name3": null, "x_coord": -4.11186469, "y_coord": 6.86510705, "adm4_name": null, "adm4_name1": null, "adm4_name2": null, "adm4_name3": null, "adm4_pcode": null, "adm3_name": "Andé", "adm3_name1": null, "adm3_name2": null, "adm3_name3": null, "adm3_pcode": "CI250201", "adm2_name": "Bongouanou", "adm2_name1": null, "adm2_name2": null, "adm2_name3": null, "adm2_pcode": "CI2502", "adm1_name": "Moronou", "adm1_name1": null, "adm1_name2": null, "adm1_name3": null, "adm1_pcode": "CI25", "adm0_name": "Côte d'Ivoire", "adm0_name1": null, "adm0_name2": null, "adm0_name3": null, "adm0_pcode": "CI", "valid_on": "2018-07-06", "valid_to": null, "cod_version": "V_01", "lang": "fr", "lang1": null, "lang2": null, "lang3": null }, "geometry": { "type": "Point", "coordinates": [ -4.111864693999962, 6.865107052000155 ] } },
{ "type": "Feature", "properties": { "admin_level": 3, "name": "Ando-Kékrénou", "name1": null, "name2": null, "name3": null, "x_coord": -5.62231178, "y_coord": 7.50641364, "adm4_name": null, "adm4_name1": null, "adm4_name2": null, "adm4_name3": null, "adm4_pcode": null, "adm3_name": "Ando-Kékrénou", "adm3_name1": null, "adm3_name2": null, "adm3_name3": null, "adm3_pcode": "CI110101", "adm2_name": "Béoumi", "adm2_name1": null, "adm2_name2": null, "adm2_name3": null, "adm2_pcode": "CI1101", "adm1_name": "Gbeke", "adm1_name1": null, "adm1_name2": null, "adm1_name3": null, "adm1_pcode": "CI11", "adm0_name": "Côte d'Ivoire", "adm0_name1": null, "adm0_name2": null, "adm0_name3": null, "adm0_pcode": "CI", "valid_on": "2018-07-06", "valid_to": null, "cod_version": "V_01", "lang": "fr", "lang1": null, "lang2": null, "lang3": null }, "geometry": { "type": "Point", "coordinates": [ -5.622311774999957, 7.506413639000073 ] } },
{ "type": "Feature", "properties": { "admin_level": 3, "name": "Angoda", "name1": null, "name2": null, "name3": null, "x_coord": -5.02182435, "y_coord": 6.69429458, "adm4_name": null, "adm4_name1": null, "adm4_name2": null, "adm4_name3": null, "adm4_pcode": null, "adm3_name": "Angoda", "adm3_name1": null, "adm3_name2": null, "adm3_name3": null, "adm3_pcode": "CI060402", "adm2_name": "Toumodi", "adm2_name1": null, "adm2_name2": null, "adm2_name3": null, "adm2_pcode": "CI0604", "adm1_name": "Belier", "adm1_name1": null, "adm1_name2": null, "adm1_name3": null, "adm1_pcode": "CI06", "adm0_name": "Côte d'Ivoire", "adm0_name1": null, "adm0_name2": null, "adm0_name3": null, "adm0_pcode": "CI", "valid_on": "2018-07-06", "valid_to": null, "cod_version": "V_01", "lang": "fr", "lang1": null, "lang2": null, "lang3": null }, "geometry": { "type": "Point", "coordinates": [ -5.02182434499997, 6.69429458400009 ] } },
{ "type": "Feature", "properties": { "admin_level": 3, "name": "Anianou", "name1": null, "name2": null, "name3": null, "x_coord": -3.8137352, "y_coord": 7.68688319, "adm4_name": null, "adm4_name1": null, "adm4_name2": null, "adm4_name3": null, "adm4_pcode": null, "adm3_name": "Anianou", "adm3_name1": null, "adm3_name2": null, "adm3_name3": null, "adm3_pcode": "CI190302", "adm2_name": "Prikro", "adm2_name1": null, "adm2_name2": null, "adm2_name3": null, "adm2_pcode": "CI1903", "adm1_name": "Iffou", "adm1_name1": null, "adm1_name2": null, "adm1_name3": null, "adm1_pcode": "CI19", "adm0_name": "Côte d'Ivoire", "adm0_name1": null, "adm0_name2": null, "adm0_name3": null, "adm0_pcode": "CI", "valid_on": "2018-07-06", "valid_to": null, "cod_version": "V_01", "lang": "fr", "lang1": null, "lang2": null, "lang3": null }, "geometry": { "type": "Point", "coordinates": [ -3.813735201999975, 7.686883194000075 ] } },
{ "type": "Feature", "properties": { "admin_level": 3, "name": "Aniassué", "name1": null, "name2": null, "name3": null, "x_coord": -3.67304568, "y_coord": 6.64676656, "adm4_name": null, "adm4_name1": null, "adm4_name2": null, "adm4_name3": null, "adm4_pcode": null, "adm3_name": "Aniassué", "adm3_name1": null, "adm3_name2": null, "adm3_name3": null, "adm3_pcode": "CI200103", "adm2_name": "Abengourou", "adm2_name1": null, "adm2_name2": null, "adm2_name3": null, "adm2_pcode": "CI2001", "adm1_name": "Indenie-Djuablin", "adm1_name1": null, "adm1_name2": null, "adm1_name3": null, "adm1_pcode": "CI20", "adm0_name": "Côte d'Ivoire", "adm0_name1": null, "adm0_name2": null, "adm0_name3": null, "adm0_pcode": "CI", "valid_on": "2018-07-06", "valid_to": null, "cod_version": "V_01", "lang": "fr", "lang1": null, "lang2": null, "lang3": null }, "geometry": { "type": "Point", "coordinates": [ -3.673045681999838, 6.646766562000096 ] } },
{ "type": "Feature", "properties": { "admin_level": 3, "name": "Annepé", "name1": null, "name2": null, "name3": null, "x_coord": -3.77207874, "y_coord": 5.92440548, "adm4_name": null, "adm4_name1": null, "adm4_name2": null, "adm4_name3": null, "adm4_pcode": null, "adm3_name": "Annepé", "adm3_name1": null, "adm3_name2": null, "adm3_name3": null, "adm3_pcode": "CI240103", "adm2_name": "Adzopé", "adm2_name1": null, "adm2_name2": null, "adm2_name3": null, "adm2_pcode": "CI2401", "adm1_name": "Me", "adm1_name1": null, "adm1_name2": null, "adm1_name3": null, "adm1_pcode": "CI24", "adm0_name": "Côte d'Ivoire", "adm0_name1": null, "adm0_name2": null, "adm0_name3": null, "adm0_pcode": "CI", "valid_on": "2018-07-06", "valid_to": null, "cod_version": "V_01", "lang": "fr", "lang1": null, "lang2": null, "lang3": null }, "geometry": { "type": "Point", "coordinates": [ -3.772078744999874, 5.924405476000061 ] } },
{ "type": "Feature", "properties": { "admin_level": 3, "name": "Anoumaba", "name1": null, "name2": null, "name3": null, "x_coord": -4.46787723, "y_coord": 6.36735783, "adm4_name": null, "adm4_name1": null, "adm4_name2": null, "adm4_name3": null, "adm4_pcode": null, "adm3_name": "Anoumaba", "adm3_name1": null, "adm3_name2": null, "adm3_name3": null, "adm3_pcode": "CI250302", "adm2_name": "M'Batto", "adm2_name1": null, "adm2_name2": null, "adm2_name3": null, "adm2_pcode": "CI2503", "adm1_name": "Moronou", "adm1_name1": null, "adm1_name2": null, "adm1_name3": null, "adm1_pcode": "CI25", "adm0_name": "Côte d'Ivoire", "adm0_name1": null, "adm0_name2": null, "adm0_name3": null, "adm0_pcode": "CI", "valid_on": "2018-07-06", "valid_to": null, "cod_version": "V_01", "lang": "fr", "lang1": null, "lang2": null, "lang3": null }, "geometry": { "type": "Point", "coordinates": [ -4.467877227999963, 6.367357830000117 ] } },
{ "type": "Feature", "properties": { "admin_level": 3, "name": "Anyama", "name1": null, "name2": null, "name3": null, "x_coord": -4.10008911, "y_coord": 5.49684892, "adm4_name": null, "adm4_name1": null, "adm4_name2": null, "adm4_name3": null, "adm4_pcode": null, "adm3_name": "Anyama", "adm3_name1": null, "adm3_name2": null, "adm3_name3": null, "adm3_pcode": "CI010102", "adm2_name": "Abidjan", "adm2_name1": null, "adm2_name2": null, "adm2_name3": null, "adm2_pcode": "CI0101", "adm1_name": "District Autonome D'Abidjan", "adm1_name1": null, "adm1_name2": null, "adm1_name3": null, "adm1_pcode": "CI01", "adm0_name": "Côte d'Ivoire", "adm0_name1": null, "adm0_name2": null, "adm0_name3": null, "adm0_pcode": "CI", "valid_on": "2018-07-06", "valid_to": null, "cod_version": "V_01", "lang": "fr", "lang1": null, "lang2": null, "lang3": null }, "geometry": { "type": "Point", "coordinates": [ -4.100089112999967, 5.496848921000094 ] } },
{ "type": "Feature", "properties": { "admin_level": 3, "name": "Appimadoum", "name1": null, "name2": null, "name3": null, "x_coord": -2.8785009, "y_coord": 7.86909678, "adm4_name": null, "adm4_name1": null, "adm4_name2": null, "adm4_name3": null, "adm4_pcode": null, "adm3_name": "Appimadoum", "adm3_name1": null, "adm3_name2": null, "adm3_name3": null, "adm3_pcode": "CI140101", "adm2_name": "Bondoukou", "adm2_name1": null, "adm2_name2": null, "adm2_name3": null, "adm2_pcode": "CI1401", "adm1_name": "Gontougo", "adm1_name1": null, "adm1_name2": null, "adm1_name3": null, "adm1_pcode": "CI14", "adm0_name": "Côte d'Ivoire", "adm0_name1": null, "adm0_name2": null, "adm0_name3": null, "adm0_pcode": "CI", "valid_on": "2018-07-06", "valid_to": null, "cod_version": "V_01", "lang": "fr", "lang1": null, "lang2": null, "lang3": null }, "geometry": { "type": "Point", "coordinates": [ -2.878500894999831, 7.869096776000163 ] } },
{ "type": "Feature", "properties": { "admin_level": 3, "name": "Arikokaha", "name1": null, "name2": null, "name3": null, "x_coord": -5.09049974, "y_coord": 8.75386775, "adm4_name": null, "adm4_name1": null, "adm4_name2": null, "adm4_name3": null, "adm4_pcode": null, "adm3_name": "Arikokaha", "adm3_name1": null, "adm3_name2": null, "adm3_name3": null, "adm3_pcode": "CI170302", "adm2_name": "Niakaramandougou", "adm2_name1": null, "adm2_name2": null, "adm2_name3": null, "adm2_pcode": "CI1703", "adm1_name": "Hambol", "adm1_name1": null, "adm1_name2": null, "adm1_name3": null, "adm1_pcode": "CI17", "adm0_name": "Côte d'Ivoire", "adm0_name1": null, "adm0_name2": null, "adm0_name3": null, "adm0_pcode": "CI", "valid_on": "2018-07-06", "valid_to": null, "cod_version": "V_01", "lang": "fr", "lang1": null, "lang2": null, "lang3": null }, "geometry": { "type": "Point", "coordinates": [ -5.090499740999917, 8.75386774600014 ] } },
{ "type": "Feature", "properties": { "admin_level": 3, "name": "Arrah", "name1": null, "name2": null, "name3": null, "x_coord": -3.90670764, "y_coord": 6.6890121, "adm4_name": null, "adm4_name1": null, "adm4_name2": null, "adm4_name3": null, "adm4_pcode": null, "adm3_name": "Arrah", "adm3_name1": null, "adm3_name2": null, "adm3_name3": null, "adm3_pcode": "CI250101", "adm2_name": "Arrah", "adm2_name1": null, "adm2_name2": null, "adm2_name3": null, "adm2_pcode": "CI2501", "adm1_name": "Moronou", "adm1_name1": null, "adm1_name2": null, "adm1_name3": null, "adm1_pcode": "CI25", "adm0_name": "Côte d'Ivoire", "adm0_name1": null, "adm0_name2": null, "adm0_name3": null, "adm0_pcode": "CI", "valid_on": "2018-07-06", "valid_to": null, "cod_version": "V_01", "lang": "fr", "lang1": null, "lang2": null, "lang3": null }, "geometry": { "type": "Point", "coordinates": [ -3.906707639999865, 6.689012095000066 ] } },
{ "type": "Feature", "properties": { "admin_level": 3, "name": "Assahara", "name1": null, "name2": null, "name3": null, "x_coord": -4.47318436, "y_coord": 6.665385, "adm4_name": null, "adm4_name1": null, "adm4_name2": null, "adm4_name3": null, "adm4_pcode": null, "adm3_name": "Assahara", "adm3_name1": null, "adm3_name2": null, "adm3_name3": null, "adm3_pcode": "CI250303", "adm2_name": "M'Batto", "adm2_name1": null, "adm2_name2": null, "adm2_name3": null, "adm2_pcode": "CI2503", "adm1_name": "Moronou", "adm1_name1": null, "adm1_name2": null, "adm1_name3": null, "adm1_pcode": "CI25", "adm0_name": "Côte d'Ivoire", "adm0_name1": null, "adm0_name2": null, "adm0_name3": null, "adm0_pcode": "CI", "valid_on": "2018-07-06", "valid_to": null, "cod_version": "V_01", "lang": "fr", "lang1": null, "lang2": null, "lang3": null }, "geometry": { "type": "Point", "coordinates": [ -4.473184359999948, 6.665385001000061 ] } },
{ "type": "Feature", "properties": { "admin_level": 3, "name": "Assié-Koumassi", "name1": null, "name2": null, "name3": null, "x_coord": -4.25319388, "y_coord": 6.82155408, "adm4_name": null, "adm4_name1": null, "adm4_name2": null, "adm4_name3": null, "adm4_pcode": null, "adm3_name": "Assié-Koumassi", "adm3_name1": null, "adm3_name2": null, "adm3_name3": null, "adm3_pcode": "CI250202", "adm2_name": "Bongouanou", "adm2_name1": null, "adm2_name2": null, "adm2_name3": null, "adm2_pcode": "CI2502", "adm1_name": "Moronou", "adm1_name1": null, "adm1_name2": null, "adm1_name3": null, "adm1_pcode": "CI25", "adm0_name": "Côte d'Ivoire", "adm0_name1": null, "adm0_name2": null, "adm0_name3": null, "adm0_pcode": "CI", "valid_on": "2018-07-06", "valid_to": null, "cod_version": "V_01", "lang": "fr", "lang1": null, "lang2": null, "lang3": null }, "geometry": { "type": "Point", "coordinates": [ -4.253193876999887, 6.821554078000077 ] } },
{ "type": "Feature", "properties": { "admin_level": 3, "name": "Assikoi", "name1": null, "name2": null, "name3": null, "x_coord": -3.8259367, "y_coord": 5.96936266, "adm4_name": null, "adm4_name1": null, "adm4_name2": null, "adm4_name3": null, "adm4_pcode": null, "adm3_name": "Assikoi", "adm3_name1": null, "adm3_name2": null, "adm3_name3": null, "adm3_pcode": "CI240104", "adm2_name": "Adzopé", "adm2_name1": null, "adm2_name2": null, "adm2_name3": null, "adm2_pcode": "CI2401", "adm1_name": "Me", "adm1_name1": null, "adm1_name2": null, "adm1_name3": null, "adm1_pcode": "CI24", "adm0_name": "Côte d'Ivoire", "adm0_name1": null, "adm0_name2": null, "adm0_name3": null, "adm0_pcode": "CI", "valid_on": "2018-07-06", "valid_to": null, "cod_version": "V_01", "lang": "fr", "lang1": null, "lang2": null, "lang3": null }, "geometry": { "type": "Point", "coordinates": [ -3.825936699999943, 5.969362657000033 ] } },
{ "type": "Feature", "properties": { "admin_level": 3, "name": "Assinie-Mafia", "name1": null, "name2": null, "name3": null, "x_coord": -3.38084345, "y_coord": 5.15563198, "adm4_name": null, "adm4_name1": null, "adm4_name2": null, "adm4_name3": null, "adm4_pcode": null, "adm3_name": "Assinie-Mafia", "adm3_name1": null, "adm3_name2": null, "adm3_name3": null, "adm3_pcode": "CI300202", "adm2_name": "Adiaké", "adm2_name1": null, "adm2_name2": null, "adm2_name3": null, "adm2_pcode": "CI3002", "adm1_name": "Sud-Comoe", "adm1_name1": null, "adm1_name2": null, "adm1_name3": null, "adm1_pcode": "CI30", "adm0_name": "Côte d'Ivoire", "adm0_name1": null, "adm0_name2": null, "adm0_name3": null, "adm0_pcode": "CI", "valid_on": "2018-07-06", "valid_to": null, "cod_version": "V_01", "lang": "fr", "lang1": null, "lang2": null, "lang3": null }, "geometry": { "type": "Point", "coordinates": [ -3.380843452999841, 5.155631976000109 ] } },
{ "type": "Feature", "properties": { "admin_level": 3, "name": "Assuéfry", "name1": null, "name2": null, "name3": null, "x_coord": -2.95787384, "y_coord": 7.71144391, "adm4_name": null, "adm4_name1": null, "adm4_name2": null, "adm4_name3": null, "adm4_pcode": null, "adm3_name": "Assuéfry", "adm3_name1": null, "adm3_name2": null, "adm3_name3": null, "adm3_pcode": "CI140502", "adm2_name": "Transua", "adm2_name1": null, "adm2_name2": null, "adm2_name3": null, "adm2_pcode": "CI1405", "adm1_name": "Gontougo", "adm1_name1": null, "adm1_name2": null, "adm1_name3": null, "adm1_pcode": "CI14", "adm0_name": "Côte d'Ivoire", "adm0_name1": null, "adm0_name2": null, "adm0_name3": null, "adm0_pcode": "CI", "valid_on": "2018-07-06", "valid_to": null, "cod_version": "V_01", "lang": "fr", "lang1": null, "lang2": null, "lang3": null }, "geometry": { "type": "Point", "coordinates": [ -2.957873836999966, 7.711443907000159 ] } },
{ "type": "Feature", "properties": { "admin_level": 3, "name": "Attiégouakro", "name1": null, "name2": null, "name3": null, "x_coord": -5.07282413, "y_coord": 6.80463546, "adm4_name": null, "adm4_name1": null, "adm4_name2": null, "adm4_name3": null, "adm4_pcode": null, "adm3_name": "Attiégouakro", "adm3_name1": null, "adm3_name2": null, "adm3_name3": null, "adm3_pcode": "CI020101", "adm2_name": "Attiégouakro", "adm2_name1": null, "adm2_name2": null, "adm2_name3": null, "adm2_pcode": "CI0201", "adm1_name": "District Autonome De Yamoussoukro", "adm1_name1": null, "adm1_name2": null, "adm1_name3": null, "adm1_pcode": "CI02", "adm0_name": "Côte d'Ivoire", "adm0_name1": null, "adm0_name2": null, "adm0_name3": null, "adm0_pcode": "CI", "valid_on": "2018-07-06", "valid_to": null, "cod_version": "V_01", "lang": "fr", "lang1": null, "lang2": null, "lang3": null }, "geometry": { "type": "Point", "coordinates": [ -5.072824131999823, 6.804635465000047 ] } },
{ "type": "Feature", "properties": { "admin_level": 3, "name": "Attobrou", "name1": null, "name2": null, "name3": null, "x_coord": -4.11547775, "y_coord": 6.13240942, "adm4_name": null, "adm4_name1": null, "adm4_name2": null, "adm4_name3": null, "adm4_pcode": null, "adm3_name": "Attobrou", "adm3_name1": null, "adm3_name2": null, "adm3_name3": null, "adm3_pcode": "CI030104", "adm2_name": "Agboville", "adm2_name1": null, "adm2_name2": null, "adm2_name3": null, "adm2_pcode": "CI0301", "adm1_name": "Agneby-Tiassa", "adm1_name1": null, "adm1_name2": null, "adm1_name3": null, "adm1_pcode": "CI03", "adm0_name": "Côte d'Ivoire", "adm0_name1": null, "adm0_name2": null, "adm0_name3": null, "adm0_pcode": "CI", "valid_on": "2018-07-06", "valid_to": null, "cod_version": "V_01", "lang": "fr", "lang1": null, "lang2": null, "lang3": null }, "geometry": { "type": "Point", "coordinates": [ -4.115477747999932, 6.13240942300007 ] } },
{ "type": "Feature", "properties": { "admin_level": 3, "name": "Attoutou", "name1": null, "name2": null, "name3": null, "x_coord": -4.3598065, "y_coord": 5.24199317, "adm4_name": null, "adm4_name1": null, "adm4_name2": null, "adm4_name3": null, "adm4_pcode": null, "adm3_name": "Attoutou", "adm3_name1": null, "adm3_name2": null, "adm3_name3": null, "adm3_pcode": "CI150302", "adm2_name": "Jacqueville", "adm2_name1": null, "adm2_name2": null, "adm2_name3": null, "adm2_pcode": "CI1503", "adm1_name": "Grands Ponts", "adm1_name1": null, "adm1_name2": null, "adm1_name3": null, "adm1_pcode": "CI15", "adm0_name": "Côte d'Ivoire", "adm0_name1": null, "adm0_name2": null, "adm0_name3": null, "adm0_pcode": "CI", "valid_on": "2018-07-06", "valid_to": null, "cod_version": "V_01", "lang": "fr", "lang1": null, "lang2": null, "lang3": null }, "geometry": { "type": "Point", "coordinates": [ -4.359806496999965, 5.241993174000129 ] } },
{ "type": "Feature", "properties": { "admin_level": 3, "name": "Ayamé", "name1": null, "name2": null, "name3": null, "x_coord": -3.16611852, "y_coord": 5.62178671, "adm4_name": null, "adm4_name1": null, "adm4_name2": null, "adm4_name3": null, "adm4_pcode": null, "adm3_name": "Ayamé", "adm3_name1": null, "adm3_name2": null, "adm3_name3": null, "adm3_pcode": "CI300104", "adm2_name": "Aboisso", "adm2_name1": null, "adm2_name2": null, "adm2_name3": null, "adm2_pcode": "CI3001", "adm1_name": "Sud-Comoe", "adm1_name1": null, "adm1_name2": null, "adm1_name3": null, "adm1_pcode": "CI30", "adm0_name": "Côte d'Ivoire", "adm0_name1": null, "adm0_name2": null, "adm0_name3": null, "adm0_pcode": "CI", "valid_on": "2018-07-06", "valid_to": null, "cod_version": "V_01", "lang": "fr", "lang1": null, "lang2": null, "lang3": null }, "geometry": { "type": "Point", "coordinates": [ -3.16611852099993, 5.621786710000094 ] } },
{ "type": "Feature", "properties": { "admin_level": 3, "name": "Ayaou-Sran", "name1": null, "name2": null, "name3": null, "x_coord": -5.63165537, "y_coord": 7.35529595, "adm4_name": null, "adm4_name1": null, "adm4_name2": null, "adm4_name3": null, "adm4_pcode": null, "adm3_name": "Ayaou-Sran", "adm3_name1": null, "adm3_name2": null, "adm3_name3": null, "adm3_pcode": "CI110402", "adm2_name": "Sakassou", "adm2_name1": null, "adm2_name2": null, "adm2_name3": null, "adm2_pcode": "CI1104", "adm1_name": "Gbeke", "adm1_name1": null, "adm1_name2": null, "adm1_name3": null, "adm1_pcode": "CI11", "adm0_name": "Côte d'Ivoire", "adm0_name1": null, "adm0_name2": null, "adm0_name3": null, "adm0_pcode": "CI", "valid_on": "2018-07-06", "valid_to": null, "cod_version": "V_01", "lang": "fr", "lang1": null, "lang2": null, "lang3": null }, "geometry": { "type": "Point", "coordinates": [ -5.631655370999965, 7.355295949000151 ] } },
{ "type": "Feature", "properties": { "admin_level": 3, "name": "Azaguié", "name1": null, "name2": null, "name3": null, "x_coord": -4.05296875, "y_coord": 5.66267401, "adm4_name": null, "adm4_name1": null, "adm4_name2": null, "adm4_name3": null, "adm4_pcode": null, "adm3_name": "Azaguié", "adm3_name1": null, "adm3_name2": null, "adm3_name3": null, "adm3_pcode": "CI030105", "adm2_name": "Agboville", "adm2_name1": null, "adm2_name2": null, "adm2_name3": null, "adm2_pcode": "CI0301", "adm1_name": "Agneby-Tiassa", "adm1_name1": null, "adm1_name2": null, "adm1_name3": null, "adm1_pcode": "CI03", "adm0_name": "Côte d'Ivoire", "adm0_name1": null, "adm0_name2": null, "adm0_name3": null, "adm0_pcode": "CI", "valid_on": "2018-07-06", "valid_to": null, "cod_version": "V_01", "lang": "fr", "lang1": null, "lang2": null, "lang3": null }, "geometry": { "type": "Point", "coordinates": [ -4.052968753999949, 5.66267400800001 ] } },
{ "type": "Feature", "properties": { "admin_level": 3, "name": "Bacanda", "name1": null, "name2": null, "name3": null, "x_coord": -4.87925538, "y_coord": 5.69469336, "adm4_name": null, "adm4_name1": null, "adm4_name2": null, "adm4_name3": null, "adm4_pcode": null, "adm3_name": "Bacanda", "adm3_name1": null, "adm3_name2": null, "adm3_name3": null, "adm3_pcode": "CI150202", "adm2_name": "Grand-Lahou", "adm2_name1": null, "adm2_name2": null, "adm2_name3": null, "adm2_pcode": "CI1502", "adm1_name": "Grands Ponts", "adm1_name1": null, "adm1_name2": null, "adm1_name3": null, "adm1_pcode": "CI15", "adm0_name": "Côte d'Ivoire", "adm0_name1": null, "adm0_name2": null, "adm0_name3": null, "adm0_pcode": "CI", "valid_on": "2018-07-06", "valid_to": null, "cod_version": "V_01", "lang": "fr", "lang1": null, "lang2": null, "lang3": null }, "geometry": { "type": "Point", "coordinates": [ -4.87925538099995, 5.694693356000073 ] } },
{ "type": "Feature", "properties": { "admin_level": 3, "name": "Badikaha", "name1": null, "name2": null, "name3": null, "x_coord": -5.19257541, "y_coord": 9.28645451, "adm4_name": null, "adm4_name1": null, "adm4_name2": null, "adm4_name3": null, "adm4_pcode": null, "adm3_name": "Badikaha", "adm3_name1": null, "adm3_name2": null, "adm3_name3": null, "adm3_pcode": "CI170303", "adm2_name": "Niakaramandougou", "adm2_name1": null, "adm2_name2": null, "adm2_name3": null, "adm2_pcode": "CI1703", "adm1_name": "Hambol", "adm1_name1": null, "adm1_name2": null, "adm1_name3": null, "adm1_pcode": "CI17", "adm0_name": "Côte d'Ivoire", "adm0_name1": null, "adm0_name2": null, "adm0_name3": null, "adm0_pcode": "CI", "valid_on": "2018-07-06", "valid_to": null, "cod_version": "V_01", "lang": "fr", "lang1": null, "lang2": null, "lang3": null }, "geometry": { "type": "Point", "coordinates": [ -5.192575409999904, 9.286454509 ] } },
{ "type": "Feature", "properties": { "admin_level": 3, "name": "Bagohouo", "name1": null, "name2": null, "name3": null, "x_coord": -7.18660482, "y_coord": 6.87482761, "adm4_name": null, "adm4_name1": null, "adm4_name2": null, "adm4_name3": null, "adm4_pcode": null, "adm3_name": "Bagohouo", "adm3_name1": null, "adm3_name2": null, "adm3_name3": null, "adm3_pcode": "CI160201", "adm2_name": "Duékoué", "adm2_name1": null, "adm2_name2": null, "adm2_name3": null, "adm2_pcode": "CI1602", "adm1_name": "Guemon", "adm1_name1": null, "adm1_name2": null, "adm1_name3": null, "adm1_pcode": "CI16", "adm0_name": "Côte d'Ivoire", "adm0_name1": null, "adm0_name2": null, "adm0_name3": null, "adm0_pcode": "CI", "valid_on": "2018-07-06", "valid_to": null, "cod_version": "V_01", "lang": "fr", "lang1": null, "lang2": null, "lang3": null }, "geometry": { "type": "Point", "coordinates": [ -7.186604818999967, 6.874827612999979 ] } },
{ "type": "Feature", "properties": { "admin_level": 3, "name": "Bahouakaha", "name1": null, "name2": null, "name3": null, "x_coord": -5.42956909, "y_coord": 9.50666844, "adm4_name": null, "adm4_name1": null, "adm4_name2": null, "adm4_name3": null, "adm4_pcode": null, "adm3_name": "Bahouakaha", "adm3_name1": null, "adm3_name2": null, "adm3_name3": null, "adm3_pcode": "CI280402", "adm2_name": "Sinématiali", "adm2_name1": null, "adm2_name2": null, "adm2_name3": null, "adm2_pcode": "CI2804", "adm1_name": "Poro", "adm1_name1": null, "adm1_name2": null, "adm1_name3": null, "adm1_pcode": "CI28", "adm0_name": "Côte d'Ivoire", "adm0_name1": null, "adm0_name2": null, "adm0_name3": null, "adm0_pcode": "CI", "valid_on": "2018-07-06", "valid_to": null, "cod_version": "V_01", "lang": "fr", "lang1": null, "lang2": null, "lang3": null }, "geometry": { "type": "Point", "coordinates": [ -5.429569085999844, 9.50666844400007 ] } },
{ "type": "Feature", "properties": { "admin_level": 3, "name": "Bako", "name1": null, "name2": null, "name3": null, "x_coord": -7.51980559, "y_coord": 9.02776135, "adm4_name": null, "adm4_name1": null, "adm4_name2": null, "adm4_name3": null, "adm4_pcode": null, "adm3_name": "Bako", "adm3_name1": null, "adm3_name2": null, "adm3_name3": null, "adm3_pcode": "CI210302", "adm2_name": "Odienne", "adm2_name1": null, "adm2_name2": null, "adm2_name3": null, "adm2_pcode": "CI2103", "adm1_name": "Kabadougou", "adm1_name1": null, "adm1_name2": null, "adm1_name3": null, "adm1_pcode": "CI21", "adm0_name": "Côte d'Ivoire", "adm0_name1": null, "adm0_name2": null, "adm0_name3": null, "adm0_pcode": "CI", "valid_on": "2018-07-06", "valid_to": null, "cod_version": "V_01", "lang": "fr", "lang1": null, "lang2": null, "lang3": null }, "geometry": { "type": "Point", "coordinates": [ -7.519805585999961, 9.027761353000017 ] } },
{ "type": "Feature", "properties": { "admin_level": 3, "name": "Bakoubly", "name1": null, "name2": null, "name3": null, "x_coord": -8.4015547, "y_coord": 6.49151925, "adm4_name": null, "adm4_name1": null, "adm4_name2": null, "adm4_name3": null, "adm4_pcode": null, "adm3_name": "Bakoubly", "adm3_name1": null, "adm3_name2": null, "adm3_name3": null, "adm3_pcode": "CI090402", "adm2_name": "Toulepleu", "adm2_name1": null, "adm2_name2": null, "adm2_name3": null, "adm2_pcode": "CI0904", "adm1_name": "Cavally", "adm1_name1": null, "adm1_name2": null, "adm1_name3": null, "adm1_pcode": "CI09", "adm0_name": "Côte d'Ivoire", "adm0_name1": null, "adm0_name2": null, "adm0_name3": null, "adm0_pcode": "CI", "valid_on": "2018-07-06", "valid_to": null, "cod_version": "V_01", "lang": "fr", "lang1": null, "lang2": null, "lang3": null }, "geometry": { "type": "Point", "coordinates": [ -8.401554694999902, 6.491519248000088 ] } },
{ "type": "Feature", "properties": { "admin_level": 3, "name": "Bandakagni-Tomora", "name1": null, "name2": null, "name3": null, "x_coord": -3.41506094, "y_coord": 7.97046955, "adm4_name": null, "adm4_name1": null, "adm4_name2": null, "adm4_name3": null, "adm4_pcode": null, "adm3_name": "Bandakagni-Tomora", "adm3_name1": null, "adm3_name2": null, "adm3_name3": null, "adm3_pcode": "CI140302", "adm2_name": "Sandegue", "adm2_name1": null, "adm2_name2": null, "adm2_name3": null, "adm2_pcode": "CI1403", "adm1_name": "Gontougo", "adm1_name1": null, "adm1_name2": null, "adm1_name3": null, "adm1_pcode": "CI14", "adm0_name": "Côte d'Ivoire", "adm0_name1": null, "adm0_name2": null, "adm0_name3": null, "adm0_pcode": "CI", "valid_on": "2018-07-06", "valid_to": null, "cod_version": "V_01", "lang": "fr", "lang1": null, "lang2": null, "lang3": null }, "geometry": { "type": "Point", "coordinates": [ -3.415060937999954, 7.970469549000086 ] } },
{ "type": "Feature", "properties": { "admin_level": 3, "name": "Bangolo", "name1": null, "name2": null, "name3": null, "x_coord": -7.47875057, "y_coord": 7.01626572, "adm4_name": null, "adm4_name1": null, "adm4_name2": null, "adm4_name3": null, "adm4_pcode": null, "adm3_name": "Bangolo", "adm3_name1": null, "adm3_name2": null, "adm3_name3": null, "adm3_pcode": "CI160101", "adm2_name": "Bangolo", "adm2_name1": null, "adm2_name2": null, "adm2_name3": null, "adm2_pcode": "CI1601", "adm1_name": "Guemon", "adm1_name1": null, "adm1_name2": null, "adm1_name3": null, "adm1_pcode": "CI16", "adm0_name": "Côte d'Ivoire", "adm0_name1": null, "adm0_name2": null, "adm0_name3": null, "adm0_pcode": "CI", "valid_on": "2018-07-06", "valid_to": null, "cod_version": "V_01", "lang": "fr", "lang1": null, "lang2": null, "lang3": null }, "geometry": { "type": "Point", "coordinates": [ -7.478750568999885, 7.016265724999982 ] } },
{ "type": "Feature", "properties": { "admin_level": 3, "name": "Banneu", "name1": null, "name2": null, "name3": null, "x_coord": -8.24920975, "y_coord": 7.05549596, "adm4_name": null, "adm4_name1": null, "adm4_name2": null, "adm4_name3": null, "adm4_pcode": null, "adm3_name": "Banneu", "adm3_name1": null, "adm3_name2": null, "adm3_name3": null, "adm3_pcode": "CI320502", "adm2_name": "Zouan-Hounien", "adm2_name1": null, "adm2_name2": null, "adm2_name3": null, "adm2_pcode": "CI3205", "adm1_name": "Tonkpi", "adm1_name1": null, "adm1_name2": null, "adm1_name3": null, "adm1_pcode": "CI32", "adm0_name": "Côte d'Ivoire", "adm0_name1": null, "adm0_name2": null, "adm0_name3": null, "adm0_pcode": "CI", "valid_on": "2018-07-06", "valid_to": null, "cod_version": "V_01", "lang": "fr", "lang1": null, "lang2": null, "lang3": null }, "geometry": { "type": "Point", "coordinates": [ -8.249209750999967, 7.055495961000133 ] } },
{ "type": "Feature", "properties": { "admin_level": 3, "name": "Bassawa", "name1": null, "name2": null, "name3": null, "x_coord": -4.08846247, "y_coord": 8.10933976, "adm4_name": null, "adm4_name1": null, "adm4_name2": null, "adm4_name3": null, "adm4_pcode": null, "adm3_name": "Bassawa", "adm3_name1": null, "adm3_name2": null, "adm3_name3": null, "adm3_pcode": "CI170101", "adm2_name": "Dabakala", "adm2_name1": null, "adm2_name2": null, "adm2_name3": null, "adm2_pcode": "CI1701", "adm1_name": "Hambol", "adm1_name1": null, "adm1_name2": null, "adm1_name3": null, "adm1_pcode": "CI17", "adm0_name": "Côte d'Ivoire", "adm0_name1": null, "adm0_name2": null, "adm0_name3": null, "adm0_pcode": "CI", "valid_on": "2018-07-06", "valid_to": null, "cod_version": "V_01", "lang": "fr", "lang1": null, "lang2": null, "lang3": null }, "geometry": { "type": "Point", "coordinates": [ -4.088462466999943, 8.109339762 ] } },
{ "type": "Feature", "properties": { "admin_level": 3, "name": "Baya", "name1": null, "name2": null, "name3": null, "x_coord": -6.24324196, "y_coord": 9.96708251, "adm4_name": null, "adm4_name1": null, "adm4_name2": null, "adm4_name3": null, "adm4_pcode": null, "adm3_name": "Baya", "adm3_name1": null, "adm3_name2": null, "adm3_name3": null, "adm3_pcode": "CI050101", "adm2_name": "Boundiali", "adm2_name1": null, "adm2_name2": null, "adm2_name3": null, "adm2_pcode": "CI0501", "adm1_name": "Bagoue", "adm1_name1": null, "adm1_name2": null, "adm1_name3": null, "adm1_pcode": "CI05", "adm0_name": "Côte d'Ivoire", "adm0_name1": null, "adm0_name2": null, "adm0_name3": null, "adm0_pcode": "CI", "valid_on": "2018-07-06", "valid_to": null, "cod_version": "V_01", "lang": "fr", "lang1": null, "lang2": null, "lang3": null }, "geometry": { "type": "Point", "coordinates": [ -6.243241961999956, 9.967082506000054 ] } },
{ "type": "Feature", "properties": { "admin_level": 3, "name": "Bayota", "name1": null, "name2": null, "name3": null, "x_coord": -5.97323871, "y_coord": 6.45537655, "adm4_name": null, "adm4_name1": null, "adm4_name2": null, "adm4_name3": null, "adm4_pcode": null, "adm3_name": "Bayota", "adm3_name1": null, "adm3_name2": null, "adm3_name3": null, "adm3_pcode": "CI130101", "adm2_name": "Gagnoa", "adm2_name1": null, "adm2_name2": null, "adm2_name3": null, "adm2_pcode": "CI1301", "adm1_name": "Goh", "adm1_name1": null, "adm1_name2": null, "adm1_name3": null, "adm1_pcode": "CI13", "adm0_name": "Côte d'Ivoire", "adm0_name1": null, "adm0_name2": null, "adm0_name3": null, "adm0_pcode": "CI", "valid_on": "2018-07-06", "valid_to": null, "cod_version": "V_01", "lang": "fr", "lang1": null, "lang2": null, "lang3": null }, "geometry": { "type": "Point", "coordinates": [ -5.973238705999961, 6.455376552000132 ] } },
{ "type": "Feature", "properties": { "admin_level": 3, "name": "Bazra-Nattis", "name1": null, "name2": null, "name3": null, "x_coord": -6.65849835, "y_coord": 7.63958584, "adm4_name": null, "adm4_name1": null, "adm4_name2": null, "adm4_name3": null, "adm4_pcode": null, "adm3_name": "Bazra-Nattis", "adm3_name1": null, "adm3_name2": null, "adm3_name3": null, "adm3_pcode": "CI180302", "adm2_name": "Vavoua", "adm2_name1": null, "adm2_name2": null, "adm2_name3": null, "adm2_pcode": "CI1803", "adm1_name": "Haut-Sassandra", "adm1_name1": null, "adm1_name2": null, "adm1_name3": null, "adm1_pcode": "CI18", "adm0_name": "Côte d'Ivoire", "adm0_name1": null, "adm0_name2": null, "adm0_name3": null, "adm0_pcode": "CI", "valid_on": "2018-07-06", "valid_to": null, "cod_version": "V_01", "lang": "fr", "lang1": null, "lang2": null, "lang3": null }, "geometry": { "type": "Point", "coordinates": [ -6.65849835399996, 7.639585841000041 ] } },
{ "type": "Feature", "properties": { "admin_level": 3, "name": "Bazré", "name1": null, "name2": null, "name3": null, "x_coord": -5.48401418, "y_coord": 6.70085977, "adm4_name": null, "adm4_name1": null, "adm4_name2": null, "adm4_name3": null, "adm4_pcode": null, "adm3_name": "Bazré", "adm3_name1": null, "adm3_name2": null, "adm3_name3": null, "adm3_pcode": "CI230202", "adm2_name": "Sinfra", "adm2_name1": null, "adm2_name2": null, "adm2_name3": null, "adm2_pcode": "CI2302", "adm1_name": "Marahoue", "adm1_name1": null, "adm1_name2": null, "adm1_name3": null, "adm1_pcode": "CI23", "adm0_name": "Côte d'Ivoire", "adm0_name1": null, "adm0_name2": null, "adm0_name3": null, "adm0_pcode": "CI", "valid_on": "2018-07-06", "valid_to": null, "cod_version": "V_01", "lang": "fr", "lang1": null, "lang2": null, "lang3": null }, "geometry": { "type": "Point", "coordinates": [ -5.484014176999892, 6.700859772000115 ] } },
{ "type": "Feature", "properties": { "admin_level": 3, "name": "Bécédi-Brignan", "name1": null, "name2": null, "name3": null, "x_coord": -4.02075831, "y_coord": 5.86897984, "adm4_name": null, "adm4_name1": null, "adm4_name2": null, "adm4_name3": null, "adm4_pcode": null, "adm3_name": "Bécédi-Brignan", "adm3_name1": null, "adm3_name2": null, "adm3_name3": null, "adm3_pcode": "CI240105", "adm2_name": "Adzopé", "adm2_name1": null, "adm2_name2": null, "adm2_name3": null, "adm2_pcode": "CI2401", "adm1_name": "Me", "adm1_name1": null, "adm1_name2": null, "adm1_name3": null, "adm1_pcode": "CI24", "adm0_name": "Côte d'Ivoire", "adm0_name1": null, "adm0_name2": null, "adm0_name3": null, "adm0_pcode": "CI", "valid_on": "2018-07-06", "valid_to": null, "cod_version": "V_01", "lang": "fr", "lang1": null, "lang2": null, "lang3": null }, "geometry": { "type": "Point", "coordinates": [ -4.02075831399992, 5.86897983700004 ] } },
{ "type": "Feature", "properties": { "admin_level": 3, "name": "Bécouéfin", "name1": null, "name2": null, "name3": null, "x_coord": -3.75244429, "y_coord": 6.55083493, "adm4_name": null, "adm4_name1": null, "adm4_name2": null, "adm4_name3": null, "adm4_pcode": null, "adm3_name": "Bécouéfin", "adm3_name1": null, "adm3_name2": null, "adm3_name3": null, "adm3_pcode": "CI240203", "adm2_name": "Akoupé", "adm2_name1": null, "adm2_name2": null, "adm2_name3": null, "adm2_pcode": "CI2402", "adm1_name": "Me", "adm1_name1": null, "adm1_name2": null, "adm1_name3": null, "adm1_pcode": "CI24", "adm0_name": "Côte d'Ivoire", "adm0_name1": null, "adm0_name2": null, "adm0_name3": null, "adm0_pcode": "CI", "valid_on": "2018-07-06", "valid_to": null, "cod_version": "V_01", "lang": "fr", "lang1": null, "lang2": null, "lang3": null }, "geometry": { "type": "Point", "coordinates": [ -3.752444286999889, 6.550834933999965 ] } },
{ "type": "Feature", "properties": { "admin_level": 3, "name": "Bédi-Gaozon", "name1": null, "name2": null, "name3": null, "x_coord": -7.77481382, "y_coord": 6.6514168, "adm4_name": null, "adm4_name1": null, "adm4_name2": null, "adm4_name3": null, "adm4_pcode": null, "adm3_name": "Bédi-Gaozon", "adm3_name1": null, "adm3_name2": null, "adm3_name3": null, "adm3_pcode": "CI090202", "adm2_name": "Guiglo", "adm2_name1": null, "adm2_name2": null, "adm2_name3": null, "adm2_pcode": "CI0902", "adm1_name": "Cavally", "adm1_name1": null, "adm1_name2": null, "adm1_name3": null, "adm1_pcode": "CI09", "adm0_name": "Côte d'Ivoire", "adm0_name1": null, "adm0_name2": null, "adm0_name3": null, "adm0_pcode": "CI", "valid_on": "2018-07-06", "valid_to": null, "cod_version": "V_01", "lang": "fr", "lang1": null, "lang2": null, "lang3": null }, "geometry": { "type": "Point", "coordinates": [ -7.774813815999948, 6.651416802000085 ] } },
{ "type": "Feature", "properties": { "admin_level": 3, "name": "Bédiala", "name1": null, "name2": null, "name3": null, "x_coord": -6.22581227, "y_coord": 7.12180593, "adm4_name": null, "adm4_name1": null, "adm4_name2": null, "adm4_name3": null, "adm4_pcode": null, "adm3_name": "Bédiala", "adm3_name1": null, "adm3_name2": null, "adm3_name3": null, "adm3_pcode": "CI180101", "adm2_name": "Daloa", "adm2_name1": null, "adm2_name2": null, "adm2_name3": null, "adm2_pcode": "CI1801", "adm1_name": "Haut-Sassandra", "adm1_name1": null, "adm1_name2": null, "adm1_name3": null, "adm1_pcode": "CI18", "adm0_name": "Côte d'Ivoire", "adm0_name1": null, "adm0_name2": null, "adm0_name3": null, "adm0_pcode": "CI", "valid_on": "2018-07-06", "valid_to": null, "cod_version": "V_01", "lang": "fr", "lang1": null, "lang2": null, "lang3": null }, "geometry": { "type": "Point", "coordinates": [ -6.225812274999953, 7.121805932000143 ] } },
{ "type": "Feature", "properties": { "admin_level": 3, "name": "Bégbéssou", "name1": null, "name2": null, "name3": null, "x_coord": -5.5629804, "y_coord": 7.06923987, "adm4_name": null, "adm4_name1": null, "adm4_name2": null, "adm4_name3": null, "adm4_pcode": null, "adm3_name": "Bégbéssou", "adm3_name1": null, "adm3_name2": null, "adm3_name3": null, "adm3_pcode": "CI230101", "adm2_name": "Bouaflé", "adm2_name1": null, "adm2_name2": null, "adm2_name3": null, "adm2_pcode": "CI2301", "adm1_name": "Marahoue", "adm1_name1": null, "adm1_name2": null, "adm1_name3": null, "adm1_pcode": "CI23", "adm0_name": "Côte d'Ivoire", "adm0_name1": null, "adm0_name2": null, "adm0_name3": null, "adm0_pcode": "CI", "valid_on": "2018-07-06", "valid_to": null, "cod_version": "V_01", "lang": "fr", "lang1": null, "lang2": null, "lang3": null }, "geometry": { "type": "Point", "coordinates": [ -5.562980399999958, 7.069239869000114 ] } },
{ "type": "Feature", "properties": { "admin_level": 3, "name": "Bengassou", "name1": null, "name2": null, "name3": null, "x_coord": -4.48105246, "y_coord": 6.7977903, "adm4_name": null, "adm4_name1": null, "adm4_name2": null, "adm4_name3": null, "adm4_pcode": null, "adm3_name": "Bengassou", "adm3_name1": null, "adm3_name2": null, "adm3_name3": null, "adm3_pcode": "CI270101", "adm2_name": "Bocanda", "adm2_name1": null, "adm2_name2": null, "adm2_name3": null, "adm2_pcode": "CI2701", "adm1_name": "N'Zi", "adm1_name1": null, "adm1_name2": null, "adm1_name3": null, "adm1_pcode": "CI27", "adm0_name": "Côte d'Ivoire", "adm0_name1": null, "adm0_name2": null, "adm0_name3": null, "adm0_pcode": "CI", "valid_on": "2018-07-06", "valid_to": null, "cod_version": "V_01", "lang": "fr", "lang1": null, "lang2": null, "lang3": null }, "geometry": { "type": "Point", "coordinates": [ -4.481052457999908, 6.797790304000102 ] } },
{ "type": "Feature", "properties": { "admin_level": 3, "name": "Béoué-Zibiao", "name1": null, "name2": null, "name3": null, "x_coord": -7.38891215, "y_coord": 7.16182786, "adm4_name": null, "adm4_name1": null, "adm4_name2": null, "adm4_name3": null, "adm4_pcode": null, "adm3_name": "Béoué-Zibiao", "adm3_name1": null, "adm3_name2": null, "adm3_name3": null, "adm3_pcode": "CI160102", "adm2_name": "Bangolo", "adm2_name1": null, "adm2_name2": null, "adm2_name3": null, "adm2_pcode": "CI1601", "adm1_name": "Guemon", "adm1_name1": null, "adm1_name2": null, "adm1_name3": null, "adm1_pcode": "CI16", "adm0_name": "Côte d'Ivoire", "adm0_name1": null, "adm0_name2": null, "adm0_name3": null, "adm0_pcode": "CI", "valid_on": "2018-07-06", "valid_to": null, "cod_version": "V_01", "lang": "fr", "lang1": null, "lang2": null, "lang3": null }, "geometry": { "type": "Point", "coordinates": [ -7.388912150999886, 7.161827864000088 ] } },
{ "type": "Feature", "properties": { "admin_level": 3, "name": "Béoumi", "name1": null, "name2": null, "name3": null, "x_coord": -5.56961559, "y_coord": 7.7515052, "adm4_name": null, "adm4_name1": null, "adm4_name2": null, "adm4_name3": null, "adm4_pcode": null, "adm3_name": "Béoumi", "adm3_name1": null, "adm3_name2": null, "adm3_name3": null, "adm3_pcode": "CI110102", "adm2_name": "Béoumi", "adm2_name1": null, "adm2_name2": null, "adm2_name3": null, "adm2_pcode": "CI1101", "adm1_name": "Gbeke", "adm1_name1": null, "adm1_name2": null, "adm1_name3": null, "adm1_pcode": "CI11", "adm0_name": "Côte d'Ivoire", "adm0_name1": null, "adm0_name2": null, "adm0_name3": null, "adm0_pcode": "CI", "valid_on": "2018-07-06", "valid_to": null, "cod_version": "V_01", "lang": "fr", "lang1": null, "lang2": null, "lang3": null }, "geometry": { "type": "Point", "coordinates": [ -5.569615591999877, 7.751505197000142 ] } },
{ "type": "Feature", "properties": { "admin_level": 3, "name": "Bettié", "name1": null, "name2": null, "name3": null, "x_coord": -3.32940021, "y_coord": 6.068224, "adm4_name": null, "adm4_name1": null, "adm4_name2": null, "adm4_name3": null, "adm4_pcode": null, "adm3_name": "Bettié", "adm3_name1": null, "adm3_name2": null, "adm3_name3": null, "adm3_pcode": "CI200301", "adm2_name": "Béttié", "adm2_name1": null, "adm2_name2": null, "adm2_name3": null, "adm2_pcode": "CI2003", "adm1_name": "Indenie-Djuablin", "adm1_name1": null, "adm1_name2": null, "adm1_name3": null, "adm1_pcode": "CI20", "adm0_name": "Côte d'Ivoire", "adm0_name1": null, "adm0_name2": null, "adm0_name3": null, "adm0_pcode": "CI", "valid_on": "2018-07-06", "valid_to": null, "cod_version": "V_01", "lang": "fr", "lang1": null, "lang2": null, "lang3": null }, "geometry": { "type": "Point", "coordinates": [ -3.329400208999914, 6.068224002000022 ] } },
{ "type": "Feature", "properties": { "admin_level": 3, "name": "Biankouma", "name1": null, "name2": null, "name3": null, "x_coord": -7.68079153, "y_coord": 7.71801122, "adm4_name": null, "adm4_name1": null, "adm4_name2": null, "adm4_name3": null, "adm4_pcode": null, "adm3_name": "Biankouma", "adm3_name1": null, "adm3_name2": null, "adm3_name3": null, "adm3_pcode": "CI320101", "adm2_name": "Biankouma", "adm2_name1": null, "adm2_name2": null, "adm2_name3": null, "adm2_pcode": "CI3201", "adm1_name": "Tonkpi", "adm1_name1": null, "adm1_name2": null, "adm1_name3": null, "adm1_pcode": "CI32", "adm0_name": "Côte d'Ivoire", "adm0_name1": null, "adm0_name2": null, "adm0_name3": null, "adm0_pcode": "CI", "valid_on": "2018-07-06", "valid_to": null, "cod_version": "V_01", "lang": "fr", "lang1": null, "lang2": null, "lang3": null }, "geometry": { "type": "Point", "coordinates": [ -7.680791531999887, 7.718011223000133 ] } },
{ "type": "Feature", "properties": { "admin_level": 3, "name": "Bianouan", "name1": null, "name2": null, "name3": null, "x_coord": -3.1602284, "y_coord": 6.06325575, "adm4_name": null, "adm4_name1": null, "adm4_name2": null, "adm4_name3": null, "adm4_pcode": null, "adm3_name": "Bianouan", "adm3_name1": null, "adm3_name2": null, "adm3_name3": null, "adm3_pcode": "CI300105", "adm2_name": "Aboisso", "adm2_name1": null, "adm2_name2": null, "adm2_name3": null, "adm2_pcode": "CI3001", "adm1_name": "Sud-Comoe", "adm1_name1": null, "adm1_name2": null, "adm1_name3": null, "adm1_pcode": "CI30", "adm0_name": "Côte d'Ivoire", "adm0_name1": null, "adm0_name2": null, "adm0_name3": null, "adm0_pcode": "CI", "valid_on": "2018-07-06", "valid_to": null, "cod_version": "V_01", "lang": "fr", "lang1": null, "lang2": null, "lang3": null }, "geometry": { "type": "Point", "coordinates": [ -3.160228398999891, 6.063255751999975 ] } },
{ "type": "Feature", "properties": { "admin_level": 3, "name": "Biéby", "name1": null, "name2": null, "name3": null, "x_coord": -3.57080889, "y_coord": 5.9687708, "adm4_name": null, "adm4_name1": null, "adm4_name2": null, "adm4_name3": null, "adm4_pcode": null, "adm3_name": "Biéby", "adm3_name1": null, "adm3_name2": null, "adm3_name3": null, "adm3_pcode": "CI240403", "adm2_name": "Yakassé-Attobrou", "adm2_name1": null, "adm2_name2": null, "adm2_name3": null, "adm2_pcode": "CI2404", "adm1_name": "Me", "adm1_name1": null, "adm1_name2": null, "adm1_name3": null, "adm1_pcode": "CI24", "adm0_name": "Côte d'Ivoire", "adm0_name1": null, "adm0_name2": null, "adm0_name3": null, "adm0_pcode": "CI", "valid_on": "2018-07-06", "valid_to": null, "cod_version": "V_01", "lang": "fr", "lang1": null, "lang2": null, "lang3": null }, "geometry": { "type": "Point", "coordinates": [ -3.570808888999977, 5.968770801000119 ] } },
{ "type": "Feature", "properties": { "admin_level": 3, "name": "Bilimono", "name1": null, "name2": null, "name3": null, "x_coord": -4.17912905, "y_coord": 8.94793012, "adm4_name": null, "adm4_name1": null, "adm4_name2": null, "adm4_name3": null, "adm4_pcode": null, "adm3_name": "Bilimono", "adm3_name1": null, "adm3_name2": null, "adm3_name3": null, "adm3_pcode": "CI310202", "adm2_name": "Kong", "adm2_name1": null, "adm2_name2": null, "adm2_name3": null, "adm2_pcode": "CI3102", "adm1_name": "Tchologo", "adm1_name1": null, "adm1_name2": null, "adm1_name3": null, "adm1_pcode": "CI31", "adm0_name": "Côte d'Ivoire", "adm0_name1": null, "adm0_name2": null, "adm0_name3": null, "adm0_pcode": "CI", "valid_on": "2018-07-06", "valid_to": null, "cod_version": "V_01", "lang": "fr", "lang1": null, "lang2": null, "lang3": null }, "geometry": { "type": "Point", "coordinates": [ -4.1791290459999, 8.947930116000066 ] } },
{ "type": "Feature", "properties": { "admin_level": 3, "name": "Bin-Houyé", "name1": null, "name2": null, "name3": null, "x_coord": -8.25242861, "y_coord": 6.77876969, "adm4_name": null, "adm4_name1": null, "adm4_name2": null, "adm4_name3": null, "adm4_pcode": null, "adm3_name": "Bin-Houyé", "adm3_name1": null, "adm3_name2": null, "adm3_name3": null, "adm3_pcode": "CI320503", "adm2_name": "Zouan-Hounien", "adm2_name1": null, "adm2_name2": null, "adm2_name3": null, "adm2_pcode": "CI3205", "adm1_name": "Tonkpi", "adm1_name1": null, "adm1_name2": null, "adm1_name3": null, "adm1_pcode": "CI32", "adm0_name": "Côte d'Ivoire", "adm0_name1": null, "adm0_name2": null, "adm0_name3": null, "adm0_pcode": "CI", "valid_on": "2018-07-06", "valid_to": null, "cod_version": "V_01", "lang": "fr", "lang1": null, "lang2": null, "lang3": null }, "geometry": { "type": "Point", "coordinates": [ -8.252428608999935, 6.778769685999976 ] } },
{ "type": "Feature", "properties": { "admin_level": 3, "name": "Bingerville", "name1": null, "name2": null, "name3": null, "x_coord": -3.84861753, "y_coord": 5.34335555, "adm4_name": null, "adm4_name1": null, "adm4_name2": null, "adm4_name3": null, "adm4_pcode": null, "adm3_name": "Bingerville", "adm3_name1": null, "adm3_name2": null, "adm3_name3": null, "adm3_pcode": "CI010103", "adm2_name": "Abidjan", "adm2_name1": null, "adm2_name2": null, "adm2_name3": null, "adm2_pcode": "CI0101", "adm1_name": "District Autonome D'Abidjan", "adm1_name1": null, "adm1_name2": null, "adm1_name3": null, "adm1_pcode": "CI01", "adm0_name": "Côte d'Ivoire", "adm0_name1": null, "adm0_name2": null, "adm0_name3": null, "adm0_pcode": "CI", "valid_on": "2018-07-06", "valid_to": null, "cod_version": "V_01", "lang": "fr", "lang1": null, "lang2": null, "lang3": null }, "geometry": { "type": "Point", "coordinates": [ -3.848617526999931, 5.343355551000059 ] } },
{ "type": "Feature", "properties": { "admin_level": 3, "name": "Blapleu", "name1": null, "name2": null, "name3": null, "x_coord": -7.74045413, "y_coord": 7.59560346, "adm4_name": null, "adm4_name1": null, "adm4_name2": null, "adm4_name3": null, "adm4_pcode": null, "adm3_name": "Blapleu", "adm3_name1": null, "adm3_name2": null, "adm3_name3": null, "adm3_pcode": "CI320102", "adm2_name": "Biankouma", "adm2_name1": null, "adm2_name2": null, "adm2_name3": null, "adm2_pcode": "CI3201", "adm1_name": "Tonkpi", "adm1_name1": null, "adm1_name2": null, "adm1_name3": null, "adm1_pcode": "CI32", "adm0_name": "Côte d'Ivoire", "adm0_name1": null, "adm0_name2": null, "adm0_name3": null, "adm0_pcode": "CI", "valid_on": "2018-07-06", "valid_to": null, "cod_version": "V_01", "lang": "fr", "lang1": null, "lang2": null, "lang3": null }, "geometry": { "type": "Point", "coordinates": [ -7.740454125999918, 7.595603460000063 ] } },
{ "type": "Feature", "properties": { "admin_level": 3, "name": "Bléniméouin", "name1": null, "name2": null, "name3": null, "x_coord": -7.16694325, "y_coord": 7.12187692, "adm4_name": null, "adm4_name1": null, "adm4_name2": null, "adm4_name3": null, "adm4_pcode": null, "adm3_name": "Bléniméouin", "adm3_name1": null, "adm3_name2": null, "adm3_name3": null, "adm3_pcode": "CI160103", "adm2_name": "Bangolo", "adm2_name1": null, "adm2_name2": null, "adm2_name3": null, "adm2_pcode": "CI1601", "adm1_name": "Guemon", "adm1_name1": null, "adm1_name2": null, "adm1_name3": null, "adm1_pcode": "CI16", "adm0_name": "Côte d'Ivoire", "adm0_name1": null, "adm0_name2": null, "adm0_name3": null, "adm0_pcode": "CI", "valid_on": "2018-07-06", "valid_to": null, "cod_version": "V_01", "lang": "fr", "lang1": null, "lang2": null, "lang3": null }, "geometry": { "type": "Point", "coordinates": [ -7.166943246999949, 7.121876916000133 ] } },
{ "type": "Feature", "properties": { "admin_level": 3, "name": "Blességué", "name1": null, "name2": null, "name3": null, "x_coord": -6.33283444, "y_coord": 10.16061306, "adm4_name": null, "adm4_name1": null, "adm4_name2": null, "adm4_name3": null, "adm4_pcode": null, "adm3_name": "Blességué", "adm3_name1": null, "adm3_name2": null, "adm3_name3": null, "adm3_pcode": "CI050202", "adm2_name": "Kouto", "adm2_name1": null, "adm2_name2": null, "adm2_name3": null, "adm2_pcode": "CI0502", "adm1_name": "Bagoue", "adm1_name1": null, "adm1_name2": null, "adm1_name3": null, "adm1_pcode": "CI05", "adm0_name": "Côte d'Ivoire", "adm0_name1": null, "adm0_name2": null, "adm0_name3": null, "adm0_pcode": "CI", "valid_on": "2018-07-06", "valid_to": null, "cod_version": "V_01", "lang": "fr", "lang1": null, "lang2": null, "lang3": null }, "geometry": { "type": "Point", "coordinates": [ -6.332834437999963, 10.160613065000121 ] } },
{ "type": "Feature", "properties": { "admin_level": 3, "name": "Bloléquin", "name1": null, "name2": null, "name3": null, "x_coord": -7.98568305, "y_coord": 6.63263704, "adm4_name": null, "adm4_name1": null, "adm4_name2": null, "adm4_name3": null, "adm4_pcode": null, "adm3_name": "Bloléquin", "adm3_name1": null, "adm3_name2": null, "adm3_name3": null, "adm3_pcode": "CI090101", "adm2_name": "Bloléquin", "adm2_name1": null, "adm2_name2": null, "adm2_name3": null, "adm2_pcode": "CI0901", "adm1_name": "Cavally", "adm1_name1": null, "adm1_name2": null, "adm1_name3": null, "adm1_pcode": "CI09", "adm0_name": "Côte d'Ivoire", "adm0_name1": null, "adm0_name2": null, "adm0_name3": null, "adm0_pcode": "CI", "valid_on": "2018-07-06", "valid_to": null, "cod_version": "V_01", "lang": "fr", "lang1": null, "lang2": null, "lang3": null }, "geometry": { "type": "Point", "coordinates": [ -7.98568305099991, 6.632637042000056 ] } },
{ "type": "Feature", "properties": { "admin_level": 3, "name": "Boahia", "name1": null, "name2": null, "name3": null, "x_coord": -3.48857301, "y_coord": 7.57618786, "adm4_name": null, "adm4_name1": null, "adm4_name2": null, "adm4_name3": null, "adm4_pcode": null, "adm3_name": "Boahia", "adm3_name1": null, "adm3_name2": null, "adm3_name3": null, "adm3_pcode": "CI140202", "adm2_name": "Koun Fao", "adm2_name1": null, "adm2_name2": null, "adm2_name3": null, "adm2_pcode": "CI1402", "adm1_name": "Gontougo", "adm1_name1": null, "adm1_name2": null, "adm1_name3": null, "adm1_pcode": "CI14", "adm0_name": "Côte d'Ivoire", "adm0_name1": null, "adm0_name2": null, "adm0_name3": null, "adm0_pcode": "CI", "valid_on": "2018-07-06", "valid_to": null, "cod_version": "V_01", "lang": "fr", "lang1": null, "lang2": null, "lang3": null }, "geometry": { "type": "Point", "coordinates": [ -3.488573007999946, 7.576187860000175 ] } },
{ "type": "Feature", "properties": { "admin_level": 3, "name": "Bobi-Diarabana", "name1": null, "name2": null, "name3": null, "x_coord": -6.61003534, "y_coord": 8.17183695, "adm4_name": null, "adm4_name1": null, "adm4_name2": null, "adm4_name3": null, "adm4_pcode": null, "adm3_name": "Bobi-Diarabana", "adm3_name1": null, "adm3_name2": null, "adm3_name3": null, "adm3_pcode": "CI330202", "adm2_name": "Séguéla", "adm2_name1": null, "adm2_name2": null, "adm2_name3": null, "adm2_pcode": "CI3302", "adm1_name": "Worodougou", "adm1_name1": null, "adm1_name2": null, "adm1_name3": null, "adm1_pcode": "CI33", "adm0_name": "Côte d'Ivoire", "adm0_name1": null, "adm0_name2": null, "adm0_name3": null, "adm0_pcode": "CI", "valid_on": "2018-07-06", "valid_to": null, "cod_version": "V_01", "lang": "fr", "lang1": null, "lang2": null, "lang3": null }, "geometry": { "type": "Point", "coordinates": [ -6.610035336999943, 8.171836950000056 ] } },
{ "type": "Feature", "properties": { "admin_level": 3, "name": "Bocanda", "name1": null, "name2": null, "name3": null, "x_coord": -4.57789568, "y_coord": 7.06354167, "adm4_name": null, "adm4_name1": null, "adm4_name2": null, "adm4_name3": null, "adm4_pcode": null, "adm3_name": "Bocanda", "adm3_name1": null, "adm3_name2": null, "adm3_name3": null, "adm3_pcode": "CI270102", "adm2_name": "Bocanda", "adm2_name1": null, "adm2_name2": null, "adm2_name3": null, "adm2_pcode": "CI2701", "adm1_name": "N'Zi", "adm1_name1": null, "adm1_name2": null, "adm1_name3": null, "adm1_pcode": "CI27", "adm0_name": "Côte d'Ivoire", "adm0_name1": null, "adm0_name2": null, "adm0_name3": null, "adm0_pcode": "CI", "valid_on": "2018-07-06", "valid_to": null, "cod_version": "V_01", "lang": "fr", "lang1": null, "lang2": null, "lang3": null }, "geometry": { "type": "Point", "coordinates": [ -4.57789567899988, 7.063541673000088 ] } },
{ "type": "Feature", "properties": { "admin_level": 3, "name": "Bodokro", "name1": null, "name2": null, "name3": null, "x_coord": -5.51337189, "y_coord": 7.90004802, "adm4_name": null, "adm4_name1": null, "adm4_name2": null, "adm4_name3": null, "adm4_pcode": null, "adm3_name": "Bodokro", "adm3_name1": null, "adm3_name2": null, "adm3_name3": null, "adm3_pcode": "CI110103", "adm2_name": "Béoumi", "adm2_name1": null, "adm2_name2": null, "adm2_name3": null, "adm2_pcode": "CI1101", "adm1_name": "Gbeke", "adm1_name1": null, "adm1_name2": null, "adm1_name3": null, "adm1_pcode": "CI11", "adm0_name": "Côte d'Ivoire", "adm0_name1": null, "adm0_name2": null, "adm0_name3": null, "adm0_pcode": "CI", "valid_on": "2018-07-06", "valid_to": null, "cod_version": "V_01", "lang": "fr", "lang1": null, "lang2": null, "lang3": null }, "geometry": { "type": "Point", "coordinates": [ -5.513371891999952, 7.900048020000099 ] } },
{ "type": "Feature", "properties": { "admin_level": 3, "name": "Bogofa", "name1": null, "name2": null, "name3": null, "x_coord": -3.11676477, "y_coord": 8.62017764, "adm4_name": null, "adm4_name1": null, "adm4_name2": null, "adm4_name3": null, "adm4_pcode": null, "adm3_name": "Bogofa", "adm3_name1": null, "adm3_name2": null, "adm3_name3": null, "adm3_pcode": "CI080302", "adm2_name": "Nassian", "adm2_name1": null, "adm2_name2": null, "adm2_name3": null, "adm2_pcode": "CI0803", "adm1_name": "Bounkani", "adm1_name1": null, "adm1_name2": null, "adm1_name3": null, "adm1_pcode": "CI08", "adm0_name": "Côte d'Ivoire", "adm0_name1": null, "adm0_name2": null, "adm0_name3": null, "adm0_pcode": "CI", "valid_on": "2018-07-06", "valid_to": null, "cod_version": "V_01", "lang": "fr", "lang1": null, "lang2": null, "lang3": null }, "geometry": { "type": "Point", "coordinates": [ -3.116764771999954, 8.620177636000108 ] } },
{ "type": "Feature", "properties": { "admin_level": 3, "name": "Bogouiné", "name1": null, "name2": null, "name3": null, "x_coord": -7.60552058, "y_coord": 7.24262635, "adm4_name": null, "adm4_name1": null, "adm4_name2": null, "adm4_name3": null, "adm4_pcode": null, "adm3_name": "Bogouiné", "adm3_name1": null, "adm3_name2": null, "adm3_name3": null, "adm3_pcode": "CI320302", "adm2_name": "Man", "adm2_name1": null, "adm2_name2": null, "adm2_name3": null, "adm2_pcode": "CI3203", "adm1_name": "Tonkpi", "adm1_name1": null, "adm1_name2": null, "adm1_name3": null, "adm1_pcode": "CI32", "adm0_name": "Côte d'Ivoire", "adm0_name1": null, "adm0_name2": null, "adm0_name3": null, "adm0_pcode": "CI", "valid_on": "2018-07-06", "valid_to": null, "cod_version": "V_01", "lang": "fr", "lang1": null, "lang2": null, "lang3": null }, "geometry": { "type": "Point", "coordinates": [ -7.605520576999936, 7.242626347000112 ] } },
{ "type": "Feature", "properties": { "admin_level": 3, "name": "Boguédia", "name1": null, "name2": null, "name3": null, "x_coord": -6.51935517, "y_coord": 6.62653735, "adm4_name": null, "adm4_name1": null, "adm4_name2": null, "adm4_name3": null, "adm4_pcode": null, "adm3_name": "Boguédia", "adm3_name1": null, "adm3_name2": null, "adm3_name3": null, "adm3_pcode": "CI180202", "adm2_name": "Issia", "adm2_name1": null, "adm2_name2": null, "adm2_name3": null, "adm2_pcode": "CI1802", "adm1_name": "Haut-Sassandra", "adm1_name1": null, "adm1_name2": null, "adm1_name3": null, "adm1_pcode": "CI18", "adm0_name": "Côte d'Ivoire", "adm0_name1": null, "adm0_name2": null, "adm0_name3": null, "adm0_pcode": "CI", "valid_on": "2018-07-06", "valid_to": null, "cod_version": "V_01", "lang": "fr", "lang1": null, "lang2": null, "lang3": null }, "geometry": { "type": "Point", "coordinates": [ -6.519355165999855, 6.626537347000124 ] } },
{ "type": "Feature", "properties": { "admin_level": 3, "name": "Boli", "name1": null, "name2": null, "name3": null, "x_coord": -4.83079896, "y_coord": 7.27685794, "adm4_name": null, "adm4_name1": null, "adm4_name2": null, "adm4_name3": null, "adm4_pcode": null, "adm3_name": "Boli", "adm3_name1": null, "adm3_name2": null, "adm3_name3": null, "adm3_pcode": "CI060101", "adm2_name": "Didievi", "adm2_name1": null, "adm2_name2": null, "adm2_name3": null, "adm2_pcode": "CI0601", "adm1_name": "Belier", "adm1_name1": null, "adm1_name2": null, "adm1_name3": null, "adm1_pcode": "CI06", "adm0_name": "Côte d'Ivoire", "adm0_name1": null, "adm0_name2": null, "adm0_name3": null, "adm0_pcode": "CI", "valid_on": "2018-07-06", "valid_to": null, "cod_version": "V_01", "lang": "fr", "lang1": null, "lang2": null, "lang3": null }, "geometry": { "type": "Point", "coordinates": [ -4.830798956999956, 7.276857943000095 ] } },
{ "type": "Feature", "properties": { "admin_level": 3, "name": "Bondo", "name1": null, "name2": null, "name3": null, "x_coord": -3.27691393, "y_coord": 8.28047429, "adm4_name": null, "adm4_name1": null, "adm4_name2": null, "adm4_name3": null, "adm4_pcode": null, "adm3_name": "Bondo", "adm3_name1": null, "adm3_name2": null, "adm3_name3": null, "adm3_pcode": "CI140102", "adm2_name": "Bondoukou", "adm2_name1": null, "adm2_name2": null, "adm2_name3": null, "adm2_pcode": "CI1401", "adm1_name": "Gontougo", "adm1_name1": null, "adm1_name2": null, "adm1_name3": null, "adm1_pcode": "CI14", "adm0_name": "Côte d'Ivoire", "adm0_name1": null, "adm0_name2": null, "adm0_name3": null, "adm0_pcode": "CI", "valid_on": "2018-07-06", "valid_to": null, "cod_version": "V_01", "lang": "fr", "lang1": null, "lang2": null, "lang3": null }, "geometry": { "type": "Point", "coordinates": [ -3.276913929999921, 8.280474291000132 ] } },
{ "type": "Feature", "properties": { "admin_level": 3, "name": "Bondoukou", "name1": null, "name2": null, "name3": null, "x_coord": -2.78680632, "y_coord": 8.06525237, "adm4_name": null, "adm4_name1": null, "adm4_name2": null, "adm4_name3": null, "adm4_pcode": null, "adm3_name": "Bondoukou", "adm3_name1": null, "adm3_name2": null, "adm3_name3": null, "adm3_pcode": "CI140103", "adm2_name": "Bondoukou", "adm2_name1": null, "adm2_name2": null, "adm2_name3": null, "adm2_pcode": "CI1401", "adm1_name": "Gontougo", "adm1_name1": null, "adm1_name2": null, "adm1_name3": null, "adm1_pcode": "CI14", "adm0_name": "Côte d'Ivoire", "adm0_name1": null, "adm0_name2": null, "adm0_name3": null, "adm0_pcode": "CI", "valid_on": "2018-07-06", "valid_to": null, "cod_version": "V_01", "lang": "fr", "lang1": null, "lang2": null, "lang3": null }, "geometry": { "type": "Point", "coordinates": [ -2.78680631799989, 8.065252372000145 ] } },
{ "type": "Feature", "properties": { "admin_level": 3, "name": "Bongo", "name1": null, "name2": null, "name3": null, "x_coord": -3.51031214, "y_coord": 5.47597366, "adm4_name": null, "adm4_name1": null, "adm4_name2": null, "adm4_name3": null, "adm4_pcode": null, "adm3_name": "Bongo", "adm3_name1": null, "adm3_name2": null, "adm3_name3": null, "adm3_pcode": "CI300301", "adm2_name": "Grand-Bassam", "adm2_name1": null, "adm2_name2": null, "adm2_name3": null, "adm2_pcode": "CI3003", "adm1_name": "Sud-Comoe", "adm1_name1": null, "adm1_name2": null, "adm1_name3": null, "adm1_pcode": "CI30", "adm0_name": "Côte d'Ivoire", "adm0_name1": null, "adm0_name2": null, "adm0_name3": null, "adm0_pcode": "CI", "valid_on": "2018-07-06", "valid_to": null, "cod_version": "V_01", "lang": "fr", "lang1": null, "lang2": null, "lang3": null }, "geometry": { "type": "Point", "coordinates": [ -3.510312139999883, 5.475973660000136 ] } },
{ "type": "Feature", "properties": { "admin_level": 3, "name": "Bongouanou", "name1": null, "name2": null, "name3": null, "x_coord": -4.17302655, "y_coord": 6.6237433, "adm4_name": null, "adm4_name1": null, "adm4_name2": null, "adm4_name3": null, "adm4_pcode": null, "adm3_name": "Bongouanou", "adm3_name1": null, "adm3_name2": null, "adm3_name3": null, "adm3_pcode": "CI250203", "adm2_name": "Bongouanou", "adm2_name1": null, "adm2_name2": null, "adm2_name3": null, "adm2_pcode": "CI2502", "adm1_name": "Moronou", "adm1_name1": null, "adm1_name2": null, "adm1_name3": null, "adm1_pcode": "CI25", "adm0_name": "Côte d'Ivoire", "adm0_name1": null, "adm0_name2": null, "adm0_name3": null, "adm0_pcode": "CI", "valid_on": "2018-07-06", "valid_to": null, "cod_version": "V_01", "lang": "fr", "lang1": null, "lang2": null, "lang3": null }, "geometry": { "type": "Point", "coordinates": [ -4.173026547999939, 6.623743298000136 ] } },
{ "type": "Feature", "properties": { "admin_level": 3, "name": "Bonguéra", "name1": null, "name2": null, "name3": null, "x_coord": -4.25552777, "y_coord": 7.77108695, "adm4_name": null, "adm4_name1": null, "adm4_name2": null, "adm4_name3": null, "adm4_pcode": null, "adm3_name": "Bonguéra", "adm3_name1": null, "adm3_name2": null, "adm3_name3": null, "adm3_pcode": "CI190202", "adm2_name": "M'Bahiakro", "adm2_name1": null, "adm2_name2": null, "adm2_name3": null, "adm2_pcode": "CI1902", "adm1_name": "Iffou", "adm1_name1": null, "adm1_name2": null, "adm1_name3": null, "adm1_pcode": "CI19", "adm0_name": "Côte d'Ivoire", "adm0_name1": null, "adm0_name2": null, "adm0_name3": null, "adm0_pcode": "CI", "valid_on": "2018-07-06", "valid_to": null, "cod_version": "V_01", "lang": "fr", "lang1": null, "lang2": null, "lang3": null }, "geometry": { "type": "Point", "coordinates": [ -4.255527769999901, 7.77108695000004 ] } },
{ "type": "Feature", "properties": { "admin_level": 3, "name": "Bonieredougou", "name1": null, "name2": null, "name3": null, "x_coord": -4.78320197, "y_coord": 8.27729631, "adm4_name": null, "adm4_name1": null, "adm4_name2": null, "adm4_name3": null, "adm4_pcode": null, "adm3_name": "Bonieredougou", "adm3_name1": null, "adm3_name2": null, "adm3_name3": null, "adm3_pcode": "CI170102", "adm2_name": "Dabakala", "adm2_name1": null, "adm2_name2": null, "adm2_name3": null, "adm2_pcode": "CI1701", "adm1_name": "Hambol", "adm1_name1": null, "adm1_name2": null, "adm1_name3": null, "adm1_pcode": "CI17", "adm0_name": "Côte d'Ivoire", "adm0_name1": null, "adm0_name2": null, "adm0_name3": null, "adm0_pcode": "CI", "valid_on": "2018-07-06", "valid_to": null, "cod_version": "V_01", "lang": "fr", "lang1": null, "lang2": null, "lang3": null }, "geometry": { "type": "Point", "coordinates": [ -4.783201967999958, 8.277296305999982 ] } },
{ "type": "Feature", "properties": { "admin_level": 3, "name": "Bonikro", "name1": null, "name2": null, "name3": null, "x_coord": -5.15990741, "y_coord": 6.38351879, "adm4_name": null, "adm4_name1": null, "adm4_name2": null, "adm4_name3": null, "adm4_pcode": null, "adm3_name": "Bonikro", "adm3_name1": null, "adm3_name2": null, "adm3_name3": null, "adm3_pcode": "CI060201", "adm2_name": "Djekanou", "adm2_name1": null, "adm2_name2": null, "adm2_name3": null, "adm2_pcode": "CI0602", "adm1_name": "Belier", "adm1_name1": null, "adm1_name2": null, "adm1_name3": null, "adm1_pcode": "CI06", "adm0_name": "Côte d'Ivoire", "adm0_name1": null, "adm0_name2": null, "adm0_name3": null, "adm0_pcode": "CI", "valid_on": "2018-07-06", "valid_to": null, "cod_version": "V_01", "lang": "fr", "lang1": null, "lang2": null, "lang3": null }, "geometry": { "type": "Point", "coordinates": [ -5.159907405999945, 6.38351878800006 ] } },
{ "type": "Feature", "properties": { "admin_level": 3, "name": "Bonon", "name1": null, "name2": null, "name3": null, "x_coord": -6.03831455, "y_coord": 6.96522221, "adm4_name": null, "adm4_name1": null, "adm4_name2": null, "adm4_name3": null, "adm4_pcode": null, "adm3_name": "Bonon", "adm3_name1": null, "adm3_name2": null, "adm3_name3": null, "adm3_pcode": "CI230102", "adm2_name": "Bouaflé", "adm2_name1": null, "adm2_name2": null, "adm2_name3": null, "adm2_pcode": "CI2301", "adm1_name": "Marahoue", "adm1_name1": null, "adm1_name2": null, "adm1_name3": null, "adm1_pcode": "CI23", "adm0_name": "Côte d'Ivoire", "adm0_name1": null, "adm0_name2": null, "adm0_name3": null, "adm0_pcode": "CI", "valid_on": "2018-07-06", "valid_to": null, "cod_version": "V_01", "lang": "fr", "lang1": null, "lang2": null, "lang3": null }, "geometry": { "type": "Point", "coordinates": [ -6.038314551999974, 6.965222211000082 ] } },
{ "type": "Feature", "properties": { "admin_level": 3, "name": "Bonoua", "name1": null, "name2": null, "name3": null, "x_coord": -3.54020049, "y_coord": 5.29116769, "adm4_name": null, "adm4_name1": null, "adm4_name2": null, "adm4_name3": null, "adm4_pcode": null, "adm3_name": "Bonoua", "adm3_name1": null, "adm3_name2": null, "adm3_name3": null, "adm3_pcode": "CI300302", "adm2_name": "Grand-Bassam", "adm2_name1": null, "adm2_name2": null, "adm2_name3": null, "adm2_pcode": "CI3003", "adm1_name": "Sud-Comoe", "adm1_name1": null, "adm1_name2": null, "adm1_name3": null, "adm1_pcode": "CI30", "adm0_name": "Côte d'Ivoire", "adm0_name1": null, "adm0_name2": null, "adm0_name3": null, "adm0_pcode": "CI", "valid_on": "2018-07-06", "valid_to": null, "cod_version": "V_01", "lang": "fr", "lang1": null, "lang2": null, "lang3": null }, "geometry": { "type": "Point", "coordinates": [ -3.540200491999826, 5.291167686000051 ] } },
{ "type": "Feature", "properties": { "admin_level": 3, "name": "Booko", "name1": null, "name2": null, "name3": null, "x_coord": -7.74136114, "y_coord": 8.89784347, "adm4_name": null, "adm4_name1": null, "adm4_name2": null, "adm4_name3": null, "adm4_pcode": null, "adm3_name": "Booko", "adm3_name1": null, "adm3_name2": null, "adm3_name3": null, "adm3_pcode": "CI040102", "adm2_name": "Koro", "adm2_name1": null, "adm2_name2": null, "adm2_name3": null, "adm2_pcode": "CI0401", "adm1_name": "Bafing", "adm1_name1": null, "adm1_name2": null, "adm1_name3": null, "adm1_pcode": "CI04", "adm0_name": "Côte d'Ivoire", "adm0_name1": null, "adm0_name2": null, "adm0_name3": null, "adm0_pcode": "CI", "valid_on": "2018-07-06", "valid_to": null, "cod_version": "V_01", "lang": "fr", "lang1": null, "lang2": null, "lang3": null }, "geometry": { "type": "Point", "coordinates": [ -7.741361139999981, 8.897843472000147 ] } },
{ "type": "Feature", "properties": { "admin_level": 3, "name": "Boron", "name1": null, "name2": null, "name3": null, "x_coord": -5.84206727, "y_coord": 8.67774541, "adm4_name": null, "adm4_name1": null, "adm4_name2": null, "adm4_name3": null, "adm4_pcode": null, "adm3_name": "Boron", "adm3_name1": null, "adm3_name2": null, "adm3_name3": null, "adm3_pcode": "CI280101", "adm2_name": "Dikodougou", "adm2_name1": null, "adm2_name2": null, "adm2_name3": null, "adm2_pcode": "CI2801", "adm1_name": "Poro", "adm1_name1": null, "adm1_name2": null, "adm1_name3": null, "adm1_pcode": "CI28", "adm0_name": "Côte d'Ivoire", "adm0_name1": null, "adm0_name2": null, "adm0_name3": null, "adm0_pcode": "CI", "valid_on": "2018-07-06", "valid_to": null, "cod_version": "V_01", "lang": "fr", "lang1": null, "lang2": null, "lang3": null }, "geometry": { "type": "Point", "coordinates": [ -5.842067271999952, 8.677745407000089 ] } },
{ "type": "Feature", "properties": { "admin_level": 3, "name": "Borotou", "name1": null, "name2": null, "name3": null, "x_coord": -7.51699676, "y_coord": 8.75876882, "adm4_name": null, "adm4_name1": null, "adm4_name2": null, "adm4_name3": null, "adm4_pcode": null, "adm3_name": "Borotou", "adm3_name1": null, "adm3_name2": null, "adm3_name3": null, "adm3_pcode": "CI040103", "adm2_name": "Koro", "adm2_name1": null, "adm2_name2": null, "adm2_name3": null, "adm2_pcode": "CI0401", "adm1_name": "Bafing", "adm1_name1": null, "adm1_name2": null, "adm1_name3": null, "adm1_pcode": "CI04", "adm0_name": "Côte d'Ivoire", "adm0_name1": null, "adm0_name2": null, "adm0_name3": null, "adm0_pcode": "CI", "valid_on": "2018-07-06", "valid_to": null, "cod_version": "V_01", "lang": "fr", "lang1": null, "lang2": null, "lang3": null }, "geometry": { "type": "Point", "coordinates": [ -7.516996762999895, 8.758768816000099 ] } },
{ "type": "Feature", "properties": { "admin_level": 3, "name": "Botro", "name1": null, "name2": null, "name3": null, "x_coord": -5.32666338, "y_coord": 7.87066805, "adm4_name": null, "adm4_name1": null, "adm4_name2": null, "adm4_name3": null, "adm4_pcode": null, "adm3_name": "Botro", "adm3_name1": null, "adm3_name2": null, "adm3_name3": null, "adm3_pcode": "CI110201", "adm2_name": "Botro", "adm2_name1": null, "adm2_name2": null, "adm2_name3": null, "adm2_pcode": "CI1102", "adm1_name": "Gbeke", "adm1_name1": null, "adm1_name2": null, "adm1_name3": null, "adm1_pcode": "CI11", "adm0_name": "Côte d'Ivoire", "adm0_name1": null, "adm0_name2": null, "adm0_name3": null, "adm0_pcode": "CI", "valid_on": "2018-07-06", "valid_to": null, "cod_version": "V_01", "lang": "fr", "lang1": null, "lang2": null, "lang3": null }, "geometry": { "type": "Point", "coordinates": [ -5.326663380999889, 7.870668053000088 ] } },
{ "type": "Feature", "properties": { "admin_level": 3, "name": "Bouaflé", "name1": null, "name2": null, "name3": null, "x_coord": -5.68445461, "y_coord": 6.97371447, "adm4_name": null, "adm4_name1": null, "adm4_name2": null, "adm4_name3": null, "adm4_pcode": null, "adm3_name": "Bouaflé", "adm3_name1": null, "adm3_name2": null, "adm3_name3": null, "adm3_pcode": "CI230103", "adm2_name": "Bouaflé", "adm2_name1": null, "adm2_name2": null, "adm2_name3": null, "adm2_pcode": "CI2301", "adm1_name": "Marahoue", "adm1_name1": null, "adm1_name2": null, "adm1_name3": null, "adm1_pcode": "CI23", "adm0_name": "Côte d'Ivoire", "adm0_name1": null, "adm0_name2": null, "adm0_name3": null, "adm0_pcode": "CI", "valid_on": "2018-07-06", "valid_to": null, "cod_version": "V_01", "lang": "fr", "lang1": null, "lang2": null, "lang3": null }, "geometry": { "type": "Point", "coordinates": [ -5.6844546129999, 6.973714472000097 ] } },
{ "type": "Feature", "properties": { "admin_level": 3, "name": "Bouaké", "name1": null, "name2": null, "name3": null, "x_coord": -5.00164934, "y_coord": 7.76093261, "adm4_name": null, "adm4_name1": null, "adm4_name2": null, "adm4_name3": null, "adm4_pcode": null, "adm3_name": "Bouaké", "adm3_name1": null, "adm3_name2": null, "adm3_name3": null, "adm3_pcode": "CI110301", "adm2_name": "Bouaké", "adm2_name1": null, "adm2_name2": null, "adm2_name3": null, "adm2_pcode": "CI1103", "adm1_name": "Gbeke", "adm1_name1": null, "adm1_name2": null, "adm1_name3": null, "adm1_pcode": "CI11", "adm0_name": "Côte d'Ivoire", "adm0_name1": null, "adm0_name2": null, "adm0_name3": null, "adm0_pcode": "CI", "valid_on": "2018-07-06", "valid_to": null, "cod_version": "V_01", "lang": "fr", "lang1": null, "lang2": null, "lang3": null }, "geometry": { "type": "Point", "coordinates": [ -5.001649341999951, 7.760932608000076 ] } },
{ "type": "Feature", "properties": { "admin_level": 3, "name": "Bouandougou", "name1": null, "name2": null, "name3": null, "x_coord": -5.55488992, "y_coord": 8.23685381, "adm4_name": null, "adm4_name1": null, "adm4_name2": null, "adm4_name3": null, "adm4_pcode": null, "adm3_name": "Bouandougou", "adm3_name1": null, "adm3_name2": null, "adm3_name3": null, "adm3_pcode": "CI070302", "adm2_name": "Mankono", "adm2_name1": null, "adm2_name2": null, "adm2_name3": null, "adm2_pcode": "CI0703", "adm1_name": "Bere", "adm1_name1": null, "adm1_name2": null, "adm1_name3": null, "adm1_pcode": "CI07", "adm0_name": "Côte d'Ivoire", "adm0_name1": null, "adm0_name2": null, "adm0_name3": null, "adm0_pcode": "CI", "valid_on": "2018-07-06", "valid_to": null, "cod_version": "V_01", "lang": "fr", "lang1": null, "lang2": null, "lang3": null }, "geometry": { "type": "Point", "coordinates": [ -5.554889918999891, 8.23685380500018 ] } },
{ "type": "Feature", "properties": { "admin_level": 3, "name": "Bougou", "name1": null, "name2": null, "name3": null, "x_coord": -5.84150702, "y_coord": 10.26057974, "adm4_name": null, "adm4_name1": null, "adm4_name2": null, "adm4_name3": null, "adm4_pcode": null, "adm3_name": "Bougou", "adm3_name1": null, "adm3_name2": null, "adm3_name3": null, "adm3_pcode": "CI280302", "adm2_name": "M'Bengué", "adm2_name1": null, "adm2_name2": null, "adm2_name3": null, "adm2_pcode": "CI2803", "adm1_name": "Poro", "adm1_name1": null, "adm1_name2": null, "adm1_name3": null, "adm1_pcode": "CI28", "adm0_name": "Côte d'Ivoire", "adm0_name1": null, "adm0_name2": null, "adm0_name3": null, "adm0_pcode": "CI", "valid_on": "2018-07-06", "valid_to": null, "cod_version": "V_01", "lang": "fr", "lang1": null, "lang2": null, "lang3": null }, "geometry": { "type": "Point", "coordinates": [ -5.841507017999959, 10.260579741000129 ] } },
{ "type": "Feature", "properties": { "admin_level": 3, "name": "Bougousso", "name1": null, "name2": null, "name3": null, "x_coord": -7.77796364, "y_coord": 9.2678061, "adm4_name": null, "adm4_name1": null, "adm4_name2": null, "adm4_name3": null, "adm4_pcode": null, "adm3_name": "Bougousso", "adm3_name1": null, "adm3_name2": null, "adm3_name3": null, "adm3_pcode": "CI210303", "adm2_name": "Odienne", "adm2_name1": null, "adm2_name2": null, "adm2_name3": null, "adm2_pcode": "CI2103", "adm1_name": "Kabadougou", "adm1_name1": null, "adm1_name2": null, "adm1_name3": null, "adm1_pcode": "CI21", "adm0_name": "Côte d'Ivoire", "adm0_name1": null, "adm0_name2": null, "adm0_name3": null, "adm0_pcode": "CI", "valid_on": "2018-07-06", "valid_to": null, "cod_version": "V_01", "lang": "fr", "lang1": null, "lang2": null, "lang3": null }, "geometry": { "type": "Point", "coordinates": [ -7.777963641999975, 9.267806102000065 ] } },
{ "type": "Feature", "properties": { "admin_level": 3, "name": "Bouko", "name1": null, "name2": null, "name3": null, "x_coord": -3.0942052, "y_coord": 9.50236769, "adm4_name": null, "adm4_name1": null, "adm4_name2": null, "adm4_name3": null, "adm4_pcode": null, "adm3_name": "Bouko", "adm3_name1": null, "adm3_name2": null, "adm3_name3": null, "adm3_pcode": "CI080101", "adm2_name": "Bouna", "adm2_name1": null, "adm2_name2": null, "adm2_name3": null, "adm2_pcode": "CI0801", "adm1_name": "Bounkani", "adm1_name1": null, "adm1_name2": null, "adm1_name3": null, "adm1_pcode": "CI08", "adm0_name": "Côte d'Ivoire", "adm0_name1": null, "adm0_name2": null, "adm0_name3": null, "adm0_pcode": "CI", "valid_on": "2018-07-06", "valid_to": null, "cod_version": "V_01", "lang": "fr", "lang1": null, "lang2": null, "lang3": null }, "geometry": { "type": "Point", "coordinates": [ -3.094205203999934, 9.502367685000138 ] } },
{ "type": "Feature", "properties": { "admin_level": 3, "name": "Bouna", "name1": null, "name2": null, "name3": null, "x_coord": -3.10848356, "y_coord": 9.13456182, "adm4_name": null, "adm4_name1": null, "adm4_name2": null, "adm4_name3": null, "adm4_pcode": null, "adm3_name": "Bouna", "adm3_name1": null, "adm3_name2": null, "adm3_name3": null, "adm3_pcode": "CI080102", "adm2_name": "Bouna", "adm2_name1": null, "adm2_name2": null, "adm2_name3": null, "adm2_pcode": "CI0801", "adm1_name": "Bounkani", "adm1_name1": null, "adm1_name2": null, "adm1_name3": null, "adm1_pcode": "CI08", "adm0_name": "Côte d'Ivoire", "adm0_name1": null, "adm0_name2": null, "adm0_name3": null, "adm0_pcode": "CI", "valid_on": "2018-07-06", "valid_to": null, "cod_version": "V_01", "lang": "fr", "lang1": null, "lang2": null, "lang3": null }, "geometry": { "type": "Point", "coordinates": [ -3.108483556999886, 9.134561818000179 ] } },
{ "type": "Feature", "properties": { "admin_level": 3, "name": "Bounda", "name1": null, "name2": null, "name3": null, "x_coord": -4.68083593, "y_coord": 7.60813614, "adm4_name": null, "adm4_name1": null, "adm4_name2": null, "adm4_name3": null, "adm4_pcode": null, "adm3_name": "Bounda", "adm3_name1": null, "adm3_name2": null, "adm3_name3": null, "adm3_pcode": "CI110302", "adm2_name": "Bouaké", "adm2_name1": null, "adm2_name2": null, "adm2_name3": null, "adm2_pcode": "CI1103", "adm1_name": "Gbeke", "adm1_name1": null, "adm1_name2": null, "adm1_name3": null, "adm1_pcode": "CI11", "adm0_name": "Côte d'Ivoire", "adm0_name1": null, "adm0_name2": null, "adm0_name3": null, "adm0_pcode": "CI", "valid_on": "2018-07-06", "valid_to": null, "cod_version": "V_01", "lang": "fr", "lang1": null, "lang2": null, "lang3": null }, "geometry": { "type": "Point", "coordinates": [ -4.680835933999901, 7.608136144000184 ] } },
{ "type": "Feature", "properties": { "admin_level": 3, "name": "Boundiali", "name1": null, "name2": null, "name3": null, "x_coord": -6.65887748, "y_coord": 9.37535688, "adm4_name": null, "adm4_name1": null, "adm4_name2": null, "adm4_name3": null, "adm4_pcode": null, "adm3_name": "Boundiali", "adm3_name1": null, "adm3_name2": null, "adm3_name3": null, "adm3_pcode": "CI050102", "adm2_name": "Boundiali", "adm2_name1": null, "adm2_name2": null, "adm2_name3": null, "adm2_pcode": "CI0501", "adm1_name": "Bagoue", "adm1_name1": null, "adm1_name2": null, "adm1_name3": null, "adm1_pcode": "CI05", "adm0_name": "Côte d'Ivoire", "adm0_name1": null, "adm0_name2": null, "adm0_name3": null, "adm0_pcode": "CI", "valid_on": "2018-07-06", "valid_to": null, "cod_version": "V_01", "lang": "fr", "lang1": null, "lang2": null, "lang3": null }, "geometry": { "type": "Point", "coordinates": [ -6.658877477999965, 9.375356885000144 ] } },
{ "type": "Feature", "properties": { "admin_level": 3, "name": "Brobo", "name1": null, "name2": null, "name3": null, "x_coord": -4.84713074, "y_coord": 7.64016189, "adm4_name": null, "adm4_name1": null, "adm4_name2": null, "adm4_name3": null, "adm4_pcode": null, "adm3_name": "Brobo", "adm3_name1": null, "adm3_name2": null, "adm3_name3": null, "adm3_pcode": "CI110303", "adm2_name": "Bouaké", "adm2_name1": null, "adm2_name2": null, "adm2_name3": null, "adm2_pcode": "CI1103", "adm1_name": "Gbeke", "adm1_name1": null, "adm1_name2": null, "adm1_name3": null, "adm1_pcode": "CI11", "adm0_name": "Côte d'Ivoire", "adm0_name1": null, "adm0_name2": null, "adm0_name3": null, "adm0_pcode": "CI", "valid_on": "2018-07-06", "valid_to": null, "cod_version": "V_01", "lang": "fr", "lang1": null, "lang2": null, "lang3": null }, "geometry": { "type": "Point", "coordinates": [ -4.847130736999929, 7.640161892000037 ] } },
{ "type": "Feature", "properties": { "admin_level": 3, "name": "Brofodoumé", "name1": null, "name2": null, "name3": null, "x_coord": -3.91932536, "y_coord": 5.50884697, "adm4_name": null, "adm4_name1": null, "adm4_name2": null, "adm4_name3": null, "adm4_pcode": null, "adm3_name": "Brofodoumé", "adm3_name1": null, "adm3_name2": null, "adm3_name3": null, "adm3_pcode": "CI010104", "adm2_name": "Abidjan", "adm2_name1": null, "adm2_name2": null, "adm2_name3": null, "adm2_pcode": "CI0101", "adm1_name": "District Autonome D'Abidjan", "adm1_name1": null, "adm1_name2": null, "adm1_name3": null, "adm1_pcode": "CI01", "adm0_name": "Côte d'Ivoire", "adm0_name1": null, "adm0_name2": null, "adm0_name3": null, "adm0_pcode": "CI", "valid_on": "2018-07-06", "valid_to": null, "cod_version": "V_01", "lang": "fr", "lang1": null, "lang2": null, "lang3": null }, "geometry": { "type": "Point", "coordinates": [ -3.919325356999877, 5.508846965000032 ] } },
{ "type": "Feature", "properties": { "admin_level": 3, "name": "Buyo", "name1": null, "name2": null, "name3": null, "x_coord": -7.00907938, "y_coord": 6.27445601, "adm4_name": null, "adm4_name1": null, "adm4_name2": null, "adm4_name3": null, "adm4_pcode": null, "adm3_name": "Buyo", "adm3_name1": null, "adm3_name2": null, "adm3_name3": null, "adm3_pcode": "CI260101", "adm2_name": "Buyo", "adm2_name1": null, "adm2_name2": null, "adm2_name3": null, "adm2_pcode": "CI2601", "adm1_name": "Nawa", "adm1_name1": null, "adm1_name2": null, "adm1_name3": null, "adm1_pcode": "CI26", "adm0_name": "Côte d'Ivoire", "adm0_name1": null, "adm0_name2": null, "adm0_name3": null, "adm0_pcode": "CI", "valid_on": "2018-07-06", "valid_to": null, "cod_version": "V_01", "lang": "fr", "lang1": null, "lang2": null, "lang3": null }, "geometry": { "type": "Point", "coordinates": [ -7.009079378999957, 6.274456010000051 ] } },
{ "type": "Feature", "properties": { "admin_level": 3, "name": "Cechi", "name1": null, "name2": null, "name3": null, "x_coord": -4.42399719, "y_coord": 6.19172595, "adm4_name": null, "adm4_name1": null, "adm4_name2": null, "adm4_name3": null, "adm4_pcode": null, "adm3_name": "Cechi", "adm3_name1": null, "adm3_name2": null, "adm3_name3": null, "adm3_pcode": "CI030106", "adm2_name": "Agboville", "adm2_name1": null, "adm2_name2": null, "adm2_name3": null, "adm2_pcode": "CI0301", "adm1_name": "Agneby-Tiassa", "adm1_name1": null, "adm1_name2": null, "adm1_name3": null, "adm1_pcode": "CI03", "adm0_name": "Côte d'Ivoire", "adm0_name1": null, "adm0_name2": null, "adm0_name3": null, "adm0_pcode": "CI", "valid_on": "2018-07-06", "valid_to": null, "cod_version": "V_01", "lang": "fr", "lang1": null, "lang2": null, "lang3": null }, "geometry": { "type": "Point", "coordinates": [ -4.423997192999877, 6.191725950000091 ] } },
{ "type": "Feature", "properties": { "admin_level": 3, "name": "Chiépo", "name1": null, "name2": null, "name3": null, "x_coord": -5.08929642, "y_coord": 5.73093533, "adm4_name": null, "adm4_name1": null, "adm4_name2": null, "adm4_name3": null, "adm4_pcode": null, "adm3_name": "Chiépo", "adm3_name1": null, "adm3_name2": null, "adm3_name3": null, "adm3_pcode": "CI220101", "adm2_name": "Divo", "adm2_name1": null, "adm2_name2": null, "adm2_name3": null, "adm2_pcode": "CI2201", "adm1_name": "Loh-Djiboua", "adm1_name1": null, "adm1_name2": null, "adm1_name3": null, "adm1_pcode": "CI22", "adm0_name": "Côte d'Ivoire", "adm0_name1": null, "adm0_name2": null, "adm0_name3": null, "adm0_pcode": "CI", "valid_on": "2018-07-06", "valid_to": null, "cod_version": "V_01", "lang": "fr", "lang1": null, "lang2": null, "lang3": null }, "geometry": { "type": "Point", "coordinates": [ -5.0892964169999, 5.730935334000094 ] } },
{ "type": "Feature", "properties": { "admin_level": 3, "name": "Dabakala", "name1": null, "name2": null, "name3": null, "x_coord": -4.33694527, "y_coord": 8.38735499, "adm4_name": null, "adm4_name1": null, "adm4_name2": null, "adm4_name3": null, "adm4_pcode": null, "adm3_name": "Dabakala", "adm3_name1": null, "adm3_name2": null, "adm3_name3": null, "adm3_pcode": "CI170103", "adm2_name": "Dabakala", "adm2_name1": null, "adm2_name2": null, "adm2_name3": null, "adm2_pcode": "CI1701", "adm1_name": "Hambol", "adm1_name1": null, "adm1_name2": null, "adm1_name3": null, "adm1_pcode": "CI17", "adm0_name": "Côte d'Ivoire", "adm0_name1": null, "adm0_name2": null, "adm0_name3": null, "adm0_pcode": "CI", "valid_on": "2018-07-06", "valid_to": null, "cod_version": "V_01", "lang": "fr", "lang1": null, "lang2": null, "lang3": null }, "geometry": { "type": "Point", "coordinates": [ -4.33694527199998, 8.387354990000176 ] } },
{ "type": "Feature", "properties": { "admin_level": 3, "name": "Dabou", "name1": null, "name2": null, "name3": null, "x_coord": -4.40111912, "y_coord": 5.37859428, "adm4_name": null, "adm4_name1": null, "adm4_name2": null, "adm4_name3": null, "adm4_pcode": null, "adm3_name": "Dabou", "adm3_name1": null, "adm3_name2": null, "adm3_name3": null, "adm3_pcode": "CI150101", "adm2_name": "Dabou", "adm2_name1": null, "adm2_name2": null, "adm2_name3": null, "adm2_pcode": "CI1501", "adm1_name": "Grands Ponts", "adm1_name1": null, "adm1_name2": null, "adm1_name3": null, "adm1_pcode": "CI15", "adm0_name": "Côte d'Ivoire", "adm0_name1": null, "adm0_name2": null, "adm0_name3": null, "adm0_pcode": "CI", "valid_on": "2018-07-06", "valid_to": null, "cod_version": "V_01", "lang": "fr", "lang1": null, "lang2": null, "lang3": null }, "geometry": { "type": "Point", "coordinates": [ -4.401119123999933, 5.378594284000087 ] } },
{ "type": "Feature", "properties": { "admin_level": 3, "name": "Dabouyo", "name1": null, "name2": null, "name3": null, "x_coord": -6.0843296, "y_coord": 5.49516534, "adm4_name": null, "adm4_name1": null, "adm4_name2": null, "adm4_name3": null, "adm4_pcode": null, "adm3_name": "Dabouyo", "adm3_name1": null, "adm3_name2": null, "adm3_name3": null, "adm3_pcode": "CI260202", "adm2_name": "Guéyo", "adm2_name1": null, "adm2_name2": null, "adm2_name3": null, "adm2_pcode": "CI2602", "adm1_name": "Nawa", "adm1_name1": null, "adm1_name2": null, "adm1_name3": null, "adm1_pcode": "CI26", "adm0_name": "Côte d'Ivoire", "adm0_name1": null, "adm0_name2": null, "adm0_name3": null, "adm0_pcode": "CI", "valid_on": "2018-07-06", "valid_to": null, "cod_version": "V_01", "lang": "fr", "lang1": null, "lang2": null, "lang3": null }, "geometry": { "type": "Point", "coordinates": [ -6.084329598999886, 5.495165342000178 ] } },
{ "type": "Feature", "properties": { "admin_level": 3, "name": "Dahiépa-Kéhi", "name1": null, "name2": null, "name3": null, "x_coord": -5.80997132, "y_coord": 6.26948606, "adm4_name": null, "adm4_name1": null, "adm4_name2": null, "adm4_name3": null, "adm4_pcode": null, "adm3_name": "Dahiépa-Kéhi", "adm3_name1": null, "adm3_name2": null, "adm3_name3": null, "adm3_pcode": "CI130102", "adm2_name": "Gagnoa", "adm2_name1": null, "adm2_name2": null, "adm2_name3": null, "adm2_pcode": "CI1301", "adm1_name": "Goh", "adm1_name1": null, "adm1_name2": null, "adm1_name3": null, "adm1_pcode": "CI13", "adm0_name": "Côte d'Ivoire", "adm0_name1": null, "adm0_name2": null, "adm0_name3": null, "adm0_pcode": "CI", "valid_on": "2018-07-06", "valid_to": null, "cod_version": "V_01", "lang": "fr", "lang1": null, "lang2": null, "lang3": null }, "geometry": { "type": "Point", "coordinates": [ -5.809971319999931, 6.269486064000034 ] } },
{ "type": "Feature", "properties": { "admin_level": 3, "name": "Dahiri", "name1": null, "name2": null, "name3": null, "x_coord": -5.59272874, "y_coord": 5.3123397, "adm4_name": null, "adm4_name1": null, "adm4_name2": null, "adm4_name3": null, "adm4_pcode": null, "adm3_name": "Dahiri", "adm3_name1": null, "adm3_name2": null, "adm3_name3": null, "adm3_pcode": "CI120101", "adm2_name": "Fresco", "adm2_name1": null, "adm2_name2": null, "adm2_name3": null, "adm2_pcode": "CI1201", "adm1_name": "Gbokle", "adm1_name1": null, "adm1_name2": null, "adm1_name3": null, "adm1_pcode": "CI12", "adm0_name": "Côte d'Ivoire", "adm0_name1": null, "adm0_name2": null, "adm0_name3": null, "adm0_pcode": "CI", "valid_on": "2018-07-06", "valid_to": null, "cod_version": "V_01", "lang": "fr", "lang1": null, "lang2": null, "lang3": null }, "geometry": { "type": "Point", "coordinates": [ -5.59272873999987, 5.312339696000038 ] } },
{ "type": "Feature", "properties": { "admin_level": 3, "name": "Dairo Didizo", "name1": null, "name2": null, "name3": null, "x_coord": -5.42929722, "y_coord": 5.55793895, "adm4_name": null, "adm4_name1": null, "adm4_name2": null, "adm4_name3": null, "adm4_pcode": null, "adm3_name": "Dairo Didizo", "adm3_name1": null, "adm3_name2": null, "adm3_name3": null, "adm3_pcode": "CI220202", "adm2_name": "Guitry", "adm2_name1": null, "adm2_name2": null, "adm2_name3": null, "adm2_pcode": "CI2202", "adm1_name": "Loh-Djiboua", "adm1_name1": null, "adm1_name2": null, "adm1_name3": null, "adm1_pcode": "CI22", "adm0_name": "Côte d'Ivoire", "adm0_name1": null, "adm0_name2": null, "adm0_name3": null, "adm0_pcode": "CI", "valid_on": "2018-07-06", "valid_to": null, "cod_version": "V_01", "lang": "fr", "lang1": null, "lang2": null, "lang3": null }, "geometry": { "type": "Point", "coordinates": [ -5.429297221999889, 5.557938953000075 ] } },
{ "type": "Feature", "properties": { "admin_level": 3, "name": "Dakpadou", "name1": null, "name2": null, "name3": null, "x_coord": -6.05407138, "y_coord": 5.22963375, "adm4_name": null, "adm4_name1": null, "adm4_name2": null, "adm4_name3": null, "adm4_pcode": null, "adm3_name": "Dakpadou", "adm3_name1": null, "adm3_name2": null, "adm3_name3": null, "adm3_pcode": "CI120202", "adm2_name": "Sassandra", "adm2_name1": null, "adm2_name2": null, "adm2_name3": null, "adm2_pcode": "CI1202", "adm1_name": "Gbokle", "adm1_name1": null, "adm1_name2": null, "adm1_name3": null, "adm1_pcode": "CI12", "adm0_name": "Côte d'Ivoire", "adm0_name1": null, "adm0_name2": null, "adm0_name3": null, "adm0_pcode": "CI", "valid_on": "2018-07-06", "valid_to": null, "cod_version": "V_01", "lang": "fr", "lang1": null, "lang2": null, "lang3": null }, "geometry": { "type": "Point", "coordinates": [ -6.054071377999946, 5.229633752000154 ] } },
{ "type": "Feature", "properties": { "admin_level": 3, "name": "Daleu", "name1": null, "name2": null, "name3": null, "x_coord": -8.07151063, "y_coord": 7.57615417, "adm4_name": null, "adm4_name1": null, "adm4_name2": null, "adm4_name3": null, "adm4_pcode": null, "adm3_name": "Daleu", "adm3_name1": null, "adm3_name2": null, "adm3_name3": null, "adm3_pcode": "CI320201", "adm2_name": "Danané", "adm2_name1": null, "adm2_name2": null, "adm2_name3": null, "adm2_pcode": "CI3202", "adm1_name": "Tonkpi", "adm1_name1": null, "adm1_name2": null, "adm1_name3": null, "adm1_pcode": "CI32", "adm0_name": "Côte d'Ivoire", "adm0_name1": null, "adm0_name2": null, "adm0_name3": null, "adm0_pcode": "CI", "valid_on": "2018-07-06", "valid_to": null, "cod_version": "V_01", "lang": "fr", "lang1": null, "lang2": null, "lang3": null }, "geometry": { "type": "Point", "coordinates": [ -8.071510626999952, 7.576154166000038 ] } },
{ "type": "Feature", "properties": { "admin_level": 3, "name": "Daloa", "name1": null, "name2": null, "name3": null, "x_coord": -6.37682834, "y_coord": 6.85414948, "adm4_name": null, "adm4_name1": null, "adm4_name2": null, "adm4_name3": null, "adm4_pcode": null, "adm3_name": "Daloa", "adm3_name1": null, "adm3_name2": null, "adm3_name3": null, "adm3_pcode": "CI180102", "adm2_name": "Daloa", "adm2_name1": null, "adm2_name2": null, "adm2_name3": null, "adm2_pcode": "CI1801", "adm1_name": "Haut-Sassandra", "adm1_name1": null, "adm1_name2": null, "adm1_name3": null, "adm1_pcode": "CI18", "adm0_name": "Côte d'Ivoire", "adm0_name1": null, "adm0_name2": null, "adm0_name3": null, "adm0_pcode": "CI", "valid_on": "2018-07-06", "valid_to": null, "cod_version": "V_01", "lang": "fr", "lang1": null, "lang2": null, "lang3": null }, "geometry": { "type": "Point", "coordinates": [ -6.376828337999939, 6.854149479000057 ] } },
{ "type": "Feature", "properties": { "admin_level": 3, "name": "Damé", "name1": null, "name2": null, "name3": null, "x_coord": -3.17071823, "y_coord": 7.00319695, "adm4_name": null, "adm4_name1": null, "adm4_name2": null, "adm4_name3": null, "adm4_pcode": null, "adm3_name": "Damé", "adm3_name1": null, "adm3_name2": null, "adm3_name3": null, "adm3_pcode": "CI200203", "adm2_name": "Agnibilékrou", "adm2_name1": null, "adm2_name2": null, "adm2_name3": null, "adm2_pcode": "CI2002", "adm1_name": "Indenie-Djuablin", "adm1_name1": null, "adm1_name2": null, "adm1_name3": null, "adm1_pcode": "CI20", "adm0_name": "Côte d'Ivoire", "adm0_name1": null, "adm0_name2": null, "adm0_name3": null, "adm0_pcode": "CI", "valid_on": "2018-07-06", "valid_to": null, "cod_version": "V_01", "lang": "fr", "lang1": null, "lang2": null, "lang3": null }, "geometry": { "type": "Point", "coordinates": [ -3.170718231999899, 7.003196950000017 ] } },
{ "type": "Feature", "properties": { "admin_level": 3, "name": "Danané", "name1": null, "name2": null, "name3": null, "x_coord": -8.16421701, "y_coord": 7.30327901, "adm4_name": null, "adm4_name1": null, "adm4_name2": null, "adm4_name3": null, "adm4_pcode": null, "adm3_name": "Danané", "adm3_name1": null, "adm3_name2": null, "adm3_name3": null, "adm3_pcode": "CI320202", "adm2_name": "Danané", "adm2_name1": null, "adm2_name2": null, "adm2_name3": null, "adm2_pcode": "CI3202", "adm1_name": "Tonkpi", "adm1_name1": null, "adm1_name2": null, "adm1_name3": null, "adm1_pcode": "CI32", "adm0_name": "Côte d'Ivoire", "adm0_name1": null, "adm0_name2": null, "adm0_name3": null, "adm0_pcode": "CI", "valid_on": "2018-07-06", "valid_to": null, "cod_version": "V_01", "lang": "fr", "lang1": null, "lang2": null, "lang3": null }, "geometry": { "type": "Point", "coordinates": [ -8.16421701299987, 7.303279007000185 ] } },
{ "type": "Feature", "properties": { "admin_level": 3, "name": "Dananon", "name1": null, "name2": null, "name3": null, "x_coord": -6.34197156, "y_coord": 7.58094922, "adm4_name": null, "adm4_name1": null, "adm4_name2": null, "adm4_name3": null, "adm4_pcode": null, "adm3_name": "Dananon", "adm3_name1": null, "adm3_name2": null, "adm3_name3": null, "adm3_pcode": "CI180303", "adm2_name": "Vavoua", "adm2_name1": null, "adm2_name2": null, "adm2_name3": null, "adm2_pcode": "CI1803", "adm1_name": "Haut-Sassandra", "adm1_name1": null, "adm1_name2": null, "adm1_name3": null, "adm1_pcode": "CI18", "adm0_name": "Côte d'Ivoire", "adm0_name1": null, "adm0_name2": null, "adm0_name3": null, "adm0_pcode": "CI", "valid_on": "2018-07-06", "valid_to": null, "cod_version": "V_01", "lang": "fr", "lang1": null, "lang2": null, "lang3": null }, "geometry": { "type": "Point", "coordinates": [ -6.341971560999866, 7.58094922500004 ] } },
{ "type": "Feature", "properties": { "admin_level": 3, "name": "Danguira", "name1": null, "name2": null, "name3": null, "x_coord": -3.7184261, "y_coord": 5.70394118, "adm4_name": null, "adm4_name1": null, "adm4_name2": null, "adm4_name3": null, "adm4_pcode": null, "adm3_name": "Danguira", "adm3_name1": null, "adm3_name2": null, "adm3_name3": null, "adm3_pcode": "CI240304", "adm2_name": "Alépé", "adm2_name1": null, "adm2_name2": null, "adm2_name3": null, "adm2_pcode": "CI2403", "adm1_name": "Me", "adm1_name1": null, "adm1_name2": null, "adm1_name3": null, "adm1_pcode": "CI24", "adm0_name": "Côte d'Ivoire", "adm0_name1": null, "adm0_name2": null, "adm0_name3": null, "adm0_pcode": "CI", "valid_on": "2018-07-06", "valid_to": null, "cod_version": "V_01", "lang": "fr", "lang1": null, "lang2": null, "lang3": null }, "geometry": { "type": "Point", "coordinates": [ -3.718426099999931, 5.703941179000083 ] } },
{ "type": "Feature", "properties": { "admin_level": 3, "name": "Dania", "name1": null, "name2": null, "name3": null, "x_coord": -6.89273329, "y_coord": 7.26959787, "adm4_name": null, "adm4_name1": null, "adm4_name2": null, "adm4_name3": null, "adm4_pcode": null, "adm3_name": "Dania", "adm3_name1": null, "adm3_name2": null, "adm3_name3": null, "adm3_pcode": "CI180304", "adm2_name": "Vavoua", "adm2_name1": null, "adm2_name2": null, "adm2_name3": null, "adm2_pcode": "CI1803", "adm1_name": "Haut-Sassandra", "adm1_name1": null, "adm1_name2": null, "adm1_name3": null, "adm1_pcode": "CI18", "adm0_name": "Côte d'Ivoire", "adm0_name1": null, "adm0_name2": null, "adm0_name3": null, "adm0_pcode": "CI", "valid_on": "2018-07-06", "valid_to": null, "cod_version": "V_01", "lang": "fr", "lang1": null, "lang2": null, "lang3": null }, "geometry": { "type": "Point", "coordinates": [ -6.892733288999978, 7.269597874000056 ] } },
{ "type": "Feature", "properties": { "admin_level": 3, "name": "Danoa", "name1": null, "name2": null, "name3": null, "x_coord": -3.05613547, "y_coord": 9.65707092, "adm4_name": null, "adm4_name1": null, "adm4_name2": null, "adm4_name3": null, "adm4_pcode": null, "adm3_name": "Danoa", "adm3_name1": null, "adm3_name2": null, "adm3_name3": null, "adm3_pcode": "CI080201", "adm2_name": "Doropo", "adm2_name1": null, "adm2_name2": null, "adm2_name3": null, "adm2_pcode": "CI0802", "adm1_name": "Bounkani", "adm1_name1": null, "adm1_name2": null, "adm1_name3": null, "adm1_pcode": "CI08", "adm0_name": "Côte d'Ivoire", "adm0_name1": null, "adm0_name2": null, "adm0_name3": null, "adm0_pcode": "CI", "valid_on": "2018-07-06", "valid_to": null, "cod_version": "V_01", "lang": "fr", "lang1": null, "lang2": null, "lang3": null }, "geometry": { "type": "Point", "coordinates": [ -3.056135466999876, 9.657070925000085 ] } },
{ "type": "Feature", "properties": { "admin_level": 3, "name": "Daoukro", "name1": null, "name2": null, "name3": null, "x_coord": -3.95240029, "y_coord": 7.07098792, "adm4_name": null, "adm4_name1": null, "adm4_name2": null, "adm4_name3": null, "adm4_pcode": null, "adm3_name": "Daoukro", "adm3_name1": null, "adm3_name2": null, "adm3_name3": null, "adm3_pcode": "CI190103", "adm2_name": "Daoukro", "adm2_name1": null, "adm2_name2": null, "adm2_name3": null, "adm2_pcode": "CI1901", "adm1_name": "Iffou", "adm1_name1": null, "adm1_name2": null, "adm1_name3": null, "adm1_pcode": "CI19", "adm0_name": "Côte d'Ivoire", "adm0_name1": null, "adm0_name2": null, "adm0_name3": null, "adm0_pcode": "CI", "valid_on": "2018-07-06", "valid_to": null, "cod_version": "V_01", "lang": "fr", "lang1": null, "lang2": null, "lang3": null }, "geometry": { "type": "Point", "coordinates": [ -3.952400286999875, 7.070987921000153 ] } },
{ "type": "Feature", "properties": { "admin_level": 3, "name": "Dapéoua", "name1": null, "name2": null, "name3": null, "x_coord": -6.91301505, "y_coord": 6.04978383, "adm4_name": null, "adm4_name1": null, "adm4_name2": null, "adm4_name3": null, "adm4_pcode": null, "adm3_name": "Dapéoua", "adm3_name1": null, "adm3_name2": null, "adm3_name3": null, "adm3_pcode": "CI260102", "adm2_name": "Buyo", "adm2_name1": null, "adm2_name2": null, "adm2_name3": null, "adm2_pcode": "CI2601", "adm1_name": "Nawa", "adm1_name1": null, "adm1_name2": null, "adm1_name3": null, "adm1_pcode": "CI26", "adm0_name": "Côte d'Ivoire", "adm0_name1": null, "adm0_name2": null, "adm0_name3": null, "adm0_pcode": "CI", "valid_on": "2018-07-06", "valid_to": null, "cod_version": "V_01", "lang": "fr", "lang1": null, "lang2": null, "lang3": null }, "geometry": { "type": "Point", "coordinates": [ -6.913015049999956, 6.04978382600018 ] } },
{ "type": "Feature", "properties": { "admin_level": 3, "name": "Dapo-Iboké", "name1": null, "name2": null, "name3": null, "x_coord": -7.40200214, "y_coord": 4.69212701, "adm4_name": null, "adm4_name1": null, "adm4_name2": null, "adm4_name3": null, "adm4_pcode": null, "adm3_name": "Dapo-Iboké", "adm3_name1": null, "adm3_name2": null, "adm3_name3": null, "adm3_pcode": "CI290202", "adm2_name": "Tabou", "adm2_name1": null, "adm2_name2": null, "adm2_name3": null, "adm2_pcode": "CI2902", "adm1_name": "San Pedro", "adm1_name1": null, "adm1_name2": null, "adm1_name3": null, "adm1_pcode": "CI29", "adm0_name": "Côte d'Ivoire", "adm0_name1": null, "adm0_name2": null, "adm0_name3": null, "adm0_pcode": "CI", "valid_on": "2018-07-06", "valid_to": null, "cod_version": "V_01", "lang": "fr", "lang1": null, "lang2": null, "lang3": null }, "geometry": { "type": "Point", "coordinates": [ -7.402002135999908, 4.69212701400005 ] } },
{ "type": "Feature", "properties": { "admin_level": 3, "name": "Dassoungboho", "name1": null, "name2": null, "name3": null, "x_coord": -5.79156676, "y_coord": 9.37436832, "adm4_name": null, "adm4_name1": null, "adm4_name2": null, "adm4_name3": null, "adm4_pcode": null, "adm3_name": "Dassoungboho", "adm3_name1": null, "adm3_name2": null, "adm3_name3": null, "adm3_pcode": "CI280202", "adm2_name": "Korhogo", "adm2_name1": null, "adm2_name2": null, "adm2_name3": null, "adm2_pcode": "CI2802", "adm1_name": "Poro", "adm1_name1": null, "adm1_name2": null, "adm1_name3": null, "adm1_pcode": "CI28", "adm0_name": "Côte d'Ivoire", "adm0_name1": null, "adm0_name2": null, "adm0_name3": null, "adm0_pcode": "CI", "valid_on": "2018-07-06", "valid_to": null, "cod_version": "V_01", "lang": "fr", "lang1": null, "lang2": null, "lang3": null }, "geometry": { "type": "Point", "coordinates": [ -5.791566761999889, 9.374368325000034 ] } },
{ "type": "Feature", "properties": { "admin_level": 3, "name": "Débété", "name1": null, "name2": null, "name3": null, "x_coord": -6.6364521, "y_coord": 10.52027482, "adm4_name": null, "adm4_name1": null, "adm4_name2": null, "adm4_name3": null, "adm4_pcode": null, "adm3_name": "Débété", "adm3_name1": null, "adm3_name2": null, "adm3_name3": null, "adm3_pcode": "CI050302", "adm2_name": "Tengrela", "adm2_name1": null, "adm2_name2": null, "adm2_name3": null, "adm2_pcode": "CI0503", "adm1_name": "Bagoue", "adm1_name1": null, "adm1_name2": null, "adm1_name3": null, "adm1_pcode": "CI05", "adm0_name": "Côte d'Ivoire", "adm0_name1": null, "adm0_name2": null, "adm0_name3": null, "adm0_pcode": "CI", "valid_on": "2018-07-06", "valid_to": null, "cod_version": "V_01", "lang": "fr", "lang1": null, "lang2": null, "lang3": null }, "geometry": { "type": "Point", "coordinates": [ -6.636452098999882, 10.5202748210001 ] } },
{ "type": "Feature", "properties": { "admin_level": 3, "name": "Diabo", "name1": null, "name2": null, "name3": null, "x_coord": -5.16276205, "y_coord": 7.84146531, "adm4_name": null, "adm4_name1": null, "adm4_name2": null, "adm4_name3": null, "adm4_pcode": null, "adm3_name": "Diabo", "adm3_name1": null, "adm3_name2": null, "adm3_name3": null, "adm3_pcode": "CI110202", "adm2_name": "Botro", "adm2_name1": null, "adm2_name2": null, "adm2_name3": null, "adm2_pcode": "CI1102", "adm1_name": "Gbeke", "adm1_name1": null, "adm1_name2": null, "adm1_name3": null, "adm1_pcode": "CI11", "adm0_name": "Côte d'Ivoire", "adm0_name1": null, "adm0_name2": null, "adm0_name3": null, "adm0_pcode": "CI", "valid_on": "2018-07-06", "valid_to": null, "cod_version": "V_01", "lang": "fr", "lang1": null, "lang2": null, "lang3": null }, "geometry": { "type": "Point", "coordinates": [ -5.162762047999877, 7.841465308000124 ] } },
{ "type": "Feature", "properties": { "admin_level": 3, "name": "Diamarakro", "name1": null, "name2": null, "name3": null, "x_coord": -3.27371443, "y_coord": 6.23204514, "adm4_name": null, "adm4_name1": null, "adm4_name2": null, "adm4_name3": null, "adm4_pcode": null, "adm3_name": "Diamarakro", "adm3_name1": null, "adm3_name2": null, "adm3_name3": null, "adm3_pcode": "CI200302", "adm2_name": "Béttié", "adm2_name1": null, "adm2_name2": null, "adm2_name3": null, "adm2_pcode": "CI2003", "adm1_name": "Indenie-Djuablin", "adm1_name1": null, "adm1_name2": null, "adm1_name3": null, "adm1_pcode": "CI20", "adm0_name": "Côte d'Ivoire", "adm0_name1": null, "adm0_name2": null, "adm0_name3": null, "adm0_pcode": "CI", "valid_on": "2018-07-06", "valid_to": null, "cod_version": "V_01", "lang": "fr", "lang1": null, "lang2": null, "lang3": null }, "geometry": { "type": "Point", "coordinates": [ -3.27371442999987, 6.232045142000118 ] } },
{ "type": "Feature", "properties": { "admin_level": 3, "name": "Diamba", "name1": null, "name2": null, "name3": null, "x_coord": -3.3293362, "y_coord": 7.75693533, "adm4_name": null, "adm4_name1": null, "adm4_name2": null, "adm4_name3": null, "adm4_pcode": null, "adm3_name": "Diamba", "adm3_name1": null, "adm3_name2": null, "adm3_name3": null, "adm3_pcode": "CI140403", "adm2_name": "Tanda", "adm2_name1": null, "adm2_name2": null, "adm2_name3": null, "adm2_pcode": "CI1404", "adm1_name": "Gontougo", "adm1_name1": null, "adm1_name2": null, "adm1_name3": null, "adm1_pcode": "CI14", "adm0_name": "Côte d'Ivoire", "adm0_name1": null, "adm0_name2": null, "adm0_name3": null, "adm0_pcode": "CI", "valid_on": "2018-07-06", "valid_to": null, "cod_version": "V_01", "lang": "fr", "lang1": null, "lang2": null, "lang3": null }, "geometry": { "type": "Point", "coordinates": [ -3.329336204999947, 7.756935334000104 ] } },
{ "type": "Feature", "properties": { "admin_level": 3, "name": "Diangokro", "name1": null, "name2": null, "name3": null, "x_coord": -4.58541077, "y_coord": 6.75792865, "adm4_name": null, "adm4_name1": null, "adm4_name2": null, "adm4_name3": null, "adm4_pcode": null, "adm3_name": "Diangokro", "adm3_name1": null, "adm3_name2": null, "adm3_name3": null, "adm3_pcode": "CI270202", "adm2_name": "Dimbokro", "adm2_name1": null, "adm2_name2": null, "adm2_name3": null, "adm2_pcode": "CI2702", "adm1_name": "N'Zi", "adm1_name1": null, "adm1_name2": null, "adm1_name3": null, "adm1_pcode": "CI27", "adm0_name": "Côte d'Ivoire", "adm0_name1": null, "adm0_name2": null, "adm0_name3": null, "adm0_pcode": "CI", "valid_on": "2018-07-06", "valid_to": null, "cod_version": "V_01", "lang": "fr", "lang1": null, "lang2": null, "lang3": null }, "geometry": { "type": "Point", "coordinates": [ -4.585410767999974, 6.757928652999965 ] } },
{ "type": "Feature", "properties": { "admin_level": 3, "name": "Dianra", "name1": null, "name2": null, "name3": null, "x_coord": -6.47683643, "y_coord": 9.00150559, "adm4_name": null, "adm4_name1": null, "adm4_name2": null, "adm4_name3": null, "adm4_pcode": null, "adm3_name": "Dianra", "adm3_name1": null, "adm3_name2": null, "adm3_name3": null, "adm3_pcode": "CI070101", "adm2_name": "Dianra", "adm2_name1": null, "adm2_name2": null, "adm2_name3": null, "adm2_pcode": "CI0701", "adm1_name": "Bere", "adm1_name1": null, "adm1_name2": null, "adm1_name3": null, "adm1_pcode": "CI07", "adm0_name": "Côte d'Ivoire", "adm0_name1": null, "adm0_name2": null, "adm0_name3": null, "adm0_pcode": "CI", "valid_on": "2018-07-06", "valid_to": null, "cod_version": "V_01", "lang": "fr", "lang1": null, "lang2": null, "lang3": null }, "geometry": { "type": "Point", "coordinates": [ -6.476836432999903, 9.001505591000125 ] } },
{ "type": "Feature", "properties": { "admin_level": 3, "name": "Dianra-Village", "name1": null, "name2": null, "name3": null, "x_coord": -6.2529153, "y_coord": 8.6524113, "adm4_name": null, "adm4_name1": null, "adm4_name2": null, "adm4_name3": null, "adm4_pcode": null, "adm3_name": "Dianra-Village", "adm3_name1": null, "adm3_name2": null, "adm3_name3": null, "adm3_pcode": "CI070102", "adm2_name": "Dianra", "adm2_name1": null, "adm2_name2": null, "adm2_name3": null, "adm2_pcode": "CI0701", "adm1_name": "Bere", "adm1_name1": null, "adm1_name2": null, "adm1_name3": null, "adm1_pcode": "CI07", "adm0_name": "Côte d'Ivoire", "adm0_name1": null, "adm0_name2": null, "adm0_name3": null, "adm0_pcode": "CI", "valid_on": "2018-07-06", "valid_to": null, "cod_version": "V_01", "lang": "fr", "lang1": null, "lang2": null, "lang3": null }, "geometry": { "type": "Point", "coordinates": [ -6.252915301999906, 8.652411304000111 ] } },
{ "type": "Feature", "properties": { "admin_level": 3, "name": "Diawala", "name1": null, "name2": null, "name3": null, "x_coord": -5.54206832, "y_coord": 10.0473078, "adm4_name": null, "adm4_name1": null, "adm4_name2": null, "adm4_name3": null, "adm4_pcode": null, "adm3_name": "Diawala", "adm3_name1": null, "adm3_name2": null, "adm3_name3": null, "adm3_pcode": "CI310302", "adm2_name": "Ouangolodougou", "adm2_name1": null, "adm2_name2": null, "adm2_name3": null, "adm2_pcode": "CI3103", "adm1_name": "Tchologo", "adm1_name1": null, "adm1_name2": null, "adm1_name3": null, "adm1_pcode": "CI31", "adm0_name": "Côte d'Ivoire", "adm0_name1": null, "adm0_name2": null, "adm0_name3": null, "adm0_pcode": "CI", "valid_on": "2018-07-06", "valid_to": null, "cod_version": "V_01", "lang": "fr", "lang1": null, "lang2": null, "lang3": null }, "geometry": { "type": "Point", "coordinates": [ -5.542068321999977, 10.047307796000041 ] } },
{ "type": "Feature", "properties": { "admin_level": 3, "name": "Diboké", "name1": null, "name2": null, "name3": null, "x_coord": -8.13416046, "y_coord": 6.38655525, "adm4_name": null, "adm4_name1": null, "adm4_name2": null, "adm4_name3": null, "adm4_pcode": null, "adm3_name": "Diboké", "adm3_name1": null, "adm3_name2": null, "adm3_name3": null, "adm3_pcode": "CI090102", "adm2_name": "Bloléquin", "adm2_name1": null, "adm2_name2": null, "adm2_name3": null, "adm2_pcode": "CI0901", "adm1_name": "Cavally", "adm1_name1": null, "adm1_name2": null, "adm1_name3": null, "adm1_pcode": "CI09", "adm0_name": "Côte d'Ivoire", "adm0_name1": null, "adm0_name2": null, "adm0_name3": null, "adm0_pcode": "CI", "valid_on": "2018-07-06", "valid_to": null, "cod_version": "V_01", "lang": "fr", "lang1": null, "lang2": null, "lang3": null }, "geometry": { "type": "Point", "coordinates": [ -8.134160460999965, 6.386555246000114 ] } },
{ "type": "Feature", "properties": { "admin_level": 3, "name": "Dibri-Assirikro", "name1": null, "name2": null, "name3": null, "x_coord": -5.18534614, "y_coord": 7.55893331, "adm4_name": null, "adm4_name1": null, "adm4_name2": null, "adm4_name3": null, "adm4_pcode": null, "adm3_name": "Dibri-Assirikro", "adm3_name1": null, "adm3_name2": null, "adm3_name3": null, "adm3_pcode": "CI110403", "adm2_name": "Sakassou", "adm2_name1": null, "adm2_name2": null, "adm2_name3": null, "adm2_pcode": "CI1104", "adm1_name": "Gbeke", "adm1_name1": null, "adm1_name2": null, "adm1_name3": null, "adm1_pcode": "CI11", "adm0_name": "Côte d'Ivoire", "adm0_name1": null, "adm0_name2": null, "adm0_name3": null, "adm0_pcode": "CI", "valid_on": "2018-07-06", "valid_to": null, "cod_version": "V_01", "lang": "fr", "lang1": null, "lang2": null, "lang3": null }, "geometry": { "type": "Point", "coordinates": [ -5.185346136999954, 7.558933308000178 ] } },
{ "type": "Feature", "properties": { "admin_level": 3, "name": "Didievi", "name1": null, "name2": null, "name3": null, "x_coord": -4.83830023, "y_coord": 7.05650668, "adm4_name": null, "adm4_name1": null, "adm4_name2": null, "adm4_name3": null, "adm4_pcode": null, "adm3_name": "Didievi", "adm3_name1": null, "adm3_name2": null, "adm3_name3": null, "adm3_pcode": "CI060102", "adm2_name": "Didievi", "adm2_name1": null, "adm2_name2": null, "adm2_name3": null, "adm2_pcode": "CI0601", "adm1_name": "Belier", "adm1_name1": null, "adm1_name2": null, "adm1_name3": null, "adm1_pcode": "CI06", "adm0_name": "Côte d'Ivoire", "adm0_name1": null, "adm0_name2": null, "adm0_name3": null, "adm0_pcode": "CI", "valid_on": "2018-07-06", "valid_to": null, "cod_version": "V_01", "lang": "fr", "lang1": null, "lang2": null, "lang3": null }, "geometry": { "type": "Point", "coordinates": [ -4.838300226999877, 7.056506685000102 ] } },
{ "type": "Feature", "properties": { "admin_level": 3, "name": "Didoko", "name1": null, "name2": null, "name3": null, "x_coord": -5.26484739, "y_coord": 6.02142057, "adm4_name": null, "adm4_name1": null, "adm4_name2": null, "adm4_name3": null, "adm4_pcode": null, "adm3_name": "Didoko", "adm3_name1": null, "adm3_name2": null, "adm3_name3": null, "adm3_pcode": "CI220102", "adm2_name": "Divo", "adm2_name1": null, "adm2_name2": null, "adm2_name3": null, "adm2_pcode": "CI2201", "adm1_name": "Loh-Djiboua", "adm1_name1": null, "adm1_name2": null, "adm1_name3": null, "adm1_pcode": "CI22", "adm0_name": "Côte d'Ivoire", "adm0_name1": null, "adm0_name2": null, "adm0_name3": null, "adm0_pcode": "CI", "valid_on": "2018-07-06", "valid_to": null, "cod_version": "V_01", "lang": "fr", "lang1": null, "lang2": null, "lang3": null }, "geometry": { "type": "Point", "coordinates": [ -5.264847393999901, 6.02142056800011 ] } },
{ "type": "Feature", "properties": { "admin_level": 3, "name": "Diégonéfla", "name1": null, "name2": null, "name3": null, "x_coord": -5.58052917, "y_coord": 6.25442368, "adm4_name": null, "adm4_name1": null, "adm4_name2": null, "adm4_name3": null, "adm4_pcode": null, "adm3_name": "Diégonéfla", "adm3_name1": null, "adm3_name2": null, "adm3_name3": null, "adm3_pcode": "CI130202", "adm2_name": "Oumé", "adm2_name1": null, "adm2_name2": null, "adm2_name3": null, "adm2_pcode": "CI1302", "adm1_name": "Goh", "adm1_name1": null, "adm1_name2": null, "adm1_name3": null, "adm1_pcode": "CI13", "adm0_name": "Côte d'Ivoire", "adm0_name1": null, "adm0_name2": null, "adm0_name3": null, "adm0_pcode": "CI", "valid_on": "2018-07-06", "valid_to": null, "cod_version": "V_01", "lang": "fr", "lang1": null, "lang2": null, "lang3": null }, "geometry": { "type": "Point", "coordinates": [ -5.580529165999963, 6.254423676999977 ] } },
{ "type": "Feature", "properties": { "admin_level": 3, "name": "Diéouzon", "name1": null, "name2": null, "name3": null, "x_coord": -7.29669683, "y_coord": 7.15636521, "adm4_name": null, "adm4_name1": null, "adm4_name2": null, "adm4_name3": null, "adm4_pcode": null, "adm3_name": "Diéouzon", "adm3_name1": null, "adm3_name2": null, "adm3_name3": null, "adm3_pcode": "CI160104", "adm2_name": "Bangolo", "adm2_name1": null, "adm2_name2": null, "adm2_name3": null, "adm2_pcode": "CI1601", "adm1_name": "Guemon", "adm1_name1": null, "adm1_name2": null, "adm1_name3": null, "adm1_pcode": "CI16", "adm0_name": "Côte d'Ivoire", "adm0_name1": null, "adm0_name2": null, "adm0_name3": null, "adm0_pcode": "CI", "valid_on": "2018-07-06", "valid_to": null, "cod_version": "V_01", "lang": "fr", "lang1": null, "lang2": null, "lang3": null }, "geometry": { "type": "Point", "coordinates": [ -7.296696832999942, 7.156365215000108 ] } },
{ "type": "Feature", "properties": { "admin_level": 3, "name": "Dignago", "name1": null, "name2": null, "name3": null, "x_coord": -6.34457498, "y_coord": 6.21341591, "adm4_name": null, "adm4_name1": null, "adm4_name2": null, "adm4_name3": null, "adm4_pcode": null, "adm3_name": "Dignago", "adm3_name1": null, "adm3_name2": null, "adm3_name3": null, "adm3_pcode": "CI130103", "adm2_name": "Gagnoa", "adm2_name1": null, "adm2_name2": null, "adm2_name3": null, "adm2_pcode": "CI1301", "adm1_name": "Goh", "adm1_name1": null, "adm1_name2": null, "adm1_name3": null, "adm1_pcode": "CI13", "adm0_name": "Côte d'Ivoire", "adm0_name1": null, "adm0_name2": null, "adm0_name3": null, "adm0_pcode": "CI", "valid_on": "2018-07-06", "valid_to": null, "cod_version": "V_01", "lang": "fr", "lang1": null, "lang2": null, "lang3": null }, "geometry": { "type": "Point", "coordinates": [ -6.344574974999887, 6.213415914999985 ] } },
{ "type": "Feature", "properties": { "admin_level": 3, "name": "Dikodougou", "name1": null, "name2": null, "name3": null, "x_coord": -5.86362031, "y_coord": 8.96303916, "adm4_name": null, "adm4_name1": null, "adm4_name2": null, "adm4_name3": null, "adm4_pcode": null, "adm3_name": "Dikodougou", "adm3_name1": null, "adm3_name2": null, "adm3_name3": null, "adm3_pcode": "CI280102", "adm2_name": "Dikodougou", "adm2_name1": null, "adm2_name2": null, "adm2_name3": null, "adm2_pcode": "CI2801", "adm1_name": "Poro", "adm1_name1": null, "adm1_name2": null, "adm1_name3": null, "adm1_pcode": "CI28", "adm0_name": "Côte d'Ivoire", "adm0_name1": null, "adm0_name2": null, "adm0_name3": null, "adm0_pcode": "CI", "valid_on": "2018-07-06", "valid_to": null, "cod_version": "V_01", "lang": "fr", "lang1": null, "lang2": null, "lang3": null }, "geometry": { "type": "Point", "coordinates": [ -5.863620310999977, 8.963039157000082 ] } },
{ "type": "Feature", "properties": { "admin_level": 3, "name": "Dimandougou", "name1": null, "name2": null, "name3": null, "x_coord": -3.78675764, "y_coord": 7.94792698, "adm4_name": null, "adm4_name1": null, "adm4_name2": null, "adm4_name3": null, "adm4_pcode": null, "adm3_name": "Dimandougou", "adm3_name1": null, "adm3_name2": null, "adm3_name3": null, "adm3_pcode": "CI140303", "adm2_name": "Sandegue", "adm2_name1": null, "adm2_name2": null, "adm2_name3": null, "adm2_pcode": "CI1403", "adm1_name": "Gontougo", "adm1_name1": null, "adm1_name2": null, "adm1_name3": null, "adm1_pcode": "CI14", "adm0_name": "Côte d'Ivoire", "adm0_name1": null, "adm0_name2": null, "adm0_name3": null, "adm0_pcode": "CI", "valid_on": "2018-07-06", "valid_to": null, "cod_version": "V_01", "lang": "fr", "lang1": null, "lang2": null, "lang3": null }, "geometry": { "type": "Point", "coordinates": [ -3.786757639999905, 7.94792698100008 ] } },
{ "type": "Feature", "properties": { "admin_level": 3, "name": "Dimbokro", "name1": null, "name2": null, "name3": null, "x_coord": -4.70770395, "y_coord": 6.67146496, "adm4_name": null, "adm4_name1": null, "adm4_name2": null, "adm4_name3": null, "adm4_pcode": null, "adm3_name": "Dimbokro", "adm3_name1": null, "adm3_name2": null, "adm3_name3": null, "adm3_pcode": "CI270203", "adm2_name": "Dimbokro", "adm2_name1": null, "adm2_name2": null, "adm2_name3": null, "adm2_pcode": "CI2702", "adm1_name": "N'Zi", "adm1_name1": null, "adm1_name2": null, "adm1_name3": null, "adm1_pcode": "CI27", "adm0_name": "Côte d'Ivoire", "adm0_name1": null, "adm0_name2": null, "adm0_name3": null, "adm0_pcode": "CI", "valid_on": "2018-07-06", "valid_to": null, "cod_version": "V_01", "lang": "fr", "lang1": null, "lang2": null, "lang3": null }, "geometry": { "type": "Point", "coordinates": [ -4.707703954999943, 6.671464958000115 ] } },
{ "type": "Feature", "properties": { "admin_level": 3, "name": "Dioman", "name1": null, "name2": null, "name3": null, "x_coord": -7.54148952, "y_coord": 8.12567318, "adm4_name": null, "adm4_name1": null, "adm4_name2": null, "adm4_name3": null, "adm4_pcode": null, "adm3_name": "Dioman", "adm3_name1": null, "adm3_name2": null, "adm3_name3": null, "adm3_pcode": "CI040302", "adm2_name": "Touba", "adm2_name1": null, "adm2_name2": null, "adm2_name3": null, "adm2_pcode": "CI0403", "adm1_name": "Bafing", "adm1_name1": null, "adm1_name2": null, "adm1_name3": null, "adm1_pcode": "CI04", "adm0_name": "Côte d'Ivoire", "adm0_name1": null, "adm0_name2": null, "adm0_name3": null, "adm0_pcode": "CI", "valid_on": "2018-07-06", "valid_to": null, "cod_version": "V_01", "lang": "fr", "lang1": null, "lang2": null, "lang3": null }, "geometry": { "type": "Point", "coordinates": [ -7.541489520999903, 8.125673175999964 ] } },
{ "type": "Feature", "properties": { "admin_level": 3, "name": "Dioulatiedougou", "name1": null, "name2": null, "name3": null, "x_coord": -7.28090376, "y_coord": 8.92581805, "adm4_name": null, "adm4_name1": null, "adm4_name2": null, "adm4_name3": null, "adm4_pcode": null, "adm3_name": "Dioulatiedougou", "adm3_name1": null, "adm3_name2": null, "adm3_name3": null, "adm3_pcode": "CI210304", "adm2_name": "Odienne", "adm2_name1": null, "adm2_name2": null, "adm2_name3": null, "adm2_pcode": "CI2103", "adm1_name": "Kabadougou", "adm1_name1": null, "adm1_name2": null, "adm1_name3": null, "adm1_pcode": "CI21", "adm0_name": "Côte d'Ivoire", "adm0_name1": null, "adm0_name2": null, "adm0_name3": null, "adm0_pcode": "CI", "valid_on": "2018-07-06", "valid_to": null, "cod_version": "V_01", "lang": "fr", "lang1": null, "lang2": null, "lang3": null }, "geometry": { "type": "Point", "coordinates": [ -7.28090376199998, 8.925818051000078 ] } },
{ "type": "Feature", "properties": { "admin_level": 3, "name": "Divo", "name1": null, "name2": null, "name3": null, "x_coord": -5.35948066, "y_coord": 5.81051749, "adm4_name": null, "adm4_name1": null, "adm4_name2": null, "adm4_name3": null, "adm4_pcode": null, "adm3_name": "Divo", "adm3_name1": null, "adm3_name2": null, "adm3_name3": null, "adm3_pcode": "CI220103", "adm2_name": "Divo", "adm2_name1": null, "adm2_name2": null, "adm2_name3": null, "adm2_pcode": "CI2201", "adm1_name": "Loh-Djiboua", "adm1_name1": null, "adm1_name2": null, "adm1_name3": null, "adm1_pcode": "CI22", "adm0_name": "Côte d'Ivoire", "adm0_name1": null, "adm0_name2": null, "adm0_name3": null, "adm0_pcode": "CI", "valid_on": "2018-07-06", "valid_to": null, "cod_version": "V_01", "lang": "fr", "lang1": null, "lang2": null, "lang3": null }, "geometry": { "type": "Point", "coordinates": [ -5.359480659999974, 5.810517495000056 ] } },
{ "type": "Feature", "properties": { "admin_level": 3, "name": "Djamandioké", "name1": null, "name2": null, "name3": null, "x_coord": -7.51249196, "y_coord": 4.53910729, "adm4_name": null, "adm4_name1": null, "adm4_name2": null, "adm4_name3": null, "adm4_pcode": null, "adm3_name": "Djamandioké", "adm3_name1": null, "adm3_name2": null, "adm3_name3": null, "adm3_pcode": "CI290203", "adm2_name": "Tabou", "adm2_name1": null, "adm2_name2": null, "adm2_name3": null, "adm2_pcode": "CI2902", "adm1_name": "San Pedro", "adm1_name1": null, "adm1_name2": null, "adm1_name3": null, "adm1_pcode": "CI29", "adm0_name": "Côte d'Ivoire", "adm0_name1": null, "adm0_name2": null, "adm0_name3": null, "adm0_pcode": "CI", "valid_on": "2018-07-06", "valid_to": null, "cod_version": "V_01", "lang": "fr", "lang1": null, "lang2": null, "lang3": null }, "geometry": { "type": "Point", "coordinates": [ -7.512491961999956, 4.539107287000036 ] } },
{ "type": "Feature", "properties": { "admin_level": 3, "name": "Djébonoua", "name1": null, "name2": null, "name3": null, "x_coord": -5.09447981, "y_coord": 7.44545715, "adm4_name": null, "adm4_name1": null, "adm4_name2": null, "adm4_name3": null, "adm4_pcode": null, "adm3_name": "Djébonoua", "adm3_name1": null, "adm3_name2": null, "adm3_name3": null, "adm3_pcode": "CI110304", "adm2_name": "Bouaké", "adm2_name1": null, "adm2_name2": null, "adm2_name3": null, "adm2_pcode": "CI1103", "adm1_name": "Gbeke", "adm1_name1": null, "adm1_name2": null, "adm1_name3": null, "adm1_pcode": "CI11", "adm0_name": "Côte d'Ivoire", "adm0_name1": null, "adm0_name2": null, "adm0_name3": null, "adm0_pcode": "CI", "valid_on": "2018-07-06", "valid_to": null, "cod_version": "V_01", "lang": "fr", "lang1": null, "lang2": null, "lang3": null }, "geometry": { "type": "Point", "coordinates": [ -5.094479804999878, 7.445457149000106 ] } },
{ "type": "Feature", "properties": { "admin_level": 3, "name": "Djékanou", "name1": null, "name2": null, "name3": null, "x_coord": -5.08769404, "y_coord": 6.44346003, "adm4_name": null, "adm4_name1": null, "adm4_name2": null, "adm4_name3": null, "adm4_pcode": null, "adm3_name": "Djékanou", "adm3_name1": null, "adm3_name2": null, "adm3_name3": null, "adm3_pcode": "CI060202", "adm2_name": "Djekanou", "adm2_name1": null, "adm2_name2": null, "adm2_name3": null, "adm2_pcode": "CI0602", "adm1_name": "Belier", "adm1_name1": null, "adm1_name2": null, "adm1_name3": null, "adm1_pcode": "CI06", "adm0_name": "Côte d'Ivoire", "adm0_name1": null, "adm0_name2": null, "adm0_name3": null, "adm0_pcode": "CI", "valid_on": "2018-07-06", "valid_to": null, "cod_version": "V_01", "lang": "fr", "lang1": null, "lang2": null, "lang3": null }, "geometry": { "type": "Point", "coordinates": [ -5.087694042999942, 6.443460029000107 ] } },
{ "type": "Feature", "properties": { "admin_level": 3, "name": "Djibrosso", "name1": null, "name2": null, "name3": null, "x_coord": -7.03794916, "y_coord": 8.79622924, "adm4_name": null, "adm4_name1": null, "adm4_name2": null, "adm4_name3": null, "adm4_pcode": null, "adm3_name": "Djibrosso", "adm3_name1": null, "adm3_name2": null, "adm3_name3": null, "adm3_pcode": "CI330102", "adm2_name": "Kani", "adm2_name1": null, "adm2_name2": null, "adm2_name3": null, "adm2_pcode": "CI3301", "adm1_name": "Worodougou", "adm1_name1": null, "adm1_name2": null, "adm1_name3": null, "adm1_pcode": "CI33", "adm0_name": "Côte d'Ivoire", "adm0_name1": null, "adm0_name2": null, "adm0_name3": null, "adm0_pcode": "CI", "valid_on": "2018-07-06", "valid_to": null, "cod_version": "V_01", "lang": "fr", "lang1": null, "lang2": null, "lang3": null }, "geometry": { "type": "Point", "coordinates": [ -7.037949155999968, 8.796229238000024 ] } },
{ "type": "Feature", "properties": { "admin_level": 3, "name": "Djidji", "name1": null, "name2": null, "name3": null, "x_coord": -5.6875474, "y_coord": 6.14750218, "adm4_name": null, "adm4_name1": null, "adm4_name2": null, "adm4_name3": null, "adm4_pcode": null, "adm3_name": "Djidji", "adm3_name1": null, "adm3_name2": null, "adm3_name3": null, "adm3_pcode": "CI220302", "adm2_name": "Lakota", "adm2_name1": null, "adm2_name2": null, "adm2_name3": null, "adm2_pcode": "CI2203", "adm1_name": "Loh-Djiboua", "adm1_name1": null, "adm1_name2": null, "adm1_name3": null, "adm1_pcode": "CI22", "adm0_name": "Côte d'Ivoire", "adm0_name1": null, "adm0_name2": null, "adm0_name3": null, "adm0_pcode": "CI", "valid_on": "2018-07-06", "valid_to": null, "cod_version": "V_01", "lang": "fr", "lang1": null, "lang2": null, "lang3": null }, "geometry": { "type": "Point", "coordinates": [ -5.687547397999936, 6.147502183000029 ] } },
{ "type": "Feature", "properties": { "admin_level": 3, "name": "Djouroutou", "name1": null, "name2": null, "name3": null, "x_coord": -7.22543358, "y_coord": 5.36955664, "adm4_name": null, "adm4_name1": null, "adm4_name2": null, "adm4_name3": null, "adm4_pcode": null, "adm3_name": "Djouroutou", "adm3_name1": null, "adm3_name2": null, "adm3_name3": null, "adm3_pcode": "CI290204", "adm2_name": "Tabou", "adm2_name1": null, "adm2_name2": null, "adm2_name3": null, "adm2_pcode": "CI2902", "adm1_name": "San Pedro", "adm1_name1": null, "adm1_name2": null, "adm1_name3": null, "adm1_pcode": "CI29", "adm0_name": "Côte d'Ivoire", "adm0_name1": null, "adm0_name2": null, "adm0_name3": null, "adm0_pcode": "CI", "valid_on": "2018-07-06", "valid_to": null, "cod_version": "V_01", "lang": "fr", "lang1": null, "lang2": null, "lang3": null }, "geometry": { "type": "Point", "coordinates": [ -7.225433577999866, 5.369556639000109 ] } },
{ "type": "Feature", "properties": { "admin_level": 3, "name": "Doba", "name1": null, "name2": null, "name3": null, "x_coord": -6.75440913, "y_coord": 5.16015744, "adm4_name": null, "adm4_name1": null, "adm4_name2": null, "adm4_name3": null, "adm4_pcode": null, "adm3_name": "Doba", "adm3_name1": null, "adm3_name2": null, "adm3_name3": null, "adm3_pcode": "CI290102", "adm2_name": "San Pédro", "adm2_name1": null, "adm2_name2": null, "adm2_name3": null, "adm2_pcode": "CI2901", "adm1_name": "San Pedro", "adm1_name1": null, "adm1_name2": null, "adm1_name3": null, "adm1_pcode": "CI29", "adm0_name": "Côte d'Ivoire", "adm0_name1": null, "adm0_name2": null, "adm0_name3": null, "adm0_pcode": "CI", "valid_on": "2018-07-06", "valid_to": null, "cod_version": "V_01", "lang": "fr", "lang1": null, "lang2": null, "lang3": null }, "geometry": { "type": "Point", "coordinates": [ -6.754409132999967, 5.160157438999988 ] } },
{ "type": "Feature", "properties": { "admin_level": 3, "name": "Dogbo", "name1": null, "name2": null, "name3": null, "x_coord": -7.04478968, "y_coord": 5.03450519, "adm4_name": null, "adm4_name1": null, "adm4_name2": null, "adm4_name3": null, "adm4_pcode": null, "adm3_name": "Dogbo", "adm3_name1": null, "adm3_name2": null, "adm3_name3": null, "adm3_pcode": "CI290103", "adm2_name": "San Pédro", "adm2_name1": null, "adm2_name2": null, "adm2_name3": null, "adm2_pcode": "CI2901", "adm1_name": "San Pedro", "adm1_name1": null, "adm1_name2": null, "adm1_name3": null, "adm1_pcode": "CI29", "adm0_name": "Côte d'Ivoire", "adm0_name1": null, "adm0_name2": null, "adm0_name3": null, "adm0_pcode": "CI", "valid_on": "2018-07-06", "valid_to": null, "cod_version": "V_01", "lang": "fr", "lang1": null, "lang2": null, "lang3": null }, "geometry": { "type": "Point", "coordinates": [ -7.044789683999966, 5.034505191000164 ] } },
{ "type": "Feature", "properties": { "admin_level": 3, "name": "Doké", "name1": null, "name2": null, "name3": null, "x_coord": -8.16326792, "y_coord": 6.63139595, "adm4_name": null, "adm4_name1": null, "adm4_name2": null, "adm4_name3": null, "adm4_pcode": null, "adm3_name": "Doké", "adm3_name1": null, "adm3_name2": null, "adm3_name3": null, "adm3_pcode": "CI090103", "adm2_name": "Bloléquin", "adm2_name1": null, "adm2_name2": null, "adm2_name3": null, "adm2_pcode": "CI0901", "adm1_name": "Cavally", "adm1_name1": null, "adm1_name2": null, "adm1_name3": null, "adm1_pcode": "CI09", "adm0_name": "Côte d'Ivoire", "adm0_name1": null, "adm0_name2": null, "adm0_name3": null, "adm0_pcode": "CI", "valid_on": "2018-07-06", "valid_to": null, "cod_version": "V_01", "lang": "fr", "lang1": null, "lang2": null, "lang3": null }, "geometry": { "type": "Point", "coordinates": [ -8.163267918999964, 6.631395954000027 ] } },
{ "type": "Feature", "properties": { "admin_level": 3, "name": "Domangbeu", "name1": null, "name2": null, "name3": null, "x_coord": -6.97181277, "y_coord": 6.9507953, "adm4_name": null, "adm4_name1": null, "adm4_name2": null, "adm4_name3": null, "adm4_pcode": null, "adm3_name": "Domangbeu", "adm3_name1": null, "adm3_name2": null, "adm3_name3": null, "adm3_pcode": "CI180402", "adm2_name": "Zoukougbeu", "adm2_name1": null, "adm2_name2": null, "adm2_name3": null, "adm2_pcode": "CI1804", "adm1_name": "Haut-Sassandra", "adm1_name1": null, "adm1_name2": null, "adm1_name3": null, "adm1_pcode": "CI18", "adm0_name": "Côte d'Ivoire", "adm0_name1": null, "adm0_name2": null, "adm0_name3": null, "adm0_pcode": "CI", "valid_on": "2018-07-06", "valid_to": null, "cod_version": "V_01", "lang": "fr", "lang1": null, "lang2": null, "lang3": null }, "geometry": { "type": "Point", "coordinates": [ -6.971812769999929, 6.950795299000106 ] } },
{ "type": "Feature", "properties": { "admin_level": 3, "name": "Doropo", "name1": null, "name2": null, "name3": null, "x_coord": -3.34503297, "y_coord": 9.73258634, "adm4_name": null, "adm4_name1": null, "adm4_name2": null, "adm4_name3": null, "adm4_pcode": null, "adm3_name": "Doropo", "adm3_name1": null, "adm3_name2": null, "adm3_name3": null, "adm3_pcode": "CI080202", "adm2_name": "Doropo", "adm2_name1": null, "adm2_name2": null, "adm2_name3": null, "adm2_pcode": "CI0802", "adm1_name": "Bounkani", "adm1_name1": null, "adm1_name2": null, "adm1_name3": null, "adm1_pcode": "CI08", "adm0_name": "Côte d'Ivoire", "adm0_name1": null, "adm0_name2": null, "adm0_name3": null, "adm0_pcode": "CI", "valid_on": "2018-07-06", "valid_to": null, "cod_version": "V_01", "lang": "fr", "lang1": null, "lang2": null, "lang3": null }, "geometry": { "type": "Point", "coordinates": [ -3.345032968999931, 9.732586337999976 ] } },
{ "type": "Feature", "properties": { "admin_level": 3, "name": "Dougroupalégnoa", "name1": null, "name2": null, "name3": null, "x_coord": -5.94107722, "y_coord": 5.9840475, "adm4_name": null, "adm4_name1": null, "adm4_name2": null, "adm4_name3": null, "adm4_pcode": null, "adm3_name": "Dougroupalégnoa", "adm3_name1": null, "adm3_name2": null, "adm3_name3": null, "adm3_pcode": "CI130104", "adm2_name": "Gagnoa", "adm2_name1": null, "adm2_name2": null, "adm2_name3": null, "adm2_pcode": "CI1301", "adm1_name": "Goh", "adm1_name1": null, "adm1_name2": null, "adm1_name3": null, "adm1_pcode": "CI13", "adm0_name": "Côte d'Ivoire", "adm0_name1": null, "adm0_name2": null, "adm0_name3": null, "adm0_pcode": "CI", "valid_on": "2018-07-06", "valid_to": null, "cod_version": "V_01", "lang": "fr", "lang1": null, "lang2": null, "lang3": null }, "geometry": { "type": "Point", "coordinates": [ -5.941077219999897, 5.984047500000145 ] } },
{ "type": "Feature", "properties": { "admin_level": 3, "name": "Doukouyo", "name1": null, "name2": null, "name3": null, "x_coord": -6.03848893, "y_coord": 5.76801791, "adm4_name": null, "adm4_name1": null, "adm4_name2": null, "adm4_name3": null, "adm4_pcode": null, "adm3_name": "Doukouyo", "adm3_name1": null, "adm3_name2": null, "adm3_name3": null, "adm3_pcode": "CI130105", "adm2_name": "Gagnoa", "adm2_name1": null, "adm2_name2": null, "adm2_name3": null, "adm2_pcode": "CI1301", "adm1_name": "Goh", "adm1_name1": null, "adm1_name2": null, "adm1_name3": null, "adm1_pcode": "CI13", "adm0_name": "Côte d'Ivoire", "adm0_name1": null, "adm0_name2": null, "adm0_name3": null, "adm0_pcode": "CI", "valid_on": "2018-07-06", "valid_to": null, "cod_version": "V_01", "lang": "fr", "lang1": null, "lang2": null, "lang3": null }, "geometry": { "type": "Point", "coordinates": [ -6.038488933999929, 5.768017912000175 ] } },
{ "type": "Feature", "properties": { "admin_level": 3, "name": "Dualla", "name1": null, "name2": null, "name3": null, "x_coord": -6.410978, "y_coord": 8.15995732, "adm4_name": null, "adm4_name1": null, "adm4_name2": null, "adm4_name3": null, "adm4_pcode": null, "adm3_name": "Dualla", "adm3_name1": null, "adm3_name2": null, "adm3_name3": null, "adm3_pcode": "CI330203", "adm2_name": "Séguéla", "adm2_name1": null, "adm2_name2": null, "adm2_name3": null, "adm2_pcode": "CI3302", "adm1_name": "Worodougou", "adm1_name1": null, "adm1_name2": null, "adm1_name3": null, "adm1_pcode": "CI33", "adm0_name": "Côte d'Ivoire", "adm0_name1": null, "adm0_name2": null, "adm0_name3": null, "adm0_pcode": "CI", "valid_on": "2018-07-06", "valid_to": null, "cod_version": "V_01", "lang": "fr", "lang1": null, "lang2": null, "lang3": null }, "geometry": { "type": "Point", "coordinates": [ -6.410978003999901, 8.159957324000175 ] } },
{ "type": "Feature", "properties": { "admin_level": 3, "name": "Duékoué", "name1": null, "name2": null, "name3": null, "x_coord": -7.42317277, "y_coord": 6.71525328, "adm4_name": null, "adm4_name1": null, "adm4_name2": null, "adm4_name3": null, "adm4_pcode": null, "adm3_name": "Duékoué", "adm3_name1": null, "adm3_name2": null, "adm3_name3": null, "adm3_pcode": "CI160202", "adm2_name": "Duékoué", "adm2_name1": null, "adm2_name2": null, "adm2_name3": null, "adm2_pcode": "CI1602", "adm1_name": "Guemon", "adm1_name1": null, "adm1_name2": null, "adm1_name3": null, "adm1_pcode": "CI16", "adm0_name": "Côte d'Ivoire", "adm0_name1": null, "adm0_name2": null, "adm0_name3": null, "adm0_pcode": "CI", "valid_on": "2018-07-06", "valid_to": null, "cod_version": "V_01", "lang": "fr", "lang1": null, "lang2": null, "lang3": null }, "geometry": { "type": "Point", "coordinates": [ -7.423172772999919, 6.715253280000127 ] } },
{ "type": "Feature", "properties": { "admin_level": 3, "name": "Duffrebo", "name1": null, "name2": null, "name3": null, "x_coord": -3.51541318, "y_coord": 7.18405902, "adm4_name": null, "adm4_name1": null, "adm4_name2": null, "adm4_name3": null, "adm4_pcode": null, "adm3_name": "Duffrebo", "adm3_name1": null, "adm3_name2": null, "adm3_name3": null, "adm3_pcode": "CI200204", "adm2_name": "Agnibilékrou", "adm2_name1": null, "adm2_name2": null, "adm2_name3": null, "adm2_pcode": "CI2002", "adm1_name": "Indenie-Djuablin", "adm1_name1": null, "adm1_name2": null, "adm1_name3": null, "adm1_pcode": "CI20", "adm0_name": "Côte d'Ivoire", "adm0_name1": null, "adm0_name2": null, "adm0_name3": null, "adm0_pcode": "CI", "valid_on": "2018-07-06", "valid_to": null, "cod_version": "V_01", "lang": "fr", "lang1": null, "lang2": null, "lang3": null }, "geometry": { "type": "Point", "coordinates": [ -3.515413180999872, 7.184059023000145 ] } },
{ "type": "Feature", "properties": { "admin_level": 3, "name": "Ebilassokro", "name1": null, "name2": null, "name3": null, "x_coord": -3.29893234, "y_coord": 6.36447363, "adm4_name": null, "adm4_name1": null, "adm4_name2": null, "adm4_name3": null, "adm4_pcode": null, "adm3_name": "Ebilassokro", "adm3_name1": null, "adm3_name2": null, "adm3_name3": null, "adm3_pcode": "CI200104", "adm2_name": "Abengourou", "adm2_name1": null, "adm2_name2": null, "adm2_name3": null, "adm2_pcode": "CI2001", "adm1_name": "Indenie-Djuablin", "adm1_name1": null, "adm1_name2": null, "adm1_name3": null, "adm1_pcode": "CI20", "adm0_name": "Côte d'Ivoire", "adm0_name1": null, "adm0_name2": null, "adm0_name3": null, "adm0_pcode": "CI", "valid_on": "2018-07-06", "valid_to": null, "cod_version": "V_01", "lang": "fr", "lang1": null, "lang2": null, "lang3": null }, "geometry": { "type": "Point", "coordinates": [ -3.298932335999893, 6.364473634000035 ] } },
{ "type": "Feature", "properties": { "admin_level": 3, "name": "Ebonou", "name1": null, "name2": null, "name3": null, "x_coord": -5.41172176, "y_coord": 5.18092252, "adm4_name": null, "adm4_name1": null, "adm4_name2": null, "adm4_name3": null, "adm4_pcode": null, "adm3_name": "Ebonou", "adm3_name1": null, "adm3_name2": null, "adm3_name3": null, "adm3_pcode": "CI150203", "adm2_name": "Grand-Lahou", "adm2_name1": null, "adm2_name2": null, "adm2_name3": null, "adm2_pcode": "CI1502", "adm1_name": "Grands Ponts", "adm1_name1": null, "adm1_name2": null, "adm1_name3": null, "adm1_pcode": "CI15", "adm0_name": "Côte d'Ivoire", "adm0_name1": null, "adm0_name2": null, "adm0_name3": null, "adm0_pcode": "CI", "valid_on": "2018-07-06", "valid_to": null, "cod_version": "V_01", "lang": "fr", "lang1": null, "lang2": null, "lang3": null }, "geometry": { "type": "Point", "coordinates": [ -5.411721763999935, 5.180922517000056 ] } },
{ "type": "Feature", "properties": { "admin_level": 3, "name": "Ettrokro", "name1": null, "name2": null, "name3": null, "x_coord": -3.72282468, "y_coord": 7.25394026, "adm4_name": null, "adm4_name1": null, "adm4_name2": null, "adm4_name3": null, "adm4_pcode": null, "adm3_name": "Ettrokro", "adm3_name1": null, "adm3_name2": null, "adm3_name3": null, "adm3_pcode": "CI190104", "adm2_name": "Daoukro", "adm2_name1": null, "adm2_name2": null, "adm2_name3": null, "adm2_pcode": "CI1901", "adm1_name": "Iffou", "adm1_name1": null, "adm1_name2": null, "adm1_name3": null, "adm1_pcode": "CI19", "adm0_name": "Côte d'Ivoire", "adm0_name1": null, "adm0_name2": null, "adm0_name3": null, "adm0_pcode": "CI", "valid_on": "2018-07-06", "valid_to": null, "cod_version": "V_01", "lang": "fr", "lang1": null, "lang2": null, "lang3": null }, "geometry": { "type": "Point", "coordinates": [ -3.72282467499997, 7.253940259000103 ] } },
{ "type": "Feature", "properties": { "admin_level": 3, "name": "Etuéboué", "name1": null, "name2": null, "name3": null, "x_coord": -3.15730604, "y_coord": 5.20457005, "adm4_name": null, "adm4_name1": null, "adm4_name2": null, "adm4_name3": null, "adm4_pcode": null, "adm3_name": "Etuéboué", "adm3_name1": null, "adm3_name2": null, "adm3_name3": null, "adm3_pcode": "CI300203", "adm2_name": "Adiaké", "adm2_name1": null, "adm2_name2": null, "adm2_name3": null, "adm2_pcode": "CI3002", "adm1_name": "Sud-Comoe", "adm1_name1": null, "adm1_name2": null, "adm1_name3": null, "adm1_pcode": "CI30", "adm0_name": "Côte d'Ivoire", "adm0_name1": null, "adm0_name2": null, "adm0_name3": null, "adm0_pcode": "CI", "valid_on": "2018-07-06", "valid_to": null, "cod_version": "V_01", "lang": "fr", "lang1": null, "lang2": null, "lang3": null }, "geometry": { "type": "Point", "coordinates": [ -3.157306038999877, 5.204570047000175 ] } },
{ "type": "Feature", "properties": { "admin_level": 3, "name": "Facobly", "name1": null, "name2": null, "name3": null, "x_coord": -7.38764145, "y_coord": 7.40708893, "adm4_name": null, "adm4_name1": null, "adm4_name2": null, "adm4_name3": null, "adm4_pcode": null, "adm3_name": "Facobly", "adm3_name1": null, "adm3_name2": null, "adm3_name3": null, "adm3_pcode": "CI160301", "adm2_name": "Facobly", "adm2_name1": null, "adm2_name2": null, "adm2_name3": null, "adm2_pcode": "CI1603", "adm1_name": "Guemon", "adm1_name1": null, "adm1_name2": null, "adm1_name3": null, "adm1_pcode": "CI16", "adm0_name": "Côte d'Ivoire", "adm0_name1": null, "adm0_name2": null, "adm0_name3": null, "adm0_pcode": "CI", "valid_on": "2018-07-06", "valid_to": null, "cod_version": "V_01", "lang": "fr", "lang1": null, "lang2": null, "lang3": null }, "geometry": { "type": "Point", "coordinates": [ -7.387641447999897, 7.407088932000136 ] } },
{ "type": "Feature", "properties": { "admin_level": 3, "name": "Fadiadougou", "name1": null, "name2": null, "name3": null, "x_coord": -6.62927527, "y_coord": 8.7596303, "adm4_name": null, "adm4_name1": null, "adm4_name2": null, "adm4_name3": null, "adm4_pcode": null, "adm3_name": "Fadiadougou", "adm3_name1": null, "adm3_name2": null, "adm3_name3": null, "adm3_pcode": "CI330103", "adm2_name": "Kani", "adm2_name1": null, "adm2_name2": null, "adm2_name3": null, "adm2_pcode": "CI3301", "adm1_name": "Worodougou", "adm1_name1": null, "adm1_name2": null, "adm1_name3": null, "adm1_pcode": "CI33", "adm0_name": "Côte d'Ivoire", "adm0_name1": null, "adm0_name2": null, "adm0_name3": null, "adm0_pcode": "CI", "valid_on": "2018-07-06", "valid_to": null, "cod_version": "V_01", "lang": "fr", "lang1": null, "lang2": null, "lang3": null }, "geometry": { "type": "Point", "coordinates": [ -6.629275270999926, 8.75963030000014 ] } },
{ "type": "Feature", "properties": { "admin_level": 3, "name": "Fagnampleu", "name1": null, "name2": null, "name3": null, "x_coord": -7.44471094, "y_coord": 7.45767266, "adm4_name": null, "adm4_name1": null, "adm4_name2": null, "adm4_name3": null, "adm4_pcode": null, "adm3_name": "Fagnampleu", "adm3_name1": null, "adm3_name2": null, "adm3_name3": null, "adm3_pcode": "CI320303", "adm2_name": "Man", "adm2_name1": null, "adm2_name2": null, "adm2_name3": null, "adm2_pcode": "CI3203", "adm1_name": "Tonkpi", "adm1_name1": null, "adm1_name2": null, "adm1_name3": null, "adm1_pcode": "CI32", "adm0_name": "Côte d'Ivoire", "adm0_name1": null, "adm0_name2": null, "adm0_name3": null, "adm0_pcode": "CI", "valid_on": "2018-07-06", "valid_to": null, "cod_version": "V_01", "lang": "fr", "lang1": null, "lang2": null, "lang3": null }, "geometry": { "type": "Point", "coordinates": [ -7.444710935999979, 7.457672657999979 ] } },
{ "type": "Feature", "properties": { "admin_level": 3, "name": "Famienkro", "name1": null, "name2": null, "name3": null, "x_coord": -4.06500399, "y_coord": 7.893443, "adm4_name": null, "adm4_name1": null, "adm4_name2": null, "adm4_name3": null, "adm4_pcode": null, "adm3_name": "Famienkro", "adm3_name1": null, "adm3_name2": null, "adm3_name3": null, "adm3_pcode": "CI190303", "adm2_name": "Prikro", "adm2_name1": null, "adm2_name2": null, "adm2_name3": null, "adm2_pcode": "CI1903", "adm1_name": "Iffou", "adm1_name1": null, "adm1_name2": null, "adm1_name3": null, "adm1_pcode": "CI19", "adm0_name": "Côte d'Ivoire", "adm0_name1": null, "adm0_name2": null, "adm0_name3": null, "adm0_pcode": "CI", "valid_on": "2018-07-06", "valid_to": null, "cod_version": "V_01", "lang": "fr", "lang1": null, "lang2": null, "lang3": null }, "geometry": { "type": "Point", "coordinates": [ -4.065003990999912, 7.893442997000136 ] } },
{ "type": "Feature", "properties": { "admin_level": 3, "name": "Fengolo", "name1": null, "name2": null, "name3": null, "x_coord": -6.84773256, "y_coord": 9.83784039, "adm4_name": null, "adm4_name1": null, "adm4_name2": null, "adm4_name3": null, "adm4_pcode": null, "adm3_name": "Fengolo", "adm3_name1": null, "adm3_name2": null, "adm3_name3": null, "adm3_pcode": "CI210202", "adm2_name": "Madinani", "adm2_name1": null, "adm2_name2": null, "adm2_name3": null, "adm2_pcode": "CI2102", "adm1_name": "Kabadougou", "adm1_name1": null, "adm1_name2": null, "adm1_name3": null, "adm1_pcode": "CI21", "adm0_name": "Côte d'Ivoire", "adm0_name1": null, "adm0_name2": null, "adm0_name3": null, "adm0_pcode": "CI", "valid_on": "2018-07-06", "valid_to": null, "cod_version": "V_01", "lang": "fr", "lang1": null, "lang2": null, "lang3": null }, "geometry": { "type": "Point", "coordinates": [ -6.847732555999926, 9.837840386000153 ] } },
{ "type": "Feature", "properties": { "admin_level": 3, "name": "Ferkéssédougou", "name1": null, "name2": null, "name3": null, "x_coord": -5.17802891, "y_coord": 9.66399725, "adm4_name": null, "adm4_name1": null, "adm4_name2": null, "adm4_name3": null, "adm4_pcode": null, "adm3_name": "Ferkéssédougou", "adm3_name1": null, "adm3_name2": null, "adm3_name3": null, "adm3_pcode": "CI310101", "adm2_name": "Ferkessédougou", "adm2_name1": null, "adm2_name2": null, "adm2_name3": null, "adm2_pcode": "CI3101", "adm1_name": "Tchologo", "adm1_name1": null, "adm1_name2": null, "adm1_name3": null, "adm1_pcode": "CI31", "adm0_name": "Côte d'Ivoire", "adm0_name1": null, "adm0_name2": null, "adm0_name3": null, "adm0_pcode": "CI", "valid_on": "2018-07-06", "valid_to": null, "cod_version": "V_01", "lang": "fr", "lang1": null, "lang2": null, "lang3": null }, "geometry": { "type": "Point", "coordinates": [ -5.17802890999991, 9.66399724900009 ] } },
{ "type": "Feature", "properties": { "admin_level": 3, "name": "Foumbolo", "name1": null, "name2": null, "name3": null, "x_coord": -4.68825095, "y_coord": 8.7179073, "adm4_name": null, "adm4_name1": null, "adm4_name2": null, "adm4_name3": null, "adm4_pcode": null, "adm3_name": "Foumbolo", "adm3_name1": null, "adm3_name2": null, "adm3_name3": null, "adm3_pcode": "CI170104", "adm2_name": "Dabakala", "adm2_name1": null, "adm2_name2": null, "adm2_name3": null, "adm2_pcode": "CI1701", "adm1_name": "Hambol", "adm1_name1": null, "adm1_name2": null, "adm1_name3": null, "adm1_pcode": "CI17", "adm0_name": "Côte d'Ivoire", "adm0_name1": null, "adm0_name2": null, "adm0_name3": null, "adm0_pcode": "CI", "valid_on": "2018-07-06", "valid_to": null, "cod_version": "V_01", "lang": "fr", "lang1": null, "lang2": null, "lang3": null }, "geometry": { "type": "Point", "coordinates": [ -4.688250947999961, 8.717907295000032 ] } },
{ "type": "Feature", "properties": { "admin_level": 3, "name": "Foungbesso", "name1": null, "name2": null, "name3": null, "x_coord": -7.63915789, "y_coord": 7.98576142, "adm4_name": null, "adm4_name1": null, "adm4_name2": null, "adm4_name3": null, "adm4_pcode": null, "adm3_name": "Foungbesso", "adm3_name1": null, "adm3_name2": null, "adm3_name3": null, "adm3_pcode": "CI040303", "adm2_name": "Touba", "adm2_name1": null, "adm2_name2": null, "adm2_name3": null, "adm2_pcode": "CI0403", "adm1_name": "Bafing", "adm1_name1": null, "adm1_name2": null, "adm1_name3": null, "adm1_pcode": "CI04", "adm0_name": "Côte d'Ivoire", "adm0_name1": null, "adm0_name2": null, "adm0_name3": null, "adm0_pcode": "CI", "valid_on": "2018-07-06", "valid_to": null, "cod_version": "V_01", "lang": "fr", "lang1": null, "lang2": null, "lang3": null }, "geometry": { "type": "Point", "coordinates": [ -7.63915788699984, 7.985761420000131 ] } },
{ "type": "Feature", "properties": { "admin_level": 3, "name": "Fresco", "name1": null, "name2": null, "name3": null, "x_coord": -5.62278367, "y_coord": 5.14629308, "adm4_name": null, "adm4_name1": null, "adm4_name2": null, "adm4_name3": null, "adm4_pcode": null, "adm3_name": "Fresco", "adm3_name1": null, "adm3_name2": null, "adm3_name3": null, "adm3_pcode": "CI120102", "adm2_name": "Fresco", "adm2_name1": null, "adm2_name2": null, "adm2_name3": null, "adm2_pcode": "CI1201", "adm1_name": "Gbokle", "adm1_name1": null, "adm1_name2": null, "adm1_name3": null, "adm1_pcode": "CI12", "adm0_name": "Côte d'Ivoire", "adm0_name1": null, "adm0_name2": null, "adm0_name3": null, "adm0_pcode": "CI", "valid_on": "2018-07-06", "valid_to": null, "cod_version": "V_01", "lang": "fr", "lang1": null, "lang2": null, "lang3": null }, "geometry": { "type": "Point", "coordinates": [ -5.622783667999897, 5.146293078000156 ] } },
{ "type": "Feature", "properties": { "admin_level": 3, "name": "Fronan", "name1": null, "name2": null, "name3": null, "x_coord": -5.14137656, "y_coord": 8.30100665, "adm4_name": null, "adm4_name1": null, "adm4_name2": null, "adm4_name3": null, "adm4_pcode": null, "adm3_name": "Fronan", "adm3_name1": null, "adm3_name2": null, "adm3_name3": null, "adm3_pcode": "CI170202", "adm2_name": "Katiola", "adm2_name1": null, "adm2_name2": null, "adm2_name3": null, "adm2_pcode": "CI1702", "adm1_name": "Hambol", "adm1_name1": null, "adm1_name2": null, "adm1_name3": null, "adm1_pcode": "CI17", "adm0_name": "Côte d'Ivoire", "adm0_name1": null, "adm0_name2": null, "adm0_name3": null, "adm0_pcode": "CI", "valid_on": "2018-07-06", "valid_to": null, "cod_version": "V_01", "lang": "fr", "lang1": null, "lang2": null, "lang3": null }, "geometry": { "type": "Point", "coordinates": [ -5.141376562999881, 8.301006655000094 ] } },
{ "type": "Feature", "properties": { "admin_level": 3, "name": "Gabiadji", "name1": null, "name2": null, "name3": null, "x_coord": -6.4904312, "y_coord": 5.10636769, "adm4_name": null, "adm4_name1": null, "adm4_name2": null, "adm4_name3": null, "adm4_pcode": null, "adm3_name": "Gabiadji", "adm3_name1": null, "adm3_name2": null, "adm3_name3": null, "adm3_pcode": "CI290104", "adm2_name": "San Pédro", "adm2_name1": null, "adm2_name2": null, "adm2_name3": null, "adm2_pcode": "CI2901", "adm1_name": "San Pedro", "adm1_name1": null, "adm1_name2": null, "adm1_name3": null, "adm1_pcode": "CI29", "adm0_name": "Côte d'Ivoire", "adm0_name1": null, "adm0_name2": null, "adm0_name3": null, "adm0_pcode": "CI", "valid_on": "2018-07-06", "valid_to": null, "cod_version": "V_01", "lang": "fr", "lang1": null, "lang2": null, "lang3": null }, "geometry": { "type": "Point", "coordinates": [ -6.490431196999964, 5.106367695000074 ] } },
{ "type": "Feature", "properties": { "admin_level": 3, "name": "Gadouan", "name1": null, "name2": null, "name3": null, "x_coord": -6.21113612, "y_coord": 6.69521621, "adm4_name": null, "adm4_name1": null, "adm4_name2": null, "adm4_name3": null, "adm4_pcode": null, "adm3_name": "Gadouan", "adm3_name1": null, "adm3_name2": null, "adm3_name3": null, "adm3_pcode": "CI180103", "adm2_name": "Daloa", "adm2_name1": null, "adm2_name2": null, "adm2_name3": null, "adm2_pcode": "CI1801", "adm1_name": "Haut-Sassandra", "adm1_name1": null, "adm1_name2": null, "adm1_name3": null, "adm1_pcode": "CI18", "adm0_name": "Côte d'Ivoire", "adm0_name1": null, "adm0_name2": null, "adm0_name3": null, "adm0_pcode": "CI", "valid_on": "2018-07-06", "valid_to": null, "cod_version": "V_01", "lang": "fr", "lang1": null, "lang2": null, "lang3": null }, "geometry": { "type": "Point", "coordinates": [ -6.211136117999956, 6.695216206000168 ] } },
{ "type": "Feature", "properties": { "admin_level": 3, "name": "Gagnoa", "name1": null, "name2": null, "name3": null, "x_coord": -6.07008447, "y_coord": 6.05445505, "adm4_name": null, "adm4_name1": null, "adm4_name2": null, "adm4_name3": null, "adm4_pcode": null, "adm3_name": "Gagnoa", "adm3_name1": null, "adm3_name2": null, "adm3_name3": null, "adm3_pcode": "CI130106", "adm2_name": "Gagnoa", "adm2_name1": null, "adm2_name2": null, "adm2_name3": null, "adm2_pcode": "CI1301", "adm1_name": "Goh", "adm1_name1": null, "adm1_name2": null, "adm1_name3": null, "adm1_pcode": "CI13", "adm0_name": "Côte d'Ivoire", "adm0_name1": null, "adm0_name2": null, "adm0_name3": null, "adm0_pcode": "CI", "valid_on": "2018-07-06", "valid_to": null, "cod_version": "V_01", "lang": "fr", "lang1": null, "lang2": null, "lang3": null }, "geometry": { "type": "Point", "coordinates": [ -6.070084466999958, 6.054455052000094 ] } },
{ "type": "Feature", "properties": { "admin_level": 3, "name": "Galébouo", "name1": null, "name2": null, "name3": null, "x_coord": -6.24340617, "y_coord": 5.99686322, "adm4_name": null, "adm4_name1": null, "adm4_name2": null, "adm4_name3": null, "adm4_pcode": null, "adm3_name": "Galébouo", "adm3_name1": null, "adm3_name2": null, "adm3_name3": null, "adm3_pcode": "CI130107", "adm2_name": "Gagnoa", "adm2_name1": null, "adm2_name2": null, "adm2_name3": null, "adm2_pcode": "CI1301", "adm1_name": "Goh", "adm1_name1": null, "adm1_name2": null, "adm1_name3": null, "adm1_pcode": "CI13", "adm0_name": "Côte d'Ivoire", "adm0_name1": null, "adm0_name2": null, "adm0_name3": null, "adm0_pcode": "CI", "valid_on": "2018-07-06", "valid_to": null, "cod_version": "V_01", "lang": "fr", "lang1": null, "lang2": null, "lang3": null }, "geometry": { "type": "Point", "coordinates": [ -6.243406173999972, 5.996863215000133 ] } },
{ "type": "Feature", "properties": { "admin_level": 3, "name": "Ganaoni", "name1": null, "name2": null, "name3": null, "x_coord": -6.43398111, "y_coord": 9.2682116, "adm4_name": null, "adm4_name1": null, "adm4_name2": null, "adm4_name3": null, "adm4_pcode": null, "adm3_name": "Ganaoni", "adm3_name1": null, "adm3_name2": null, "adm3_name3": null, "adm3_pcode": "CI050103", "adm2_name": "Boundiali", "adm2_name1": null, "adm2_name2": null, "adm2_name3": null, "adm2_pcode": "CI0501", "adm1_name": "Bagoue", "adm1_name1": null, "adm1_name2": null, "adm1_name3": null, "adm1_pcode": "CI05", "adm0_name": "Côte d'Ivoire", "adm0_name1": null, "adm0_name2": null, "adm0_name3": null, "adm0_pcode": "CI", "valid_on": "2018-07-06", "valid_to": null, "cod_version": "V_01", "lang": "fr", "lang1": null, "lang2": null, "lang3": null }, "geometry": { "type": "Point", "coordinates": [ -6.433981113999835, 9.268211604000044 ] } },
{ "type": "Feature", "properties": { "admin_level": 3, "name": "Gbagbam", "name1": null, "name2": null, "name3": null, "x_coord": -5.67118619, "y_coord": 5.50812286, "adm4_name": null, "adm4_name1": null, "adm4_name2": null, "adm4_name3": null, "adm4_pcode": null, "adm3_name": "Gbagbam", "adm3_name1": null, "adm3_name2": null, "adm3_name3": null, "adm3_pcode": "CI120103", "adm2_name": "Fresco", "adm2_name1": null, "adm2_name2": null, "adm2_name3": null, "adm2_pcode": "CI1201", "adm1_name": "Gbokle", "adm1_name1": null, "adm1_name2": null, "adm1_name3": null, "adm1_pcode": "CI12", "adm0_name": "Côte d'Ivoire", "adm0_name1": null, "adm0_name2": null, "adm0_name3": null, "adm0_pcode": "CI", "valid_on": "2018-07-06", "valid_to": null, "cod_version": "V_01", "lang": "fr", "lang1": null, "lang2": null, "lang3": null }, "geometry": { "type": "Point", "coordinates": [ -5.671186189999958, 5.508122859000139 ] } },
{ "type": "Feature", "properties": { "admin_level": 3, "name": "Gbangbégouiné", "name1": null, "name2": null, "name3": null, "x_coord": -7.49203983, "y_coord": 7.67400367, "adm4_name": null, "adm4_name1": null, "adm4_name2": null, "adm4_name3": null, "adm4_pcode": null, "adm3_name": "Gbangbégouiné", "adm3_name1": null, "adm3_name2": null, "adm3_name3": null, "adm3_pcode": "CI320103", "adm2_name": "Biankouma", "adm2_name1": null, "adm2_name2": null, "adm2_name3": null, "adm2_pcode": "CI3201", "adm1_name": "Tonkpi", "adm1_name1": null, "adm1_name2": null, "adm1_name3": null, "adm1_pcode": "CI32", "adm0_name": "Côte d'Ivoire", "adm0_name1": null, "adm0_name2": null, "adm0_name3": null, "adm0_pcode": "CI", "valid_on": "2018-07-06", "valid_to": null, "cod_version": "V_01", "lang": "fr", "lang1": null, "lang2": null, "lang3": null }, "geometry": { "type": "Point", "coordinates": [ -7.492039826999815, 7.674003674 ] } },
{ "type": "Feature", "properties": { "admin_level": 3, "name": "Gbangbegouiné-Yati", "name1": null, "name2": null, "name3": null, "x_coord": -7.69418963, "y_coord": 7.38649203, "adm4_name": null, "adm4_name1": null, "adm4_name2": null, "adm4_name3": null, "adm4_pcode": null, "adm3_name": "Gbangbegouiné-Yati", "adm3_name1": null, "adm3_name2": null, "adm3_name3": null, "adm3_pcode": "CI320304", "adm2_name": "Man", "adm2_name1": null, "adm2_name2": null, "adm2_name3": null, "adm2_pcode": "CI3203", "adm1_name": "Tonkpi", "adm1_name1": null, "adm1_name2": null, "adm1_name3": null, "adm1_pcode": "CI32", "adm0_name": "Côte d'Ivoire", "adm0_name1": null, "adm0_name2": null, "adm0_name3": null, "adm0_pcode": "CI", "valid_on": "2018-07-06", "valid_to": null, "cod_version": "V_01", "lang": "fr", "lang1": null, "lang2": null, "lang3": null }, "geometry": { "type": "Point", "coordinates": [ -7.694189628999936, 7.386492031999978 ] } },
{ "type": "Feature", "properties": { "admin_level": 3, "name": "Gbapleu", "name1": null, "name2": null, "name3": null, "x_coord": -7.18350498, "y_coord": 6.49604754, "adm4_name": null, "adm4_name1": null, "adm4_name2": null, "adm4_name3": null, "adm4_pcode": null, "adm3_name": "Gbapleu", "adm3_name1": null, "adm3_name2": null, "adm3_name3": null, "adm3_pcode": "CI160203", "adm2_name": "Duékoué", "adm2_name1": null, "adm2_name2": null, "adm2_name3": null, "adm2_pcode": "CI1602", "adm1_name": "Guemon", "adm1_name1": null, "adm1_name2": null, "adm1_name3": null, "adm1_pcode": "CI16", "adm0_name": "Côte d'Ivoire", "adm0_name1": null, "adm0_name2": null, "adm0_name3": null, "adm0_pcode": "CI", "valid_on": "2018-07-06", "valid_to": null, "cod_version": "V_01", "lang": "fr", "lang1": null, "lang2": null, "lang3": null }, "geometry": { "type": "Point", "coordinates": [ -7.183504982999978, 6.496047543000032 ] } },
{ "type": "Feature", "properties": { "admin_level": 3, "name": "Gbéléban", "name1": null, "name2": null, "name3": null, "x_coord": -8.06668708, "y_coord": 9.56443877, "adm4_name": null, "adm4_name1": null, "adm4_name2": null, "adm4_name3": null, "adm4_pcode": null, "adm3_name": "Gbéléban", "adm3_name1": null, "adm3_name2": null, "adm3_name3": null, "adm3_pcode": "CI210101", "adm2_name": "Gbeleban", "adm2_name1": null, "adm2_name2": null, "adm2_name3": null, "adm2_pcode": "CI2101", "adm1_name": "Kabadougou", "adm1_name1": null, "adm1_name2": null, "adm1_name3": null, "adm1_pcode": "CI21", "adm0_name": "Côte d'Ivoire", "adm0_name1": null, "adm0_name2": null, "adm0_name3": null, "adm0_pcode": "CI", "valid_on": "2018-07-06", "valid_to": null, "cod_version": "V_01", "lang": "fr", "lang1": null, "lang2": null, "lang3": null }, "geometry": { "type": "Point", "coordinates": [ -8.066687083999909, 9.564438774 ] } },
{ "type": "Feature", "properties": { "admin_level": 3, "name": "Gbèlo", "name1": null, "name2": null, "name3": null, "x_coord": -7.77173046, "y_coord": 8.15370207, "adm4_name": null, "adm4_name1": null, "adm4_name2": null, "adm4_name3": null, "adm4_pcode": null, "adm3_name": "Gbèlo", "adm3_name1": null, "adm3_name2": null, "adm3_name3": null, "adm3_pcode": "CI040202", "adm2_name": "Ouaninou", "adm2_name1": null, "adm2_name2": null, "adm2_name3": null, "adm2_pcode": "CI0402", "adm1_name": "Bafing", "adm1_name1": null, "adm1_name2": null, "adm1_name3": null, "adm1_pcode": "CI04", "adm0_name": "Côte d'Ivoire", "adm0_name1": null, "adm0_name2": null, "adm0_name3": null, "adm0_pcode": "CI", "valid_on": "2018-07-06", "valid_to": null, "cod_version": "V_01", "lang": "fr", "lang1": null, "lang2": null, "lang3": null }, "geometry": { "type": "Point", "coordinates": [ -7.771730457999922, 8.153702068000086 ] } },
{ "type": "Feature", "properties": { "admin_level": 3, "name": "Gboguhé", "name1": null, "name2": null, "name3": null, "x_coord": -6.59472777, "y_coord": 6.81902357, "adm4_name": null, "adm4_name1": null, "adm4_name2": null, "adm4_name3": null, "adm4_pcode": null, "adm3_name": "Gboguhé", "adm3_name1": null, "adm3_name2": null, "adm3_name3": null, "adm3_pcode": "CI180104", "adm2_name": "Daloa", "adm2_name1": null, "adm2_name2": null, "adm2_name3": null, "adm2_pcode": "CI1801", "adm1_name": "Haut-Sassandra", "adm1_name1": null, "adm1_name2": null, "adm1_name3": null, "adm1_pcode": "CI18", "adm0_name": "Côte d'Ivoire", "adm0_name1": null, "adm0_name2": null, "adm0_name3": null, "adm0_pcode": "CI", "valid_on": "2018-07-06", "valid_to": null, "cod_version": "V_01", "lang": "fr", "lang1": null, "lang2": null, "lang3": null }, "geometry": { "type": "Point", "coordinates": [ -6.594727769999963, 6.819023571 ] } },
{ "type": "Feature", "properties": { "admin_level": 3, "name": "Gbolouville", "name1": null, "name2": null, "name3": null, "x_coord": -4.7388645, "y_coord": 5.70172478, "adm4_name": null, "adm4_name1": null, "adm4_name2": null, "adm4_name3": null, "adm4_pcode": null, "adm3_name": "Gbolouville", "adm3_name1": null, "adm3_name2": null, "adm3_name3": null, "adm3_pcode": "CI030402", "adm2_name": "Tiassalé", "adm2_name1": null, "adm2_name2": null, "adm2_name3": null, "adm2_pcode": "CI0304", "adm1_name": "Agneby-Tiassa", "adm1_name1": null, "adm1_name2": null, "adm1_name3": null, "adm1_pcode": "CI03", "adm0_name": "Côte d'Ivoire", "adm0_name1": null, "adm0_name2": null, "adm0_name3": null, "adm0_pcode": "CI", "valid_on": "2018-07-06", "valid_to": null, "cod_version": "V_01", "lang": "fr", "lang1": null, "lang2": null, "lang3": null }, "geometry": { "type": "Point", "coordinates": [ -4.73886450099991, 5.701724778000084 ] } },
{ "type": "Feature", "properties": { "admin_level": 3, "name": "Gbon", "name1": null, "name2": null, "name3": null, "x_coord": -6.56071967, "y_coord": 10.00076793, "adm4_name": null, "adm4_name1": null, "adm4_name2": null, "adm4_name3": null, "adm4_pcode": null, "adm3_name": "Gbon", "adm3_name1": null, "adm3_name2": null, "adm3_name3": null, "adm3_pcode": "CI050203", "adm2_name": "Kouto", "adm2_name1": null, "adm2_name2": null, "adm2_name3": null, "adm2_pcode": "CI0502", "adm1_name": "Bagoue", "adm1_name1": null, "adm1_name2": null, "adm1_name3": null, "adm1_pcode": "CI05", "adm0_name": "Côte d'Ivoire", "adm0_name1": null, "adm0_name2": null, "adm0_name3": null, "adm0_pcode": "CI", "valid_on": "2018-07-06", "valid_to": null, "cod_version": "V_01", "lang": "fr", "lang1": null, "lang2": null, "lang3": null }, "geometry": { "type": "Point", "coordinates": [ -6.560719668999866, 10.00076792699997 ] } },
{ "type": "Feature", "properties": { "admin_level": 3, "name": "Gbon-Houyé", "name1": null, "name2": null, "name3": null, "x_coord": -8.3721432, "y_coord": 7.45321703, "adm4_name": null, "adm4_name1": null, "adm4_name2": null, "adm4_name3": null, "adm4_pcode": null, "adm3_name": "Gbon-Houyé", "adm3_name1": null, "adm3_name2": null, "adm3_name3": null, "adm3_pcode": "CI320203", "adm2_name": "Danané", "adm2_name1": null, "adm2_name2": null, "adm2_name3": null, "adm2_pcode": "CI3202", "adm1_name": "Tonkpi", "adm1_name1": null, "adm1_name2": null, "adm1_name3": null, "adm1_pcode": "CI32", "adm0_name": "Côte d'Ivoire", "adm0_name1": null, "adm0_name2": null, "adm0_name3": null, "adm0_pcode": "CI", "valid_on": "2018-07-06", "valid_to": null, "cod_version": "V_01", "lang": "fr", "lang1": null, "lang2": null, "lang3": null }, "geometry": { "type": "Point", "coordinates": [ -8.372143200999915, 7.453217026000118 ] } },
{ "type": "Feature", "properties": { "admin_level": 3, "name": "Gbongaha", "name1": null, "name2": null, "name3": null, "x_coord": -6.9080218, "y_coord": 9.15130705, "adm4_name": null, "adm4_name1": null, "adm4_name2": null, "adm4_name3": null, "adm4_pcode": null, "adm3_name": "Gbongaha", "adm3_name1": null, "adm3_name2": null, "adm3_name3": null, "adm3_pcode": "CI210502", "adm2_name": "Séguélon", "adm2_name1": null, "adm2_name2": null, "adm2_name3": null, "adm2_pcode": "CI2105", "adm1_name": "Kabadougou", "adm1_name1": null, "adm1_name2": null, "adm1_name3": null, "adm1_pcode": "CI21", "adm0_name": "Côte d'Ivoire", "adm0_name1": null, "adm0_name2": null, "adm0_name3": null, "adm0_pcode": "CI", "valid_on": "2018-07-06", "valid_to": null, "cod_version": "V_01", "lang": "fr", "lang1": null, "lang2": null, "lang3": null }, "geometry": { "type": "Point", "coordinates": [ -6.908021804999976, 9.151307047000046 ] } },
{ "type": "Feature", "properties": { "admin_level": 3, "name": "Gbonné", "name1": null, "name2": null, "name3": null, "x_coord": -7.33788971, "y_coord": 7.65790558, "adm4_name": null, "adm4_name1": null, "adm4_name2": null, "adm4_name3": null, "adm4_pcode": null, "adm3_name": "Gbonné", "adm3_name1": null, "adm3_name2": null, "adm3_name3": null, "adm3_pcode": "CI320104", "adm2_name": "Biankouma", "adm2_name1": null, "adm2_name2": null, "adm2_name3": null, "adm2_pcode": "CI3201", "adm1_name": "Tonkpi", "adm1_name1": null, "adm1_name2": null, "adm1_name3": null, "adm1_pcode": "CI32", "adm0_name": "Côte d'Ivoire", "adm0_name1": null, "adm0_name2": null, "adm0_name3": null, "adm0_pcode": "CI", "valid_on": "2018-07-06", "valid_to": null, "cod_version": "V_01", "lang": "fr", "lang1": null, "lang2": null, "lang3": null }, "geometry": { "type": "Point", "coordinates": [ -7.337889713999971, 7.657905580000147 ] } },
{ "type": "Feature", "properties": { "admin_level": 3, "name": "Gnagbodougnoa", "name1": null, "name2": null, "name3": null, "x_coord": -5.85188139, "y_coord": 5.93137243, "adm4_name": null, "adm4_name1": null, "adm4_name2": null, "adm4_name3": null, "adm4_pcode": null, "adm3_name": "Gnagbodougnoa", "adm3_name1": null, "adm3_name2": null, "adm3_name3": null, "adm3_pcode": "CI130108", "adm2_name": "Gagnoa", "adm2_name1": null, "adm2_name2": null, "adm2_name3": null, "adm2_pcode": "CI1301", "adm1_name": "Goh", "adm1_name1": null, "adm1_name2": null, "adm1_name3": null, "adm1_pcode": "CI13", "adm0_name": "Côte d'Ivoire", "adm0_name1": null, "adm0_name2": null, "adm0_name3": null, "adm0_pcode": "CI", "valid_on": "2018-07-06", "valid_to": null, "cod_version": "V_01", "lang": "fr", "lang1": null, "lang2": null, "lang3": null }, "geometry": { "type": "Point", "coordinates": [ -5.851881386999935, 5.931372430000067 ] } },
{ "type": "Feature", "properties": { "admin_level": 3, "name": "Gnanmangui", "name1": null, "name2": null, "name3": null, "x_coord": -6.88773708, "y_coord": 5.76458054, "adm4_name": null, "adm4_name1": null, "adm4_name2": null, "adm4_name3": null, "adm4_pcode": null, "adm3_name": "Gnanmangui", "adm3_name1": null, "adm3_name2": null, "adm3_name3": null, "adm3_pcode": "CI260402", "adm2_name": "Soubré", "adm2_name1": null, "adm2_name2": null, "adm2_name3": null, "adm2_pcode": "CI2604", "adm1_name": "Nawa", "adm1_name1": null, "adm1_name2": null, "adm1_name3": null, "adm1_pcode": "CI26", "adm0_name": "Côte d'Ivoire", "adm0_name1": null, "adm0_name2": null, "adm0_name3": null, "adm0_pcode": "CI", "valid_on": "2018-07-06", "valid_to": null, "cod_version": "V_01", "lang": "fr", "lang1": null, "lang2": null, "lang3": null }, "geometry": { "type": "Point", "coordinates": [ -6.88773707799993, 5.7645805410001 ] } },
{ "type": "Feature", "properties": { "admin_level": 3, "name": "Gogo", "name1": null, "name2": null, "name3": null, "x_coord": -3.58021367, "y_coord": 9.84577778, "adm4_name": null, "adm4_name1": null, "adm4_name2": null, "adm4_name3": null, "adm4_pcode": null, "adm3_name": "Gogo", "adm3_name1": null, "adm3_name2": null, "adm3_name3": null, "adm3_pcode": "CI080402", "adm2_name": "Téhini", "adm2_name1": null, "adm2_name2": null, "adm2_name3": null, "adm2_pcode": "CI0804", "adm1_name": "Bounkani", "adm1_name1": null, "adm1_name2": null, "adm1_name3": null, "adm1_pcode": "CI08", "adm0_name": "Côte d'Ivoire", "adm0_name1": null, "adm0_name2": null, "adm0_name3": null, "adm0_pcode": "CI", "valid_on": "2018-07-06", "valid_to": null, "cod_version": "V_01", "lang": "fr", "lang1": null, "lang2": null, "lang3": null }, "geometry": { "type": "Point", "coordinates": [ -3.580213667999942, 9.845777782000027 ] } },
{ "type": "Feature", "properties": { "admin_level": 3, "name": "Gohitafla", "name1": null, "name2": null, "name3": null, "x_coord": -5.81891016, "y_coord": 7.52962692, "adm4_name": null, "adm4_name1": null, "adm4_name2": null, "adm4_name3": null, "adm4_pcode": null, "adm3_name": "Gohitafla", "adm3_name1": null, "adm3_name2": null, "adm3_name3": null, "adm3_pcode": "CI230302", "adm2_name": "Zuénoula", "adm2_name1": null, "adm2_name2": null, "adm2_name3": null, "adm2_pcode": "CI2303", "adm1_name": "Marahoue", "adm1_name1": null, "adm1_name2": null, "adm1_name3": null, "adm1_pcode": "CI23", "adm0_name": "Côte d'Ivoire", "adm0_name1": null, "adm0_name2": null, "adm0_name3": null, "adm0_pcode": "CI", "valid_on": "2018-07-06", "valid_to": null, "cod_version": "V_01", "lang": "fr", "lang1": null, "lang2": null, "lang3": null }, "geometry": { "type": "Point", "coordinates": [ -5.818910159999916, 7.529626921000158 ] } },
{ "type": "Feature", "properties": { "admin_level": 3, "name": "Gohouo-Zagna", "name1": null, "name2": null, "name3": null, "x_coord": -7.3446838, "y_coord": 7.03015824, "adm4_name": null, "adm4_name1": null, "adm4_name2": null, "adm4_name3": null, "adm4_pcode": null, "adm3_name": "Gohouo-Zagna", "adm3_name1": null, "adm3_name2": null, "adm3_name3": null, "adm3_pcode": "CI160105", "adm2_name": "Bangolo", "adm2_name1": null, "adm2_name2": null, "adm2_name3": null, "adm2_pcode": "CI1601", "adm1_name": "Guemon", "adm1_name1": null, "adm1_name2": null, "adm1_name3": null, "adm1_pcode": "CI16", "adm0_name": "Côte d'Ivoire", "adm0_name1": null, "adm0_name2": null, "adm0_name3": null, "adm0_pcode": "CI", "valid_on": "2018-07-06", "valid_to": null, "cod_version": "V_01", "lang": "fr", "lang1": null, "lang2": null, "lang3": null }, "geometry": { "type": "Point", "coordinates": [ -7.344683800999974, 7.03015823800007 ] } },
{ "type": "Feature", "properties": { "admin_level": 3, "name": "Gomon", "name1": null, "name2": null, "name3": null, "x_coord": -4.43073496, "y_coord": 5.67214284, "adm4_name": null, "adm4_name1": null, "adm4_name2": null, "adm4_name3": null, "adm4_pcode": null, "adm3_name": "Gomon", "adm3_name1": null, "adm3_name2": null, "adm3_name3": null, "adm3_pcode": "CI030202", "adm2_name": "Sikensi", "adm2_name1": null, "adm2_name2": null, "adm2_name3": null, "adm2_pcode": "CI0302", "adm1_name": "Agneby-Tiassa", "adm1_name1": null, "adm1_name2": null, "adm1_name3": null, "adm1_pcode": "CI03", "adm0_name": "Côte d'Ivoire", "adm0_name1": null, "adm0_name2": null, "adm0_name3": null, "adm0_pcode": "CI", "valid_on": "2018-07-06", "valid_to": null, "cod_version": "V_01", "lang": "fr", "lang1": null, "lang2": null, "lang3": null }, "geometry": { "type": "Point", "coordinates": [ -4.430734960999871, 5.672142837000024 ] } },
{ "type": "Feature", "properties": { "admin_level": 3, "name": "Gonaté", "name1": null, "name2": null, "name3": null, "x_coord": -6.25018618, "y_coord": 6.93280609, "adm4_name": null, "adm4_name1": null, "adm4_name2": null, "adm4_name3": null, "adm4_pcode": null, "adm3_name": "Gonaté", "adm3_name1": null, "adm3_name2": null, "adm3_name3": null, "adm3_pcode": "CI180105", "adm2_name": "Daloa", "adm2_name1": null, "adm2_name2": null, "adm2_name3": null, "adm2_pcode": "CI1801", "adm1_name": "Haut-Sassandra", "adm1_name1": null, "adm1_name2": null, "adm1_name3": null, "adm1_pcode": "CI18", "adm0_name": "Côte d'Ivoire", "adm0_name1": null, "adm0_name2": null, "adm0_name3": null, "adm0_pcode": "CI", "valid_on": "2018-07-06", "valid_to": null, "cod_version": "V_01", "lang": "fr", "lang1": null, "lang2": null, "lang3": null }, "geometry": { "type": "Point", "coordinates": [ -6.250186176999875, 6.932806087000074 ] } },
{ "type": "Feature", "properties": { "admin_level": 3, "name": "Goudouko", "name1": null, "name2": null, "name3": null, "x_coord": -5.62441484, "y_coord": 5.67373693, "adm4_name": null, "adm4_name1": null, "adm4_name2": null, "adm4_name3": null, "adm4_pcode": null, "adm3_name": "Goudouko", "adm3_name1": null, "adm3_name2": null, "adm3_name3": null, "adm3_pcode": "CI220303", "adm2_name": "Lakota", "adm2_name1": null, "adm2_name2": null, "adm2_name3": null, "adm2_pcode": "CI2203", "adm1_name": "Loh-Djiboua", "adm1_name1": null, "adm1_name2": null, "adm1_name3": null, "adm1_pcode": "CI22", "adm0_name": "Côte d'Ivoire", "adm0_name1": null, "adm0_name2": null, "adm0_name3": null, "adm0_pcode": "CI", "valid_on": "2018-07-06", "valid_to": null, "cod_version": "V_01", "lang": "fr", "lang1": null, "lang2": null, "lang3": null }, "geometry": { "type": "Point", "coordinates": [ -5.624414839999929, 5.673736929000142 ] } },
{ "type": "Feature", "properties": { "admin_level": 3, "name": "Gouékan", "name1": null, "name2": null, "name3": null, "x_coord": -7.84961102, "y_coord": 8.02854399, "adm4_name": null, "adm4_name1": null, "adm4_name2": null, "adm4_name3": null, "adm4_pcode": null, "adm3_name": "Gouékan", "adm3_name1": null, "adm3_name2": null, "adm3_name3": null, "adm3_pcode": "CI040203", "adm2_name": "Ouaninou", "adm2_name1": null, "adm2_name2": null, "adm2_name3": null, "adm2_pcode": "CI0402", "adm1_name": "Bafing", "adm1_name1": null, "adm1_name2": null, "adm1_name3": null, "adm1_pcode": "CI04", "adm0_name": "Côte d'Ivoire", "adm0_name1": null, "adm0_name2": null, "adm0_name3": null, "adm0_pcode": "CI", "valid_on": "2018-07-06", "valid_to": null, "cod_version": "V_01", "lang": "fr", "lang1": null, "lang2": null, "lang3": null }, "geometry": { "type": "Point", "coordinates": [ -7.849611015999869, 8.028543994000074 ] } },
{ "type": "Feature", "properties": { "admin_level": 3, "name": "Gouiné", "name1": null, "name2": null, "name3": null, "x_coord": -7.29037766, "y_coord": 7.92479417, "adm4_name": null, "adm4_name1": null, "adm4_name2": null, "adm4_name3": null, "adm4_pcode": null, "adm3_name": "Gouiné", "adm3_name1": null, "adm3_name2": null, "adm3_name3": null, "adm3_pcode": "CI320105", "adm2_name": "Biankouma", "adm2_name1": null, "adm2_name2": null, "adm2_name3": null, "adm2_pcode": "CI3201", "adm1_name": "Tonkpi", "adm1_name1": null, "adm1_name2": null, "adm1_name3": null, "adm1_pcode": "CI32", "adm0_name": "Côte d'Ivoire", "adm0_name1": null, "adm0_name2": null, "adm0_name3": null, "adm0_pcode": "CI", "valid_on": "2018-07-06", "valid_to": null, "cod_version": "V_01", "lang": "fr", "lang1": null, "lang2": null, "lang3": null }, "geometry": { "type": "Point", "coordinates": [ -7.290377654999872, 7.924794174 ] } },
{ "type": "Feature", "properties": { "admin_level": 3, "name": "Goulaleu", "name1": null, "name2": null, "name3": null, "x_coord": -8.33225852, "y_coord": 6.67240679, "adm4_name": null, "adm4_name1": null, "adm4_name2": null, "adm4_name3": null, "adm4_pcode": null, "adm3_name": "Goulaleu", "adm3_name1": null, "adm3_name2": null, "adm3_name3": null, "adm3_pcode": "CI320504", "adm2_name": "Zouan-Hounien", "adm2_name1": null, "adm2_name2": null, "adm2_name3": null, "adm2_pcode": "CI3205", "adm1_name": "Tonkpi", "adm1_name1": null, "adm1_name2": null, "adm1_name3": null, "adm1_pcode": "CI32", "adm0_name": "Côte d'Ivoire", "adm0_name1": null, "adm0_name2": null, "adm0_name3": null, "adm0_pcode": "CI", "valid_on": "2018-07-06", "valid_to": null, "cod_version": "V_01", "lang": "fr", "lang1": null, "lang2": null, "lang3": null }, "geometry": { "type": "Point", "coordinates": [ -8.332258519999868, 6.672406794000096 ] } },
{ "type": "Feature", "properties": { "admin_level": 3, "name": "Goulia", "name1": null, "name2": null, "name3": null, "x_coord": -7.20977803, "y_coord": 10.00564072, "adm4_name": null, "adm4_name1": null, "adm4_name2": null, "adm4_name3": null, "adm4_pcode": null, "adm3_name": "Goulia", "adm3_name1": null, "adm3_name2": null, "adm3_name3": null, "adm3_pcode": "CI100101", "adm2_name": "Kaniasso", "adm2_name1": null, "adm2_name2": null, "adm2_name3": null, "adm2_pcode": "CI1001", "adm1_name": "Folon", "adm1_name1": null, "adm1_name2": null, "adm1_name3": null, "adm1_pcode": "CI10", "adm0_name": "Côte d'Ivoire", "adm0_name1": null, "adm0_name2": null, "adm0_name3": null, "adm0_pcode": "CI", "valid_on": "2018-07-06", "valid_to": null, "cod_version": "V_01", "lang": "fr", "lang1": null, "lang2": null, "lang3": null }, "geometry": { "type": "Point", "coordinates": [ -7.209778026999913, 10.005640724000045 ] } },
{ "type": "Feature", "properties": { "admin_level": 3, "name": "Gouméré", "name1": null, "name2": null, "name3": null, "x_coord": -2.97770088, "y_coord": 7.95934248, "adm4_name": null, "adm4_name1": null, "adm4_name2": null, "adm4_name3": null, "adm4_pcode": null, "adm3_name": "Gouméré", "adm3_name1": null, "adm3_name2": null, "adm3_name3": null, "adm3_pcode": "CI140104", "adm2_name": "Bondoukou", "adm2_name1": null, "adm2_name2": null, "adm2_name3": null, "adm2_pcode": "CI1401", "adm1_name": "Gontougo", "adm1_name1": null, "adm1_name2": null, "adm1_name3": null, "adm1_pcode": "CI14", "adm0_name": "Côte d'Ivoire", "adm0_name1": null, "adm0_name2": null, "adm0_name3": null, "adm0_pcode": "CI", "valid_on": "2018-07-06", "valid_to": null, "cod_version": "V_01", "lang": "fr", "lang1": null, "lang2": null, "lang3": null }, "geometry": { "type": "Point", "coordinates": [ -2.977700877999837, 7.959342481000135 ] } },
{ "type": "Feature", "properties": { "admin_level": 3, "name": "Grabo", "name1": null, "name2": null, "name3": null, "x_coord": -7.38022088, "y_coord": 4.91602328, "adm4_name": null, "adm4_name1": null, "adm4_name2": null, "adm4_name3": null, "adm4_pcode": null, "adm3_name": "Grabo", "adm3_name1": null, "adm3_name2": null, "adm3_name3": null, "adm3_pcode": "CI290205", "adm2_name": "Tabou", "adm2_name1": null, "adm2_name2": null, "adm2_name3": null, "adm2_pcode": "CI2902", "adm1_name": "San Pedro", "adm1_name1": null, "adm1_name2": null, "adm1_name3": null, "adm1_pcode": "CI29", "adm0_name": "Côte d'Ivoire", "adm0_name1": null, "adm0_name2": null, "adm0_name3": null, "adm0_pcode": "CI", "valid_on": "2018-07-06", "valid_to": null, "cod_version": "V_01", "lang": "fr", "lang1": null, "lang2": null, "lang3": null }, "geometry": { "type": "Point", "coordinates": [ -7.380220880999957, 4.916023278000182 ] } },
{ "type": "Feature", "properties": { "admin_level": 3, "name": "Grand-Bassam", "name1": null, "name2": null, "name3": null, "x_coord": -3.78252005, "y_coord": 5.23365264, "adm4_name": null, "adm4_name1": null, "adm4_name2": null, "adm4_name3": null, "adm4_pcode": null, "adm3_name": "Grand-Bassam", "adm3_name1": null, "adm3_name2": null, "adm3_name3": null, "adm3_pcode": "CI300303", "adm2_name": "Grand-Bassam", "adm2_name1": null, "adm2_name2": null, "adm2_name3": null, "adm2_pcode": "CI3003", "adm1_name": "Sud-Comoe", "adm1_name1": null, "adm1_name2": null, "adm1_name3": null, "adm1_pcode": "CI30", "adm0_name": "Côte d'Ivoire", "adm0_name1": null, "adm0_name2": null, "adm0_name3": null, "adm0_pcode": "CI", "valid_on": "2018-07-06", "valid_to": null, "cod_version": "V_01", "lang": "fr", "lang1": null, "lang2": null, "lang3": null }, "geometry": { "type": "Point", "coordinates": [ -3.782520045999945, 5.233652638000137 ] } },
{ "type": "Feature", "properties": { "admin_level": 3, "name": "Grand-Béréby", "name1": null, "name2": null, "name3": null, "x_coord": -7.02632945, "y_coord": 4.70727868, "adm4_name": null, "adm4_name1": null, "adm4_name2": null, "adm4_name3": null, "adm4_pcode": null, "adm3_name": "Grand-Béréby", "adm3_name1": null, "adm3_name2": null, "adm3_name3": null, "adm3_pcode": "CI290105", "adm2_name": "San Pédro", "adm2_name1": null, "adm2_name2": null, "adm2_name3": null, "adm2_pcode": "CI2901", "adm1_name": "San Pedro", "adm1_name1": null, "adm1_name2": null, "adm1_name3": null, "adm1_pcode": "CI29", "adm0_name": "Côte d'Ivoire", "adm0_name1": null, "adm0_name2": null, "adm0_name3": null, "adm0_pcode": "CI", "valid_on": "2018-07-06", "valid_to": null, "cod_version": "V_01", "lang": "fr", "lang1": null, "lang2": null, "lang3": null }, "geometry": { "type": "Point", "coordinates": [ -7.026329446999853, 4.707278682000094 ] } },
{ "type": "Feature", "properties": { "admin_level": 3, "name": "Grand-Morié", "name1": null, "name2": null, "name3": null, "x_coord": -4.10441622, "y_coord": 5.9936012, "adm4_name": null, "adm4_name1": null, "adm4_name2": null, "adm4_name3": null, "adm4_pcode": null, "adm3_name": "Grand-Morié", "adm3_name1": null, "adm3_name2": null, "adm3_name3": null, "adm3_pcode": "CI030107", "adm2_name": "Agboville", "adm2_name1": null, "adm2_name2": null, "adm2_name3": null, "adm2_pcode": "CI0301", "adm1_name": "Agneby-Tiassa", "adm1_name1": null, "adm1_name2": null, "adm1_name3": null, "adm1_pcode": "CI03", "adm0_name": "Côte d'Ivoire", "adm0_name1": null, "adm0_name2": null, "adm0_name3": null, "adm0_pcode": "CI", "valid_on": "2018-07-06", "valid_to": null, "cod_version": "V_01", "lang": "fr", "lang1": null, "lang2": null, "lang3": null }, "geometry": { "type": "Point", "coordinates": [ -4.104416215999947, 5.993601198000135 ] } },
{ "type": "Feature", "properties": { "admin_level": 3, "name": "Grand-Zatry", "name1": null, "name2": null, "name3": null, "x_coord": -6.56512345, "y_coord": 6.14192075, "adm4_name": null, "adm4_name1": null, "adm4_name2": null, "adm4_name3": null, "adm4_pcode": null, "adm3_name": "Grand-Zatry", "adm3_name1": null, "adm3_name2": null, "adm3_name3": null, "adm3_pcode": "CI260403", "adm2_name": "Soubré", "adm2_name1": null, "adm2_name2": null, "adm2_name3": null, "adm2_pcode": "CI2604", "adm1_name": "Nawa", "adm1_name1": null, "adm1_name2": null, "adm1_name3": null, "adm1_pcode": "CI26", "adm0_name": "Côte d'Ivoire", "adm0_name1": null, "adm0_name2": null, "adm0_name3": null, "adm0_pcode": "CI", "valid_on": "2018-07-06", "valid_to": null, "cod_version": "V_01", "lang": "fr", "lang1": null, "lang2": null, "lang3": null }, "geometry": { "type": "Point", "coordinates": [ -6.565123451999966, 6.141920754000182 ] } },
{ "type": "Feature", "properties": { "admin_level": 3, "name": "Grand Lahou", "name1": null, "name2": null, "name3": null, "x_coord": -4.96697086, "y_coord": 5.36871546, "adm4_name": null, "adm4_name1": null, "adm4_name2": null, "adm4_name3": null, "adm4_pcode": null, "adm3_name": "Grand Lahou", "adm3_name1": null, "adm3_name2": null, "adm3_name3": null, "adm3_pcode": "CI150204", "adm2_name": "Grand-Lahou", "adm2_name1": null, "adm2_name2": null, "adm2_name3": null, "adm2_pcode": "CI1502", "adm1_name": "Grands Ponts", "adm1_name1": null, "adm1_name2": null, "adm1_name3": null, "adm1_pcode": "CI15", "adm0_name": "Côte d'Ivoire", "adm0_name1": null, "adm0_name2": null, "adm0_name3": null, "adm0_pcode": "CI", "valid_on": "2018-07-06", "valid_to": null, "cod_version": "V_01", "lang": "fr", "lang1": null, "lang2": null, "lang3": null }, "geometry": { "type": "Point", "coordinates": [ -4.96697085999989, 5.368715462000011 ] } },
{ "type": "Feature", "properties": { "admin_level": 3, "name": "Grégbeu", "name1": null, "name2": null, "name3": null, "x_coord": -6.73923896, "y_coord": 6.83387126, "adm4_name": null, "adm4_name1": null, "adm4_name2": null, "adm4_name3": null, "adm4_pcode": null, "adm3_name": "Grégbeu", "adm3_name1": null, "adm3_name2": null, "adm3_name3": null, "adm3_pcode": "CI180403", "adm2_name": "Zoukougbeu", "adm2_name1": null, "adm2_name2": null, "adm2_name3": null, "adm2_pcode": "CI1804", "adm1_name": "Haut-Sassandra", "adm1_name1": null, "adm1_name2": null, "adm1_name3": null, "adm1_pcode": "CI18", "adm0_name": "Côte d'Ivoire", "adm0_name1": null, "adm0_name2": null, "adm0_name3": null, "adm0_pcode": "CI", "valid_on": "2018-07-06", "valid_to": null, "cod_version": "V_01", "lang": "fr", "lang1": null, "lang2": null, "lang3": null }, "geometry": { "type": "Point", "coordinates": [ -6.739238962999934, 6.833871257000169 ] } },
{ "type": "Feature", "properties": { "admin_level": 3, "name": "Grihiri", "name1": null, "name2": null, "name3": null, "x_coord": -6.32739557, "y_coord": 5.45754318, "adm4_name": null, "adm4_name1": null, "adm4_name2": null, "adm4_name3": null, "adm4_pcode": null, "adm3_name": "Grihiri", "adm3_name1": null, "adm3_name2": null, "adm3_name3": null, "adm3_pcode": "CI120203", "adm2_name": "Sassandra", "adm2_name1": null, "adm2_name2": null, "adm2_name3": null, "adm2_pcode": "CI1202", "adm1_name": "Gbokle", "adm1_name1": null, "adm1_name2": null, "adm1_name3": null, "adm1_pcode": "CI12", "adm0_name": "Côte d'Ivoire", "adm0_name1": null, "adm0_name2": null, "adm0_name3": null, "adm0_pcode": "CI", "valid_on": "2018-07-06", "valid_to": null, "cod_version": "V_01", "lang": "fr", "lang1": null, "lang2": null, "lang3": null }, "geometry": { "type": "Point", "coordinates": [ -6.327395570999897, 5.457543176000172 ] } },
{ "type": "Feature", "properties": { "admin_level": 3, "name": "Guéhiébly", "name1": null, "name2": null, "name3": null, "x_coord": -7.46047822, "y_coord": 6.87882838, "adm4_name": null, "adm4_name1": null, "adm4_name2": null, "adm4_name3": null, "adm4_pcode": null, "adm3_name": "Guéhiébly", "adm3_name1": null, "adm3_name2": null, "adm3_name3": null, "adm3_pcode": "CI160204", "adm2_name": "Duékoué", "adm2_name1": null, "adm2_name2": null, "adm2_name3": null, "adm2_pcode": "CI1602", "adm1_name": "Guemon", "adm1_name1": null, "adm1_name2": null, "adm1_name3": null, "adm1_pcode": "CI16", "adm0_name": "Côte d'Ivoire", "adm0_name1": null, "adm0_name2": null, "adm0_name3": null, "adm0_pcode": "CI", "valid_on": "2018-07-06", "valid_to": null, "cod_version": "V_01", "lang": "fr", "lang1": null, "lang2": null, "lang3": null }, "geometry": { "type": "Point", "coordinates": [ -7.460478217999878, 6.878828379000083 ] } },
{ "type": "Feature", "properties": { "admin_level": 3, "name": "Guépahouo", "name1": null, "name2": null, "name3": null, "x_coord": -5.69159508, "y_coord": 6.47974456, "adm4_name": null, "adm4_name1": null, "adm4_name2": null, "adm4_name3": null, "adm4_pcode": null, "adm3_name": "Guépahouo", "adm3_name1": null, "adm3_name2": null, "adm3_name3": null, "adm3_pcode": "CI130203", "adm2_name": "Oumé", "adm2_name1": null, "adm2_name2": null, "adm2_name3": null, "adm2_pcode": "CI1302", "adm1_name": "Goh", "adm1_name1": null, "adm1_name2": null, "adm1_name3": null, "adm1_pcode": "CI13", "adm0_name": "Côte d'Ivoire", "adm0_name1": null, "adm0_name2": null, "adm0_name3": null, "adm0_pcode": "CI", "valid_on": "2018-07-06", "valid_to": null, "cod_version": "V_01", "lang": "fr", "lang1": null, "lang2": null, "lang3": null }, "geometry": { "type": "Point", "coordinates": [ -5.691595082999868, 6.479744562000178 ] } },
{ "type": "Feature", "properties": { "admin_level": 3, "name": "Guéssabo", "name1": null, "name2": null, "name3": null, "x_coord": -6.9450808, "y_coord": 6.73897049, "adm4_name": null, "adm4_name1": null, "adm4_name2": null, "adm4_name3": null, "adm4_pcode": null, "adm3_name": "Guéssabo", "adm3_name1": null, "adm3_name2": null, "adm3_name3": null, "adm3_pcode": "CI180404", "adm2_name": "Zoukougbeu", "adm2_name1": null, "adm2_name2": null, "adm2_name3": null, "adm2_pcode": "CI1804", "adm1_name": "Haut-Sassandra", "adm1_name1": null, "adm1_name2": null, "adm1_name3": null, "adm1_pcode": "CI18", "adm0_name": "Côte d'Ivoire", "adm0_name1": null, "adm0_name2": null, "adm0_name3": null, "adm0_pcode": "CI", "valid_on": "2018-07-06", "valid_to": null, "cod_version": "V_01", "lang": "fr", "lang1": null, "lang2": null, "lang3": null }, "geometry": { "type": "Point", "coordinates": [ -6.94508080199995, 6.738970485000095 ] } },
{ "type": "Feature", "properties": { "admin_level": 3, "name": "Guessiguié", "name1": null, "name2": null, "name3": null, "x_coord": -4.23423287, "y_coord": 5.68859391, "adm4_name": null, "adm4_name1": null, "adm4_name2": null, "adm4_name3": null, "adm4_pcode": null, "adm3_name": "Guessiguié", "adm3_name1": null, "adm3_name2": null, "adm3_name3": null, "adm3_pcode": "CI030108", "adm2_name": "Agboville", "adm2_name1": null, "adm2_name2": null, "adm2_name3": null, "adm2_pcode": "CI0301", "adm1_name": "Agneby-Tiassa", "adm1_name1": null, "adm1_name2": null, "adm1_name3": null, "adm1_pcode": "CI03", "adm0_name": "Côte d'Ivoire", "adm0_name1": null, "adm0_name2": null, "adm0_name3": null, "adm0_pcode": "CI", "valid_on": "2018-07-06", "valid_to": null, "cod_version": "V_01", "lang": "fr", "lang1": null, "lang2": null, "lang3": null }, "geometry": { "type": "Point", "coordinates": [ -4.234232865999957, 5.688593907000154 ] } },
{ "type": "Feature", "properties": { "admin_level": 3, "name": "Guéyo", "name1": null, "name2": null, "name3": null, "x_coord": -6.14273547, "y_coord": 5.68656023, "adm4_name": null, "adm4_name1": null, "adm4_name2": null, "adm4_name3": null, "adm4_pcode": null, "adm3_name": "Guéyo", "adm3_name1": null, "adm3_name2": null, "adm3_name3": null, "adm3_pcode": "CI260201", "adm2_name": "Guéyo", "adm2_name1": null, "adm2_name2": null, "adm2_name3": null, "adm2_pcode": "CI2602", "adm1_name": "Nawa", "adm1_name1": null, "adm1_name2": null, "adm1_name3": null, "adm1_pcode": "CI26", "adm0_name": "Côte d'Ivoire", "adm0_name1": null, "adm0_name2": null, "adm0_name3": null, "adm0_pcode": "CI", "valid_on": "2018-07-06", "valid_to": null, "cod_version": "V_01", "lang": "fr", "lang1": null, "lang2": null, "lang3": null }, "geometry": { "type": "Point", "coordinates": [ -6.142735466999852, 5.68656023 ] } },
{ "type": "Feature", "properties": { "admin_level": 3, "name": "Guézon", "name1": null, "name2": null, "name3": null, "x_coord": -7.12378844, "y_coord": 6.6905376, "adm4_name": null, "adm4_name1": null, "adm4_name2": null, "adm4_name3": null, "adm4_pcode": null, "adm3_name": "Guézon", "adm3_name1": null, "adm3_name2": null, "adm3_name3": null, "adm3_pcode": "CI160205", "adm2_name": "Duékoué", "adm2_name1": null, "adm2_name2": null, "adm2_name3": null, "adm2_pcode": "CI1602", "adm1_name": "Guemon", "adm1_name1": null, "adm1_name2": null, "adm1_name3": null, "adm1_pcode": "CI16", "adm0_name": "Côte d'Ivoire", "adm0_name1": null, "adm0_name2": null, "adm0_name3": null, "adm0_pcode": "CI", "valid_on": "2018-07-06", "valid_to": null, "cod_version": "V_01", "lang": "fr", "lang1": null, "lang2": null, "lang3": null }, "geometry": { "type": "Point", "coordinates": [ -7.123788439999942, 6.690537598000105 ] } },
{ "type": "Feature", "properties": { "admin_level": 3, "name": "Guézon", "name1": null, "name2": null, "name3": null, "x_coord": -7.27686893, "y_coord": 7.41258787, "adm4_name": null, "adm4_name1": null, "adm4_name2": null, "adm4_name3": null, "adm4_pcode": null, "adm3_name": "Guézon", "adm3_name1": null, "adm3_name2": null, "adm3_name3": null, "adm3_pcode": "CI160302", "adm2_name": "Facobly", "adm2_name1": null, "adm2_name2": null, "adm2_name3": null, "adm2_pcode": "CI1603", "adm1_name": "Guemon", "adm1_name1": null, "adm1_name2": null, "adm1_name3": null, "adm1_pcode": "CI16", "adm0_name": "Côte d'Ivoire", "adm0_name1": null, "adm0_name2": null, "adm0_name3": null, "adm0_pcode": "CI", "valid_on": "2018-07-06", "valid_to": null, "cod_version": "V_01", "lang": "fr", "lang1": null, "lang2": null, "lang3": null }, "geometry": { "type": "Point", "coordinates": [ -7.276868927999942, 7.412587866000024 ] } },
{ "type": "Feature", "properties": { "admin_level": 3, "name": "Guiberoua", "name1": null, "name2": null, "name3": null, "x_coord": -6.17401608, "y_coord": 6.28464732, "adm4_name": null, "adm4_name1": null, "adm4_name2": null, "adm4_name3": null, "adm4_pcode": null, "adm3_name": "Guiberoua", "adm3_name1": null, "adm3_name2": null, "adm3_name3": null, "adm3_pcode": "CI130109", "adm2_name": "Gagnoa", "adm2_name1": null, "adm2_name2": null, "adm2_name3": null, "adm2_pcode": "CI1301", "adm1_name": "Goh", "adm1_name1": null, "adm1_name2": null, "adm1_name3": null, "adm1_pcode": "CI13", "adm0_name": "Côte d'Ivoire", "adm0_name1": null, "adm0_name2": null, "adm0_name3": null, "adm0_pcode": "CI", "valid_on": "2018-07-06", "valid_to": null, "cod_version": "V_01", "lang": "fr", "lang1": null, "lang2": null, "lang3": null }, "geometry": { "type": "Point", "coordinates": [ -6.174016079999944, 6.284647316000019 ] } },
{ "type": "Feature", "properties": { "admin_level": 3, "name": "Guiembé", "name1": null, "name2": null, "name3": null, "x_coord": -5.79531115, "y_coord": 9.24547736, "adm4_name": null, "adm4_name1": null, "adm4_name2": null, "adm4_name3": null, "adm4_pcode": null, "adm3_name": "Guiembé", "adm3_name1": null, "adm3_name2": null, "adm3_name3": null, "adm3_pcode": "CI280103", "adm2_name": "Dikodougou", "adm2_name1": null, "adm2_name2": null, "adm2_name3": null, "adm2_pcode": "CI2801", "adm1_name": "Poro", "adm1_name1": null, "adm1_name2": null, "adm1_name3": null, "adm1_pcode": "CI28", "adm0_name": "Côte d'Ivoire", "adm0_name1": null, "adm0_name2": null, "adm0_name3": null, "adm0_pcode": "CI", "valid_on": "2018-07-06", "valid_to": null, "cod_version": "V_01", "lang": "fr", "lang1": null, "lang2": null, "lang3": null }, "geometry": { "type": "Point", "coordinates": [ -5.795311147999882, 9.245477359000063 ] } },
{ "type": "Feature", "properties": { "admin_level": 3, "name": "Guiglo", "name1": null, "name2": null, "name3": null, "x_coord": -7.63462208, "y_coord": 6.42275652, "adm4_name": null, "adm4_name1": null, "adm4_name2": null, "adm4_name3": null, "adm4_pcode": null, "adm3_name": "Guiglo", "adm3_name1": null, "adm3_name2": null, "adm3_name3": null, "adm3_pcode": "CI090201", "adm2_name": "Guiglo", "adm2_name1": null, "adm2_name2": null, "adm2_name3": null, "adm2_pcode": "CI0902", "adm1_name": "Cavally", "adm1_name1": null, "adm1_name2": null, "adm1_name3": null, "adm1_pcode": "CI09", "adm0_name": "Côte d'Ivoire", "adm0_name1": null, "adm0_name2": null, "adm0_name3": null, "adm0_pcode": "CI", "valid_on": "2018-07-06", "valid_to": null, "cod_version": "V_01", "lang": "fr", "lang1": null, "lang2": null, "lang3": null }, "geometry": { "type": "Point", "coordinates": [ -7.63462207699996, 6.4227565220001 ] } },
{ "type": "Feature", "properties": { "admin_level": 3, "name": "Guinglo-Tahouaké", "name1": null, "name2": null, "name3": null, "x_coord": -7.17206812, "y_coord": 7.01338604, "adm4_name": null, "adm4_name1": null, "adm4_name2": null, "adm4_name3": null, "adm4_pcode": null, "adm3_name": "Guinglo-Tahouaké", "adm3_name1": null, "adm3_name2": null, "adm3_name3": null, "adm3_pcode": "CI160106", "adm2_name": "Bangolo", "adm2_name1": null, "adm2_name2": null, "adm2_name3": null, "adm2_pcode": "CI1601", "adm1_name": "Guemon", "adm1_name1": null, "adm1_name2": null, "adm1_name3": null, "adm1_pcode": "CI16", "adm0_name": "Côte d'Ivoire", "adm0_name1": null, "adm0_name2": null, "adm0_name3": null, "adm0_pcode": "CI", "valid_on": "2018-07-06", "valid_to": null, "cod_version": "V_01", "lang": "fr", "lang1": null, "lang2": null, "lang3": null }, "geometry": { "type": "Point", "coordinates": [ -7.17206811899996, 7.013386042000036 ] } },
{ "type": "Feature", "properties": { "admin_level": 3, "name": "Guintéguéla", "name1": null, "name2": null, "name3": null, "x_coord": -7.25733532, "y_coord": 8.23181463, "adm4_name": null, "adm4_name1": null, "adm4_name2": null, "adm4_name3": null, "adm4_pcode": null, "adm3_name": "Guintéguéla", "adm3_name1": null, "adm3_name2": null, "adm3_name3": null, "adm3_pcode": "CI040304", "adm2_name": "Touba", "adm2_name1": null, "adm2_name2": null, "adm2_name3": null, "adm2_pcode": "CI0403", "adm1_name": "Bafing", "adm1_name1": null, "adm1_name2": null, "adm1_name3": null, "adm1_pcode": "CI04", "adm0_name": "Côte d'Ivoire", "adm0_name1": null, "adm0_name2": null, "adm0_name3": null, "adm0_pcode": "CI", "valid_on": "2018-07-06", "valid_to": null, "cod_version": "V_01", "lang": "fr", "lang1": null, "lang2": null, "lang3": null }, "geometry": { "type": "Point", "coordinates": [ -7.257335323999939, 8.231814633000113 ] } },
{ "type": "Feature", "properties": { "admin_level": 3, "name": "Guitry", "name1": null, "name2": null, "name3": null, "x_coord": -5.15475466, "y_coord": 5.5097472, "adm4_name": null, "adm4_name1": null, "adm4_name2": null, "adm4_name3": null, "adm4_pcode": null, "adm3_name": "Guitry", "adm3_name1": null, "adm3_name2": null, "adm3_name3": null, "adm3_pcode": "CI220201", "adm2_name": "Guitry", "adm2_name1": null, "adm2_name2": null, "adm2_name3": null, "adm2_pcode": "CI2202", "adm1_name": "Loh-Djiboua", "adm1_name1": null, "adm1_name2": null, "adm1_name3": null, "adm1_pcode": "CI22", "adm0_name": "Côte d'Ivoire", "adm0_name1": null, "adm0_name2": null, "adm0_name3": null, "adm0_pcode": "CI", "valid_on": "2018-07-06", "valid_to": null, "cod_version": "V_01", "lang": "fr", "lang1": null, "lang2": null, "lang3": null }, "geometry": { "type": "Point", "coordinates": [ -5.154754661999959, 5.509747204000178 ] } },
{ "type": "Feature", "properties": { "admin_level": 3, "name": "Hiré", "name1": null, "name2": null, "name3": null, "x_coord": -5.32965946, "y_coord": 6.14919346, "adm4_name": null, "adm4_name1": null, "adm4_name2": null, "adm4_name3": null, "adm4_pcode": null, "adm3_name": "Hiré", "adm3_name1": null, "adm3_name2": null, "adm3_name3": null, "adm3_pcode": "CI220104", "adm2_name": "Divo", "adm2_name1": null, "adm2_name2": null, "adm2_name3": null, "adm2_pcode": "CI2201", "adm1_name": "Loh-Djiboua", "adm1_name1": null, "adm1_name2": null, "adm1_name3": null, "adm1_pcode": "CI22", "adm0_name": "Côte d'Ivoire", "adm0_name1": null, "adm0_name2": null, "adm0_name3": null, "adm0_pcode": "CI", "valid_on": "2018-07-06", "valid_to": null, "cod_version": "V_01", "lang": "fr", "lang1": null, "lang2": null, "lang3": null }, "geometry": { "type": "Point", "coordinates": [ -5.329659461999938, 6.14919346400012 ] } },
{ "type": "Feature", "properties": { "admin_level": 3, "name": "Iboguhé", "name1": null, "name2": null, "name3": null, "x_coord": -6.84486534, "y_coord": 6.50545573, "adm4_name": null, "adm4_name1": null, "adm4_name2": null, "adm4_name3": null, "adm4_pcode": null, "adm3_name": "Iboguhé", "adm3_name1": null, "adm3_name2": null, "adm3_name3": null, "adm3_pcode": "CI180203", "adm2_name": "Issia", "adm2_name1": null, "adm2_name2": null, "adm2_name3": null, "adm2_pcode": "CI1802", "adm1_name": "Haut-Sassandra", "adm1_name1": null, "adm1_name2": null, "adm1_name3": null, "adm1_pcode": "CI18", "adm0_name": "Côte d'Ivoire", "adm0_name1": null, "adm0_name2": null, "adm0_name3": null, "adm0_pcode": "CI", "valid_on": "2018-07-06", "valid_to": null, "cod_version": "V_01", "lang": "fr", "lang1": null, "lang2": null, "lang3": null }, "geometry": { "type": "Point", "coordinates": [ -6.844865335999941, 6.505455734000179 ] } },
{ "type": "Feature", "properties": { "admin_level": 3, "name": "Iriéfla", "name1": null, "name2": null, "name3": null, "x_coord": -5.82574661, "y_coord": 7.68812722, "adm4_name": null, "adm4_name1": null, "adm4_name2": null, "adm4_name3": null, "adm4_pcode": null, "adm3_name": "Iriéfla", "adm3_name1": null, "adm3_name2": null, "adm3_name3": null, "adm3_pcode": "CI230303", "adm2_name": "Zuénoula", "adm2_name1": null, "adm2_name2": null, "adm2_name3": null, "adm2_pcode": "CI2303", "adm1_name": "Marahoue", "adm1_name1": null, "adm1_name2": null, "adm1_name3": null, "adm1_pcode": "CI23", "adm0_name": "Côte d'Ivoire", "adm0_name1": null, "adm0_name2": null, "adm0_name3": null, "adm0_pcode": "CI", "valid_on": "2018-07-06", "valid_to": null, "cod_version": "V_01", "lang": "fr", "lang1": null, "lang2": null, "lang3": null }, "geometry": { "type": "Point", "coordinates": [ -5.825746608999964, 7.688127220000126 ] } },
{ "type": "Feature", "properties": { "admin_level": 3, "name": "Issia", "name1": null, "name2": null, "name3": null, "x_coord": -6.60143512, "y_coord": 6.50423232, "adm4_name": null, "adm4_name1": null, "adm4_name2": null, "adm4_name3": null, "adm4_pcode": null, "adm3_name": "Issia", "adm3_name1": null, "adm3_name2": null, "adm3_name3": null, "adm3_pcode": "CI180201", "adm2_name": "Issia", "adm2_name1": null, "adm2_name2": null, "adm2_name3": null, "adm2_pcode": "CI1802", "adm1_name": "Haut-Sassandra", "adm1_name1": null, "adm1_name2": null, "adm1_name3": null, "adm1_pcode": "CI18", "adm0_name": "Côte d'Ivoire", "adm0_name1": null, "adm0_name2": null, "adm0_name3": null, "adm0_pcode": "CI", "valid_on": "2018-07-06", "valid_to": null, "cod_version": "V_01", "lang": "fr", "lang1": null, "lang2": null, "lang3": null }, "geometry": { "type": "Point", "coordinates": [ -6.60143511699988, 6.504232320000028 ] } },
{ "type": "Feature", "properties": { "admin_level": 3, "name": "Jacqueville", "name1": null, "name2": null, "name3": null, "x_coord": -4.72391953, "y_coord": 5.24618331, "adm4_name": null, "adm4_name1": null, "adm4_name2": null, "adm4_name3": null, "adm4_pcode": null, "adm3_name": "Jacqueville", "adm3_name1": null, "adm3_name2": null, "adm3_name3": null, "adm3_pcode": "CI150301", "adm2_name": "Jacqueville", "adm2_name1": null, "adm2_name2": null, "adm2_name3": null, "adm2_pcode": "CI1503", "adm1_name": "Grands Ponts", "adm1_name1": null, "adm1_name2": null, "adm1_name3": null, "adm1_pcode": "CI15", "adm0_name": "Côte d'Ivoire", "adm0_name1": null, "adm0_name2": null, "adm0_name3": null, "adm0_pcode": "CI", "valid_on": "2018-07-06", "valid_to": null, "cod_version": "V_01", "lang": "fr", "lang1": null, "lang2": null, "lang3": null }, "geometry": { "type": "Point", "coordinates": [ -4.723919527999954, 5.24618330800007 ] } },
{ "type": "Feature", "properties": { "admin_level": 3, "name": "Kaadé", "name1": null, "name2": null, "name3": null, "x_coord": -7.66504052, "y_coord": 6.64695323, "adm4_name": null, "adm4_name1": null, "adm4_name2": null, "adm4_name3": null, "adm4_pcode": null, "adm3_name": "Kaadé", "adm3_name1": null, "adm3_name2": null, "adm3_name3": null, "adm3_pcode": "CI090203", "adm2_name": "Guiglo", "adm2_name1": null, "adm2_name2": null, "adm2_name3": null, "adm2_pcode": "CI0902", "adm1_name": "Cavally", "adm1_name1": null, "adm1_name2": null, "adm1_name3": null, "adm1_pcode": "CI09", "adm0_name": "Côte d'Ivoire", "adm0_name1": null, "adm0_name2": null, "adm0_name3": null, "adm0_pcode": "CI", "valid_on": "2018-07-06", "valid_to": null, "cod_version": "V_01", "lang": "fr", "lang1": null, "lang2": null, "lang3": null }, "geometry": { "type": "Point", "coordinates": [ -7.665040522999959, 6.646953229000189 ] } },
{ "type": "Feature", "properties": { "admin_level": 3, "name": "Kadéko", "name1": null, "name2": null, "name3": null, "x_coord": -5.55581206, "y_coord": 6.09321238, "adm4_name": null, "adm4_name1": null, "adm4_name2": null, "adm4_name3": null, "adm4_pcode": null, "adm3_name": "Kadéko", "adm3_name1": null, "adm3_name2": null, "adm3_name3": null, "adm3_pcode": "CI220304", "adm2_name": "Lakota", "adm2_name1": null, "adm2_name2": null, "adm2_name3": null, "adm2_pcode": "CI2203", "adm1_name": "Loh-Djiboua", "adm1_name1": null, "adm1_name2": null, "adm1_name3": null, "adm1_pcode": "CI22", "adm0_name": "Côte d'Ivoire", "adm0_name1": null, "adm0_name2": null, "adm0_name3": null, "adm0_pcode": "CI", "valid_on": "2018-07-06", "valid_to": null, "cod_version": "V_01", "lang": "fr", "lang1": null, "lang2": null, "lang3": null }, "geometry": { "type": "Point", "coordinates": [ -5.555812060999813, 6.093212377000157 ] } },
{ "type": "Feature", "properties": { "admin_level": 3, "name": "Kagbolodougou", "name1": null, "name2": null, "name3": null, "x_coord": -5.37028177, "y_coord": 9.43037143, "adm4_name": null, "adm4_name1": null, "adm4_name2": null, "adm4_name3": null, "adm4_pcode": null, "adm3_name": "Kagbolodougou", "adm3_name1": null, "adm3_name2": null, "adm3_name3": null, "adm3_pcode": "CI280403", "adm2_name": "Sinématiali", "adm2_name1": null, "adm2_name2": null, "adm2_name3": null, "adm2_pcode": "CI2804", "adm1_name": "Poro", "adm1_name1": null, "adm1_name2": null, "adm1_name3": null, "adm1_pcode": "CI28", "adm0_name": "Côte d'Ivoire", "adm0_name1": null, "adm0_name2": null, "adm0_name3": null, "adm0_pcode": "CI", "valid_on": "2018-07-06", "valid_to": null, "cod_version": "V_01", "lang": "fr", "lang1": null, "lang2": null, "lang3": null }, "geometry": { "type": "Point", "coordinates": [ -5.370281771999885, 9.430371432000015 ] } },
{ "type": "Feature", "properties": { "admin_level": 3, "name": "Kahin-Zarabaon", "name1": null, "name2": null, "name3": null, "x_coord": -7.73050158, "y_coord": 6.91877274, "adm4_name": null, "adm4_name1": null, "adm4_name2": null, "adm4_name3": null, "adm4_pcode": null, "adm3_name": "Kahin-Zarabaon", "adm3_name1": null, "adm3_name2": null, "adm3_name3": null, "adm3_pcode": "CI160107", "adm2_name": "Bangolo", "adm2_name1": null, "adm2_name2": null, "adm2_name3": null, "adm2_pcode": "CI1601", "adm1_name": "Guemon", "adm1_name1": null, "adm1_name2": null, "adm1_name3": null, "adm1_pcode": "CI16", "adm0_name": "Côte d'Ivoire", "adm0_name1": null, "adm0_name2": null, "adm0_name3": null, "adm0_pcode": "CI", "valid_on": "2018-07-06", "valid_to": null, "cod_version": "V_01", "lang": "fr", "lang1": null, "lang2": null, "lang3": null }, "geometry": { "type": "Point", "coordinates": [ -7.730501577999974, 6.918772736999983 ] } },
{ "type": "Feature", "properties": { "admin_level": 3, "name": "Kakpin", "name1": null, "name2": null, "name3": null, "x_coord": -3.7486326, "y_coord": 8.57738974, "adm4_name": null, "adm4_name1": null, "adm4_name2": null, "adm4_name3": null, "adm4_pcode": null, "adm3_name": "Kakpin", "adm3_name1": null, "adm3_name2": null, "adm3_name3": null, "adm3_pcode": "CI080303", "adm2_name": "Nassian", "adm2_name1": null, "adm2_name2": null, "adm2_name3": null, "adm2_pcode": "CI0803", "adm1_name": "Bounkani", "adm1_name1": null, "adm1_name2": null, "adm1_name3": null, "adm1_pcode": "CI08", "adm0_name": "Côte d'Ivoire", "adm0_name1": null, "adm0_name2": null, "adm0_name3": null, "adm0_pcode": "CI", "valid_on": "2018-07-06", "valid_to": null, "cod_version": "V_01", "lang": "fr", "lang1": null, "lang2": null, "lang3": null }, "geometry": { "type": "Point", "coordinates": [ -3.748632604999898, 8.577389742000094 ] } },
{ "type": "Feature", "properties": { "admin_level": 3, "name": "Kalamon", "name1": null, "name2": null, "name3": null, "x_coord": -3.16766578, "y_coord": 9.80123101, "adm4_name": null, "adm4_name1": null, "adm4_name2": null, "adm4_name3": null, "adm4_pcode": null, "adm3_name": "Kalamon", "adm3_name1": null, "adm3_name2": null, "adm3_name3": null, "adm3_pcode": "CI080203", "adm2_name": "Doropo", "adm2_name1": null, "adm2_name2": null, "adm2_name3": null, "adm2_pcode": "CI0802", "adm1_name": "Bounkani", "adm1_name1": null, "adm1_name2": null, "adm1_name3": null, "adm1_pcode": "CI08", "adm0_name": "Côte d'Ivoire", "adm0_name1": null, "adm0_name2": null, "adm0_name3": null, "adm0_pcode": "CI", "valid_on": "2018-07-06", "valid_to": null, "cod_version": "V_01", "lang": "fr", "lang1": null, "lang2": null, "lang3": null }, "geometry": { "type": "Point", "coordinates": [ -3.167665780999869, 9.801231011000027 ] } },
{ "type": "Feature", "properties": { "admin_level": 3, "name": "Kamalo", "name1": null, "name2": null, "name3": null, "x_coord": -6.97222082, "y_coord": 7.8695932, "adm4_name": null, "adm4_name1": null, "adm4_name2": null, "adm4_name3": null, "adm4_pcode": null, "adm3_name": "Kamalo", "adm3_name1": null, "adm3_name2": null, "adm3_name3": null, "adm3_pcode": "CI330204", "adm2_name": "Séguéla", "adm2_name1": null, "adm2_name2": null, "adm2_name3": null, "adm2_pcode": "CI3302", "adm1_name": "Worodougou", "adm1_name1": null, "adm1_name2": null, "adm1_name3": null, "adm1_pcode": "CI33", "adm0_name": "Côte d'Ivoire", "adm0_name1": null, "adm0_name2": null, "adm0_name3": null, "adm0_pcode": "CI", "valid_on": "2018-07-06", "valid_to": null, "cod_version": "V_01", "lang": "fr", "lang1": null, "lang2": null, "lang3": null }, "geometry": { "type": "Point", "coordinates": [ -6.972220819999905, 7.8695932010001 ] } },
{ "type": "Feature", "properties": { "admin_level": 3, "name": "Kanakono", "name1": null, "name2": null, "name3": null, "x_coord": -6.27512511, "y_coord": 10.37408126, "adm4_name": null, "adm4_name1": null, "adm4_name2": null, "adm4_name3": null, "adm4_pcode": null, "adm3_name": "Kanakono", "adm3_name1": null, "adm3_name2": null, "adm3_name3": null, "adm3_pcode": "CI050303", "adm2_name": "Tengrela", "adm2_name1": null, "adm2_name2": null, "adm2_name3": null, "adm2_pcode": "CI0503", "adm1_name": "Bagoue", "adm1_name1": null, "adm1_name2": null, "adm1_name3": null, "adm1_pcode": "CI05", "adm0_name": "Côte d'Ivoire", "adm0_name1": null, "adm0_name2": null, "adm0_name3": null, "adm0_pcode": "CI", "valid_on": "2018-07-06", "valid_to": null, "cod_version": "V_01", "lang": "fr", "lang1": null, "lang2": null, "lang3": null }, "geometry": { "type": "Point", "coordinates": [ -6.275125112999831, 10.374081259999969 ] } },
{ "type": "Feature", "properties": { "admin_level": 3, "name": "Kani", "name1": null, "name2": null, "name3": null, "x_coord": -6.60463994, "y_coord": 8.50859762, "adm4_name": null, "adm4_name1": null, "adm4_name2": null, "adm4_name3": null, "adm4_pcode": null, "adm3_name": "Kani", "adm3_name1": null, "adm3_name2": null, "adm3_name3": null, "adm3_pcode": "CI330101", "adm2_name": "Kani", "adm2_name1": null, "adm2_name2": null, "adm2_name3": null, "adm2_pcode": "CI3301", "adm1_name": "Worodougou", "adm1_name1": null, "adm1_name2": null, "adm1_name3": null, "adm1_pcode": "CI33", "adm0_name": "Côte d'Ivoire", "adm0_name1": null, "adm0_name2": null, "adm0_name3": null, "adm0_pcode": "CI", "valid_on": "2018-07-06", "valid_to": null, "cod_version": "V_01", "lang": "fr", "lang1": null, "lang2": null, "lang3": null }, "geometry": { "type": "Point", "coordinates": [ -6.60463993999997, 8.508597624 ] } },
{ "type": "Feature", "properties": { "admin_level": 3, "name": "Kaniasso", "name1": null, "name2": null, "name3": null, "x_coord": -7.48920891, "y_coord": 9.90423679, "adm4_name": null, "adm4_name1": null, "adm4_name2": null, "adm4_name3": null, "adm4_pcode": null, "adm3_name": "Kaniasso", "adm3_name1": null, "adm3_name2": null, "adm3_name3": null, "adm3_pcode": "CI100102", "adm2_name": "Kaniasso", "adm2_name1": null, "adm2_name2": null, "adm2_name3": null, "adm2_pcode": "CI1001", "adm1_name": "Folon", "adm1_name1": null, "adm1_name2": null, "adm1_name3": null, "adm1_pcode": "CI10", "adm0_name": "Côte d'Ivoire", "adm0_name1": null, "adm0_name2": null, "adm0_name3": null, "adm0_pcode": "CI", "valid_on": "2018-07-06", "valid_to": null, "cod_version": "V_01", "lang": "fr", "lang1": null, "lang2": null, "lang3": null }, "geometry": { "type": "Point", "coordinates": [ -7.489208904999884, 9.904236790000084 ] } },
{ "type": "Feature", "properties": { "admin_level": 3, "name": "Kanoroba", "name1": null, "name2": null, "name3": null, "x_coord": -6.12713446, "y_coord": 8.99373737, "adm4_name": null, "adm4_name1": null, "adm4_name2": null, "adm4_name3": null, "adm4_pcode": null, "adm3_name": "Kanoroba", "adm3_name1": null, "adm3_name2": null, "adm3_name3": null, "adm3_pcode": "CI280203", "adm2_name": "Korhogo", "adm2_name1": null, "adm2_name2": null, "adm2_name3": null, "adm2_pcode": "CI2802", "adm1_name": "Poro", "adm1_name1": null, "adm1_name2": null, "adm1_name3": null, "adm1_pcode": "CI28", "adm0_name": "Côte d'Ivoire", "adm0_name1": null, "adm0_name2": null, "adm0_name3": null, "adm0_pcode": "CI", "valid_on": "2018-07-06", "valid_to": null, "cod_version": "V_01", "lang": "fr", "lang1": null, "lang2": null, "lang3": null }, "geometry": { "type": "Point", "coordinates": [ -6.127134460999969, 8.99373736900003 ] } },
{ "type": "Feature", "properties": { "admin_level": 3, "name": "Kanzra", "name1": null, "name2": null, "name3": null, "x_coord": -6.27785542, "y_coord": 7.31815141, "adm4_name": null, "adm4_name1": null, "adm4_name2": null, "adm4_name3": null, "adm4_pcode": null, "adm3_name": "Kanzra", "adm3_name1": null, "adm3_name2": null, "adm3_name3": null, "adm3_pcode": "CI230304", "adm2_name": "Zuénoula", "adm2_name1": null, "adm2_name2": null, "adm2_name3": null, "adm2_pcode": "CI2303", "adm1_name": "Marahoue", "adm1_name1": null, "adm1_name2": null, "adm1_name3": null, "adm1_pcode": "CI23", "adm0_name": "Côte d'Ivoire", "adm0_name1": null, "adm0_name2": null, "adm0_name3": null, "adm0_pcode": "CI", "valid_on": "2018-07-06", "valid_to": null, "cod_version": "V_01", "lang": "fr", "lang1": null, "lang2": null, "lang3": null }, "geometry": { "type": "Point", "coordinates": [ -6.277855415999966, 7.318151411999963 ] } },
{ "type": "Feature", "properties": { "admin_level": 3, "name": "Kaouara", "name1": null, "name2": null, "name3": null, "x_coord": -5.22429556, "y_coord": 10.18995603, "adm4_name": null, "adm4_name1": null, "adm4_name2": null, "adm4_name3": null, "adm4_pcode": null, "adm3_name": "Kaouara", "adm3_name1": null, "adm3_name2": null, "adm3_name3": null, "adm3_pcode": "CI310303", "adm2_name": "Ouangolodougou", "adm2_name1": null, "adm2_name2": null, "adm2_name3": null, "adm2_pcode": "CI3103", "adm1_name": "Tchologo", "adm1_name1": null, "adm1_name2": null, "adm1_name3": null, "adm1_pcode": "CI31", "adm0_name": "Côte d'Ivoire", "adm0_name1": null, "adm0_name2": null, "adm0_name3": null, "adm0_pcode": "CI", "valid_on": "2018-07-06", "valid_to": null, "cod_version": "V_01", "lang": "fr", "lang1": null, "lang2": null, "lang3": null }, "geometry": { "type": "Point", "coordinates": [ -5.224295559999973, 10.189956027000051 ] } },
{ "type": "Feature", "properties": { "admin_level": 3, "name": "Karakoro", "name1": null, "name2": null, "name3": null, "x_coord": -5.51223457, "y_coord": 9.45318611, "adm4_name": null, "adm4_name1": null, "adm4_name2": null, "adm4_name3": null, "adm4_pcode": null, "adm3_name": "Karakoro", "adm3_name1": null, "adm3_name2": null, "adm3_name3": null, "adm3_pcode": "CI280204", "adm2_name": "Korhogo", "adm2_name1": null, "adm2_name2": null, "adm2_name3": null, "adm2_pcode": "CI2802", "adm1_name": "Poro", "adm1_name1": null, "adm1_name2": null, "adm1_name3": null, "adm1_pcode": "CI28", "adm0_name": "Côte d'Ivoire", "adm0_name1": null, "adm0_name2": null, "adm0_name3": null, "adm0_pcode": "CI", "valid_on": "2018-07-06", "valid_to": null, "cod_version": "V_01", "lang": "fr", "lang1": null, "lang2": null, "lang3": null }, "geometry": { "type": "Point", "coordinates": [ -5.512234573999933, 9.453186111000093 ] } },
{ "type": "Feature", "properties": { "admin_level": 3, "name": "Kasséré", "name1": null, "name2": null, "name3": null, "x_coord": -6.22781662, "y_coord": 9.78466298, "adm4_name": null, "adm4_name1": null, "adm4_name2": null, "adm4_name3": null, "adm4_pcode": null, "adm3_name": "Kasséré", "adm3_name1": null, "adm3_name2": null, "adm3_name3": null, "adm3_pcode": "CI050104", "adm2_name": "Boundiali", "adm2_name1": null, "adm2_name2": null, "adm2_name3": null, "adm2_pcode": "CI0501", "adm1_name": "Bagoue", "adm1_name1": null, "adm1_name2": null, "adm1_name3": null, "adm1_pcode": "CI05", "adm0_name": "Côte d'Ivoire", "adm0_name1": null, "adm0_name2": null, "adm0_name3": null, "adm0_pcode": "CI", "valid_on": "2018-07-06", "valid_to": null, "cod_version": "V_01", "lang": "fr", "lang1": null, "lang2": null, "lang3": null }, "geometry": { "type": "Point", "coordinates": [ -6.22781661599987, 9.784662980000121 ] } },
{ "type": "Feature", "properties": { "admin_level": 3, "name": "Katiali", "name1": null, "name2": null, "name3": null, "x_coord": -5.94033226, "y_coord": 9.81105356, "adm4_name": null, "adm4_name1": null, "adm4_name2": null, "adm4_name3": null, "adm4_pcode": null, "adm3_name": "Katiali", "adm3_name1": null, "adm3_name2": null, "adm3_name3": null, "adm3_pcode": "CI280303", "adm2_name": "M'Bengué", "adm2_name1": null, "adm2_name2": null, "adm2_name3": null, "adm2_pcode": "CI2803", "adm1_name": "Poro", "adm1_name1": null, "adm1_name2": null, "adm1_name3": null, "adm1_pcode": "CI28", "adm0_name": "Côte d'Ivoire", "adm0_name1": null, "adm0_name2": null, "adm0_name3": null, "adm0_pcode": "CI", "valid_on": "2018-07-06", "valid_to": null, "cod_version": "V_01", "lang": "fr", "lang1": null, "lang2": null, "lang3": null }, "geometry": { "type": "Point", "coordinates": [ -5.940332258999888, 9.811053559000072 ] } },
{ "type": "Feature", "properties": { "admin_level": 3, "name": "Katiola", "name1": null, "name2": null, "name3": null, "x_coord": -5.15050005, "y_coord": 8.08902883, "adm4_name": null, "adm4_name1": null, "adm4_name2": null, "adm4_name3": null, "adm4_pcode": null, "adm3_name": "Katiola", "adm3_name1": null, "adm3_name2": null, "adm3_name3": null, "adm3_pcode": "CI170201", "adm2_name": "Katiola", "adm2_name1": null, "adm2_name2": null, "adm2_name3": null, "adm2_pcode": "CI1702", "adm1_name": "Hambol", "adm1_name1": null, "adm1_name2": null, "adm1_name3": null, "adm1_pcode": "CI17", "adm0_name": "Côte d'Ivoire", "adm0_name1": null, "adm0_name2": null, "adm0_name3": null, "adm0_pcode": "CI", "valid_on": "2018-07-06", "valid_to": null, "cod_version": "V_01", "lang": "fr", "lang1": null, "lang2": null, "lang3": null }, "geometry": { "type": "Point", "coordinates": [ -5.150500052999973, 8.089028827000163 ] } },
{ "type": "Feature", "properties": { "admin_level": 3, "name": "Katogo", "name1": null, "name2": null, "name3": null, "x_coord": -6.12183187, "y_coord": 10.13642964, "adm4_name": null, "adm4_name1": null, "adm4_name2": null, "adm4_name3": null, "adm4_pcode": null, "adm3_name": "Katogo", "adm3_name1": null, "adm3_name2": null, "adm3_name3": null, "adm3_pcode": "CI280304", "adm2_name": "M'Bengué", "adm2_name1": null, "adm2_name2": null, "adm2_name3": null, "adm2_pcode": "CI2803", "adm1_name": "Poro", "adm1_name1": null, "adm1_name2": null, "adm1_name3": null, "adm1_pcode": "CI28", "adm0_name": "Côte d'Ivoire", "adm0_name1": null, "adm0_name2": null, "adm0_name3": null, "adm0_pcode": "CI", "valid_on": "2018-07-06", "valid_to": null, "cod_version": "V_01", "lang": "fr", "lang1": null, "lang2": null, "lang3": null }, "geometry": { "type": "Point", "coordinates": [ -6.121831873999895, 10.136429644000145 ] } },
{ "type": "Feature", "properties": { "admin_level": 3, "name": "Kétro-Bassam", "name1": null, "name2": null, "name3": null, "x_coord": -6.64838947, "y_coord": 7.21403987, "adm4_name": null, "adm4_name1": null, "adm4_name2": null, "adm4_name3": null, "adm4_pcode": null, "adm3_name": "Kétro-Bassam", "adm3_name1": null, "adm3_name2": null, "adm3_name3": null, "adm3_pcode": "CI180305", "adm2_name": "Vavoua", "adm2_name1": null, "adm2_name2": null, "adm2_name3": null, "adm2_pcode": "CI1803", "adm1_name": "Haut-Sassandra", "adm1_name1": null, "adm1_name2": null, "adm1_name3": null, "adm1_pcode": "CI18", "adm0_name": "Côte d'Ivoire", "adm0_name1": null, "adm0_name2": null, "adm0_name3": null, "adm0_pcode": "CI", "valid_on": "2018-07-06", "valid_to": null, "cod_version": "V_01", "lang": "fr", "lang1": null, "lang2": null, "lang3": null }, "geometry": { "type": "Point", "coordinates": [ -6.648389469999927, 7.214039873000104 ] } },
{ "type": "Feature", "properties": { "admin_level": 3, "name": "Kiémou", "name1": null, "name2": null, "name3": null, "x_coord": -5.57298187, "y_coord": 9.01044033, "adm4_name": null, "adm4_name1": null, "adm4_name2": null, "adm4_name3": null, "adm4_pcode": null, "adm3_name": "Kiémou", "adm3_name1": null, "adm3_name2": null, "adm3_name3": null, "adm3_pcode": "CI280205", "adm2_name": "Korhogo", "adm2_name1": null, "adm2_name2": null, "adm2_name3": null, "adm2_pcode": "CI2802", "adm1_name": "Poro", "adm1_name1": null, "adm1_name2": null, "adm1_name3": null, "adm1_pcode": "CI28", "adm0_name": "Côte d'Ivoire", "adm0_name1": null, "adm0_name2": null, "adm0_name3": null, "adm0_pcode": "CI", "valid_on": "2018-07-06", "valid_to": null, "cod_version": "V_01", "lang": "fr", "lang1": null, "lang2": null, "lang3": null }, "geometry": { "type": "Point", "coordinates": [ -5.57298187299989, 9.01044032600015 ] } },
{ "type": "Feature", "properties": { "admin_level": 3, "name": "Kimbirila-Nord", "name1": null, "name2": null, "name3": null, "x_coord": -7.61056548, "y_coord": 10.34054877, "adm4_name": null, "adm4_name1": null, "adm4_name2": null, "adm4_name3": null, "adm4_pcode": null, "adm3_name": "Kimbirila-Nord", "adm3_name1": null, "adm3_name2": null, "adm3_name3": null, "adm3_pcode": "CI100202", "adm2_name": "Minignan", "adm2_name1": null, "adm2_name2": null, "adm2_name3": null, "adm2_pcode": "CI1002", "adm1_name": "Folon", "adm1_name1": null, "adm1_name2": null, "adm1_name3": null, "adm1_pcode": "CI10", "adm0_name": "Côte d'Ivoire", "adm0_name1": null, "adm0_name2": null, "adm0_name3": null, "adm0_pcode": "CI", "valid_on": "2018-07-06", "valid_to": null, "cod_version": "V_01", "lang": "fr", "lang1": null, "lang2": null, "lang3": null }, "geometry": { "type": "Point", "coordinates": [ -7.61056547599992, 10.340548768000133 ] } },
{ "type": "Feature", "properties": { "admin_level": 3, "name": "Kimbirila Sud", "name1": null, "name2": null, "name3": null, "x_coord": -7.69537209, "y_coord": 9.81451406, "adm4_name": null, "adm4_name1": null, "adm4_name2": null, "adm4_name3": null, "adm4_pcode": null, "adm3_name": "Kimbirila Sud", "adm3_name1": null, "adm3_name2": null, "adm3_name3": null, "adm3_pcode": "CI210402", "adm2_name": "Samatiguila", "adm2_name1": null, "adm2_name2": null, "adm2_name3": null, "adm2_pcode": "CI2104", "adm1_name": "Kabadougou", "adm1_name1": null, "adm1_name2": null, "adm1_name3": null, "adm1_pcode": "CI21", "adm0_name": "Côte d'Ivoire", "adm0_name1": null, "adm0_name2": null, "adm0_name3": null, "adm0_pcode": "CI", "valid_on": "2018-07-06", "valid_to": null, "cod_version": "V_01", "lang": "fr", "lang1": null, "lang2": null, "lang3": null }, "geometry": { "type": "Point", "coordinates": [ -7.695372087999885, 9.814514062000171 ] } },
{ "type": "Feature", "properties": { "admin_level": 3, "name": "Koffi-Amonkro", "name1": null, "name2": null, "name3": null, "x_coord": -3.94880253, "y_coord": 7.51559898, "adm4_name": null, "adm4_name1": null, "adm4_name2": null, "adm4_name3": null, "adm4_pcode": null, "adm3_name": "Koffi-Amonkro", "adm3_name1": null, "adm3_name2": null, "adm3_name3": null, "adm3_pcode": "CI190304", "adm2_name": "Prikro", "adm2_name1": null, "adm2_name2": null, "adm2_name3": null, "adm2_pcode": "CI1903", "adm1_name": "Iffou", "adm1_name1": null, "adm1_name2": null, "adm1_name3": null, "adm1_pcode": "CI19", "adm0_name": "Côte d'Ivoire", "adm0_name1": null, "adm0_name2": null, "adm0_name3": null, "adm0_pcode": "CI", "valid_on": "2018-07-06", "valid_to": null, "cod_version": "V_01", "lang": "fr", "lang1": null, "lang2": null, "lang3": null }, "geometry": { "type": "Point", "coordinates": [ -3.948802533999981, 7.515598981000153 ] } },
{ "type": "Feature", "properties": { "admin_level": 3, "name": "Kokomian", "name1": null, "name2": null, "name3": null, "x_coord": -3.04078784, "y_coord": 7.28776713, "adm4_name": null, "adm4_name1": null, "adm4_name2": null, "adm4_name3": null, "adm4_pcode": null, "adm3_name": "Kokomian", "adm3_name1": null, "adm3_name2": null, "adm3_name3": null, "adm3_pcode": "CI140203", "adm2_name": "Koun Fao", "adm2_name1": null, "adm2_name2": null, "adm2_name3": null, "adm2_pcode": "CI1402", "adm1_name": "Gontougo", "adm1_name1": null, "adm1_name2": null, "adm1_name3": null, "adm1_pcode": "CI14", "adm0_name": "Côte d'Ivoire", "adm0_name1": null, "adm0_name2": null, "adm0_name3": null, "adm0_pcode": "CI", "valid_on": "2018-07-06", "valid_to": null, "cod_version": "V_01", "lang": "fr", "lang1": null, "lang2": null, "lang3": null }, "geometry": { "type": "Point", "coordinates": [ -3.04078783999995, 7.28776713000002 ] } },
{ "type": "Feature", "properties": { "admin_level": 3, "name": "Kokoumbo", "name1": null, "name2": null, "name3": null, "x_coord": -5.22993998, "y_coord": 6.49328147, "adm4_name": null, "adm4_name1": null, "adm4_name2": null, "adm4_name3": null, "adm4_pcode": null, "adm3_name": "Kokoumbo", "adm3_name1": null, "adm3_name2": null, "adm3_name3": null, "adm3_pcode": "CI060403", "adm2_name": "Toumodi", "adm2_name1": null, "adm2_name2": null, "adm2_name3": null, "adm2_pcode": "CI0604", "adm1_name": "Belier", "adm1_name1": null, "adm1_name2": null, "adm1_name3": null, "adm1_pcode": "CI06", "adm0_name": "Côte d'Ivoire", "adm0_name1": null, "adm0_name2": null, "adm0_name3": null, "adm0_pcode": "CI", "valid_on": "2018-07-06", "valid_to": null, "cod_version": "V_01", "lang": "fr", "lang1": null, "lang2": null, "lang3": null }, "geometry": { "type": "Point", "coordinates": [ -5.22993998499993, 6.493281471000159 ] } },
{ "type": "Feature", "properties": { "admin_level": 3, "name": "Kolia", "name1": null, "name2": null, "name3": null, "x_coord": -6.55356926, "y_coord": 9.73999565, "adm4_name": null, "adm4_name1": null, "adm4_name2": null, "adm4_name3": null, "adm4_pcode": null, "adm3_name": "Kolia", "adm3_name1": null, "adm3_name2": null, "adm3_name3": null, "adm3_pcode": "CI050204", "adm2_name": "Kouto", "adm2_name1": null, "adm2_name2": null, "adm2_name3": null, "adm2_pcode": "CI0502", "adm1_name": "Bagoue", "adm1_name1": null, "adm1_name2": null, "adm1_name3": null, "adm1_pcode": "CI05", "adm0_name": "Côte d'Ivoire", "adm0_name1": null, "adm0_name2": null, "adm0_name3": null, "adm0_pcode": "CI", "valid_on": "2018-07-06", "valid_to": null, "cod_version": "V_01", "lang": "fr", "lang1": null, "lang2": null, "lang3": null }, "geometry": { "type": "Point", "coordinates": [ -6.553569256999936, 9.739995655000087 ] } },
{ "type": "Feature", "properties": { "admin_level": 3, "name": "Kombolokoura", "name1": null, "name2": null, "name3": null, "x_coord": -5.91033514, "y_coord": 9.36008465, "adm4_name": null, "adm4_name1": null, "adm4_name2": null, "adm4_name3": null, "adm4_pcode": null, "adm3_name": "Kombolokoura", "adm3_name1": null, "adm3_name2": null, "adm3_name3": null, "adm3_pcode": "CI280206", "adm2_name": "Korhogo", "adm2_name1": null, "adm2_name2": null, "adm2_name3": null, "adm2_pcode": "CI2802", "adm1_name": "Poro", "adm1_name1": null, "adm1_name2": null, "adm1_name3": null, "adm1_pcode": "CI28", "adm0_name": "Côte d'Ivoire", "adm0_name1": null, "adm0_name2": null, "adm0_name3": null, "adm0_pcode": "CI", "valid_on": "2018-07-06", "valid_to": null, "cod_version": "V_01", "lang": "fr", "lang1": null, "lang2": null, "lang3": null }, "geometry": { "type": "Point", "coordinates": [ -5.91033514499992, 9.360084653 ] } },
{ "type": "Feature", "properties": { "admin_level": 3, "name": "Komborodougou", "name1": null, "name2": null, "name3": null, "x_coord": -5.42430994, "y_coord": 9.28752728, "adm4_name": null, "adm4_name1": null, "adm4_name2": null, "adm4_name3": null, "adm4_pcode": null, "adm3_name": "Komborodougou", "adm3_name1": null, "adm3_name2": null, "adm3_name3": null, "adm3_pcode": "CI280207", "adm2_name": "Korhogo", "adm2_name1": null, "adm2_name2": null, "adm2_name3": null, "adm2_pcode": "CI2802", "adm1_name": "Poro", "adm1_name1": null, "adm1_name2": null, "adm1_name3": null, "adm1_pcode": "CI28", "adm0_name": "Côte d'Ivoire", "adm0_name1": null, "adm0_name2": null, "adm0_name3": null, "adm0_pcode": "CI", "valid_on": "2018-07-06", "valid_to": null, "cod_version": "V_01", "lang": "fr", "lang1": null, "lang2": null, "lang3": null }, "geometry": { "type": "Point", "coordinates": [ -5.424309943999901, 9.28752727900013 ] } },
{ "type": "Feature", "properties": { "admin_level": 3, "name": "Kondossou", "name1": null, "name2": null, "name3": null, "x_coord": -4.4291759, "y_coord": 7.73853433, "adm4_name": null, "adm4_name1": null, "adm4_name2": null, "adm4_name3": null, "adm4_pcode": null, "adm3_name": "Kondossou", "adm3_name1": null, "adm3_name2": null, "adm3_name3": null, "adm3_pcode": "CI190203", "adm2_name": "M'Bahiakro", "adm2_name1": null, "adm2_name2": null, "adm2_name3": null, "adm2_pcode": "CI1902", "adm1_name": "Iffou", "adm1_name1": null, "adm1_name2": null, "adm1_name3": null, "adm1_pcode": "CI19", "adm0_name": "Côte d'Ivoire", "adm0_name1": null, "adm0_name2": null, "adm0_name3": null, "adm0_pcode": "CI", "valid_on": "2018-07-06", "valid_to": null, "cod_version": "V_01", "lang": "fr", "lang1": null, "lang2": null, "lang3": null }, "geometry": { "type": "Point", "coordinates": [ -4.429175899999905, 7.738534334000121 ] } },
{ "type": "Feature", "properties": { "admin_level": 3, "name": "Kondrobo", "name1": null, "name2": null, "name3": null, "x_coord": -5.72740564, "y_coord": 7.84409715, "adm4_name": null, "adm4_name1": null, "adm4_name2": null, "adm4_name3": null, "adm4_pcode": null, "adm3_name": "Kondrobo", "adm3_name1": null, "adm3_name2": null, "adm3_name3": null, "adm3_pcode": "CI110104", "adm2_name": "Béoumi", "adm2_name1": null, "adm2_name2": null, "adm2_name3": null, "adm2_pcode": "CI1101", "adm1_name": "Gbeke", "adm1_name1": null, "adm1_name2": null, "adm1_name3": null, "adm1_pcode": "CI11", "adm0_name": "Côte d'Ivoire", "adm0_name1": null, "adm0_name2": null, "adm0_name3": null, "adm0_pcode": "CI", "valid_on": "2018-07-06", "valid_to": null, "cod_version": "V_01", "lang": "fr", "lang1": null, "lang2": null, "lang3": null }, "geometry": { "type": "Point", "coordinates": [ -5.727405644999976, 7.84409715400011 ] } },
{ "type": "Feature", "properties": { "admin_level": 3, "name": "Kong", "name1": null, "name2": null, "name3": null, "x_coord": -4.46984458, "y_coord": 9.13000884, "adm4_name": null, "adm4_name1": null, "adm4_name2": null, "adm4_name3": null, "adm4_pcode": null, "adm3_name": "Kong", "adm3_name1": null, "adm3_name2": null, "adm3_name3": null, "adm3_pcode": "CI310201", "adm2_name": "Kong", "adm2_name1": null, "adm2_name2": null, "adm2_name3": null, "adm2_pcode": "CI3102", "adm1_name": "Tchologo", "adm1_name1": null, "adm1_name2": null, "adm1_name3": null, "adm1_pcode": "CI31", "adm0_name": "Côte d'Ivoire", "adm0_name1": null, "adm0_name2": null, "adm0_name3": null, "adm0_pcode": "CI", "valid_on": "2018-07-06", "valid_to": null, "cod_version": "V_01", "lang": "fr", "lang1": null, "lang2": null, "lang3": null }, "geometry": { "type": "Point", "coordinates": [ -4.469844577999936, 9.130008841000119 ] } },
{ "type": "Feature", "properties": { "admin_level": 3, "name": "Kongasso", "name1": null, "name2": null, "name3": null, "x_coord": -6.04953071, "y_coord": 7.81823436, "adm4_name": null, "adm4_name1": null, "adm4_name2": null, "adm4_name3": null, "adm4_pcode": null, "adm3_name": "Kongasso", "adm3_name1": null, "adm3_name2": null, "adm3_name3": null, "adm3_pcode": "CI070202", "adm2_name": "Kounahiri", "adm2_name1": null, "adm2_name2": null, "adm2_name3": null, "adm2_pcode": "CI0702", "adm1_name": "Bere", "adm1_name1": null, "adm1_name2": null, "adm1_name3": null, "adm1_pcode": "CI07", "adm0_name": "Côte d'Ivoire", "adm0_name1": null, "adm0_name2": null, "adm0_name3": null, "adm0_pcode": "CI", "valid_on": "2018-07-06", "valid_to": null, "cod_version": "V_01", "lang": "fr", "lang1": null, "lang2": null, "lang3": null }, "geometry": { "type": "Point", "coordinates": [ -6.049530706999917, 7.81823436000019 ] } },
{ "type": "Feature", "properties": { "admin_level": 3, "name": "Koni", "name1": null, "name2": null, "name3": null, "x_coord": -5.77024057, "y_coord": 9.66509359, "adm4_name": null, "adm4_name1": null, "adm4_name2": null, "adm4_name3": null, "adm4_pcode": null, "adm3_name": "Koni", "adm3_name1": null, "adm3_name2": null, "adm3_name3": null, "adm3_pcode": "CI280208", "adm2_name": "Korhogo", "adm2_name1": null, "adm2_name2": null, "adm2_name3": null, "adm2_pcode": "CI2802", "adm1_name": "Poro", "adm1_name1": null, "adm1_name2": null, "adm1_name3": null, "adm1_pcode": "CI28", "adm0_name": "Côte d'Ivoire", "adm0_name1": null, "adm0_name2": null, "adm0_name3": null, "adm0_pcode": "CI", "valid_on": "2018-07-06", "valid_to": null, "cod_version": "V_01", "lang": "fr", "lang1": null, "lang2": null, "lang3": null }, "geometry": { "type": "Point", "coordinates": [ -5.770240570999874, 9.665093586000125 ] } },
{ "type": "Feature", "properties": { "admin_level": 3, "name": "Kononfla", "name1": null, "name2": null, "name3": null, "x_coord": -5.61736799, "y_coord": 6.66042654, "adm4_name": null, "adm4_name1": null, "adm4_name2": null, "adm4_name3": null, "adm4_pcode": null, "adm3_name": "Kononfla", "adm3_name1": null, "adm3_name2": null, "adm3_name3": null, "adm3_pcode": "CI230203", "adm2_name": "Sinfra", "adm2_name1": null, "adm2_name2": null, "adm2_name3": null, "adm2_pcode": "CI2302", "adm1_name": "Marahoue", "adm1_name1": null, "adm1_name2": null, "adm1_name3": null, "adm1_pcode": "CI23", "adm0_name": "Côte d'Ivoire", "adm0_name1": null, "adm0_name2": null, "adm0_name3": null, "adm0_pcode": "CI", "valid_on": "2018-07-06", "valid_to": null, "cod_version": "V_01", "lang": "fr", "lang1": null, "lang2": null, "lang3": null }, "geometry": { "type": "Point", "coordinates": [ -5.617367990999981, 6.660426544000018 ] } },
{ "type": "Feature", "properties": { "admin_level": 3, "name": "Koonan", "name1": null, "name2": null, "name3": null, "x_coord": -7.96093547, "y_coord": 8.37994131, "adm4_name": null, "adm4_name1": null, "adm4_name2": null, "adm4_name3": null, "adm4_pcode": null, "adm3_name": "Koonan", "adm3_name1": null, "adm3_name2": null, "adm3_name3": null, "adm3_pcode": "CI040204", "adm2_name": "Ouaninou", "adm2_name1": null, "adm2_name2": null, "adm2_name3": null, "adm2_pcode": "CI0402", "adm1_name": "Bafing", "adm1_name1": null, "adm1_name2": null, "adm1_name3": null, "adm1_pcode": "CI04", "adm0_name": "Côte d'Ivoire", "adm0_name1": null, "adm0_name2": null, "adm0_name3": null, "adm0_pcode": "CI", "valid_on": "2018-07-06", "valid_to": null, "cod_version": "V_01", "lang": "fr", "lang1": null, "lang2": null, "lang3": null }, "geometry": { "type": "Point", "coordinates": [ -7.960935466999956, 8.379941308000127 ] } },
{ "type": "Feature", "properties": { "admin_level": 3, "name": "Korhogo", "name1": null, "name2": null, "name3": null, "x_coord": -5.71294375, "y_coord": 9.51149832, "adm4_name": null, "adm4_name1": null, "adm4_name2": null, "adm4_name3": null, "adm4_pcode": null, "adm3_name": "Korhogo", "adm3_name1": null, "adm3_name2": null, "adm3_name3": null, "adm3_pcode": "CI280201", "adm2_name": "Korhogo", "adm2_name1": null, "adm2_name2": null, "adm2_name3": null, "adm2_pcode": "CI2802", "adm1_name": "Poro", "adm1_name1": null, "adm1_name2": null, "adm1_name3": null, "adm1_pcode": "CI28", "adm0_name": "Côte d'Ivoire", "adm0_name1": null, "adm0_name2": null, "adm0_name3": null, "adm0_pcode": "CI", "valid_on": "2018-07-06", "valid_to": null, "cod_version": "V_01", "lang": "fr", "lang1": null, "lang2": null, "lang3": null }, "geometry": { "type": "Point", "coordinates": [ -5.712943752999877, 9.511498317000076 ] } },
{ "type": "Feature", "properties": { "admin_level": 3, "name": "Koro", "name1": null, "name2": null, "name3": null, "x_coord": -7.37638772, "y_coord": 8.51861561, "adm4_name": null, "adm4_name1": null, "adm4_name2": null, "adm4_name3": null, "adm4_pcode": null, "adm3_name": "Koro", "adm3_name1": null, "adm3_name2": null, "adm3_name3": null, "adm3_pcode": "CI040101", "adm2_name": "Koro", "adm2_name1": null, "adm2_name2": null, "adm2_name3": null, "adm2_pcode": "CI0401", "adm1_name": "Bafing", "adm1_name1": null, "adm1_name2": null, "adm1_name3": null, "adm1_pcode": "CI04", "adm0_name": "Côte d'Ivoire", "adm0_name1": null, "adm0_name2": null, "adm0_name3": null, "adm0_pcode": "CI", "valid_on": "2018-07-06", "valid_to": null, "cod_version": "V_01", "lang": "fr", "lang1": null, "lang2": null, "lang3": null }, "geometry": { "type": "Point", "coordinates": [ -7.376387719999968, 8.51861561000004 ] } },
{ "type": "Feature", "properties": { "admin_level": 3, "name": "Kossou", "name1": null, "name2": null, "name3": null, "x_coord": -5.42684295, "y_coord": 6.92795727, "adm4_name": null, "adm4_name1": null, "adm4_name2": null, "adm4_name3": null, "adm4_pcode": null, "adm3_name": "Kossou", "adm3_name1": null, "adm3_name2": null, "adm3_name3": null, "adm3_pcode": "CI020202", "adm2_name": "Yamoussoukro", "adm2_name1": null, "adm2_name2": null, "adm2_name3": null, "adm2_pcode": "CI0202", "adm1_name": "District Autonome De Yamoussoukro", "adm1_name1": null, "adm1_name2": null, "adm1_name3": null, "adm1_pcode": "CI02", "adm0_name": "Côte d'Ivoire", "adm0_name1": null, "adm0_name2": null, "adm0_name3": null, "adm0_pcode": "CI", "valid_on": "2018-07-06", "valid_to": null, "cod_version": "V_01", "lang": "fr", "lang1": null, "lang2": null, "lang3": null }, "geometry": { "type": "Point", "coordinates": [ -5.426842950999969, 6.927957274000107 ] } },
{ "type": "Feature", "properties": { "admin_level": 3, "name": "Kotobi", "name1": null, "name2": null, "name3": null, "x_coord": -4.06846349, "y_coord": 6.70802723, "adm4_name": null, "adm4_name1": null, "adm4_name2": null, "adm4_name3": null, "adm4_pcode": null, "adm3_name": "Kotobi", "adm3_name1": null, "adm3_name2": null, "adm3_name3": null, "adm3_pcode": "CI250102", "adm2_name": "Arrah", "adm2_name1": null, "adm2_name2": null, "adm2_name3": null, "adm2_pcode": "CI2501", "adm1_name": "Moronou", "adm1_name1": null, "adm1_name2": null, "adm1_name3": null, "adm1_pcode": "CI25", "adm0_name": "Côte d'Ivoire", "adm0_name1": null, "adm0_name2": null, "adm0_name3": null, "adm0_pcode": "CI", "valid_on": "2018-07-06", "valid_to": null, "cod_version": "V_01", "lang": "fr", "lang1": null, "lang2": null, "lang3": null }, "geometry": { "type": "Point", "coordinates": [ -4.0684634939999, 6.708027232000177 ] } },
{ "type": "Feature", "properties": { "admin_level": 3, "name": "Koua", "name1": null, "name2": null, "name3": null, "x_coord": -7.23973587, "y_coord": 7.56705738, "adm4_name": null, "adm4_name1": null, "adm4_name2": null, "adm4_name3": null, "adm4_pcode": null, "adm3_name": "Koua", "adm3_name1": null, "adm3_name2": null, "adm3_name3": null, "adm3_pcode": "CI160303", "adm2_name": "Facobly", "adm2_name1": null, "adm2_name2": null, "adm2_name3": null, "adm2_pcode": "CI1603", "adm1_name": "Guemon", "adm1_name1": null, "adm1_name2": null, "adm1_name3": null, "adm1_pcode": "CI16", "adm0_name": "Côte d'Ivoire", "adm0_name1": null, "adm0_name2": null, "adm0_name3": null, "adm0_pcode": "CI", "valid_on": "2018-07-06", "valid_to": null, "cod_version": "V_01", "lang": "fr", "lang1": null, "lang2": null, "lang3": null }, "geometry": { "type": "Point", "coordinates": [ -7.239735866999922, 7.567057381000097 ] } },
{ "type": "Feature", "properties": { "admin_level": 3, "name": "Kouadioblékro", "name1": null, "name2": null, "name3": null, "x_coord": -4.26752183, "y_coord": 6.94691839, "adm4_name": null, "adm4_name1": null, "adm4_name2": null, "adm4_name3": null, "adm4_pcode": null, "adm3_name": "Kouadioblékro", "adm3_name1": null, "adm3_name2": null, "adm3_name3": null, "adm3_pcode": "CI270103", "adm2_name": "Bocanda", "adm2_name1": null, "adm2_name2": null, "adm2_name3": null, "adm2_pcode": "CI2701", "adm1_name": "N'Zi", "adm1_name1": null, "adm1_name2": null, "adm1_name3": null, "adm1_pcode": "CI27", "adm0_name": "Côte d'Ivoire", "adm0_name1": null, "adm0_name2": null, "adm0_name3": null, "adm0_pcode": "CI", "valid_on": "2018-07-06", "valid_to": null, "cod_version": "V_01", "lang": "fr", "lang1": null, "lang2": null, "lang3": null }, "geometry": { "type": "Point", "coordinates": [ -4.267521832999932, 6.946918393000146 ] } },
{ "type": "Feature", "properties": { "admin_level": 3, "name": "Kouakro", "name1": null, "name2": null, "name3": null, "x_coord": -2.87066008, "y_coord": 5.47486346, "adm4_name": null, "adm4_name1": null, "adm4_name2": null, "adm4_name3": null, "adm4_pcode": null, "adm3_name": "Kouakro", "adm3_name1": null, "adm3_name2": null, "adm3_name3": null, "adm3_pcode": "CI300106", "adm2_name": "Aboisso", "adm2_name1": null, "adm2_name2": null, "adm2_name3": null, "adm2_pcode": "CI3001", "adm1_name": "Sud-Comoe", "adm1_name1": null, "adm1_name2": null, "adm1_name3": null, "adm1_pcode": "CI30", "adm0_name": "Côte d'Ivoire", "adm0_name1": null, "adm0_name2": null, "adm0_name3": null, "adm0_pcode": "CI", "valid_on": "2018-07-06", "valid_to": null, "cod_version": "V_01", "lang": "fr", "lang1": null, "lang2": null, "lang3": null }, "geometry": { "type": "Point", "coordinates": [ -2.870660074999876, 5.474863457000026 ] } },
{ "type": "Feature", "properties": { "admin_level": 3, "name": "Kouan-Houlé", "name1": null, "name2": null, "name3": null, "x_coord": -8.25034327, "y_coord": 7.43169542, "adm4_name": null, "adm4_name1": null, "adm4_name2": null, "adm4_name3": null, "adm4_pcode": null, "adm3_name": "Kouan-Houlé", "adm3_name1": null, "adm3_name2": null, "adm3_name3": null, "adm3_pcode": "CI320204", "adm2_name": "Danané", "adm2_name1": null, "adm2_name2": null, "adm2_name3": null, "adm2_pcode": "CI3202", "adm1_name": "Tonkpi", "adm1_name1": null, "adm1_name2": null, "adm1_name3": null, "adm1_pcode": "CI32", "adm0_name": "Côte d'Ivoire", "adm0_name1": null, "adm0_name2": null, "adm0_name3": null, "adm0_pcode": "CI", "valid_on": "2018-07-06", "valid_to": null, "cod_version": "V_01", "lang": "fr", "lang1": null, "lang2": null, "lang3": null }, "geometry": { "type": "Point", "coordinates": [ -8.250343266999948, 7.431695415000092 ] } },
{ "type": "Feature", "properties": { "admin_level": 3, "name": "Kouassi-Datékro", "name1": null, "name2": null, "name3": null, "x_coord": -3.64098975, "y_coord": 7.78941993, "adm4_name": null, "adm4_name1": null, "adm4_name2": null, "adm4_name3": null, "adm4_pcode": null, "adm3_name": "Kouassi-Datékro", "adm3_name1": null, "adm3_name2": null, "adm3_name3": null, "adm3_pcode": "CI140204", "adm2_name": "Koun Fao", "adm2_name1": null, "adm2_name2": null, "adm2_name3": null, "adm2_pcode": "CI1402", "adm1_name": "Gontougo", "adm1_name1": null, "adm1_name2": null, "adm1_name3": null, "adm1_pcode": "CI14", "adm0_name": "Côte d'Ivoire", "adm0_name1": null, "adm0_name2": null, "adm0_name3": null, "adm0_pcode": "CI", "valid_on": "2018-07-06", "valid_to": null, "cod_version": "V_01", "lang": "fr", "lang1": null, "lang2": null, "lang3": null }, "geometry": { "type": "Point", "coordinates": [ -3.640989744999956, 7.789419935000183 ] } },
{ "type": "Feature", "properties": { "admin_level": 3, "name": "Kouassi-Kouassikro", "name1": null, "name2": null, "name3": null, "x_coord": -4.65903493, "y_coord": 7.35401288, "adm4_name": null, "adm4_name1": null, "adm4_name2": null, "adm4_name3": null, "adm4_pcode": null, "adm3_name": "Kouassi-Kouassikro", "adm3_name1": null, "adm3_name2": null, "adm3_name3": null, "adm3_pcode": "CI270301", "adm2_name": "Kouassi-Kouassikro", "adm2_name1": null, "adm2_name2": null, "adm2_name3": null, "adm2_pcode": "CI2703", "adm1_name": "N'Zi", "adm1_name1": null, "adm1_name2": null, "adm1_name3": null, "adm1_pcode": "CI27", "adm0_name": "Côte d'Ivoire", "adm0_name1": null, "adm0_name2": null, "adm0_name3": null, "adm0_pcode": "CI", "valid_on": "2018-07-06", "valid_to": null, "cod_version": "V_01", "lang": "fr", "lang1": null, "lang2": null, "lang3": null }, "geometry": { "type": "Point", "coordinates": [ -4.659034934999966, 7.354012884000099 ] } },
{ "type": "Feature", "properties": { "admin_level": 3, "name": "Kouassia-Niaguini", "name1": null, "name2": null, "name3": null, "x_coord": -3.02347852, "y_coord": 7.38844127, "adm4_name": null, "adm4_name1": null, "adm4_name2": null, "adm4_name3": null, "adm4_pcode": null, "adm3_name": "Kouassia-Niaguini", "adm3_name1": null, "adm3_name2": null, "adm3_name3": null, "adm3_pcode": "CI140503", "adm2_name": "Transua", "adm2_name1": null, "adm2_name2": null, "adm2_name3": null, "adm2_pcode": "CI1405", "adm1_name": "Gontougo", "adm1_name1": null, "adm1_name2": null, "adm1_name3": null, "adm1_pcode": "CI14", "adm0_name": "Côte d'Ivoire", "adm0_name1": null, "adm0_name2": null, "adm0_name3": null, "adm0_pcode": "CI", "valid_on": "2018-07-06", "valid_to": null, "cod_version": "V_01", "lang": "fr", "lang1": null, "lang2": null, "lang3": null }, "geometry": { "type": "Point", "coordinates": [ -3.023478517999934, 7.388441270000158 ] } },
{ "type": "Feature", "properties": { "admin_level": 3, "name": "Kouétinfla", "name1": null, "name2": null, "name3": null, "x_coord": -6.05519425, "y_coord": 6.60478931, "adm4_name": null, "adm4_name1": null, "adm4_name2": null, "adm4_name3": null, "adm4_pcode": null, "adm3_name": "Kouétinfla", "adm3_name1": null, "adm3_name2": null, "adm3_name3": null, "adm3_pcode": "CI230204", "adm2_name": "Sinfra", "adm2_name1": null, "adm2_name2": null, "adm2_name3": null, "adm2_pcode": "CI2302", "adm1_name": "Marahoue", "adm1_name1": null, "adm1_name2": null, "adm1_name3": null, "adm1_pcode": "CI23", "adm0_name": "Côte d'Ivoire", "adm0_name1": null, "adm0_name2": null, "adm0_name3": null, "adm0_pcode": "CI", "valid_on": "2018-07-06", "valid_to": null, "cod_version": "V_01", "lang": "fr", "lang1": null, "lang2": null, "lang3": null }, "geometry": { "type": "Point", "coordinates": [ -6.055194248999953, 6.604789311000104 ] } },
{ "type": "Feature", "properties": { "admin_level": 3, "name": "Kouibly", "name1": null, "name2": null, "name3": null, "x_coord": -7.25527521, "y_coord": 7.26259545, "adm4_name": null, "adm4_name1": null, "adm4_name2": null, "adm4_name3": null, "adm4_pcode": null, "adm3_name": "Kouibly", "adm3_name1": null, "adm3_name2": null, "adm3_name3": null, "adm3_pcode": "CI160401", "adm2_name": "Kouibly", "adm2_name1": null, "adm2_name2": null, "adm2_name3": null, "adm2_pcode": "CI1604", "adm1_name": "Guemon", "adm1_name1": null, "adm1_name2": null, "adm1_name3": null, "adm1_pcode": "CI16", "adm0_name": "Côte d'Ivoire", "adm0_name1": null, "adm0_name2": null, "adm0_name3": null, "adm0_pcode": "CI", "valid_on": "2018-07-06", "valid_to": null, "cod_version": "V_01", "lang": "fr", "lang1": null, "lang2": null, "lang3": null }, "geometry": { "type": "Point", "coordinates": [ -7.255275206999841, 7.262595447000024 ] } },
{ "type": "Feature", "properties": { "admin_level": 3, "name": "Koumbala", "name1": null, "name2": null, "name3": null, "x_coord": -5.05746987, "y_coord": 9.38020149, "adm4_name": null, "adm4_name1": null, "adm4_name2": null, "adm4_name3": null, "adm4_pcode": null, "adm3_name": "Koumbala", "adm3_name1": null, "adm3_name2": null, "adm3_name3": null, "adm3_pcode": "CI310102", "adm2_name": "Ferkessédougou", "adm2_name1": null, "adm2_name2": null, "adm2_name3": null, "adm2_pcode": "CI3101", "adm1_name": "Tchologo", "adm1_name1": null, "adm1_name2": null, "adm1_name3": null, "adm1_pcode": "CI31", "adm0_name": "Côte d'Ivoire", "adm0_name1": null, "adm0_name2": null, "adm0_name3": null, "adm0_pcode": "CI", "valid_on": "2018-07-06", "valid_to": null, "cod_version": "V_01", "lang": "fr", "lang1": null, "lang2": null, "lang3": null }, "geometry": { "type": "Point", "coordinates": [ -5.05746986499986, 9.380201493000015 ] } },
{ "type": "Feature", "properties": { "admin_level": 3, "name": "Koun-Fao", "name1": null, "name2": null, "name3": null, "x_coord": -3.34470889, "y_coord": 7.51791424, "adm4_name": null, "adm4_name1": null, "adm4_name2": null, "adm4_name3": null, "adm4_pcode": null, "adm3_name": "Koun-Fao", "adm3_name1": null, "adm3_name2": null, "adm3_name3": null, "adm3_pcode": "CI140201", "adm2_name": "Koun Fao", "adm2_name1": null, "adm2_name2": null, "adm2_name3": null, "adm2_pcode": "CI1402", "adm1_name": "Gontougo", "adm1_name1": null, "adm1_name2": null, "adm1_name3": null, "adm1_pcode": "CI14", "adm0_name": "Côte d'Ivoire", "adm0_name1": null, "adm0_name2": null, "adm0_name3": null, "adm0_pcode": "CI", "valid_on": "2018-07-06", "valid_to": null, "cod_version": "V_01", "lang": "fr", "lang1": null, "lang2": null, "lang3": null }, "geometry": { "type": "Point", "coordinates": [ -3.344708885999921, 7.517914239000049 ] } },
{ "type": "Feature", "properties": { "admin_level": 3, "name": "Kounahiri", "name1": null, "name2": null, "name3": null, "x_coord": -5.85937133, "y_coord": 7.78343602, "adm4_name": null, "adm4_name1": null, "adm4_name2": null, "adm4_name3": null, "adm4_pcode": null, "adm3_name": "Kounahiri", "adm3_name1": null, "adm3_name2": null, "adm3_name3": null, "adm3_pcode": "CI070201", "adm2_name": "Kounahiri", "adm2_name1": null, "adm2_name2": null, "adm2_name3": null, "adm2_pcode": "CI0702", "adm1_name": "Bere", "adm1_name1": null, "adm1_name2": null, "adm1_name3": null, "adm1_pcode": "CI07", "adm0_name": "Côte d'Ivoire", "adm0_name1": null, "adm0_name2": null, "adm0_name3": null, "adm0_pcode": "CI", "valid_on": "2018-07-06", "valid_to": null, "cod_version": "V_01", "lang": "fr", "lang1": null, "lang2": null, "lang3": null }, "geometry": { "type": "Point", "coordinates": [ -5.859371332999956, 7.783436021000171 ] } },
{ "type": "Feature", "properties": { "admin_level": 3, "name": "Kouto", "name1": null, "name2": null, "name3": null, "x_coord": -6.41014545, "y_coord": 9.9914663, "adm4_name": null, "adm4_name1": null, "adm4_name2": null, "adm4_name3": null, "adm4_pcode": null, "adm3_name": "Kouto", "adm3_name1": null, "adm3_name2": null, "adm3_name3": null, "adm3_pcode": "CI050201", "adm2_name": "Kouto", "adm2_name1": null, "adm2_name2": null, "adm2_name3": null, "adm2_pcode": "CI0502", "adm1_name": "Bagoue", "adm1_name1": null, "adm1_name2": null, "adm1_name3": null, "adm1_pcode": "CI05", "adm0_name": "Côte d'Ivoire", "adm0_name1": null, "adm0_name2": null, "adm0_name3": null, "adm0_pcode": "CI", "valid_on": "2018-07-06", "valid_to": null, "cod_version": "V_01", "lang": "fr", "lang1": null, "lang2": null, "lang3": null }, "geometry": { "type": "Point", "coordinates": [ -6.410145444999955, 9.991466304000141 ] } },
{ "type": "Feature", "properties": { "admin_level": 3, "name": "Koutouba", "name1": null, "name2": null, "name3": null, "x_coord": -3.21396736, "y_coord": 8.60759729, "adm4_name": null, "adm4_name1": null, "adm4_name2": null, "adm4_name3": null, "adm4_pcode": null, "adm3_name": "Koutouba", "adm3_name1": null, "adm3_name2": null, "adm3_name3": null, "adm3_pcode": "CI080304", "adm2_name": "Nassian", "adm2_name1": null, "adm2_name2": null, "adm2_name3": null, "adm2_pcode": "CI0803", "adm1_name": "Bounkani", "adm1_name1": null, "adm1_name2": null, "adm1_name3": null, "adm1_pcode": "CI08", "adm0_name": "Côte d'Ivoire", "adm0_name1": null, "adm0_name2": null, "adm0_name3": null, "adm0_pcode": "CI", "valid_on": "2018-07-06", "valid_to": null, "cod_version": "V_01", "lang": "fr", "lang1": null, "lang2": null, "lang3": null }, "geometry": { "type": "Point", "coordinates": [ -3.213967357999877, 8.607597294000129 ] } },
{ "type": "Feature", "properties": { "admin_level": 3, "name": "Kpata", "name1": null, "name2": null, "name3": null, "x_coord": -7.51829356, "y_coord": 7.78274688, "adm4_name": null, "adm4_name1": null, "adm4_name2": null, "adm4_name3": null, "adm4_pcode": null, "adm3_name": "Kpata", "adm3_name1": null, "adm3_name2": null, "adm3_name3": null, "adm3_pcode": "CI320106", "adm2_name": "Biankouma", "adm2_name1": null, "adm2_name2": null, "adm2_name3": null, "adm2_pcode": "CI3201", "adm1_name": "Tonkpi", "adm1_name1": null, "adm1_name2": null, "adm1_name3": null, "adm1_pcode": "CI32", "adm0_name": "Côte d'Ivoire", "adm0_name1": null, "adm0_name2": null, "adm0_name3": null, "adm0_pcode": "CI", "valid_on": "2018-07-06", "valid_to": null, "cod_version": "V_01", "lang": "fr", "lang1": null, "lang2": null, "lang3": null }, "geometry": { "type": "Point", "coordinates": [ -7.518293557999925, 7.782746879000172 ] } },
{ "type": "Feature", "properties": { "admin_level": 3, "name": "Kpouèbo", "name1": null, "name2": null, "name3": null, "x_coord": -4.83276419, "y_coord": 6.36925808, "adm4_name": null, "adm4_name1": null, "adm4_name2": null, "adm4_name3": null, "adm4_pcode": null, "adm3_name": "Kpouèbo", "adm3_name1": null, "adm3_name2": null, "adm3_name3": null, "adm3_pcode": "CI060404", "adm2_name": "Toumodi", "adm2_name1": null, "adm2_name2": null, "adm2_name3": null, "adm2_pcode": "CI0604", "adm1_name": "Belier", "adm1_name1": null, "adm1_name2": null, "adm1_name3": null, "adm1_pcode": "CI06", "adm0_name": "Côte d'Ivoire", "adm0_name1": null, "adm0_name2": null, "adm0_name3": null, "adm0_pcode": "CI", "valid_on": "2018-07-06", "valid_to": null, "cod_version": "V_01", "lang": "fr", "lang1": null, "lang2": null, "lang3": null }, "geometry": { "type": "Point", "coordinates": [ -4.832764192999946, 6.36925807700004 ] } },
{ "type": "Feature", "properties": { "admin_level": 3, "name": "Krégbé", "name1": null, "name2": null, "name3": null, "x_coord": -3.90844497, "y_coord": 6.87715211, "adm4_name": null, "adm4_name1": null, "adm4_name2": null, "adm4_name3": null, "adm4_pcode": null, "adm3_name": "Krégbé", "adm3_name1": null, "adm3_name2": null, "adm3_name3": null, "adm3_pcode": "CI250103", "adm2_name": "Arrah", "adm2_name1": null, "adm2_name2": null, "adm2_name3": null, "adm2_pcode": "CI2501", "adm1_name": "Moronou", "adm1_name1": null, "adm1_name2": null, "adm1_name3": null, "adm1_pcode": "CI25", "adm0_name": "Côte d'Ivoire", "adm0_name1": null, "adm0_name2": null, "adm0_name3": null, "adm0_pcode": "CI", "valid_on": "2018-07-06", "valid_to": null, "cod_version": "V_01", "lang": "fr", "lang1": null, "lang2": null, "lang3": null }, "geometry": { "type": "Point", "coordinates": [ -3.908444970999881, 6.8771521110001 ] } },
{ "type": "Feature", "properties": { "admin_level": 3, "name": "Krofoinsou", "name1": null, "name2": null, "name3": null, "x_coord": -5.2971348, "y_coord": 8.03364381, "adm4_name": null, "adm4_name1": null, "adm4_name2": null, "adm4_name3": null, "adm4_pcode": null, "adm3_name": "Krofoinsou", "adm3_name1": null, "adm3_name2": null, "adm3_name3": null, "adm3_pcode": "CI110203", "adm2_name": "Botro", "adm2_name1": null, "adm2_name2": null, "adm2_name3": null, "adm2_pcode": "CI1102", "adm1_name": "Gbeke", "adm1_name1": null, "adm1_name2": null, "adm1_name3": null, "adm1_pcode": "CI11", "adm0_name": "Côte d'Ivoire", "adm0_name1": null, "adm0_name2": null, "adm0_name3": null, "adm0_pcode": "CI", "valid_on": "2018-07-06", "valid_to": null, "cod_version": "V_01", "lang": "fr", "lang1": null, "lang2": null, "lang3": null }, "geometry": { "type": "Point", "coordinates": [ -5.297134803999882, 8.033643814000129 ] } },
{ "type": "Feature", "properties": { "admin_level": 3, "name": "Lakota", "name1": null, "name2": null, "name3": null, "x_coord": -5.68238013, "y_coord": 5.90483411, "adm4_name": null, "adm4_name1": null, "adm4_name2": null, "adm4_name3": null, "adm4_pcode": null, "adm3_name": "Lakota", "adm3_name1": null, "adm3_name2": null, "adm3_name3": null, "adm3_pcode": "CI220301", "adm2_name": "Lakota", "adm2_name1": null, "adm2_name2": null, "adm2_name3": null, "adm2_pcode": "CI2203", "adm1_name": "Loh-Djiboua", "adm1_name1": null, "adm1_name2": null, "adm1_name3": null, "adm1_pcode": "CI22", "adm0_name": "Côte d'Ivoire", "adm0_name1": null, "adm0_name2": null, "adm0_name3": null, "adm0_pcode": "CI", "valid_on": "2018-07-06", "valid_to": null, "cod_version": "V_01", "lang": "fr", "lang1": null, "lang2": null, "lang3": null }, "geometry": { "type": "Point", "coordinates": [ -5.682380126999931, 5.904834115000142 ] } },
{ "type": "Feature", "properties": { "admin_level": 3, "name": "Languibonou", "name1": null, "name2": null, "name3": null, "x_coord": -5.2703052, "y_coord": 7.70574013, "adm4_name": null, "adm4_name1": null, "adm4_name2": null, "adm4_name3": null, "adm4_pcode": null, "adm3_name": "Languibonou", "adm3_name1": null, "adm3_name2": null, "adm3_name3": null, "adm3_pcode": "CI110204", "adm2_name": "Botro", "adm2_name1": null, "adm2_name2": null, "adm2_name3": null, "adm2_pcode": "CI1102", "adm1_name": "Gbeke", "adm1_name1": null, "adm1_name2": null, "adm1_name3": null, "adm1_pcode": "CI11", "adm0_name": "Côte d'Ivoire", "adm0_name1": null, "adm0_name2": null, "adm0_name3": null, "adm0_pcode": "CI", "valid_on": "2018-07-06", "valid_to": null, "cod_version": "V_01", "lang": "fr", "lang1": null, "lang2": null, "lang3": null }, "geometry": { "type": "Point", "coordinates": [ -5.270305196999914, 7.705740133 ] } },
{ "type": "Feature", "properties": { "admin_level": 3, "name": "Laoudi-Ba", "name1": null, "name2": null, "name3": null, "x_coord": -3.08351428, "y_coord": 8.43775152, "adm4_name": null, "adm4_name1": null, "adm4_name2": null, "adm4_name3": null, "adm4_pcode": null, "adm3_name": "Laoudi-Ba", "adm3_name1": null, "adm3_name2": null, "adm3_name3": null, "adm3_pcode": "CI140105", "adm2_name": "Bondoukou", "adm2_name1": null, "adm2_name2": null, "adm2_name3": null, "adm2_pcode": "CI1401", "adm1_name": "Gontougo", "adm1_name1": null, "adm1_name2": null, "adm1_name3": null, "adm1_pcode": "CI14", "adm0_name": "Côte d'Ivoire", "adm0_name1": null, "adm0_name2": null, "adm0_name3": null, "adm0_pcode": "CI", "valid_on": "2018-07-06", "valid_to": null, "cod_version": "V_01", "lang": "fr", "lang1": null, "lang2": null, "lang3": null }, "geometry": { "type": "Point", "coordinates": [ -3.083514280999907, 8.437751521000052 ] } },
{ "type": "Feature", "properties": { "admin_level": 3, "name": "Lataha", "name1": null, "name2": null, "name3": null, "x_coord": -5.52361918, "y_coord": 9.64478827, "adm4_name": null, "adm4_name1": null, "adm4_name2": null, "adm4_name3": null, "adm4_pcode": null, "adm3_name": "Lataha", "adm3_name1": null, "adm3_name2": null, "adm3_name3": null, "adm3_pcode": "CI280209", "adm2_name": "Korhogo", "adm2_name1": null, "adm2_name2": null, "adm2_name3": null, "adm2_pcode": "CI2802", "adm1_name": "Poro", "adm1_name1": null, "adm1_name2": null, "adm1_name3": null, "adm1_pcode": "CI28", "adm0_name": "Côte d'Ivoire", "adm0_name1": null, "adm0_name2": null, "adm0_name3": null, "adm0_pcode": "CI", "valid_on": "2018-07-06", "valid_to": null, "cod_version": "V_01", "lang": "fr", "lang1": null, "lang2": null, "lang3": null }, "geometry": { "type": "Point", "coordinates": [ -5.523619183999813, 9.644788272000142 ] } },
{ "type": "Feature", "properties": { "admin_level": 3, "name": "Lauzoua", "name1": null, "name2": null, "name3": null, "x_coord": -5.33398407, "y_coord": 5.30132663, "adm4_name": null, "adm4_name1": null, "adm4_name2": null, "adm4_name3": null, "adm4_pcode": null, "adm3_name": "Lauzoua", "adm3_name1": null, "adm3_name2": null, "adm3_name3": null, "adm3_pcode": "CI220203", "adm2_name": "Guitry", "adm2_name1": null, "adm2_name2": null, "adm2_name3": null, "adm2_pcode": "CI2202", "adm1_name": "Loh-Djiboua", "adm1_name1": null, "adm1_name2": null, "adm1_name3": null, "adm1_pcode": "CI22", "adm0_name": "Côte d'Ivoire", "adm0_name1": null, "adm0_name2": null, "adm0_name3": null, "adm0_pcode": "CI", "valid_on": "2018-07-06", "valid_to": null, "cod_version": "V_01", "lang": "fr", "lang1": null, "lang2": null, "lang3": null }, "geometry": { "type": "Point", "coordinates": [ -5.333984065999971, 5.301326625000172 ] } },
{ "type": "Feature", "properties": { "admin_level": 3, "name": "Liliyo", "name1": null, "name2": null, "name3": null, "x_coord": -6.43025401, "y_coord": 5.94531301, "adm4_name": null, "adm4_name1": null, "adm4_name2": null, "adm4_name3": null, "adm4_pcode": null, "adm3_name": "Liliyo", "adm3_name1": null, "adm3_name2": null, "adm3_name3": null, "adm3_pcode": "CI260404", "adm2_name": "Soubré", "adm2_name1": null, "adm2_name2": null, "adm2_name3": null, "adm2_pcode": "CI2604", "adm1_name": "Nawa", "adm1_name1": null, "adm1_name2": null, "adm1_name3": null, "adm1_pcode": "CI26", "adm0_name": "Côte d'Ivoire", "adm0_name1": null, "adm0_name2": null, "adm0_name3": null, "adm0_pcode": "CI", "valid_on": "2018-07-06", "valid_to": null, "cod_version": "V_01", "lang": "fr", "lang1": null, "lang2": null, "lang3": null }, "geometry": { "type": "Point", "coordinates": [ -6.430254008999896, 5.945313006000106 ] } },
{ "type": "Feature", "properties": { "admin_level": 3, "name": "Lobakuya", "name1": null, "name2": null, "name3": null, "x_coord": -6.29997369, "y_coord": 5.17643215, "adm4_name": null, "adm4_name1": null, "adm4_name2": null, "adm4_name3": null, "adm4_pcode": null, "adm3_name": "Lobakuya", "adm3_name1": null, "adm3_name2": null, "adm3_name3": null, "adm3_pcode": "CI120204", "adm2_name": "Sassandra", "adm2_name1": null, "adm2_name2": null, "adm2_name3": null, "adm2_pcode": "CI1202", "adm1_name": "Gbokle", "adm1_name1": null, "adm1_name2": null, "adm1_name3": null, "adm1_pcode": "CI12", "adm0_name": "Côte d'Ivoire", "adm0_name1": null, "adm0_name2": null, "adm0_name3": null, "adm0_pcode": "CI", "valid_on": "2018-07-06", "valid_to": null, "cod_version": "V_01", "lang": "fr", "lang1": null, "lang2": null, "lang3": null }, "geometry": { "type": "Point", "coordinates": [ -6.299973691999924, 5.176432154 ] } },
{ "type": "Feature", "properties": { "admin_level": 3, "name": "Logoualé", "name1": null, "name2": null, "name3": null, "x_coord": -7.54297152, "y_coord": 7.13087127, "adm4_name": null, "adm4_name1": null, "adm4_name2": null, "adm4_name3": null, "adm4_pcode": null, "adm3_name": "Logoualé", "adm3_name1": null, "adm3_name2": null, "adm3_name3": null, "adm3_pcode": "CI320305", "adm2_name": "Man", "adm2_name1": null, "adm2_name2": null, "adm2_name3": null, "adm2_pcode": "CI3203", "adm1_name": "Tonkpi", "adm1_name1": null, "adm1_name2": null, "adm1_name3": null, "adm1_pcode": "CI32", "adm0_name": "Côte d'Ivoire", "adm0_name1": null, "adm0_name2": null, "adm0_name3": null, "adm0_pcode": "CI", "valid_on": "2018-07-06", "valid_to": null, "cod_version": "V_01", "lang": "fr", "lang1": null, "lang2": null, "lang3": null }, "geometry": { "type": "Point", "coordinates": [ -7.542971522999949, 7.130871273000139 ] } },
{ "type": "Feature", "properties": { "admin_level": 3, "name": "Lolobo", "name1": null, "name2": null, "name3": null, "x_coord": -5.16132034, "y_coord": 6.9655654, "adm4_name": null, "adm4_name1": null, "adm4_name2": null, "adm4_name3": null, "adm4_pcode": null, "adm3_name": "Lolobo", "adm3_name1": null, "adm3_name2": null, "adm3_name3": null, "adm3_pcode": "CI020102", "adm2_name": "Attiégouakro", "adm2_name1": null, "adm2_name2": null, "adm2_name3": null, "adm2_pcode": "CI0201", "adm1_name": "District Autonome De Yamoussoukro", "adm1_name1": null, "adm1_name2": null, "adm1_name3": null, "adm1_pcode": "CI02", "adm0_name": "Côte d'Ivoire", "adm0_name1": null, "adm0_name2": null, "adm0_name3": null, "adm0_pcode": "CI", "valid_on": "2018-07-06", "valid_to": null, "cod_version": "V_01", "lang": "fr", "lang1": null, "lang2": null, "lang3": null }, "geometry": { "type": "Point", "coordinates": [ -5.161320339999975, 6.965565397000091 ] } },
{ "type": "Feature", "properties": { "admin_level": 3, "name": "Lolobo", "name1": null, "name2": null, "name3": null, "x_coord": -5.3995361, "y_coord": 7.71673137, "adm4_name": null, "adm4_name1": null, "adm4_name2": null, "adm4_name3": null, "adm4_pcode": null, "adm3_name": "Lolobo", "adm3_name1": null, "adm3_name2": null, "adm3_name3": null, "adm3_pcode": "CI110105", "adm2_name": "Béoumi", "adm2_name1": null, "adm2_name2": null, "adm2_name3": null, "adm2_pcode": "CI1101", "adm1_name": "Gbeke", "adm1_name1": null, "adm1_name2": null, "adm1_name3": null, "adm1_pcode": "CI11", "adm0_name": "Côte d'Ivoire", "adm0_name1": null, "adm0_name2": null, "adm0_name3": null, "adm0_pcode": "CI", "valid_on": "2018-07-06", "valid_to": null, "cod_version": "V_01", "lang": "fr", "lang1": null, "lang2": null, "lang3": null }, "geometry": { "type": "Point", "coordinates": [ -5.399536101999956, 7.716731375000109 ] } },
{ "type": "Feature", "properties": { "admin_level": 3, "name": "Lomokankro", "name1": null, "name2": null, "name3": null, "x_coord": -5.05132534, "y_coord": 7.05387459, "adm4_name": null, "adm4_name1": null, "adm4_name2": null, "adm4_name3": null, "adm4_pcode": null, "adm3_name": "Lomokankro", "adm3_name1": null, "adm3_name2": null, "adm3_name3": null, "adm3_pcode": "CI060302", "adm2_name": "Tiébissou", "adm2_name1": null, "adm2_name2": null, "adm2_name3": null, "adm2_pcode": "CI0603", "adm1_name": "Belier", "adm1_name1": null, "adm1_name2": null, "adm1_name3": null, "adm1_pcode": "CI06", "adm0_name": "Côte d'Ivoire", "adm0_name1": null, "adm0_name2": null, "adm0_name3": null, "adm0_pcode": "CI", "valid_on": "2018-07-06", "valid_to": null, "cod_version": "V_01", "lang": "fr", "lang1": null, "lang2": null, "lang3": null }, "geometry": { "type": "Point", "coordinates": [ -5.051325339999948, 7.053874589000145 ] } },
{ "type": "Feature", "properties": { "admin_level": 3, "name": "Lopou", "name1": null, "name2": null, "name3": null, "x_coord": -4.52019722, "y_coord": 5.45726502, "adm4_name": null, "adm4_name1": null, "adm4_name2": null, "adm4_name3": null, "adm4_pcode": null, "adm3_name": "Lopou", "adm3_name1": null, "adm3_name2": null, "adm3_name3": null, "adm3_pcode": "CI150102", "adm2_name": "Dabou", "adm2_name1": null, "adm2_name2": null, "adm2_name3": null, "adm2_pcode": "CI1501", "adm1_name": "Grands Ponts", "adm1_name1": null, "adm1_name2": null, "adm1_name3": null, "adm1_pcode": "CI15", "adm0_name": "Côte d'Ivoire", "adm0_name1": null, "adm0_name2": null, "adm0_name3": null, "adm0_pcode": "CI", "valid_on": "2018-07-06", "valid_to": null, "cod_version": "V_01", "lang": "fr", "lang1": null, "lang2": null, "lang3": null }, "geometry": { "type": "Point", "coordinates": [ -4.520197215999929, 5.457265021000183 ] } },
{ "type": "Feature", "properties": { "admin_level": 3, "name": "Loviguié", "name1": null, "name2": null, "name3": null, "x_coord": -4.34943285, "y_coord": 5.81634395, "adm4_name": null, "adm4_name1": null, "adm4_name2": null, "adm4_name3": null, "adm4_pcode": null, "adm3_name": "Loviguié", "adm3_name1": null, "adm3_name2": null, "adm3_name3": null, "adm3_pcode": "CI030109", "adm2_name": "Agboville", "adm2_name1": null, "adm2_name2": null, "adm2_name3": null, "adm2_pcode": "CI0301", "adm1_name": "Agneby-Tiassa", "adm1_name1": null, "adm1_name2": null, "adm1_name3": null, "adm1_pcode": "CI03", "adm0_name": "Côte d'Ivoire", "adm0_name1": null, "adm0_name2": null, "adm0_name3": null, "adm0_pcode": "CI", "valid_on": "2018-07-06", "valid_to": null, "cod_version": "V_01", "lang": "fr", "lang1": null, "lang2": null, "lang3": null }, "geometry": { "type": "Point", "coordinates": [ -4.349432848999868, 5.816343951000022 ] } },
{ "type": "Feature", "properties": { "admin_level": 3, "name": "M'Bahiakro", "name1": null, "name2": null, "name3": null, "x_coord": -4.33278792, "y_coord": 7.49138958, "adm4_name": null, "adm4_name1": null, "adm4_name2": null, "adm4_name3": null, "adm4_pcode": null, "adm3_name": "M'Bahiakro", "adm3_name1": null, "adm3_name2": null, "adm3_name3": null, "adm3_pcode": "CI190201", "adm2_name": "M'Bahiakro", "adm2_name1": null, "adm2_name2": null, "adm2_name3": null, "adm2_pcode": "CI1902", "adm1_name": "Iffou", "adm1_name1": null, "adm1_name2": null, "adm1_name3": null, "adm1_pcode": "CI19", "adm0_name": "Côte d'Ivoire", "adm0_name1": null, "adm0_name2": null, "adm0_name3": null, "adm0_pcode": "CI", "valid_on": "2018-07-06", "valid_to": null, "cod_version": "V_01", "lang": "fr", "lang1": null, "lang2": null, "lang3": null }, "geometry": { "type": "Point", "coordinates": [ -4.332787921999966, 7.49138958400016 ] } },
{ "type": "Feature", "properties": { "admin_level": 3, "name": "M'Batto", "name1": null, "name2": null, "name3": null, "x_coord": -4.27606327, "y_coord": 6.39100157, "adm4_name": null, "adm4_name1": null, "adm4_name2": null, "adm4_name3": null, "adm4_pcode": null, "adm3_name": "M'Batto", "adm3_name1": null, "adm3_name2": null, "adm3_name3": null, "adm3_pcode": "CI250301", "adm2_name": "M'Batto", "adm2_name1": null, "adm2_name2": null, "adm2_name3": null, "adm2_pcode": "CI2503", "adm1_name": "Moronou", "adm1_name1": null, "adm1_name2": null, "adm1_name3": null, "adm1_pcode": "CI25", "adm0_name": "Côte d'Ivoire", "adm0_name1": null, "adm0_name2": null, "adm0_name3": null, "adm0_pcode": "CI", "valid_on": "2018-07-06", "valid_to": null, "cod_version": "V_01", "lang": "fr", "lang1": null, "lang2": null, "lang3": null }, "geometry": { "type": "Point", "coordinates": [ -4.276063271999931, 6.39100157300004 ] } },
{ "type": "Feature", "properties": { "admin_level": 3, "name": "M'Bengué", "name1": null, "name2": null, "name3": null, "x_coord": -5.94526892, "y_coord": 9.92874524, "adm4_name": null, "adm4_name1": null, "adm4_name2": null, "adm4_name3": null, "adm4_pcode": null, "adm3_name": "M'Bengué", "adm3_name1": null, "adm3_name2": null, "adm3_name3": null, "adm3_pcode": "CI280301", "adm2_name": "M'Bengué", "adm2_name1": null, "adm2_name2": null, "adm2_name3": null, "adm2_pcode": "CI2803", "adm1_name": "Poro", "adm1_name1": null, "adm1_name2": null, "adm1_name3": null, "adm1_pcode": "CI28", "adm0_name": "Côte d'Ivoire", "adm0_name1": null, "adm0_name2": null, "adm0_name3": null, "adm0_pcode": "CI", "valid_on": "2018-07-06", "valid_to": null, "cod_version": "V_01", "lang": "fr", "lang1": null, "lang2": null, "lang3": null }, "geometry": { "type": "Point", "coordinates": [ -5.945268920999979, 9.92874524500013 ] } },
{ "type": "Feature", "properties": { "admin_level": 3, "name": "Madinani", "name1": null, "name2": null, "name3": null, "x_coord": -6.99633454, "y_coord": 9.58204205, "adm4_name": null, "adm4_name1": null, "adm4_name2": null, "adm4_name3": null, "adm4_pcode": null, "adm3_name": "Madinani", "adm3_name1": null, "adm3_name2": null, "adm3_name3": null, "adm3_pcode": "CI210201", "adm2_name": "Madinani", "adm2_name1": null, "adm2_name2": null, "adm2_name3": null, "adm2_pcode": "CI2102", "adm1_name": "Kabadougou", "adm1_name1": null, "adm1_name2": null, "adm1_name3": null, "adm1_pcode": "CI21", "adm0_name": "Côte d'Ivoire", "adm0_name1": null, "adm0_name2": null, "adm0_name3": null, "adm0_pcode": "CI", "valid_on": "2018-07-06", "valid_to": null, "cod_version": "V_01", "lang": "fr", "lang1": null, "lang2": null, "lang3": null }, "geometry": { "type": "Point", "coordinates": [ -6.996334542999875, 9.582042049000165 ] } },
{ "type": "Feature", "properties": { "admin_level": 3, "name": "Maféré", "name1": null, "name2": null, "name3": null, "x_coord": -3.02231229, "y_coord": 5.48786234, "adm4_name": null, "adm4_name1": null, "adm4_name2": null, "adm4_name3": null, "adm4_pcode": null, "adm3_name": "Maféré", "adm3_name1": null, "adm3_name2": null, "adm3_name3": null, "adm3_pcode": "CI300107", "adm2_name": "Aboisso", "adm2_name1": null, "adm2_name2": null, "adm2_name3": null, "adm2_pcode": "CI3001", "adm1_name": "Sud-Comoe", "adm1_name1": null, "adm1_name2": null, "adm1_name3": null, "adm1_pcode": "CI30", "adm0_name": "Côte d'Ivoire", "adm0_name1": null, "adm0_name2": null, "adm0_name3": null, "adm0_pcode": "CI", "valid_on": "2018-07-06", "valid_to": null, "cod_version": "V_01", "lang": "fr", "lang1": null, "lang2": null, "lang3": null }, "geometry": { "type": "Point", "coordinates": [ -3.022312286999977, 5.487862339000117 ] } },
{ "type": "Feature", "properties": { "admin_level": 3, "name": "Mahandiana-Sokourani", "name1": null, "name2": null, "name3": null, "x_coord": -6.81400771, "y_coord": 10.23910556, "adm4_name": null, "adm4_name1": null, "adm4_name2": null, "adm4_name3": null, "adm4_pcode": null, "adm3_name": "Mahandiana-Sokourani", "adm3_name1": null, "adm3_name2": null, "adm3_name3": null, "adm3_pcode": "CI100103", "adm2_name": "Kaniasso", "adm2_name1": null, "adm2_name2": null, "adm2_name3": null, "adm2_pcode": "CI1001", "adm1_name": "Folon", "adm1_name1": null, "adm1_name2": null, "adm1_name3": null, "adm1_pcode": "CI10", "adm0_name": "Côte d'Ivoire", "adm0_name1": null, "adm0_name2": null, "adm0_name3": null, "adm0_pcode": "CI", "valid_on": "2018-07-06", "valid_to": null, "cod_version": "V_01", "lang": "fr", "lang1": null, "lang2": null, "lang3": null }, "geometry": { "type": "Point", "coordinates": [ -6.814007705999927, 10.23910555599997 ] } },
{ "type": "Feature", "properties": { "admin_level": 3, "name": "Mahandougou", "name1": null, "name2": null, "name3": null, "x_coord": -7.84814726, "y_coord": 9.00573611, "adm4_name": null, "adm4_name1": null, "adm4_name2": null, "adm4_name3": null, "adm4_pcode": null, "adm3_name": "Mahandougou", "adm3_name1": null, "adm3_name2": null, "adm3_name3": null, "adm3_pcode": "CI040104", "adm2_name": "Koro", "adm2_name1": null, "adm2_name2": null, "adm2_name3": null, "adm2_pcode": "CI0401", "adm1_name": "Bafing", "adm1_name1": null, "adm1_name2": null, "adm1_name3": null, "adm1_pcode": "CI04", "adm0_name": "Côte d'Ivoire", "adm0_name1": null, "adm0_name2": null, "adm0_name3": null, "adm0_pcode": "CI", "valid_on": "2018-07-06", "valid_to": null, "cod_version": "V_01", "lang": "fr", "lang1": null, "lang2": null, "lang3": null }, "geometry": { "type": "Point", "coordinates": [ -7.848147259999905, 9.005736114000115 ] } },
{ "type": "Feature", "properties": { "admin_level": 3, "name": "Mahapleu", "name1": null, "name2": null, "name3": null, "x_coord": -7.90368055, "y_coord": 7.20720238, "adm4_name": null, "adm4_name1": null, "adm4_name2": null, "adm4_name3": null, "adm4_pcode": null, "adm3_name": "Mahapleu", "adm3_name1": null, "adm3_name2": null, "adm3_name3": null, "adm3_pcode": "CI320205", "adm2_name": "Danané", "adm2_name1": null, "adm2_name2": null, "adm2_name3": null, "adm2_pcode": "CI3202", "adm1_name": "Tonkpi", "adm1_name1": null, "adm1_name2": null, "adm1_name3": null, "adm1_pcode": "CI32", "adm0_name": "Côte d'Ivoire", "adm0_name1": null, "adm0_name2": null, "adm0_name3": null, "adm0_pcode": "CI", "valid_on": "2018-07-06", "valid_to": null, "cod_version": "V_01", "lang": "fr", "lang1": null, "lang2": null, "lang3": null }, "geometry": { "type": "Point", "coordinates": [ -7.903680545999975, 7.207202379000137 ] } },
{ "type": "Feature", "properties": { "admin_level": 3, "name": "Mamini", "name1": null, "name2": null, "name3": null, "x_coord": -4.70046859, "y_coord": 7.78904587, "adm4_name": null, "adm4_name1": null, "adm4_name2": null, "adm4_name3": null, "adm4_pcode": null, "adm3_name": "Mamini", "adm3_name1": null, "adm3_name2": null, "adm3_name3": null, "adm3_pcode": "CI110305", "adm2_name": "Bouaké", "adm2_name1": null, "adm2_name2": null, "adm2_name3": null, "adm2_pcode": "CI1103", "adm1_name": "Gbeke", "adm1_name1": null, "adm1_name2": null, "adm1_name3": null, "adm1_pcode": "CI11", "adm0_name": "Côte d'Ivoire", "adm0_name1": null, "adm0_name2": null, "adm0_name3": null, "adm0_pcode": "CI", "valid_on": "2018-07-06", "valid_to": null, "cod_version": "V_01", "lang": "fr", "lang1": null, "lang2": null, "lang3": null }, "geometry": { "type": "Point", "coordinates": [ -4.700468592999925, 7.789045873000134 ] } },
{ "type": "Feature", "properties": { "admin_level": 3, "name": "Maminigui", "name1": null, "name2": null, "name3": null, "x_coord": -5.88475367, "y_coord": 7.35802611, "adm4_name": null, "adm4_name1": null, "adm4_name2": null, "adm4_name3": null, "adm4_pcode": null, "adm3_name": "Maminigui", "adm3_name1": null, "adm3_name2": null, "adm3_name3": null, "adm3_pcode": "CI230305", "adm2_name": "Zuénoula", "adm2_name1": null, "adm2_name2": null, "adm2_name3": null, "adm2_pcode": "CI2303", "adm1_name": "Marahoue", "adm1_name1": null, "adm1_name2": null, "adm1_name3": null, "adm1_pcode": "CI23", "adm0_name": "Côte d'Ivoire", "adm0_name1": null, "adm0_name2": null, "adm0_name3": null, "adm0_pcode": "CI", "valid_on": "2018-07-06", "valid_to": null, "cod_version": "V_01", "lang": "fr", "lang1": null, "lang2": null, "lang3": null }, "geometry": { "type": "Point", "coordinates": [ -5.884753672999921, 7.358026115000087 ] } },
{ "type": "Feature", "properties": { "admin_level": 3, "name": "Man", "name1": null, "name2": null, "name3": null, "x_coord": -7.54931059, "y_coord": 7.43033286, "adm4_name": null, "adm4_name1": null, "adm4_name2": null, "adm4_name3": null, "adm4_pcode": null, "adm3_name": "Man", "adm3_name1": null, "adm3_name2": null, "adm3_name3": null, "adm3_pcode": "CI320301", "adm2_name": "Man", "adm2_name1": null, "adm2_name2": null, "adm2_name3": null, "adm2_pcode": "CI3203", "adm1_name": "Tonkpi", "adm1_name1": null, "adm1_name2": null, "adm1_name3": null, "adm1_pcode": "CI32", "adm0_name": "Côte d'Ivoire", "adm0_name1": null, "adm0_name2": null, "adm0_name3": null, "adm0_pcode": "CI", "valid_on": "2018-07-06", "valid_to": null, "cod_version": "V_01", "lang": "fr", "lang1": null, "lang2": null, "lang3": null }, "geometry": { "type": "Point", "coordinates": [ -7.549310586999979, 7.430332861000181 ] } },
{ "type": "Feature", "properties": { "admin_level": 3, "name": "Mankono", "name1": null, "name2": null, "name3": null, "x_coord": -6.07763523, "y_coord": 8.04852809, "adm4_name": null, "adm4_name1": null, "adm4_name2": null, "adm4_name3": null, "adm4_pcode": null, "adm3_name": "Mankono", "adm3_name1": null, "adm3_name2": null, "adm3_name3": null, "adm3_pcode": "CI070301", "adm2_name": "Mankono", "adm2_name1": null, "adm2_name2": null, "adm2_name3": null, "adm2_pcode": "CI0703", "adm1_name": "Bere", "adm1_name1": null, "adm1_name2": null, "adm1_name3": null, "adm1_pcode": "CI07", "adm0_name": "Côte d'Ivoire", "adm0_name1": null, "adm0_name2": null, "adm0_name3": null, "adm0_pcode": "CI", "valid_on": "2018-07-06", "valid_to": null, "cod_version": "V_01", "lang": "fr", "lang1": null, "lang2": null, "lang3": null }, "geometry": { "type": "Point", "coordinates": [ -6.077635230999874, 8.048528090000104 ] } },
{ "type": "Feature", "properties": { "admin_level": 3, "name": "Marabadiassa", "name1": null, "name2": null, "name3": null, "x_coord": -5.42228642, "y_coord": 8.08030879, "adm4_name": null, "adm4_name1": null, "adm4_name2": null, "adm4_name3": null, "adm4_pcode": null, "adm3_name": "Marabadiassa", "adm3_name1": null, "adm3_name2": null, "adm3_name3": null, "adm3_pcode": "CI110106", "adm2_name": "Béoumi", "adm2_name1": null, "adm2_name2": null, "adm2_name3": null, "adm2_pcode": "CI1101", "adm1_name": "Gbeke", "adm1_name1": null, "adm1_name2": null, "adm1_name3": null, "adm1_pcode": "CI11", "adm0_name": "Côte d'Ivoire", "adm0_name1": null, "adm0_name2": null, "adm0_name3": null, "adm0_pcode": "CI", "valid_on": "2018-07-06", "valid_to": null, "cod_version": "V_01", "lang": "fr", "lang1": null, "lang2": null, "lang3": null }, "geometry": { "type": "Point", "coordinates": [ -5.422286422999889, 8.080308788000139 ] } },
{ "type": "Feature", "properties": { "admin_level": 3, "name": "Marandallah", "name1": null, "name2": null, "name3": null, "x_coord": -5.7564349, "y_coord": 8.47316155, "adm4_name": null, "adm4_name1": null, "adm4_name2": null, "adm4_name3": null, "adm4_pcode": null, "adm3_name": "Marandallah", "adm3_name1": null, "adm3_name2": null, "adm3_name3": null, "adm3_pcode": "CI070303", "adm2_name": "Mankono", "adm2_name1": null, "adm2_name2": null, "adm2_name3": null, "adm2_pcode": "CI0703", "adm1_name": "Bere", "adm1_name1": null, "adm1_name2": null, "adm1_name3": null, "adm1_pcode": "CI07", "adm0_name": "Côte d'Ivoire", "adm0_name1": null, "adm0_name2": null, "adm0_name3": null, "adm0_pcode": "CI", "valid_on": "2018-07-06", "valid_to": null, "cod_version": "V_01", "lang": "fr", "lang1": null, "lang2": null, "lang3": null }, "geometry": { "type": "Point", "coordinates": [ -5.756434896999963, 8.473161553000182 ] } },
{ "type": "Feature", "properties": { "admin_level": 3, "name": "Massala", "name1": null, "name2": null, "name3": null, "x_coord": -6.39838133, "y_coord": 7.92648976, "adm4_name": null, "adm4_name1": null, "adm4_name2": null, "adm4_name3": null, "adm4_pcode": null, "adm3_name": "Massala", "adm3_name1": null, "adm3_name2": null, "adm3_name3": null, "adm3_pcode": "CI330205", "adm2_name": "Séguéla", "adm2_name1": null, "adm2_name2": null, "adm2_name3": null, "adm2_pcode": "CI3302", "adm1_name": "Worodougou", "adm1_name1": null, "adm1_name2": null, "adm1_name3": null, "adm1_pcode": "CI33", "adm0_name": "Côte d'Ivoire", "adm0_name1": null, "adm0_name2": null, "adm0_name3": null, "adm0_pcode": "CI", "valid_on": "2018-07-06", "valid_to": null, "cod_version": "V_01", "lang": "fr", "lang1": null, "lang2": null, "lang3": null }, "geometry": { "type": "Point", "coordinates": [ -6.398381331999929, 7.926489762000131 ] } },
{ "type": "Feature", "properties": { "admin_level": 3, "name": "Méagui", "name1": null, "name2": null, "name3": null, "x_coord": -6.58892312, "y_coord": 5.42058872, "adm4_name": null, "adm4_name1": null, "adm4_name2": null, "adm4_name3": null, "adm4_pcode": null, "adm3_name": "Méagui", "adm3_name1": null, "adm3_name2": null, "adm3_name3": null, "adm3_pcode": "CI260301", "adm2_name": "Méagui", "adm2_name1": null, "adm2_name2": null, "adm2_name3": null, "adm2_pcode": "CI2603", "adm1_name": "Nawa", "adm1_name1": null, "adm1_name2": null, "adm1_name3": null, "adm1_pcode": "CI26", "adm0_name": "Côte d'Ivoire", "adm0_name1": null, "adm0_name2": null, "adm0_name3": null, "adm0_pcode": "CI", "valid_on": "2018-07-06", "valid_to": null, "cod_version": "V_01", "lang": "fr", "lang1": null, "lang2": null, "lang3": null }, "geometry": { "type": "Point", "coordinates": [ -6.588923116999979, 5.420588718000033 ] } },
{ "type": "Feature", "properties": { "admin_level": 3, "name": "Medon", "name1": null, "name2": null, "name3": null, "x_coord": -6.16275679, "y_coord": 5.18638264, "adm4_name": null, "adm4_name1": null, "adm4_name2": null, "adm4_name3": null, "adm4_pcode": null, "adm3_name": "Medon", "adm3_name1": null, "adm3_name2": null, "adm3_name3": null, "adm3_pcode": "CI120205", "adm2_name": "Sassandra", "adm2_name1": null, "adm2_name2": null, "adm2_name3": null, "adm2_pcode": "CI1202", "adm1_name": "Gbokle", "adm1_name1": null, "adm1_name2": null, "adm1_name3": null, "adm1_pcode": "CI12", "adm0_name": "Côte d'Ivoire", "adm0_name1": null, "adm0_name2": null, "adm0_name3": null, "adm0_pcode": "CI", "valid_on": "2018-07-06", "valid_to": null, "cod_version": "V_01", "lang": "fr", "lang1": null, "lang2": null, "lang3": null }, "geometry": { "type": "Point", "coordinates": [ -6.162756793999961, 5.186382639000101 ] } },
{ "type": "Feature", "properties": { "admin_level": 3, "name": "Mékro", "name1": null, "name2": null, "name3": null, "x_coord": -4.65666997, "y_coord": 7.19755794, "adm4_name": null, "adm4_name1": null, "adm4_name2": null, "adm4_name3": null, "adm4_pcode": null, "adm3_name": "Mékro", "adm3_name1": null, "adm3_name2": null, "adm3_name3": null, "adm3_pcode": "CI270302", "adm2_name": "Kouassi-Kouassikro", "adm2_name1": null, "adm2_name2": null, "adm2_name3": null, "adm2_pcode": "CI2703", "adm1_name": "N'Zi", "adm1_name1": null, "adm1_name2": null, "adm1_name3": null, "adm1_pcode": "CI27", "adm0_name": "Côte d'Ivoire", "adm0_name1": null, "adm0_name2": null, "adm0_name3": null, "adm0_pcode": "CI", "valid_on": "2018-07-06", "valid_to": null, "cod_version": "V_01", "lang": "fr", "lang1": null, "lang2": null, "lang3": null }, "geometry": { "type": "Point", "coordinates": [ -4.656669966999971, 7.197557945000085 ] } },
{ "type": "Feature", "properties": { "admin_level": 3, "name": "Méo", "name1": null, "name2": null, "name3": null, "x_coord": -8.31815923, "y_coord": 6.45510996, "adm4_name": null, "adm4_name1": null, "adm4_name2": null, "adm4_name3": null, "adm4_pcode": null, "adm3_name": "Méo", "adm3_name1": null, "adm3_name2": null, "adm3_name3": null, "adm3_pcode": "CI090403", "adm2_name": "Toulepleu", "adm2_name1": null, "adm2_name2": null, "adm2_name3": null, "adm2_pcode": "CI0904", "adm1_name": "Cavally", "adm1_name1": null, "adm1_name2": null, "adm1_name3": null, "adm1_pcode": "CI09", "adm0_name": "Côte d'Ivoire", "adm0_name1": null, "adm0_name2": null, "adm0_name3": null, "adm0_pcode": "CI", "valid_on": "2018-07-06", "valid_to": null, "cod_version": "V_01", "lang": "fr", "lang1": null, "lang2": null, "lang3": null }, "geometry": { "type": "Point", "coordinates": [ -8.318159230999981, 6.455109961000176 ] } },
{ "type": "Feature", "properties": { "admin_level": 3, "name": "Minignan", "name1": null, "name2": null, "name3": null, "x_coord": -7.91550551, "y_coord": 9.99277203, "adm4_name": null, "adm4_name1": null, "adm4_name2": null, "adm4_name3": null, "adm4_pcode": null, "adm3_name": "Minignan", "adm3_name1": null, "adm3_name2": null, "adm3_name3": null, "adm3_pcode": "CI100201", "adm2_name": "Minignan", "adm2_name1": null, "adm2_name2": null, "adm2_name3": null, "adm2_pcode": "CI1002", "adm1_name": "Folon", "adm1_name1": null, "adm1_name2": null, "adm1_name3": null, "adm1_pcode": "CI10", "adm0_name": "Côte d'Ivoire", "adm0_name1": null, "adm0_name2": null, "adm0_name3": null, "adm0_pcode": "CI", "valid_on": "2018-07-06", "valid_to": null, "cod_version": "V_01", "lang": "fr", "lang1": null, "lang2": null, "lang3": null }, "geometry": { "type": "Point", "coordinates": [ -7.91550551399996, 9.992772026000182 ] } },
{ "type": "Feature", "properties": { "admin_level": 3, "name": "Molonou", "name1": null, "name2": null, "name3": null, "x_coord": -5.45934721, "y_coord": 7.17051961, "adm4_name": null, "adm4_name1": null, "adm4_name2": null, "adm4_name3": null, "adm4_pcode": null, "adm3_name": "Molonou", "adm3_name1": null, "adm3_name2": null, "adm3_name3": null, "adm3_pcode": "CI060303", "adm2_name": "Tiébissou", "adm2_name1": null, "adm2_name2": null, "adm2_name3": null, "adm2_pcode": "CI0603", "adm1_name": "Belier", "adm1_name1": null, "adm1_name2": null, "adm1_name3": null, "adm1_pcode": "CI06", "adm0_name": "Côte d'Ivoire", "adm0_name1": null, "adm0_name2": null, "adm0_name3": null, "adm0_pcode": "CI", "valid_on": "2018-07-06", "valid_to": null, "cod_version": "V_01", "lang": "fr", "lang1": null, "lang2": null, "lang3": null }, "geometry": { "type": "Point", "coordinates": [ -5.459347204999972, 7.170519610000156 ] } },
{ "type": "Feature", "properties": { "admin_level": 3, "name": "Molonou-Blé", "name1": null, "name2": null, "name3": null, "x_coord": -4.98480685, "y_coord": 7.35505411, "adm4_name": null, "adm4_name1": null, "adm4_name2": null, "adm4_name3": null, "adm4_pcode": null, "adm3_name": "Molonou-Blé", "adm3_name1": null, "adm3_name2": null, "adm3_name3": null, "adm3_pcode": "CI060103", "adm2_name": "Didievi", "adm2_name1": null, "adm2_name2": null, "adm2_name3": null, "adm2_pcode": "CI0601", "adm1_name": "Belier", "adm1_name1": null, "adm1_name2": null, "adm1_name3": null, "adm1_pcode": "CI06", "adm0_name": "Côte d'Ivoire", "adm0_name1": null, "adm0_name2": null, "adm0_name3": null, "adm0_pcode": "CI", "valid_on": "2018-07-06", "valid_to": null, "cod_version": "V_01", "lang": "fr", "lang1": null, "lang2": null, "lang3": null }, "geometry": { "type": "Point", "coordinates": [ -4.984806848999938, 7.355054111000015 ] } },
{ "type": "Feature", "properties": { "admin_level": 3, "name": "Morokro", "name1": null, "name2": null, "name3": null, "x_coord": -4.65077276, "y_coord": 6.098576, "adm4_name": null, "adm4_name1": null, "adm4_name2": null, "adm4_name3": null, "adm4_pcode": null, "adm3_name": "Morokro", "adm3_name1": null, "adm3_name2": null, "adm3_name3": null, "adm3_pcode": "CI030403", "adm2_name": "Tiassalé", "adm2_name1": null, "adm2_name2": null, "adm2_name3": null, "adm2_pcode": "CI0304", "adm1_name": "Agneby-Tiassa", "adm1_name1": null, "adm1_name2": null, "adm1_name3": null, "adm1_pcode": "CI03", "adm0_name": "Côte d'Ivoire", "adm0_name1": null, "adm0_name2": null, "adm0_name3": null, "adm0_pcode": "CI", "valid_on": "2018-07-06", "valid_to": null, "cod_version": "V_01", "lang": "fr", "lang1": null, "lang2": null, "lang3": null }, "geometry": { "type": "Point", "coordinates": [ -4.650772763999896, 6.098576002000129 ] } },
{ "type": "Feature", "properties": { "admin_level": 3, "name": "Morondo", "name1": null, "name2": null, "name3": null, "x_coord": -6.80187254, "y_coord": 8.93811448, "adm4_name": null, "adm4_name1": null, "adm4_name2": null, "adm4_name3": null, "adm4_pcode": null, "adm3_name": "Morondo", "adm3_name1": null, "adm3_name2": null, "adm3_name3": null, "adm3_pcode": "CI330104", "adm2_name": "Kani", "adm2_name1": null, "adm2_name2": null, "adm2_name3": null, "adm2_pcode": "CI3301", "adm1_name": "Worodougou", "adm1_name1": null, "adm1_name2": null, "adm1_name3": null, "adm1_pcode": "CI33", "adm0_name": "Côte d'Ivoire", "adm0_name1": null, "adm0_name2": null, "adm0_name3": null, "adm0_pcode": "CI", "valid_on": "2018-07-06", "valid_to": null, "cod_version": "V_01", "lang": "fr", "lang1": null, "lang2": null, "lang3": null }, "geometry": { "type": "Point", "coordinates": [ -6.801872537999941, 8.938114481000184 ] } },
{ "type": "Feature", "properties": { "admin_level": 3, "name": "N'Douci", "name1": null, "name2": null, "name3": null, "x_coord": -4.71557176, "y_coord": 5.87280495, "adm4_name": null, "adm4_name1": null, "adm4_name2": null, "adm4_name3": null, "adm4_pcode": null, "adm3_name": "N'Douci", "adm3_name1": null, "adm3_name2": null, "adm3_name3": null, "adm3_pcode": "CI030404", "adm2_name": "Tiassalé", "adm2_name1": null, "adm2_name2": null, "adm2_name3": null, "adm2_pcode": "CI0304", "adm1_name": "Agneby-Tiassa", "adm1_name1": null, "adm1_name2": null, "adm1_name3": null, "adm1_pcode": "CI03", "adm0_name": "Côte d'Ivoire", "adm0_name1": null, "adm0_name2": null, "adm0_name3": null, "adm0_pcode": "CI", "valid_on": "2018-07-06", "valid_to": null, "cod_version": "V_01", "lang": "fr", "lang1": null, "lang2": null, "lang3": null }, "geometry": { "type": "Point", "coordinates": [ -4.715571759999932, 5.872804952000081 ] } },
{ "type": "Feature", "properties": { "admin_level": 3, "name": "N'Douffoukankro", "name1": null, "name2": null, "name3": null, "x_coord": -5.83890489, "y_coord": 6.85046663, "adm4_name": null, "adm4_name1": null, "adm4_name2": null, "adm4_name3": null, "adm4_pcode": null, "adm3_name": "N'Douffoukankro", "adm3_name1": null, "adm3_name2": null, "adm3_name3": null, "adm3_pcode": "CI230104", "adm2_name": "Bouaflé", "adm2_name1": null, "adm2_name2": null, "adm2_name3": null, "adm2_pcode": "CI2301", "adm1_name": "Marahoue", "adm1_name1": null, "adm1_name2": null, "adm1_name3": null, "adm1_pcode": "CI23", "adm0_name": "Côte d'Ivoire", "adm0_name1": null, "adm0_name2": null, "adm0_name3": null, "adm0_pcode": "CI", "valid_on": "2018-07-06", "valid_to": null, "cod_version": "V_01", "lang": "fr", "lang1": null, "lang2": null, "lang3": null }, "geometry": { "type": "Point", "coordinates": [ -5.838904892999892, 6.850466630000085 ] } },
{ "type": "Feature", "properties": { "admin_level": 3, "name": "N'Ganon", "name1": null, "name2": null, "name3": null, "x_coord": -5.9502674, "y_coord": 9.70937657, "adm4_name": null, "adm4_name1": null, "adm4_name2": null, "adm4_name3": null, "adm4_pcode": null, "adm3_name": "N'Ganon", "adm3_name1": null, "adm3_name2": null, "adm3_name3": null, "adm3_pcode": "CI280210", "adm2_name": "Korhogo", "adm2_name1": null, "adm2_name2": null, "adm2_name3": null, "adm2_pcode": "CI2802", "adm1_name": "Poro", "adm1_name1": null, "adm1_name2": null, "adm1_name3": null, "adm1_pcode": "CI28", "adm0_name": "Côte d'Ivoire", "adm0_name1": null, "adm0_name2": null, "adm0_name3": null, "adm0_pcode": "CI", "valid_on": "2018-07-06", "valid_to": null, "cod_version": "V_01", "lang": "fr", "lang1": null, "lang2": null, "lang3": null }, "geometry": { "type": "Point", "coordinates": [ -5.950267401999838, 9.709376569000142 ] } },
{ "type": "Feature", "properties": { "admin_level": 3, "name": "N'Gattakro", "name1": null, "name2": null, "name3": null, "x_coord": -3.69053096, "y_coord": 7.09409227, "adm4_name": null, "adm4_name1": null, "adm4_name2": null, "adm4_name3": null, "adm4_pcode": null, "adm3_name": "N'Gattakro", "adm3_name1": null, "adm3_name2": null, "adm3_name3": null, "adm3_pcode": "CI190105", "adm2_name": "Daoukro", "adm2_name1": null, "adm2_name2": null, "adm2_name3": null, "adm2_pcode": "CI1901", "adm1_name": "Iffou", "adm1_name1": null, "adm1_name2": null, "adm1_name3": null, "adm1_pcode": "CI19", "adm0_name": "Côte d'Ivoire", "adm0_name1": null, "adm0_name2": null, "adm0_name3": null, "adm0_pcode": "CI", "valid_on": "2018-07-06", "valid_to": null, "cod_version": "V_01", "lang": "fr", "lang1": null, "lang2": null, "lang3": null }, "geometry": { "type": "Point", "coordinates": [ -3.690530957999897, 7.094092272000182 ] } },
{ "type": "Feature", "properties": { "admin_level": 3, "name": "N'Goloblasso", "name1": null, "name2": null, "name3": null, "x_coord": -7.15690468, "y_coord": 9.75556026, "adm4_name": null, "adm4_name1": null, "adm4_name2": null, "adm4_name3": null, "adm4_pcode": null, "adm3_name": "N'Goloblasso", "adm3_name1": null, "adm3_name2": null, "adm3_name3": null, "adm3_pcode": "CI210203", "adm2_name": "Madinani", "adm2_name1": null, "adm2_name2": null, "adm2_name3": null, "adm2_pcode": "CI2102", "adm1_name": "Kabadougou", "adm1_name1": null, "adm1_name2": null, "adm1_name3": null, "adm1_pcode": "CI21", "adm0_name": "Côte d'Ivoire", "adm0_name1": null, "adm0_name2": null, "adm0_name3": null, "adm0_pcode": "CI", "valid_on": "2018-07-06", "valid_to": null, "cod_version": "V_01", "lang": "fr", "lang1": null, "lang2": null, "lang3": null }, "geometry": { "type": "Point", "coordinates": [ -7.156904683999869, 9.755560255000091 ] } },
{ "type": "Feature", "properties": { "admin_level": 3, "name": "N'Guessankro", "name1": null, "name2": null, "name3": null, "x_coord": -4.32479948, "y_coord": 6.63973103, "adm4_name": null, "adm4_name1": null, "adm4_name2": null, "adm4_name3": null, "adm4_pcode": null, "adm3_name": "N'Guessankro", "adm3_name1": null, "adm3_name2": null, "adm3_name3": null, "adm3_pcode": "CI250204", "adm2_name": "Bongouanou", "adm2_name1": null, "adm2_name2": null, "adm2_name3": null, "adm2_pcode": "CI2502", "adm1_name": "Moronou", "adm1_name1": null, "adm1_name2": null, "adm1_name3": null, "adm1_pcode": "CI25", "adm0_name": "Côte d'Ivoire", "adm0_name1": null, "adm0_name2": null, "adm0_name3": null, "adm0_pcode": "CI", "valid_on": "2018-07-06", "valid_to": null, "cod_version": "V_01", "lang": "fr", "lang1": null, "lang2": null, "lang3": null }, "geometry": { "type": "Point", "coordinates": [ -4.324799474999963, 6.639731029000188 ] } },
{ "type": "Feature", "properties": { "admin_level": 3, "name": "N'Guéssankro", "name1": null, "name2": null, "name3": null, "x_coord": -5.46097828, "y_coord": 7.99701899, "adm4_name": null, "adm4_name1": null, "adm4_name2": null, "adm4_name3": null, "adm4_pcode": null, "adm3_name": "N'Guéssankro", "adm3_name1": null, "adm3_name2": null, "adm3_name3": null, "adm3_pcode": "CI110107", "adm2_name": "Béoumi", "adm2_name1": null, "adm2_name2": null, "adm2_name3": null, "adm2_pcode": "CI1101", "adm1_name": "Gbeke", "adm1_name1": null, "adm1_name2": null, "adm1_name3": null, "adm1_pcode": "CI11", "adm0_name": "Côte d'Ivoire", "adm0_name1": null, "adm0_name2": null, "adm0_name3": null, "adm0_pcode": "CI", "valid_on": "2018-07-06", "valid_to": null, "cod_version": "V_01", "lang": "fr", "lang1": null, "lang2": null, "lang3": null }, "geometry": { "type": "Point", "coordinates": [ -5.460978282999918, 7.997018992999983 ] } },
{ "type": "Feature", "properties": { "admin_level": 3, "name": "N'Zécrezessou", "name1": null, "name2": null, "name3": null, "x_coord": -4.24448735, "y_coord": 7.09910255, "adm4_name": null, "adm4_name1": null, "adm4_name2": null, "adm4_name3": null, "adm4_pcode": null, "adm3_name": "N'Zécrezessou", "adm3_name1": null, "adm3_name2": null, "adm3_name3": null, "adm3_pcode": "CI270104", "adm2_name": "Bocanda", "adm2_name1": null, "adm2_name2": null, "adm2_name3": null, "adm2_pcode": "CI2701", "adm1_name": "N'Zi", "adm1_name1": null, "adm1_name2": null, "adm1_name3": null, "adm1_pcode": "CI27", "adm0_name": "Côte d'Ivoire", "adm0_name1": null, "adm0_name2": null, "adm0_name3": null, "adm0_pcode": "CI", "valid_on": "2018-07-06", "valid_to": null, "cod_version": "V_01", "lang": "fr", "lang1": null, "lang2": null, "lang3": null }, "geometry": { "type": "Point", "coordinates": [ -4.244487354999933, 7.099102554000126 ] } },
{ "type": "Feature", "properties": { "admin_level": 3, "name": "Nafana", "name1": null, "name2": null, "name3": null, "x_coord": -3.69862059, "y_coord": 7.49928827, "adm4_name": null, "adm4_name1": null, "adm4_name2": null, "adm4_name3": null, "adm4_pcode": null, "adm3_name": "Nafana", "adm3_name1": null, "adm3_name2": null, "adm3_name3": null, "adm3_pcode": "CI190305", "adm2_name": "Prikro", "adm2_name1": null, "adm2_name2": null, "adm2_name3": null, "adm2_pcode": "CI1903", "adm1_name": "Iffou", "adm1_name1": null, "adm1_name2": null, "adm1_name3": null, "adm1_pcode": "CI19", "adm0_name": "Côte d'Ivoire", "adm0_name1": null, "adm0_name2": null, "adm0_name3": null, "adm0_pcode": "CI", "valid_on": "2018-07-06", "valid_to": null, "cod_version": "V_01", "lang": "fr", "lang1": null, "lang2": null, "lang3": null }, "geometry": { "type": "Point", "coordinates": [ -3.698620587999926, 7.499288271000069 ] } },
{ "type": "Feature", "properties": { "admin_level": 3, "name": "Nafana", "name1": null, "name2": null, "name3": null, "x_coord": -4.83253705, "y_coord": 9.2171624, "adm4_name": null, "adm4_name1": null, "adm4_name2": null, "adm4_name3": null, "adm4_pcode": null, "adm3_name": "Nafana", "adm3_name1": null, "adm3_name2": null, "adm3_name3": null, "adm3_pcode": "CI310203", "adm2_name": "Kong", "adm2_name1": null, "adm2_name2": null, "adm2_name3": null, "adm2_pcode": "CI3102", "adm1_name": "Tchologo", "adm1_name1": null, "adm1_name2": null, "adm1_name3": null, "adm1_pcode": "CI31", "adm0_name": "Côte d'Ivoire", "adm0_name1": null, "adm0_name2": null, "adm0_name3": null, "adm0_pcode": "CI", "valid_on": "2018-07-06", "valid_to": null, "cod_version": "V_01", "lang": "fr", "lang1": null, "lang2": null, "lang3": null }, "geometry": { "type": "Point", "coordinates": [ -4.832537050999974, 9.217162398000028 ] } },
{ "type": "Feature", "properties": { "admin_level": 3, "name": "Nafoun", "name1": null, "name2": null, "name3": null, "x_coord": -6.19381364, "y_coord": 9.32362421, "adm4_name": null, "adm4_name1": null, "adm4_name2": null, "adm4_name3": null, "adm4_pcode": null, "adm3_name": "Nafoun", "adm3_name1": null, "adm3_name2": null, "adm3_name3": null, "adm3_pcode": "CI280211", "adm2_name": "Korhogo", "adm2_name1": null, "adm2_name2": null, "adm2_name3": null, "adm2_pcode": "CI2802", "adm1_name": "Poro", "adm1_name1": null, "adm1_name2": null, "adm1_name3": null, "adm1_pcode": "CI28", "adm0_name": "Côte d'Ivoire", "adm0_name1": null, "adm0_name2": null, "adm0_name3": null, "adm0_pcode": "CI", "valid_on": "2018-07-06", "valid_to": null, "cod_version": "V_01", "lang": "fr", "lang1": null, "lang2": null, "lang3": null }, "geometry": { "type": "Point", "coordinates": [ -6.193813641999952, 9.323624207000023 ] } },
{ "type": "Feature", "properties": { "admin_level": 3, "name": "Nahio", "name1": null, "name2": null, "name3": null, "x_coord": -6.23929604, "y_coord": 6.39436277, "adm4_name": null, "adm4_name1": null, "adm4_name2": null, "adm4_name3": null, "adm4_pcode": null, "adm3_name": "Nahio", "adm3_name1": null, "adm3_name2": null, "adm3_name3": null, "adm3_pcode": "CI180204", "adm2_name": "Issia", "adm2_name1": null, "adm2_name2": null, "adm2_name3": null, "adm2_pcode": "CI1802", "adm1_name": "Haut-Sassandra", "adm1_name1": null, "adm1_name2": null, "adm1_name3": null, "adm1_pcode": "CI18", "adm0_name": "Côte d'Ivoire", "adm0_name1": null, "adm0_name2": null, "adm0_name3": null, "adm0_pcode": "CI", "valid_on": "2018-07-06", "valid_to": null, "cod_version": "V_01", "lang": "fr", "lang1": null, "lang2": null, "lang3": null }, "geometry": { "type": "Point", "coordinates": [ -6.239296038999953, 6.394362771000146 ] } },
{ "type": "Feature", "properties": { "admin_level": 3, "name": "Namané", "name1": null, "name2": null, "name3": null, "x_coord": -6.74488563, "y_coord": 6.38642003, "adm4_name": null, "adm4_name1": null, "adm4_name2": null, "adm4_name3": null, "adm4_pcode": null, "adm3_name": "Namané", "adm3_name1": null, "adm3_name2": null, "adm3_name3": null, "adm3_pcode": "CI180205", "adm2_name": "Issia", "adm2_name1": null, "adm2_name2": null, "adm2_name3": null, "adm2_pcode": "CI1802", "adm1_name": "Haut-Sassandra", "adm1_name1": null, "adm1_name2": null, "adm1_name3": null, "adm1_pcode": "CI18", "adm0_name": "Côte d'Ivoire", "adm0_name1": null, "adm0_name2": null, "adm0_name3": null, "adm0_pcode": "CI", "valid_on": "2018-07-06", "valid_to": null, "cod_version": "V_01", "lang": "fr", "lang1": null, "lang2": null, "lang3": null }, "geometry": { "type": "Point", "coordinates": [ -6.744885630999875, 6.38642002600011 ] } },
{ "type": "Feature", "properties": { "admin_level": 3, "name": "Napiéléodougou", "name1": null, "name2": null, "name3": null, "x_coord": -5.55954097, "y_coord": 9.25163506, "adm4_name": null, "adm4_name1": null, "adm4_name2": null, "adm4_name3": null, "adm4_pcode": null, "adm3_name": "Napiéléodougou", "adm3_name1": null, "adm3_name2": null, "adm3_name3": null, "adm3_pcode": "CI280212", "adm2_name": "Korhogo", "adm2_name1": null, "adm2_name2": null, "adm2_name3": null, "adm2_pcode": "CI2802", "adm1_name": "Poro", "adm1_name1": null, "adm1_name2": null, "adm1_name3": null, "adm1_pcode": "CI28", "adm0_name": "Côte d'Ivoire", "adm0_name1": null, "adm0_name2": null, "adm0_name3": null, "adm0_pcode": "CI", "valid_on": "2018-07-06", "valid_to": null, "cod_version": "V_01", "lang": "fr", "lang1": null, "lang2": null, "lang3": null }, "geometry": { "type": "Point", "coordinates": [ -5.559540973999958, 9.251635060000012 ] } },
{ "type": "Feature", "properties": { "admin_level": 3, "name": "Nassian", "name1": null, "name2": null, "name3": null, "x_coord": -3.49323129, "y_coord": 8.39389738, "adm4_name": null, "adm4_name1": null, "adm4_name2": null, "adm4_name3": null, "adm4_pcode": null, "adm3_name": "Nassian", "adm3_name1": null, "adm3_name2": null, "adm3_name3": null, "adm3_pcode": "CI080301", "adm2_name": "Nassian", "adm2_name1": null, "adm2_name2": null, "adm2_name3": null, "adm2_pcode": "CI0803", "adm1_name": "Bounkani", "adm1_name1": null, "adm1_name2": null, "adm1_name3": null, "adm1_pcode": "CI08", "adm0_name": "Côte d'Ivoire", "adm0_name1": null, "adm0_name2": null, "adm0_name3": null, "adm0_pcode": "CI", "valid_on": "2018-07-06", "valid_to": null, "cod_version": "V_01", "lang": "fr", "lang1": null, "lang2": null, "lang3": null }, "geometry": { "type": "Point", "coordinates": [ -3.49323128899988, 8.393897383000137 ] } },
{ "type": "Feature", "properties": { "admin_level": 3, "name": "Nébo", "name1": null, "name2": null, "name3": null, "x_coord": -5.42622632, "y_coord": 6.02505086, "adm4_name": null, "adm4_name1": null, "adm4_name2": null, "adm4_name3": null, "adm4_pcode": null, "adm3_name": "Nébo", "adm3_name1": null, "adm3_name2": null, "adm3_name3": null, "adm3_pcode": "CI220105", "adm2_name": "Divo", "adm2_name1": null, "adm2_name2": null, "adm2_name3": null, "adm2_pcode": "CI2201", "adm1_name": "Loh-Djiboua", "adm1_name1": null, "adm1_name2": null, "adm1_name3": null, "adm1_pcode": "CI22", "adm0_name": "Côte d'Ivoire", "adm0_name1": null, "adm0_name2": null, "adm0_name3": null, "adm0_pcode": "CI", "valid_on": "2018-07-06", "valid_to": null, "cod_version": "V_01", "lang": "fr", "lang1": null, "lang2": null, "lang3": null }, "geometry": { "type": "Point", "coordinates": [ -5.426226315999941, 6.025050860000079 ] } },
{ "type": "Feature", "properties": { "admin_level": 3, "name": "Nézobly", "name1": null, "name2": null, "name3": null, "x_coord": -8.48518662, "y_coord": 6.59202844, "adm4_name": null, "adm4_name1": null, "adm4_name2": null, "adm4_name3": null, "adm4_pcode": null, "adm3_name": "Nézobly", "adm3_name1": null, "adm3_name2": null, "adm3_name3": null, "adm3_pcode": "CI090404", "adm2_name": "Toulepleu", "adm2_name1": null, "adm2_name2": null, "adm2_name3": null, "adm2_pcode": "CI0904", "adm1_name": "Cavally", "adm1_name1": null, "adm1_name2": null, "adm1_name3": null, "adm1_pcode": "CI09", "adm0_name": "Côte d'Ivoire", "adm0_name1": null, "adm0_name2": null, "adm0_name3": null, "adm0_pcode": "CI", "valid_on": "2018-07-06", "valid_to": null, "cod_version": "V_01", "lang": "fr", "lang1": null, "lang2": null, "lang3": null }, "geometry": { "type": "Point", "coordinates": [ -8.485186620999855, 6.592028435000145 ] } },
{ "type": "Feature", "properties": { "admin_level": 3, "name": "Niable", "name1": null, "name2": null, "name3": null, "x_coord": -3.32723231, "y_coord": 6.6578966, "adm4_name": null, "adm4_name1": null, "adm4_name2": null, "adm4_name3": null, "adm4_pcode": null, "adm3_name": "Niable", "adm3_name1": null, "adm3_name2": null, "adm3_name3": null, "adm3_pcode": "CI200105", "adm2_name": "Abengourou", "adm2_name1": null, "adm2_name2": null, "adm2_name3": null, "adm2_pcode": "CI2001", "adm1_name": "Indenie-Djuablin", "adm1_name1": null, "adm1_name2": null, "adm1_name3": null, "adm1_pcode": "CI20", "adm0_name": "Côte d'Ivoire", "adm0_name1": null, "adm0_name2": null, "adm0_name3": null, "adm0_pcode": "CI", "valid_on": "2018-07-06", "valid_to": null, "cod_version": "V_01", "lang": "fr", "lang1": null, "lang2": null, "lang3": null }, "geometry": { "type": "Point", "coordinates": [ -3.327232310999932, 6.657896604000143 ] } },
{ "type": "Feature", "properties": { "admin_level": 3, "name": "Niakaramandougou", "name1": null, "name2": null, "name3": null, "x_coord": -5.33338493, "y_coord": 8.69091395, "adm4_name": null, "adm4_name1": null, "adm4_name2": null, "adm4_name3": null, "adm4_pcode": null, "adm3_name": "Niakaramandougou", "adm3_name1": null, "adm3_name2": null, "adm3_name3": null, "adm3_pcode": "CI170301", "adm2_name": "Niakaramandougou", "adm2_name1": null, "adm2_name2": null, "adm2_name3": null, "adm2_pcode": "CI1703", "adm1_name": "Hambol", "adm1_name1": null, "adm1_name2": null, "adm1_name3": null, "adm1_pcode": "CI17", "adm0_name": "Côte d'Ivoire", "adm0_name1": null, "adm0_name2": null, "adm0_name3": null, "adm0_pcode": "CI", "valid_on": "2018-07-06", "valid_to": null, "cod_version": "V_01", "lang": "fr", "lang1": null, "lang2": null, "lang3": null }, "geometry": { "type": "Point", "coordinates": [ -5.333384927999873, 8.690913953 ] } },
{ "type": "Feature", "properties": { "admin_level": 3, "name": "Niambézaria", "name1": null, "name2": null, "name3": null, "x_coord": -5.86372261, "y_coord": 5.67599152, "adm4_name": null, "adm4_name1": null, "adm4_name2": null, "adm4_name3": null, "adm4_pcode": null, "adm3_name": "Niambézaria", "adm3_name1": null, "adm3_name2": null, "adm3_name3": null, "adm3_pcode": "CI220305", "adm2_name": "Lakota", "adm2_name1": null, "adm2_name2": null, "adm2_name3": null, "adm2_pcode": "CI2203", "adm1_name": "Loh-Djiboua", "adm1_name1": null, "adm1_name2": null, "adm1_name3": null, "adm1_pcode": "CI22", "adm0_name": "Côte d'Ivoire", "adm0_name1": null, "adm0_name2": null, "adm0_name3": null, "adm0_pcode": "CI", "valid_on": "2018-07-06", "valid_to": null, "cod_version": "V_01", "lang": "fr", "lang1": null, "lang2": null, "lang3": null }, "geometry": { "type": "Point", "coordinates": [ -5.863722608999922, 5.67599152400004 ] } },
{ "type": "Feature", "properties": { "admin_level": 3, "name": "Niamoué", "name1": null, "name2": null, "name3": null, "x_coord": -3.38495881, "y_coord": 9.55463201, "adm4_name": null, "adm4_name1": null, "adm4_name2": null, "adm4_name3": null, "adm4_pcode": null, "adm3_name": "Niamoué", "adm3_name1": null, "adm3_name2": null, "adm3_name3": null, "adm3_pcode": "CI080204", "adm2_name": "Doropo", "adm2_name1": null, "adm2_name2": null, "adm2_name3": null, "adm2_pcode": "CI0802", "adm1_name": "Bounkani", "adm1_name1": null, "adm1_name2": null, "adm1_name3": null, "adm1_pcode": "CI08", "adm0_name": "Côte d'Ivoire", "adm0_name1": null, "adm0_name2": null, "adm0_name3": null, "adm0_pcode": "CI", "valid_on": "2018-07-06", "valid_to": null, "cod_version": "V_01", "lang": "fr", "lang1": null, "lang2": null, "lang3": null }, "geometry": { "type": "Point", "coordinates": [ -3.384958809999887, 9.554632012000013 ] } },
{ "type": "Feature", "properties": { "admin_level": 3, "name": "Nidrou", "name1": null, "name2": null, "name3": null, "x_coord": -7.47252113, "y_coord": 7.27038801, "adm4_name": null, "adm4_name1": null, "adm4_name2": null, "adm4_name3": null, "adm4_pcode": null, "adm3_name": "Nidrou", "adm3_name1": null, "adm3_name2": null, "adm3_name3": null, "adm3_pcode": "CI160402", "adm2_name": "Kouibly", "adm2_name1": null, "adm2_name2": null, "adm2_name3": null, "adm2_pcode": "CI1604", "adm1_name": "Guemon", "adm1_name1": null, "adm1_name2": null, "adm1_name3": null, "adm1_pcode": "CI16", "adm0_name": "Côte d'Ivoire", "adm0_name1": null, "adm0_name2": null, "adm0_name3": null, "adm0_pcode": "CI", "valid_on": "2018-07-06", "valid_to": null, "cod_version": "V_01", "lang": "fr", "lang1": null, "lang2": null, "lang3": null }, "geometry": { "type": "Point", "coordinates": [ -7.472521128999972, 7.270388014000048 ] } },
{ "type": "Feature", "properties": { "admin_level": 3, "name": "Niédiékaha", "name1": null, "name2": null, "name3": null, "x_coord": -5.12449959, "y_coord": 8.91692717, "adm4_name": null, "adm4_name1": null, "adm4_name2": null, "adm4_name3": null, "adm4_pcode": null, "adm3_name": "Niédiékaha", "adm3_name1": null, "adm3_name2": null, "adm3_name3": null, "adm3_pcode": "CI170304", "adm2_name": "Niakaramandougou", "adm2_name1": null, "adm2_name2": null, "adm2_name3": null, "adm2_pcode": "CI1703", "adm1_name": "Hambol", "adm1_name1": null, "adm1_name2": null, "adm1_name3": null, "adm1_pcode": "CI17", "adm0_name": "Côte d'Ivoire", "adm0_name1": null, "adm0_name2": null, "adm0_name3": null, "adm0_pcode": "CI", "valid_on": "2018-07-06", "valid_to": null, "cod_version": "V_01", "lang": "fr", "lang1": null, "lang2": null, "lang3": null }, "geometry": { "type": "Point", "coordinates": [ -5.124499589999971, 8.916927171 ] } },
{ "type": "Feature", "properties": { "admin_level": 3, "name": "Niellé", "name1": null, "name2": null, "name3": null, "x_coord": -5.65339029, "y_coord": 10.20626398, "adm4_name": null, "adm4_name1": null, "adm4_name2": null, "adm4_name3": null, "adm4_pcode": null, "adm3_name": "Niellé", "adm3_name1": null, "adm3_name2": null, "adm3_name3": null, "adm3_pcode": "CI310304", "adm2_name": "Ouangolodougou", "adm2_name1": null, "adm2_name2": null, "adm2_name3": null, "adm2_pcode": "CI3103", "adm1_name": "Tchologo", "adm1_name1": null, "adm1_name2": null, "adm1_name3": null, "adm1_pcode": "CI31", "adm0_name": "Côte d'Ivoire", "adm0_name1": null, "adm0_name2": null, "adm0_name3": null, "adm0_pcode": "CI", "valid_on": "2018-07-06", "valid_to": null, "cod_version": "V_01", "lang": "fr", "lang1": null, "lang2": null, "lang3": null }, "geometry": { "type": "Point", "coordinates": [ -5.653390292999916, 10.206263977000049 ] } },
{ "type": "Feature", "properties": { "admin_level": 3, "name": "Niéméné", "name1": null, "name2": null, "name3": null, "x_coord": -4.73999756, "y_coord": 8.48364591, "adm4_name": null, "adm4_name1": null, "adm4_name2": null, "adm4_name3": null, "adm4_pcode": null, "adm3_name": "Niéméné", "adm3_name1": null, "adm3_name2": null, "adm3_name3": null, "adm3_pcode": "CI170105", "adm2_name": "Dabakala", "adm2_name1": null, "adm2_name2": null, "adm2_name3": null, "adm2_pcode": "CI1701", "adm1_name": "Hambol", "adm1_name1": null, "adm1_name2": null, "adm1_name3": null, "adm1_pcode": "CI17", "adm0_name": "Côte d'Ivoire", "adm0_name1": null, "adm0_name2": null, "adm0_name3": null, "adm0_pcode": "CI", "valid_on": "2018-07-06", "valid_to": null, "cod_version": "V_01", "lang": "fr", "lang1": null, "lang2": null, "lang3": null }, "geometry": { "type": "Point", "coordinates": [ -4.739997560999939, 8.483645913999965 ] } },
{ "type": "Feature", "properties": { "admin_level": 3, "name": "Niofoin", "name1": null, "name2": null, "name3": null, "x_coord": -6.017953, "y_coord": 9.51783765, "adm4_name": null, "adm4_name1": null, "adm4_name2": null, "adm4_name3": null, "adm4_pcode": null, "adm3_name": "Niofoin", "adm3_name1": null, "adm3_name2": null, "adm3_name3": null, "adm3_pcode": "CI280213", "adm2_name": "Korhogo", "adm2_name1": null, "adm2_name2": null, "adm2_name3": null, "adm2_pcode": "CI2802", "adm1_name": "Poro", "adm1_name1": null, "adm1_name2": null, "adm1_name3": null, "adm1_pcode": "CI28", "adm0_name": "Côte d'Ivoire", "adm0_name1": null, "adm0_name2": null, "adm0_name3": null, "adm0_pcode": "CI", "valid_on": "2018-07-06", "valid_to": null, "cod_version": "V_01", "lang": "fr", "lang1": null, "lang2": null, "lang3": null }, "geometry": { "type": "Point", "coordinates": [ -6.017953, 9.517837651000036 ] } },
{ "type": "Feature", "properties": { "admin_level": 3, "name": "Niokosso", "name1": null, "name2": null, "name3": null, "x_coord": -7.59142717, "y_coord": 8.61431243, "adm4_name": null, "adm4_name1": null, "adm4_name2": null, "adm4_name3": null, "adm4_pcode": null, "adm3_name": "Niokosso", "adm3_name1": null, "adm3_name2": null, "adm3_name3": null, "adm3_pcode": "CI040105", "adm2_name": "Koro", "adm2_name1": null, "adm2_name2": null, "adm2_name3": null, "adm2_pcode": "CI0401", "adm1_name": "Bafing", "adm1_name1": null, "adm1_name2": null, "adm1_name3": null, "adm1_pcode": "CI04", "adm0_name": "Côte d'Ivoire", "adm0_name1": null, "adm0_name2": null, "adm0_name3": null, "adm0_pcode": "CI", "valid_on": "2018-07-06", "valid_to": null, "cod_version": "V_01", "lang": "fr", "lang1": null, "lang2": null, "lang3": null }, "geometry": { "type": "Point", "coordinates": [ -7.591427170999964, 8.614312429000051 ] } },
{ "type": "Feature", "properties": { "admin_level": 3, "name": "Nizahon", "name1": null, "name2": null, "name3": null, "x_coord": -7.40541332, "y_coord": 6.35443669, "adm4_name": null, "adm4_name1": null, "adm4_name2": null, "adm4_name3": null, "adm4_pcode": null, "adm3_name": "Nizahon", "adm3_name1": null, "adm3_name2": null, "adm3_name3": null, "adm3_pcode": "CI090204", "adm2_name": "Guiglo", "adm2_name1": null, "adm2_name2": null, "adm2_name3": null, "adm2_pcode": "CI0902", "adm1_name": "Cavally", "adm1_name1": null, "adm1_name2": null, "adm1_name3": null, "adm1_pcode": "CI09", "adm0_name": "Côte d'Ivoire", "adm0_name1": null, "adm0_name2": null, "adm0_name3": null, "adm0_pcode": "CI", "valid_on": "2018-07-06", "valid_to": null, "cod_version": "V_01", "lang": "fr", "lang1": null, "lang2": null, "lang3": null }, "geometry": { "type": "Point", "coordinates": [ -7.405413323999881, 6.354436694000015 ] } },
{ "type": "Feature", "properties": { "admin_level": 3, "name": "Noé", "name1": null, "name2": null, "name3": null, "x_coord": -2.85250806, "y_coord": 5.28278041, "adm4_name": null, "adm4_name1": null, "adm4_name2": null, "adm4_name3": null, "adm4_pcode": null, "adm3_name": "Noé", "adm3_name1": null, "adm3_name2": null, "adm3_name3": null, "adm3_pcode": "CI300402", "adm2_name": "Tiapoum", "adm2_name1": null, "adm2_name2": null, "adm2_name3": null, "adm2_pcode": "CI3004", "adm1_name": "Sud-Comoe", "adm1_name1": null, "adm1_name2": null, "adm1_name3": null, "adm1_pcode": "CI30", "adm0_name": "Côte d'Ivoire", "adm0_name1": null, "adm0_name2": null, "adm0_name3": null, "adm0_pcode": "CI", "valid_on": "2018-07-06", "valid_to": null, "cod_version": "V_01", "lang": "fr", "lang1": null, "lang2": null, "lang3": null }, "geometry": { "type": "Point", "coordinates": [ -2.852508064999881, 5.282780410000157 ] } },
{ "type": "Feature", "properties": { "admin_level": 3, "name": "Nofou", "name1": null, "name2": null, "name3": null, "x_coord": -4.7269924, "y_coord": 6.90775934, "adm4_name": null, "adm4_name1": null, "adm4_name2": null, "adm4_name3": null, "adm4_pcode": null, "adm3_name": "Nofou", "adm3_name1": null, "adm3_name2": null, "adm3_name3": null, "adm3_pcode": "CI270204", "adm2_name": "Dimbokro", "adm2_name1": null, "adm2_name2": null, "adm2_name3": null, "adm2_pcode": "CI2702", "adm1_name": "N'Zi", "adm1_name1": null, "adm1_name2": null, "adm1_name3": null, "adm1_pcode": "CI27", "adm0_name": "Côte d'Ivoire", "adm0_name1": null, "adm0_name2": null, "adm0_name3": null, "adm0_pcode": "CI", "valid_on": "2018-07-06", "valid_to": null, "cod_version": "V_01", "lang": "fr", "lang1": null, "lang2": null, "lang3": null }, "geometry": { "type": "Point", "coordinates": [ -4.726992398999926, 6.907759342000134 ] } },
{ "type": "Feature", "properties": { "admin_level": 3, "name": "Nouamou", "name1": null, "name2": null, "name3": null, "x_coord": -2.91630384, "y_coord": 5.21120685, "adm4_name": null, "adm4_name1": null, "adm4_name2": null, "adm4_name3": null, "adm4_pcode": null, "adm3_name": "Nouamou", "adm3_name1": null, "adm3_name2": null, "adm3_name3": null, "adm3_pcode": "CI300403", "adm2_name": "Tiapoum", "adm2_name1": null, "adm2_name2": null, "adm2_name3": null, "adm2_pcode": "CI3004", "adm1_name": "Sud-Comoe", "adm1_name1": null, "adm1_name2": null, "adm1_name3": null, "adm1_pcode": "CI30", "adm0_name": "Côte d'Ivoire", "adm0_name1": null, "adm0_name2": null, "adm0_name3": null, "adm0_pcode": "CI", "valid_on": "2018-07-06", "valid_to": null, "cod_version": "V_01", "lang": "fr", "lang1": null, "lang2": null, "lang3": null }, "geometry": { "type": "Point", "coordinates": [ -2.91630383599994, 5.21120685000011 ] } },
{ "type": "Feature", "properties": { "admin_level": 3, "name": "Odienné", "name1": null, "name2": null, "name3": null, "x_coord": -7.61972234, "y_coord": 9.53232182, "adm4_name": null, "adm4_name1": null, "adm4_name2": null, "adm4_name3": null, "adm4_pcode": null, "adm3_name": "Odienné", "adm3_name1": null, "adm3_name2": null, "adm3_name3": null, "adm3_pcode": "CI210301", "adm2_name": "Odienne", "adm2_name1": null, "adm2_name2": null, "adm2_name3": null, "adm2_pcode": "CI2103", "adm1_name": "Kabadougou", "adm1_name1": null, "adm1_name2": null, "adm1_name3": null, "adm1_pcode": "CI21", "adm0_name": "Côte d'Ivoire", "adm0_name1": null, "adm0_name2": null, "adm0_name3": null, "adm0_pcode": "CI", "valid_on": "2018-07-06", "valid_to": null, "cod_version": "V_01", "lang": "fr", "lang1": null, "lang2": null, "lang3": null }, "geometry": { "type": "Point", "coordinates": [ -7.619722336999871, 9.532321819000174 ] } },
{ "type": "Feature", "properties": { "admin_level": 3, "name": "Oghlwapo", "name1": null, "name2": null, "name3": null, "x_coord": -3.67495844, "y_coord": 5.36478028, "adm4_name": null, "adm4_name1": null, "adm4_name2": null, "adm4_name3": null, "adm4_pcode": null, "adm3_name": "Oghlwapo", "adm3_name1": null, "adm3_name2": null, "adm3_name3": null, "adm3_pcode": "CI240305", "adm2_name": "Alépé", "adm2_name1": null, "adm2_name2": null, "adm2_name3": null, "adm2_pcode": "CI2403", "adm1_name": "Me", "adm1_name1": null, "adm1_name2": null, "adm1_name3": null, "adm1_pcode": "CI24", "adm0_name": "Côte d'Ivoire", "adm0_name1": null, "adm0_name2": null, "adm0_name3": null, "adm0_pcode": "CI", "valid_on": "2018-07-06", "valid_to": null, "cod_version": "V_01", "lang": "fr", "lang1": null, "lang2": null, "lang3": null }, "geometry": { "type": "Point", "coordinates": [ -3.67495844299998, 5.364780279000115 ] } },
{ "type": "Feature", "properties": { "admin_level": 3, "name": "Ogoudou", "name1": null, "name2": null, "name3": null, "x_coord": -5.13370382, "y_coord": 5.92490859, "adm4_name": null, "adm4_name1": null, "adm4_name2": null, "adm4_name3": null, "adm4_pcode": null, "adm3_name": "Ogoudou", "adm3_name1": null, "adm3_name2": null, "adm3_name3": null, "adm3_pcode": "CI220106", "adm2_name": "Divo", "adm2_name1": null, "adm2_name2": null, "adm2_name3": null, "adm2_pcode": "CI2201", "adm1_name": "Loh-Djiboua", "adm1_name1": null, "adm1_name2": null, "adm1_name3": null, "adm1_pcode": "CI22", "adm0_name": "Côte d'Ivoire", "adm0_name1": null, "adm0_name2": null, "adm0_name3": null, "adm0_pcode": "CI", "valid_on": "2018-07-06", "valid_to": null, "cod_version": "V_01", "lang": "fr", "lang1": null, "lang2": null, "lang3": null }, "geometry": { "type": "Point", "coordinates": [ -5.133703816999969, 5.924908592000122 ] } },
{ "type": "Feature", "properties": { "admin_level": 3, "name": "Okrouyo", "name1": null, "name2": null, "name3": null, "x_coord": -6.39569058, "y_coord": 5.70698384, "adm4_name": null, "adm4_name1": null, "adm4_name2": null, "adm4_name3": null, "adm4_pcode": null, "adm3_name": "Okrouyo", "adm3_name1": null, "adm3_name2": null, "adm3_name3": null, "adm3_pcode": "CI260405", "adm2_name": "Soubré", "adm2_name1": null, "adm2_name2": null, "adm2_name3": null, "adm2_pcode": "CI2604", "adm1_name": "Nawa", "adm1_name1": null, "adm1_name2": null, "adm1_name3": null, "adm1_pcode": "CI26", "adm0_name": "Côte d'Ivoire", "adm0_name1": null, "adm0_name2": null, "adm0_name3": null, "adm0_pcode": "CI", "valid_on": "2018-07-06", "valid_to": null, "cod_version": "V_01", "lang": "fr", "lang1": null, "lang2": null, "lang3": null }, "geometry": { "type": "Point", "coordinates": [ -6.395690577999972, 5.706983841000124 ] } },
{ "type": "Feature", "properties": { "admin_level": 3, "name": "Olodio", "name1": null, "name2": null, "name3": null, "x_coord": -7.45234613, "y_coord": 4.65416613, "adm4_name": null, "adm4_name1": null, "adm4_name2": null, "adm4_name3": null, "adm4_pcode": null, "adm3_name": "Olodio", "adm3_name1": null, "adm3_name2": null, "adm3_name3": null, "adm3_pcode": "CI290206", "adm2_name": "Tabou", "adm2_name1": null, "adm2_name2": null, "adm2_name3": null, "adm2_pcode": "CI2902", "adm1_name": "San Pedro", "adm1_name1": null, "adm1_name2": null, "adm1_name3": null, "adm1_pcode": "CI29", "adm0_name": "Côte d'Ivoire", "adm0_name1": null, "adm0_name2": null, "adm0_name3": null, "adm0_pcode": "CI", "valid_on": "2018-07-06", "valid_to": null, "cod_version": "V_01", "lang": "fr", "lang1": null, "lang2": null, "lang3": null }, "geometry": { "type": "Point", "coordinates": [ -7.452346132999935, 4.654166127000167 ] } },
{ "type": "Feature", "properties": { "admin_level": 3, "name": "Ondéfidouo", "name1": null, "name2": null, "name3": null, "x_coord": -2.95605603, "y_coord": 9.05956041, "adm4_name": null, "adm4_name1": null, "adm4_name2": null, "adm4_name3": null, "adm4_pcode": null, "adm3_name": "Ondéfidouo", "adm3_name1": null, "adm3_name2": null, "adm3_name3": null, "adm3_pcode": "CI080103", "adm2_name": "Bouna", "adm2_name1": null, "adm2_name2": null, "adm2_name3": null, "adm2_pcode": "CI0801", "adm1_name": "Bounkani", "adm1_name1": null, "adm1_name2": null, "adm1_name3": null, "adm1_pcode": "CI08", "adm0_name": "Côte d'Ivoire", "adm0_name1": null, "adm0_name2": null, "adm0_name3": null, "adm0_pcode": "CI", "valid_on": "2018-07-06", "valid_to": null, "cod_version": "V_01", "lang": "fr", "lang1": null, "lang2": null, "lang3": null }, "geometry": { "type": "Point", "coordinates": [ -2.956056024999953, 9.05956041100012 ] } },
{ "type": "Feature", "properties": { "admin_level": 3, "name": "Oress-Krobou", "name1": null, "name2": null, "name3": null, "x_coord": -4.37758172, "y_coord": 5.72594173, "adm4_name": null, "adm4_name1": null, "adm4_name2": null, "adm4_name3": null, "adm4_pcode": null, "adm3_name": "Oress-Krobou", "adm3_name1": null, "adm3_name2": null, "adm3_name3": null, "adm3_pcode": "CI030110", "adm2_name": "Agboville", "adm2_name1": null, "adm2_name2": null, "adm2_name3": null, "adm2_pcode": "CI0301", "adm1_name": "Agneby-Tiassa", "adm1_name1": null, "adm1_name2": null, "adm1_name3": null, "adm1_pcode": "CI03", "adm0_name": "Côte d'Ivoire", "adm0_name1": null, "adm0_name2": null, "adm0_name3": null, "adm0_pcode": "CI", "valid_on": "2018-07-06", "valid_to": null, "cod_version": "V_01", "lang": "fr", "lang1": null, "lang2": null, "lang3": null }, "geometry": { "type": "Point", "coordinates": [ -4.377581716999941, 5.725941729000169 ] } },
{ "type": "Feature", "properties": { "admin_level": 3, "name": "Ouangolodougou", "name1": null, "name2": null, "name3": null, "x_coord": -5.16396962, "y_coord": 9.9961701, "adm4_name": null, "adm4_name1": null, "adm4_name2": null, "adm4_name3": null, "adm4_pcode": null, "adm3_name": "Ouangolodougou", "adm3_name1": null, "adm3_name2": null, "adm3_name3": null, "adm3_pcode": "CI310301", "adm2_name": "Ouangolodougou", "adm2_name1": null, "adm2_name2": null, "adm2_name3": null, "adm2_pcode": "CI3103", "adm1_name": "Tchologo", "adm1_name1": null, "adm1_name2": null, "adm1_name3": null, "adm1_pcode": "CI31", "adm0_name": "Côte d'Ivoire", "adm0_name1": null, "adm0_name2": null, "adm0_name3": null, "adm0_pcode": "CI", "valid_on": "2018-07-06", "valid_to": null, "cod_version": "V_01", "lang": "fr", "lang1": null, "lang2": null, "lang3": null }, "geometry": { "type": "Point", "coordinates": [ -5.163969617999953, 9.996170098000164 ] } },
{ "type": "Feature", "properties": { "admin_level": 3, "name": "Ouaninou", "name1": null, "name2": null, "name3": null, "x_coord": -7.85665101, "y_coord": 8.26753194, "adm4_name": null, "adm4_name1": null, "adm4_name2": null, "adm4_name3": null, "adm4_pcode": null, "adm3_name": "Ouaninou", "adm3_name1": null, "adm3_name2": null, "adm3_name3": null, "adm3_pcode": "CI040201", "adm2_name": "Ouaninou", "adm2_name1": null, "adm2_name2": null, "adm2_name3": null, "adm2_pcode": "CI0402", "adm1_name": "Bafing", "adm1_name1": null, "adm1_name2": null, "adm1_name3": null, "adm1_pcode": "CI04", "adm0_name": "Côte d'Ivoire", "adm0_name1": null, "adm0_name2": null, "adm0_name3": null, "adm0_pcode": "CI", "valid_on": "2018-07-06", "valid_to": null, "cod_version": "V_01", "lang": "fr", "lang1": null, "lang2": null, "lang3": null }, "geometry": { "type": "Point", "coordinates": [ -7.856651013999908, 8.267531941000072 ] } },
{ "type": "Feature", "properties": { "admin_level": 3, "name": "Ouellé", "name1": null, "name2": null, "name3": null, "x_coord": -4.02757186, "y_coord": 7.28474678, "adm4_name": null, "adm4_name1": null, "adm4_name2": null, "adm4_name3": null, "adm4_pcode": null, "adm3_name": "Ouellé", "adm3_name1": null, "adm3_name2": null, "adm3_name3": null, "adm3_pcode": "CI190106", "adm2_name": "Daoukro", "adm2_name1": null, "adm2_name2": null, "adm2_name3": null, "adm2_pcode": "CI1901", "adm1_name": "Iffou", "adm1_name1": null, "adm1_name2": null, "adm1_name3": null, "adm1_pcode": "CI19", "adm0_name": "Côte d'Ivoire", "adm0_name1": null, "adm0_name2": null, "adm0_name3": null, "adm0_pcode": "CI", "valid_on": "2018-07-06", "valid_to": null, "cod_version": "V_01", "lang": "fr", "lang1": null, "lang2": null, "lang3": null }, "geometry": { "type": "Point", "coordinates": [ -4.027571855999952, 7.284746780999967 ] } },
{ "type": "Feature", "properties": { "admin_level": 3, "name": "Oumé", "name1": null, "name2": null, "name3": null, "x_coord": -5.47911895, "y_coord": 6.41217583, "adm4_name": null, "adm4_name1": null, "adm4_name2": null, "adm4_name3": null, "adm4_pcode": null, "adm3_name": "Oumé", "adm3_name1": null, "adm3_name2": null, "adm3_name3": null, "adm3_pcode": "CI130201", "adm2_name": "Oumé", "adm2_name1": null, "adm2_name2": null, "adm2_name3": null, "adm2_pcode": "CI1302", "adm1_name": "Goh", "adm1_name1": null, "adm1_name2": null, "adm1_name3": null, "adm1_pcode": "CI13", "adm0_name": "Côte d'Ivoire", "adm0_name1": null, "adm0_name2": null, "adm0_name3": null, "adm0_pcode": "CI", "valid_on": "2018-07-06", "valid_to": null, "cod_version": "V_01", "lang": "fr", "lang1": null, "lang2": null, "lang3": null }, "geometry": { "type": "Point", "coordinates": [ -5.479118952999954, 6.412175831000127 ] } },
{ "type": "Feature", "properties": { "admin_level": 3, "name": "Oupoyo", "name1": null, "name2": null, "name3": null, "x_coord": -6.60059047, "y_coord": 5.57835278, "adm4_name": null, "adm4_name1": null, "adm4_name2": null, "adm4_name3": null, "adm4_pcode": null, "adm3_name": "Oupoyo", "adm3_name1": null, "adm3_name2": null, "adm3_name3": null, "adm3_pcode": "CI260302", "adm2_name": "Méagui", "adm2_name1": null, "adm2_name2": null, "adm2_name3": null, "adm2_pcode": "CI2603", "adm1_name": "Nawa", "adm1_name1": null, "adm1_name2": null, "adm1_name3": null, "adm1_pcode": "CI26", "adm0_name": "Côte d'Ivoire", "adm0_name1": null, "adm0_name2": null, "adm0_name3": null, "adm0_pcode": "CI", "valid_on": "2018-07-06", "valid_to": null, "cod_version": "V_01", "lang": "fr", "lang1": null, "lang2": null, "lang3": null }, "geometry": { "type": "Point", "coordinates": [ -6.600590472999897, 5.578352774999985 ] } },
{ "type": "Feature", "properties": { "admin_level": 3, "name": "Ouragahio", "name1": null, "name2": null, "name3": null, "x_coord": -5.97928031, "y_coord": 6.32099145, "adm4_name": null, "adm4_name1": null, "adm4_name2": null, "adm4_name3": null, "adm4_pcode": null, "adm3_name": "Ouragahio", "adm3_name1": null, "adm3_name2": null, "adm3_name3": null, "adm3_pcode": "CI130110", "adm2_name": "Gagnoa", "adm2_name1": null, "adm2_name2": null, "adm2_name3": null, "adm2_pcode": "CI1301", "adm1_name": "Goh", "adm1_name1": null, "adm1_name2": null, "adm1_name3": null, "adm1_pcode": "CI13", "adm0_name": "Côte d'Ivoire", "adm0_name1": null, "adm0_name2": null, "adm0_name3": null, "adm0_pcode": "CI", "valid_on": "2018-07-06", "valid_to": null, "cod_version": "V_01", "lang": "fr", "lang1": null, "lang2": null, "lang3": null }, "geometry": { "type": "Point", "coordinates": [ -5.979280309999979, 6.320991454000136 ] } },
{ "type": "Feature", "properties": { "admin_level": 3, "name": "Ouyably-Gnondrou", "name1": null, "name2": null, "name3": null, "x_coord": -7.15911231, "y_coord": 7.33128973, "adm4_name": null, "adm4_name1": null, "adm4_name2": null, "adm4_name3": null, "adm4_pcode": null, "adm3_name": "Ouyably-Gnondrou", "adm3_name1": null, "adm3_name2": null, "adm3_name3": null, "adm3_pcode": "CI160403", "adm2_name": "Kouibly", "adm2_name1": null, "adm2_name2": null, "adm2_name3": null, "adm2_pcode": "CI1604", "adm1_name": "Guemon", "adm1_name1": null, "adm1_name2": null, "adm1_name3": null, "adm1_pcode": "CI16", "adm0_name": "Côte d'Ivoire", "adm0_name1": null, "adm0_name2": null, "adm0_name3": null, "adm0_pcode": "CI", "valid_on": "2018-07-06", "valid_to": null, "cod_version": "V_01", "lang": "fr", "lang1": null, "lang2": null, "lang3": null }, "geometry": { "type": "Point", "coordinates": [ -7.159112308999852, 7.331289728000115 ] } },
{ "type": "Feature", "properties": { "admin_level": 3, "name": "Pacobo", "name1": null, "name2": null, "name3": null, "x_coord": -4.86866882, "y_coord": 6.15539635, "adm4_name": null, "adm4_name1": null, "adm4_name2": null, "adm4_name3": null, "adm4_pcode": null, "adm3_name": "Pacobo", "adm3_name1": null, "adm3_name2": null, "adm3_name3": null, "adm3_pcode": "CI030302", "adm2_name": "Taabo", "adm2_name1": null, "adm2_name2": null, "adm2_name3": null, "adm2_pcode": "CI0303", "adm1_name": "Agneby-Tiassa", "adm1_name1": null, "adm1_name2": null, "adm1_name3": null, "adm1_pcode": "CI03", "adm0_name": "Côte d'Ivoire", "adm0_name1": null, "adm0_name2": null, "adm0_name3": null, "adm0_pcode": "CI", "valid_on": "2018-07-06", "valid_to": null, "cod_version": "V_01", "lang": "fr", "lang1": null, "lang2": null, "lang3": null }, "geometry": { "type": "Point", "coordinates": [ -4.86866882299995, 6.155396349000057 ] } },
{ "type": "Feature", "properties": { "admin_level": 3, "name": "Pakouabo", "name1": null, "name2": null, "name3": null, "x_coord": -5.75541078, "y_coord": 7.12867872, "adm4_name": null, "adm4_name1": null, "adm4_name2": null, "adm4_name3": null, "adm4_pcode": null, "adm3_name": "Pakouabo", "adm3_name1": null, "adm3_name2": null, "adm3_name3": null, "adm3_pcode": "CI230105", "adm2_name": "Bouaflé", "adm2_name1": null, "adm2_name2": null, "adm2_name3": null, "adm2_pcode": "CI2301", "adm1_name": "Marahoue", "adm1_name1": null, "adm1_name2": null, "adm1_name3": null, "adm1_pcode": "CI23", "adm0_name": "Côte d'Ivoire", "adm0_name1": null, "adm0_name2": null, "adm0_name3": null, "adm0_pcode": "CI", "valid_on": "2018-07-06", "valid_to": null, "cod_version": "V_01", "lang": "fr", "lang1": null, "lang2": null, "lang3": null }, "geometry": { "type": "Point", "coordinates": [ -5.755410780999966, 7.128678718000174 ] } },
{ "type": "Feature", "properties": { "admin_level": 3, "name": "Papara", "name1": null, "name2": null, "name3": null, "x_coord": -6.3088787, "y_coord": 10.63607095, "adm4_name": null, "adm4_name1": null, "adm4_name2": null, "adm4_name3": null, "adm4_pcode": null, "adm3_name": "Papara", "adm3_name1": null, "adm3_name2": null, "adm3_name3": null, "adm3_pcode": "CI050304", "adm2_name": "Tengrela", "adm2_name1": null, "adm2_name2": null, "adm2_name3": null, "adm2_pcode": "CI0503", "adm1_name": "Bagoue", "adm1_name1": null, "adm1_name2": null, "adm1_name3": null, "adm1_pcode": "CI05", "adm0_name": "Côte d'Ivoire", "adm0_name1": null, "adm0_name2": null, "adm0_name3": null, "adm0_pcode": "CI", "valid_on": "2018-07-06", "valid_to": null, "cod_version": "V_01", "lang": "fr", "lang1": null, "lang2": null, "lang3": null }, "geometry": { "type": "Point", "coordinates": [ -6.308878696999898, 10.636070946000018 ] } },
{ "type": "Feature", "properties": { "admin_level": 3, "name": "Parc National de Bona", "name1": null, "name2": null, "name3": null, "x_coord": -3.53395154, "y_coord": 9.06162401, "adm4_name": null, "adm4_name1": null, "adm4_name2": null, "adm4_name3": null, "adm4_pcode": null, "adm3_name": "Parc National de Bona", "adm3_name1": null, "adm3_name2": null, "adm3_name3": null, "adm3_pcode": "CI080104", "adm2_name": "Bouna", "adm2_name1": null, "adm2_name2": null, "adm2_name3": null, "adm2_pcode": "CI0801", "adm1_name": "Bounkani", "adm1_name1": null, "adm1_name2": null, "adm1_name3": null, "adm1_pcode": "CI08", "adm0_name": "Côte d'Ivoire", "adm0_name1": null, "adm0_name2": null, "adm0_name3": null, "adm0_pcode": "CI", "valid_on": "2018-07-06", "valid_to": null, "cod_version": "V_01", "lang": "fr", "lang1": null, "lang2": null, "lang3": null }, "geometry": { "type": "Point", "coordinates": [ -3.533951542999887, 9.061624006999978 ] } },
{ "type": "Feature", "properties": { "admin_level": 3, "name": "Péhé", "name1": null, "name2": null, "name3": null, "x_coord": -8.26849434, "y_coord": 6.55299938, "adm4_name": null, "adm4_name1": null, "adm4_name2": null, "adm4_name3": null, "adm4_pcode": null, "adm3_name": "Péhé", "adm3_name1": null, "adm3_name2": null, "adm3_name3": null, "adm3_pcode": "CI090405", "adm2_name": "Toulepleu", "adm2_name1": null, "adm2_name2": null, "adm2_name3": null, "adm2_pcode": "CI0904", "adm1_name": "Cavally", "adm1_name1": null, "adm1_name2": null, "adm1_name3": null, "adm1_pcode": "CI09", "adm0_name": "Côte d'Ivoire", "adm0_name1": null, "adm0_name2": null, "adm0_name3": null, "adm0_pcode": "CI", "valid_on": "2018-07-06", "valid_to": null, "cod_version": "V_01", "lang": "fr", "lang1": null, "lang2": null, "lang3": null }, "geometry": { "type": "Point", "coordinates": [ -8.268494344999965, 6.552999383000099 ] } },
{ "type": "Feature", "properties": { "admin_level": 3, "name": "Pinda-Boroko", "name1": null, "name2": null, "name3": null, "x_coord": -2.81876411, "y_coord": 7.90740507, "adm4_name": null, "adm4_name1": null, "adm4_name2": null, "adm4_name3": null, "adm4_pcode": null, "adm3_name": "Pinda-Boroko", "adm3_name1": null, "adm3_name2": null, "adm3_name3": null, "adm3_pcode": "CI140106", "adm2_name": "Bondoukou", "adm2_name1": null, "adm2_name2": null, "adm2_name3": null, "adm2_pcode": "CI1401", "adm1_name": "Gontougo", "adm1_name1": null, "adm1_name2": null, "adm1_name3": null, "adm1_pcode": "CI14", "adm0_name": "Côte d'Ivoire", "adm0_name1": null, "adm0_name2": null, "adm0_name3": null, "adm0_pcode": "CI", "valid_on": "2018-07-06", "valid_to": null, "cod_version": "V_01", "lang": "fr", "lang1": null, "lang2": null, "lang3": null }, "geometry": { "type": "Point", "coordinates": [ -2.818764106999879, 7.907405066000081 ] } },
{ "type": "Feature", "properties": { "admin_level": 3, "name": "Podiagouiné", "name1": null, "name2": null, "name3": null, "x_coord": -7.79253159, "y_coord": 7.12465946, "adm4_name": null, "adm4_name1": null, "adm4_name2": null, "adm4_name3": null, "adm4_pcode": null, "adm3_name": "Podiagouiné", "adm3_name1": null, "adm3_name2": null, "adm3_name3": null, "adm3_pcode": "CI320306", "adm2_name": "Man", "adm2_name1": null, "adm2_name2": null, "adm2_name3": null, "adm2_pcode": "CI3203", "adm1_name": "Tonkpi", "adm1_name1": null, "adm1_name2": null, "adm1_name3": null, "adm1_pcode": "CI32", "adm0_name": "Côte d'Ivoire", "adm0_name1": null, "adm0_name2": null, "adm0_name3": null, "adm0_pcode": "CI", "valid_on": "2018-07-06", "valid_to": null, "cod_version": "V_01", "lang": "fr", "lang1": null, "lang2": null, "lang3": null }, "geometry": { "type": "Point", "coordinates": [ -7.792531585999939, 7.124659455000085 ] } },
{ "type": "Feature", "properties": { "admin_level": 3, "name": "Prikro", "name1": null, "name2": null, "name3": null, "x_coord": -4.02008432, "y_coord": 7.66864257, "adm4_name": null, "adm4_name1": null, "adm4_name2": null, "adm4_name3": null, "adm4_pcode": null, "adm3_name": "Prikro", "adm3_name1": null, "adm3_name2": null, "adm3_name3": null, "adm3_pcode": "CI190301", "adm2_name": "Prikro", "adm2_name1": null, "adm2_name2": null, "adm2_name3": null, "adm2_pcode": "CI1903", "adm1_name": "Iffou", "adm1_name1": null, "adm1_name2": null, "adm1_name3": null, "adm1_pcode": "CI19", "adm0_name": "Côte d'Ivoire", "adm0_name1": null, "adm0_name2": null, "adm0_name3": null, "adm0_pcode": "CI", "valid_on": "2018-07-06", "valid_to": null, "cod_version": "V_01", "lang": "fr", "lang1": null, "lang2": null, "lang3": null }, "geometry": { "type": "Point", "coordinates": [ -4.020084323999924, 7.668642572000181 ] } },
{ "type": "Feature", "properties": { "admin_level": 3, "name": "Raviart", "name1": null, "name2": null, "name3": null, "x_coord": -4.88520968, "y_coord": 7.47636982, "adm4_name": null, "adm4_name1": null, "adm4_name2": null, "adm4_name3": null, "adm4_pcode": null, "adm3_name": "Raviart", "adm3_name1": null, "adm3_name2": null, "adm3_name3": null, "adm3_pcode": "CI060104", "adm2_name": "Didievi", "adm2_name1": null, "adm2_name2": null, "adm2_name3": null, "adm2_pcode": "CI0601", "adm1_name": "Belier", "adm1_name1": null, "adm1_name2": null, "adm1_name3": null, "adm1_pcode": "CI06", "adm0_name": "Côte d'Ivoire", "adm0_name1": null, "adm0_name2": null, "adm0_name3": null, "adm0_pcode": "CI", "valid_on": "2018-07-06", "valid_to": null, "cod_version": "V_01", "lang": "fr", "lang1": null, "lang2": null, "lang3": null }, "geometry": { "type": "Point", "coordinates": [ -4.885209675999931, 7.476369824000187 ] } },
{ "type": "Feature", "properties": { "admin_level": 3, "name": "Rubino", "name1": null, "name2": null, "name3": null, "x_coord": -4.29756337, "y_coord": 6.10904463, "adm4_name": null, "adm4_name1": null, "adm4_name2": null, "adm4_name3": null, "adm4_pcode": null, "adm3_name": "Rubino", "adm3_name1": null, "adm3_name2": null, "adm3_name3": null, "adm3_pcode": "CI030111", "adm2_name": "Agboville", "adm2_name1": null, "adm2_name2": null, "adm2_name3": null, "adm2_pcode": "CI0301", "adm1_name": "Agneby-Tiassa", "adm1_name1": null, "adm1_name2": null, "adm1_name3": null, "adm1_pcode": "CI03", "adm0_name": "Côte d'Ivoire", "adm0_name1": null, "adm0_name2": null, "adm0_name3": null, "adm0_pcode": "CI", "valid_on": "2018-07-06", "valid_to": null, "cod_version": "V_01", "lang": "fr", "lang1": null, "lang2": null, "lang3": null }, "geometry": { "type": "Point", "coordinates": [ -4.297563370999967, 6.10904462700006 ] } },
{ "type": "Feature", "properties": { "admin_level": 3, "name": "Saboudougou", "name1": null, "name2": null, "name3": null, "x_coord": -8.13430585, "y_coord": 8.39643423, "adm4_name": null, "adm4_name1": null, "adm4_name2": null, "adm4_name3": null, "adm4_pcode": null, "adm3_name": "Saboudougou", "adm3_name1": null, "adm3_name2": null, "adm3_name3": null, "adm3_pcode": "CI040205", "adm2_name": "Ouaninou", "adm2_name1": null, "adm2_name2": null, "adm2_name3": null, "adm2_pcode": "CI0402", "adm1_name": "Bafing", "adm1_name1": null, "adm1_name2": null, "adm1_name3": null, "adm1_pcode": "CI04", "adm0_name": "Côte d'Ivoire", "adm0_name1": null, "adm0_name2": null, "adm0_name3": null, "adm0_pcode": "CI", "valid_on": "2018-07-06", "valid_to": null, "cod_version": "V_01", "lang": "fr", "lang1": null, "lang2": null, "lang3": null }, "geometry": { "type": "Point", "coordinates": [ -8.134305851999898, 8.396434230000125 ] } },
{ "type": "Feature", "properties": { "admin_level": 3, "name": "Sago", "name1": null, "name2": null, "name3": null, "x_coord": -5.84623876, "y_coord": 5.32263933, "adm4_name": null, "adm4_name1": null, "adm4_name2": null, "adm4_name3": null, "adm4_pcode": null, "adm3_name": "Sago", "adm3_name1": null, "adm3_name2": null, "adm3_name3": null, "adm3_pcode": "CI120206", "adm2_name": "Sassandra", "adm2_name1": null, "adm2_name2": null, "adm2_name3": null, "adm2_pcode": "CI1202", "adm1_name": "Gbokle", "adm1_name1": null, "adm1_name2": null, "adm1_name3": null, "adm1_pcode": "CI12", "adm0_name": "Côte d'Ivoire", "adm0_name1": null, "adm0_name2": null, "adm0_name3": null, "adm0_pcode": "CI", "valid_on": "2018-07-06", "valid_to": null, "cod_version": "V_01", "lang": "fr", "lang1": null, "lang2": null, "lang3": null }, "geometry": { "type": "Point", "coordinates": [ -5.846238761999871, 5.322639332999984 ] } },
{ "type": "Feature", "properties": { "admin_level": 3, "name": "Saïoua", "name1": null, "name2": null, "name3": null, "x_coord": -6.26177042, "y_coord": 6.50679685, "adm4_name": null, "adm4_name1": null, "adm4_name2": null, "adm4_name3": null, "adm4_pcode": null, "adm3_name": "Saïoua", "adm3_name1": null, "adm3_name2": null, "adm3_name3": null, "adm3_pcode": "CI180206", "adm2_name": "Issia", "adm2_name1": null, "adm2_name2": null, "adm2_name3": null, "adm2_pcode": "CI1802", "adm1_name": "Haut-Sassandra", "adm1_name1": null, "adm1_name2": null, "adm1_name3": null, "adm1_pcode": "CI18", "adm0_name": "Côte d'Ivoire", "adm0_name1": null, "adm0_name2": null, "adm0_name3": null, "adm0_pcode": "CI", "valid_on": "2018-07-06", "valid_to": null, "cod_version": "V_01", "lang": "fr", "lang1": null, "lang2": null, "lang3": null }, "geometry": { "type": "Point", "coordinates": [ -6.261770416999923, 6.506796851 ] } },
{ "type": "Feature", "properties": { "admin_level": 3, "name": "Sakassou", "name1": null, "name2": null, "name3": null, "x_coord": -5.33016692, "y_coord": 7.44189016, "adm4_name": null, "adm4_name1": null, "adm4_name2": null, "adm4_name3": null, "adm4_pcode": null, "adm3_name": "Sakassou", "adm3_name1": null, "adm3_name2": null, "adm3_name3": null, "adm3_pcode": "CI110401", "adm2_name": "Sakassou", "adm2_name1": null, "adm2_name2": null, "adm2_name3": null, "adm2_pcode": "CI1104", "adm1_name": "Gbeke", "adm1_name1": null, "adm1_name2": null, "adm1_name3": null, "adm1_pcode": "CI11", "adm0_name": "Côte d'Ivoire", "adm0_name1": null, "adm0_name2": null, "adm0_name3": null, "adm0_pcode": "CI", "valid_on": "2018-07-06", "valid_to": null, "cod_version": "V_01", "lang": "fr", "lang1": null, "lang2": null, "lang3": null }, "geometry": { "type": "Point", "coordinates": [ -5.330166918999964, 7.441890163000039 ] } },
{ "type": "Feature", "properties": { "admin_level": 3, "name": "Samango", "name1": null, "name2": null, "name3": null, "x_coord": -7.91573944, "y_coord": 9.73474093, "adm4_name": null, "adm4_name1": null, "adm4_name2": null, "adm4_name3": null, "adm4_pcode": null, "adm3_name": "Samango", "adm3_name1": null, "adm3_name2": null, "adm3_name3": null, "adm3_pcode": "CI210102", "adm2_name": "Gbeleban", "adm2_name1": null, "adm2_name2": null, "adm2_name3": null, "adm2_pcode": "CI2101", "adm1_name": "Kabadougou", "adm1_name1": null, "adm1_name2": null, "adm1_name3": null, "adm1_pcode": "CI21", "adm0_name": "Côte d'Ivoire", "adm0_name1": null, "adm0_name2": null, "adm0_name3": null, "adm0_pcode": "CI", "valid_on": "2018-07-06", "valid_to": null, "cod_version": "V_01", "lang": "fr", "lang1": null, "lang2": null, "lang3": null }, "geometry": { "type": "Point", "coordinates": [ -7.915739438999935, 9.734740929 ] } },
{ "type": "Feature", "properties": { "admin_level": 3, "name": "Samanza", "name1": null, "name2": null, "name3": null, "x_coord": -3.60564312, "y_coord": 7.41856484, "adm4_name": null, "adm4_name1": null, "adm4_name2": null, "adm4_name3": null, "adm4_pcode": null, "adm3_name": "Samanza", "adm3_name1": null, "adm3_name2": null, "adm3_name3": null, "adm3_pcode": "CI190107", "adm2_name": "Daoukro", "adm2_name1": null, "adm2_name2": null, "adm2_name3": null, "adm2_pcode": "CI1901", "adm1_name": "Iffou", "adm1_name1": null, "adm1_name2": null, "adm1_name3": null, "adm1_pcode": "CI19", "adm0_name": "Côte d'Ivoire", "adm0_name1": null, "adm0_name2": null, "adm0_name3": null, "adm0_pcode": "CI", "valid_on": "2018-07-06", "valid_to": null, "cod_version": "V_01", "lang": "fr", "lang1": null, "lang2": null, "lang3": null }, "geometry": { "type": "Point", "coordinates": [ -3.605643123999869, 7.418564835000097 ] } },
{ "type": "Feature", "properties": { "admin_level": 3, "name": "Samatiguila", "name1": null, "name2": null, "name3": null, "x_coord": -7.60896436, "y_coord": 9.87957633, "adm4_name": null, "adm4_name1": null, "adm4_name2": null, "adm4_name3": null, "adm4_pcode": null, "adm3_name": "Samatiguila", "adm3_name1": null, "adm3_name2": null, "adm3_name3": null, "adm3_pcode": "CI210401", "adm2_name": "Samatiguila", "adm2_name1": null, "adm2_name2": null, "adm2_name3": null, "adm2_pcode": "CI2104", "adm1_name": "Kabadougou", "adm1_name1": null, "adm1_name2": null, "adm1_name3": null, "adm1_pcode": "CI21", "adm0_name": "Côte d'Ivoire", "adm0_name1": null, "adm0_name2": null, "adm0_name3": null, "adm0_pcode": "CI", "valid_on": "2018-07-06", "valid_to": null, "cod_version": "V_01", "lang": "fr", "lang1": null, "lang2": null, "lang3": null }, "geometry": { "type": "Point", "coordinates": [ -7.608964360999948, 9.879576333999978 ] } },
{ "type": "Feature", "properties": { "admin_level": 3, "name": "San-Pédro", "name1": null, "name2": null, "name3": null, "x_coord": -6.60393142, "y_coord": 4.82022685, "adm4_name": null, "adm4_name1": null, "adm4_name2": null, "adm4_name3": null, "adm4_pcode": null, "adm3_name": "San-Pédro", "adm3_name1": null, "adm3_name2": null, "adm3_name3": null, "adm3_pcode": "CI290101", "adm2_name": "San Pédro", "adm2_name1": null, "adm2_name2": null, "adm2_name3": null, "adm2_pcode": "CI2901", "adm1_name": "San Pedro", "adm1_name1": null, "adm1_name2": null, "adm1_name3": null, "adm1_pcode": "CI29", "adm0_name": "Côte d'Ivoire", "adm0_name1": null, "adm0_name2": null, "adm0_name3": null, "adm0_pcode": "CI", "valid_on": "2018-07-06", "valid_to": null, "cod_version": "V_01", "lang": "fr", "lang1": null, "lang2": null, "lang3": null }, "geometry": { "type": "Point", "coordinates": [ -6.60393142199996, 4.82022685000004 ] } },
{ "type": "Feature", "properties": { "admin_level": 3, "name": "Sandégué", "name1": null, "name2": null, "name3": null, "x_coord": -3.57974237, "y_coord": 8.10317089, "adm4_name": null, "adm4_name1": null, "adm4_name2": null, "adm4_name3": null, "adm4_pcode": null, "adm3_name": "Sandégué", "adm3_name1": null, "adm3_name2": null, "adm3_name3": null, "adm3_pcode": "CI140301", "adm2_name": "Sandegue", "adm2_name1": null, "adm2_name2": null, "adm2_name3": null, "adm2_pcode": "CI1403", "adm1_name": "Gontougo", "adm1_name1": null, "adm1_name2": null, "adm1_name3": null, "adm1_pcode": "CI14", "adm0_name": "Côte d'Ivoire", "adm0_name1": null, "adm0_name2": null, "adm0_name3": null, "adm0_pcode": "CI", "valid_on": "2018-07-06", "valid_to": null, "cod_version": "V_01", "lang": "fr", "lang1": null, "lang2": null, "lang3": null }, "geometry": { "type": "Point", "coordinates": [ -3.579742366999938, 8.103170892000094 ] } },
{ "type": "Feature", "properties": { "admin_level": 3, "name": "Sandougou-Soba", "name1": null, "name2": null, "name3": null, "x_coord": -7.52510133, "y_coord": 7.58389515, "adm4_name": null, "adm4_name1": null, "adm4_name2": null, "adm4_name3": null, "adm4_pcode": null, "adm3_name": "Sandougou-Soba", "adm3_name1": null, "adm3_name2": null, "adm3_name3": null, "adm3_pcode": "CI320307", "adm2_name": "Man", "adm2_name1": null, "adm2_name2": null, "adm2_name3": null, "adm2_pcode": "CI3203", "adm1_name": "Tonkpi", "adm1_name1": null, "adm1_name2": null, "adm1_name3": null, "adm1_pcode": "CI32", "adm0_name": "Côte d'Ivoire", "adm0_name1": null, "adm0_name2": null, "adm0_name3": null, "adm0_pcode": "CI", "valid_on": "2018-07-06", "valid_to": null, "cod_version": "V_01", "lang": "fr", "lang1": null, "lang2": null, "lang3": null }, "geometry": { "type": "Point", "coordinates": [ -7.525101326999902, 7.583895154000118 ] } },
{ "type": "Feature", "properties": { "admin_level": 3, "name": "Sangouiné", "name1": null, "name2": null, "name3": null, "x_coord": -7.85718696, "y_coord": 7.3699031, "adm4_name": null, "adm4_name1": null, "adm4_name2": null, "adm4_name3": null, "adm4_pcode": null, "adm3_name": "Sangouiné", "adm3_name1": null, "adm3_name2": null, "adm3_name3": null, "adm3_pcode": "CI320308", "adm2_name": "Man", "adm2_name1": null, "adm2_name2": null, "adm2_name3": null, "adm2_pcode": "CI3203", "adm1_name": "Tonkpi", "adm1_name1": null, "adm1_name2": null, "adm1_name3": null, "adm1_pcode": "CI32", "adm0_name": "Côte d'Ivoire", "adm0_name1": null, "adm0_name2": null, "adm0_name3": null, "adm0_pcode": "CI", "valid_on": "2018-07-06", "valid_to": null, "cod_version": "V_01", "lang": "fr", "lang1": null, "lang2": null, "lang3": null }, "geometry": { "type": "Point", "coordinates": [ -7.857186962999947, 7.36990309600003 ] } },
{ "type": "Feature", "properties": { "admin_level": 3, "name": "Santa", "name1": null, "name2": null, "name3": null, "x_coord": -8.10031722, "y_coord": 8.25944651, "adm4_name": null, "adm4_name1": null, "adm4_name2": null, "adm4_name3": null, "adm4_pcode": null, "adm3_name": "Santa", "adm3_name1": null, "adm3_name2": null, "adm3_name3": null, "adm3_pcode": "CI040206", "adm2_name": "Ouaninou", "adm2_name1": null, "adm2_name2": null, "adm2_name3": null, "adm2_pcode": "CI0402", "adm1_name": "Bafing", "adm1_name1": null, "adm1_name2": null, "adm1_name3": null, "adm1_pcode": "CI04", "adm0_name": "Côte d'Ivoire", "adm0_name1": null, "adm0_name2": null, "adm0_name3": null, "adm0_pcode": "CI", "valid_on": "2018-07-06", "valid_to": null, "cod_version": "V_01", "lang": "fr", "lang1": null, "lang2": null, "lang3": null }, "geometry": { "type": "Point", "coordinates": [ -8.100317222999934, 8.259446511000021 ] } },
{ "type": "Feature", "properties": { "admin_level": 3, "name": "Santa", "name1": null, "name2": null, "name3": null, "x_coord": -7.89963924, "y_coord": 7.55272696, "adm4_name": null, "adm4_name1": null, "adm4_name2": null, "adm4_name3": null, "adm4_pcode": null, "adm3_name": "Santa", "adm3_name1": null, "adm3_name2": null, "adm3_name3": null, "adm3_pcode": "CI320107", "adm2_name": "Biankouma", "adm2_name1": null, "adm2_name2": null, "adm2_name3": null, "adm2_pcode": "CI3201", "adm1_name": "Tonkpi", "adm1_name1": null, "adm1_name2": null, "adm1_name3": null, "adm1_pcode": "CI32", "adm0_name": "Côte d'Ivoire", "adm0_name1": null, "adm0_name2": null, "adm0_name3": null, "adm0_pcode": "CI", "valid_on": "2018-07-06", "valid_to": null, "cod_version": "V_01", "lang": "fr", "lang1": null, "lang2": null, "lang3": null }, "geometry": { "type": "Point", "coordinates": [ -7.899639237999963, 7.552726958 ] } },
{ "type": "Feature", "properties": { "admin_level": 3, "name": "Sapli-Sépingo", "name1": null, "name2": null, "name3": null, "x_coord": -3.0438925, "y_coord": 8.17437309, "adm4_name": null, "adm4_name1": null, "adm4_name2": null, "adm4_name3": null, "adm4_pcode": null, "adm3_name": "Sapli-Sépingo", "adm3_name1": null, "adm3_name2": null, "adm3_name3": null, "adm3_pcode": "CI140107", "adm2_name": "Bondoukou", "adm2_name1": null, "adm2_name2": null, "adm2_name3": null, "adm2_pcode": "CI1401", "adm1_name": "Gontougo", "adm1_name1": null, "adm1_name2": null, "adm1_name3": null, "adm1_pcode": "CI14", "adm0_name": "Côte d'Ivoire", "adm0_name1": null, "adm0_name2": null, "adm0_name3": null, "adm0_pcode": "CI", "valid_on": "2018-07-06", "valid_to": null, "cod_version": "V_01", "lang": "fr", "lang1": null, "lang2": null, "lang3": null }, "geometry": { "type": "Point", "coordinates": [ -3.043892500999959, 8.174373091 ] } },
{ "type": "Feature", "properties": { "admin_level": 3, "name": "Sarhala", "name1": null, "name2": null, "name3": null, "x_coord": -6.14493872, "y_coord": 8.47192312, "adm4_name": null, "adm4_name1": null, "adm4_name2": null, "adm4_name3": null, "adm4_pcode": null, "adm3_name": "Sarhala", "adm3_name1": null, "adm3_name2": null, "adm3_name3": null, "adm3_pcode": "CI070304", "adm2_name": "Mankono", "adm2_name1": null, "adm2_name2": null, "adm2_name3": null, "adm2_pcode": "CI0703", "adm1_name": "Bere", "adm1_name1": null, "adm1_name2": null, "adm1_name3": null, "adm1_pcode": "CI07", "adm0_name": "Côte d'Ivoire", "adm0_name1": null, "adm0_name2": null, "adm0_name3": null, "adm0_pcode": "CI", "valid_on": "2018-07-06", "valid_to": null, "cod_version": "V_01", "lang": "fr", "lang1": null, "lang2": null, "lang3": null }, "geometry": { "type": "Point", "coordinates": [ -6.144938722999882, 8.471923116000085 ] } },
{ "type": "Feature", "properties": { "admin_level": 3, "name": "Sassandra", "name1": null, "name2": null, "name3": null, "x_coord": -6.15954524, "y_coord": 4.9921385, "adm4_name": null, "adm4_name1": null, "adm4_name2": null, "adm4_name3": null, "adm4_pcode": null, "adm3_name": "Sassandra", "adm3_name1": null, "adm3_name2": null, "adm3_name3": null, "adm3_pcode": "CI120201", "adm2_name": "Sassandra", "adm2_name1": null, "adm2_name2": null, "adm2_name3": null, "adm2_pcode": "CI1202", "adm1_name": "Gbokle", "adm1_name1": null, "adm1_name2": null, "adm1_name3": null, "adm1_pcode": "CI12", "adm0_name": "Côte d'Ivoire", "adm0_name1": null, "adm0_name2": null, "adm0_name3": null, "adm0_pcode": "CI", "valid_on": "2018-07-06", "valid_to": null, "cod_version": "V_01", "lang": "fr", "lang1": null, "lang2": null, "lang3": null }, "geometry": { "type": "Point", "coordinates": [ -6.159545235999815, 4.992138496000109 ] } },
{ "type": "Feature", "properties": { "admin_level": 3, "name": "Satama-Sokoro", "name1": null, "name2": null, "name3": null, "x_coord": -4.54848151, "y_coord": 8.01666105, "adm4_name": null, "adm4_name1": null, "adm4_name2": null, "adm4_name3": null, "adm4_pcode": null, "adm3_name": "Satama-Sokoro", "adm3_name1": null, "adm3_name2": null, "adm3_name3": null, "adm3_pcode": "CI170106", "adm2_name": "Dabakala", "adm2_name1": null, "adm2_name2": null, "adm2_name3": null, "adm2_pcode": "CI1701", "adm1_name": "Hambol", "adm1_name1": null, "adm1_name2": null, "adm1_name3": null, "adm1_pcode": "CI17", "adm0_name": "Côte d'Ivoire", "adm0_name1": null, "adm0_name2": null, "adm0_name3": null, "adm0_pcode": "CI", "valid_on": "2018-07-06", "valid_to": null, "cod_version": "V_01", "lang": "fr", "lang1": null, "lang2": null, "lang3": null }, "geometry": { "type": "Point", "coordinates": [ -4.54848151199991, 8.01666104800006 ] } },
{ "type": "Feature", "properties": { "admin_level": 3, "name": "Satama-Sokoura", "name1": null, "name2": null, "name3": null, "x_coord": -4.37437592, "y_coord": 7.96522539, "adm4_name": null, "adm4_name1": null, "adm4_name2": null, "adm4_name3": null, "adm4_pcode": null, "adm3_name": "Satama-Sokoura", "adm3_name1": null, "adm3_name2": null, "adm3_name3": null, "adm3_pcode": "CI170107", "adm2_name": "Dabakala", "adm2_name1": null, "adm2_name2": null, "adm2_name3": null, "adm2_pcode": "CI1701", "adm1_name": "Hambol", "adm1_name1": null, "adm1_name2": null, "adm1_name3": null, "adm1_pcode": "CI17", "adm0_name": "Côte d'Ivoire", "adm0_name1": null, "adm0_name2": null, "adm0_name3": null, "adm0_pcode": "CI", "valid_on": "2018-07-06", "valid_to": null, "cod_version": "V_01", "lang": "fr", "lang1": null, "lang2": null, "lang3": null }, "geometry": { "type": "Point", "coordinates": [ -4.374375914999973, 7.965225392999969 ] } },
{ "type": "Feature", "properties": { "admin_level": 3, "name": "Sédiogo", "name1": null, "name2": null, "name3": null, "x_coord": -5.4758819, "y_coord": 9.53351223, "adm4_name": null, "adm4_name1": null, "adm4_name2": null, "adm4_name3": null, "adm4_pcode": null, "adm3_name": "Sédiogo", "adm3_name1": null, "adm3_name2": null, "adm3_name3": null, "adm3_pcode": "CI280404", "adm2_name": "Sinématiali", "adm2_name1": null, "adm2_name2": null, "adm2_name3": null, "adm2_pcode": "CI2804", "adm1_name": "Poro", "adm1_name1": null, "adm1_name2": null, "adm1_name3": null, "adm1_pcode": "CI28", "adm0_name": "Côte d'Ivoire", "adm0_name1": null, "adm0_name2": null, "adm0_name3": null, "adm0_pcode": "CI", "valid_on": "2018-07-06", "valid_to": null, "cod_version": "V_01", "lang": "fr", "lang1": null, "lang2": null, "lang3": null }, "geometry": { "type": "Point", "coordinates": [ -5.475881896999908, 9.533512227000074 ] } },
{ "type": "Feature", "properties": { "admin_level": 3, "name": "Séguéla", "name1": null, "name2": null, "name3": null, "x_coord": -6.68295881, "y_coord": 7.91478026, "adm4_name": null, "adm4_name1": null, "adm4_name2": null, "adm4_name3": null, "adm4_pcode": null, "adm3_name": "Séguéla", "adm3_name1": null, "adm3_name2": null, "adm3_name3": null, "adm3_pcode": "CI330201", "adm2_name": "Séguéla", "adm2_name1": null, "adm2_name2": null, "adm2_name3": null, "adm2_pcode": "CI3302", "adm1_name": "Worodougou", "adm1_name1": null, "adm1_name2": null, "adm1_name3": null, "adm1_pcode": "CI33", "adm0_name": "Côte d'Ivoire", "adm0_name1": null, "adm0_name2": null, "adm0_name3": null, "adm0_pcode": "CI", "valid_on": "2018-07-06", "valid_to": null, "cod_version": "V_01", "lang": "fr", "lang1": null, "lang2": null, "lang3": null }, "geometry": { "type": "Point", "coordinates": [ -6.682958809999946, 7.914780258000121 ] } },
{ "type": "Feature", "properties": { "admin_level": 3, "name": "Séguélon", "name1": null, "name2": null, "name3": null, "x_coord": -7.14970993, "y_coord": 9.37142173, "adm4_name": null, "adm4_name1": null, "adm4_name2": null, "adm4_name3": null, "adm4_pcode": null, "adm3_name": "Séguélon", "adm3_name1": null, "adm3_name2": null, "adm3_name3": null, "adm3_pcode": "CI210501", "adm2_name": "Séguélon", "adm2_name1": null, "adm2_name2": null, "adm2_name3": null, "adm2_pcode": "CI2105", "adm1_name": "Kabadougou", "adm1_name1": null, "adm1_name2": null, "adm1_name3": null, "adm1_pcode": "CI21", "adm0_name": "Côte d'Ivoire", "adm0_name1": null, "adm0_name2": null, "adm0_name3": null, "adm0_pcode": "CI", "valid_on": "2018-07-06", "valid_to": null, "cod_version": "V_01", "lang": "fr", "lang1": null, "lang2": null, "lang3": null }, "geometry": { "type": "Point", "coordinates": [ -7.149709933999929, 9.371421730000066 ] } },
{ "type": "Feature", "properties": { "admin_level": 3, "name": "Seileu", "name1": null, "name2": null, "name3": null, "x_coord": -8.19264608, "y_coord": 7.12688276, "adm4_name": null, "adm4_name1": null, "adm4_name2": null, "adm4_name3": null, "adm4_pcode": null, "adm3_name": "Seileu", "adm3_name1": null, "adm3_name2": null, "adm3_name3": null, "adm3_pcode": "CI320206", "adm2_name": "Danané", "adm2_name1": null, "adm2_name2": null, "adm2_name3": null, "adm2_pcode": "CI3202", "adm1_name": "Tonkpi", "adm1_name1": null, "adm1_name2": null, "adm1_name3": null, "adm1_pcode": "CI32", "adm0_name": "Côte d'Ivoire", "adm0_name1": null, "adm0_name2": null, "adm0_name3": null, "adm0_pcode": "CI", "valid_on": "2018-07-06", "valid_to": null, "cod_version": "V_01", "lang": "fr", "lang1": null, "lang2": null, "lang3": null }, "geometry": { "type": "Point", "coordinates": [ -8.192646077999939, 7.126882759000182 ] } },
{ "type": "Feature", "properties": { "admin_level": 3, "name": "Seitifla", "name1": null, "name2": null, "name3": null, "x_coord": -6.80441876, "y_coord": 7.5312517, "adm4_name": null, "adm4_name1": null, "adm4_name2": null, "adm4_name3": null, "adm4_pcode": null, "adm3_name": "Seitifla", "adm3_name1": null, "adm3_name2": null, "adm3_name3": null, "adm3_pcode": "CI180306", "adm2_name": "Vavoua", "adm2_name1": null, "adm2_name2": null, "adm2_name3": null, "adm2_pcode": "CI1803", "adm1_name": "Haut-Sassandra", "adm1_name1": null, "adm1_name2": null, "adm1_name3": null, "adm1_pcode": "CI18", "adm0_name": "Côte d'Ivoire", "adm0_name1": null, "adm0_name2": null, "adm0_name3": null, "adm0_pcode": "CI", "valid_on": "2018-07-06", "valid_to": null, "cod_version": "V_01", "lang": "fr", "lang1": null, "lang2": null, "lang3": null }, "geometry": { "type": "Point", "coordinates": [ -6.80441875799994, 7.531251699000109 ] } },
{ "type": "Feature", "properties": { "admin_level": 3, "name": "Sémien", "name1": null, "name2": null, "name3": null, "x_coord": -7.09072016, "y_coord": 7.56444257, "adm4_name": null, "adm4_name1": null, "adm4_name2": null, "adm4_name3": null, "adm4_pcode": null, "adm3_name": "Sémien", "adm3_name1": null, "adm3_name2": null, "adm3_name3": null, "adm3_pcode": "CI160304", "adm2_name": "Facobly", "adm2_name1": null, "adm2_name2": null, "adm2_name3": null, "adm2_pcode": "CI1603", "adm1_name": "Guemon", "adm1_name1": null, "adm1_name2": null, "adm1_name3": null, "adm1_pcode": "CI16", "adm0_name": "Côte d'Ivoire", "adm0_name1": null, "adm0_name2": null, "adm0_name3": null, "adm0_pcode": "CI", "valid_on": "2018-07-06", "valid_to": null, "cod_version": "V_01", "lang": "fr", "lang1": null, "lang2": null, "lang3": null }, "geometry": { "type": "Point", "coordinates": [ -7.090720160999979, 7.564442571000086 ] } },
{ "type": "Feature", "properties": { "admin_level": 3, "name": "Sérihio", "name1": null, "name2": null, "name3": null, "x_coord": -6.16863336, "y_coord": 5.85249066, "adm4_name": null, "adm4_name1": null, "adm4_name2": null, "adm4_name3": null, "adm4_pcode": null, "adm3_name": "Sérihio", "adm3_name1": null, "adm3_name2": null, "adm3_name3": null, "adm3_pcode": "CI130111", "adm2_name": "Gagnoa", "adm2_name1": null, "adm2_name2": null, "adm2_name3": null, "adm2_pcode": "CI1301", "adm1_name": "Goh", "adm1_name1": null, "adm1_name2": null, "adm1_name3": null, "adm1_pcode": "CI13", "adm0_name": "Côte d'Ivoire", "adm0_name1": null, "adm0_name2": null, "adm0_name3": null, "adm0_pcode": "CI", "valid_on": "2018-07-06", "valid_to": null, "cod_version": "V_01", "lang": "fr", "lang1": null, "lang2": null, "lang3": null }, "geometry": { "type": "Point", "coordinates": [ -6.168633360999934, 5.852490664000072 ] } },
{ "type": "Feature", "properties": { "admin_level": 3, "name": "Seydougou", "name1": null, "name2": null, "name3": null, "x_coord": -7.9259668, "y_coord": 9.51604241, "adm4_name": null, "adm4_name1": null, "adm4_name2": null, "adm4_name3": null, "adm4_pcode": null, "adm3_name": "Seydougou", "adm3_name1": null, "adm3_name2": null, "adm3_name3": null, "adm3_pcode": "CI210103", "adm2_name": "Gbeleban", "adm2_name1": null, "adm2_name2": null, "adm2_name3": null, "adm2_pcode": "CI2101", "adm1_name": "Kabadougou", "adm1_name1": null, "adm1_name2": null, "adm1_name3": null, "adm1_pcode": "CI21", "adm0_name": "Côte d'Ivoire", "adm0_name1": null, "adm0_name2": null, "adm0_name3": null, "adm0_pcode": "CI", "valid_on": "2018-07-06", "valid_to": null, "cod_version": "V_01", "lang": "fr", "lang1": null, "lang2": null, "lang3": null }, "geometry": { "type": "Point", "coordinates": [ -7.925966800999902, 9.516042408000089 ] } },
{ "type": "Feature", "properties": { "admin_level": 3, "name": "Sianhala", "name1": null, "name2": null, "name3": null, "x_coord": -6.78419196, "y_coord": 9.99205485, "adm4_name": null, "adm4_name1": null, "adm4_name2": null, "adm4_name3": null, "adm4_pcode": null, "adm3_name": "Sianhala", "adm3_name1": null, "adm3_name2": null, "adm3_name3": null, "adm3_pcode": "CI050205", "adm2_name": "Kouto", "adm2_name1": null, "adm2_name2": null, "adm2_name3": null, "adm2_pcode": "CI0502", "adm1_name": "Bagoue", "adm1_name1": null, "adm1_name2": null, "adm1_name3": null, "adm1_pcode": "CI05", "adm0_name": "Côte d'Ivoire", "adm0_name1": null, "adm0_name2": null, "adm0_name3": null, "adm0_pcode": "CI", "valid_on": "2018-07-06", "valid_to": null, "cod_version": "V_01", "lang": "fr", "lang1": null, "lang2": null, "lang3": null }, "geometry": { "type": "Point", "coordinates": [ -6.78419195999993, 9.992054849999988 ] } },
{ "type": "Feature", "properties": { "admin_level": 3, "name": "Siempurgo", "name1": null, "name2": null, "name3": null, "x_coord": -6.28438815, "y_coord": 9.55006214, "adm4_name": null, "adm4_name1": null, "adm4_name2": null, "adm4_name3": null, "adm4_pcode": null, "adm3_name": "Siempurgo", "adm3_name1": null, "adm3_name2": null, "adm3_name3": null, "adm3_pcode": "CI050105", "adm2_name": "Boundiali", "adm2_name1": null, "adm2_name2": null, "adm2_name3": null, "adm2_pcode": "CI0501", "adm1_name": "Bagoue", "adm1_name1": null, "adm1_name2": null, "adm1_name3": null, "adm1_pcode": "CI05", "adm0_name": "Côte d'Ivoire", "adm0_name1": null, "adm0_name2": null, "adm0_name3": null, "adm0_pcode": "CI", "valid_on": "2018-07-06", "valid_to": null, "cod_version": "V_01", "lang": "fr", "lang1": null, "lang2": null, "lang3": null }, "geometry": { "type": "Point", "coordinates": [ -6.284388145999912, 9.55006214000008 ] } },
{ "type": "Feature", "properties": { "admin_level": 3, "name": "Sifié", "name1": null, "name2": null, "name3": null, "x_coord": -6.94311588, "y_coord": 7.98650278, "adm4_name": null, "adm4_name1": null, "adm4_name2": null, "adm4_name3": null, "adm4_pcode": null, "adm3_name": "Sifié", "adm3_name1": null, "adm3_name2": null, "adm3_name3": null, "adm3_pcode": "CI330206", "adm2_name": "Séguéla", "adm2_name1": null, "adm2_name2": null, "adm2_name3": null, "adm2_pcode": "CI3302", "adm1_name": "Worodougou", "adm1_name1": null, "adm1_name2": null, "adm1_name3": null, "adm1_pcode": "CI33", "adm0_name": "Côte d'Ivoire", "adm0_name1": null, "adm0_name2": null, "adm0_name3": null, "adm0_pcode": "CI", "valid_on": "2018-07-06", "valid_to": null, "cod_version": "V_01", "lang": "fr", "lang1": null, "lang2": null, "lang3": null }, "geometry": { "type": "Point", "coordinates": [ -6.943115875999979, 7.986502780000023 ] } },
{ "type": "Feature", "properties": { "admin_level": 3, "name": "Sikensi", "name1": null, "name2": null, "name3": null, "x_coord": -4.59476518, "y_coord": 5.64314724, "adm4_name": null, "adm4_name1": null, "adm4_name2": null, "adm4_name3": null, "adm4_pcode": null, "adm3_name": "Sikensi", "adm3_name1": null, "adm3_name2": null, "adm3_name3": null, "adm3_pcode": "CI030201", "adm2_name": "Sikensi", "adm2_name1": null, "adm2_name2": null, "adm2_name3": null, "adm2_pcode": "CI0302", "adm1_name": "Agneby-Tiassa", "adm1_name1": null, "adm1_name2": null, "adm1_name3": null, "adm1_pcode": "CI03", "adm0_name": "Côte d'Ivoire", "adm0_name1": null, "adm0_name2": null, "adm0_name3": null, "adm0_pcode": "CI", "valid_on": "2018-07-06", "valid_to": null, "cod_version": "V_01", "lang": "fr", "lang1": null, "lang2": null, "lang3": null }, "geometry": { "type": "Point", "coordinates": [ -4.594765176999886, 5.643147243000044 ] } },
{ "type": "Feature", "properties": { "admin_level": 3, "name": "Sikolo", "name1": null, "name2": null, "name3": null, "x_coord": -4.53059769, "y_coord": 9.50540914, "adm4_name": null, "adm4_name1": null, "adm4_name2": null, "adm4_name3": null, "adm4_pcode": null, "adm3_name": "Sikolo", "adm3_name1": null, "adm3_name2": null, "adm3_name3": null, "adm3_pcode": "CI310204", "adm2_name": "Kong", "adm2_name1": null, "adm2_name2": null, "adm2_name3": null, "adm2_pcode": "CI3102", "adm1_name": "Tchologo", "adm1_name1": null, "adm1_name2": null, "adm1_name3": null, "adm1_pcode": "CI31", "adm0_name": "Côte d'Ivoire", "adm0_name1": null, "adm0_name2": null, "adm0_name3": null, "adm0_pcode": "CI", "valid_on": "2018-07-06", "valid_to": null, "cod_version": "V_01", "lang": "fr", "lang1": null, "lang2": null, "lang3": null }, "geometry": { "type": "Point", "coordinates": [ -4.530597688999933, 9.50540914100003 ] } },
{ "type": "Feature", "properties": { "admin_level": 3, "name": "Sinématiali", "name1": null, "name2": null, "name3": null, "x_coord": -5.3890661, "y_coord": 9.57889984, "adm4_name": null, "adm4_name1": null, "adm4_name2": null, "adm4_name3": null, "adm4_pcode": null, "adm3_name": "Sinématiali", "adm3_name1": null, "adm3_name2": null, "adm3_name3": null, "adm3_pcode": "CI280401", "adm2_name": "Sinématiali", "adm2_name1": null, "adm2_name2": null, "adm2_name3": null, "adm2_pcode": "CI2804", "adm1_name": "Poro", "adm1_name1": null, "adm1_name2": null, "adm1_name3": null, "adm1_pcode": "CI28", "adm0_name": "Côte d'Ivoire", "adm0_name1": null, "adm0_name2": null, "adm0_name3": null, "adm0_pcode": "CI", "valid_on": "2018-07-06", "valid_to": null, "cod_version": "V_01", "lang": "fr", "lang1": null, "lang2": null, "lang3": null }, "geometry": { "type": "Point", "coordinates": [ -5.389066096999954, 9.57889983900003 ] } },
{ "type": "Feature", "properties": { "admin_level": 3, "name": "Sinfra", "name1": null, "name2": null, "name3": null, "x_coord": -5.87099916, "y_coord": 6.65063667, "adm4_name": null, "adm4_name1": null, "adm4_name2": null, "adm4_name3": null, "adm4_pcode": null, "adm3_name": "Sinfra", "adm3_name1": null, "adm3_name2": null, "adm3_name3": null, "adm3_pcode": "CI230201", "adm2_name": "Sinfra", "adm2_name1": null, "adm2_name2": null, "adm2_name3": null, "adm2_pcode": "CI2302", "adm1_name": "Marahoue", "adm1_name1": null, "adm1_name2": null, "adm1_name3": null, "adm1_pcode": "CI23", "adm0_name": "Côte d'Ivoire", "adm0_name1": null, "adm0_name2": null, "adm0_name3": null, "adm0_pcode": "CI", "valid_on": "2018-07-06", "valid_to": null, "cod_version": "V_01", "lang": "fr", "lang1": null, "lang2": null, "lang3": null }, "geometry": { "type": "Point", "coordinates": [ -5.870999163999898, 6.65063667000004 ] } },
{ "type": "Feature", "properties": { "admin_level": 3, "name": "Sipilou", "name1": null, "name2": null, "name3": null, "x_coord": -8.02113054, "y_coord": 7.8896624, "adm4_name": null, "adm4_name1": null, "adm4_name2": null, "adm4_name3": null, "adm4_pcode": null, "adm3_name": "Sipilou", "adm3_name1": null, "adm3_name2": null, "adm3_name3": null, "adm3_pcode": "CI320401", "adm2_name": "Sipilou", "adm2_name1": null, "adm2_name2": null, "adm2_name3": null, "adm2_pcode": "CI3204", "adm1_name": "Tonkpi", "adm1_name1": null, "adm1_name2": null, "adm1_name3": null, "adm1_pcode": "CI32", "adm0_name": "Côte d'Ivoire", "adm0_name1": null, "adm0_name2": null, "adm0_name3": null, "adm0_pcode": "CI", "valid_on": "2018-07-06", "valid_to": null, "cod_version": "V_01", "lang": "fr", "lang1": null, "lang2": null, "lang3": null }, "geometry": { "type": "Point", "coordinates": [ -8.021130543999902, 7.889662401000123 ] } },
{ "type": "Feature", "properties": { "admin_level": 3, "name": "Sirasso", "name1": null, "name2": null, "name3": null, "x_coord": -6.07498816, "y_coord": 9.24246274, "adm4_name": null, "adm4_name1": null, "adm4_name2": null, "adm4_name3": null, "adm4_pcode": null, "adm3_name": "Sirasso", "adm3_name1": null, "adm3_name2": null, "adm3_name3": null, "adm3_pcode": "CI280214", "adm2_name": "Korhogo", "adm2_name1": null, "adm2_name2": null, "adm2_name3": null, "adm2_pcode": "CI2802", "adm1_name": "Poro", "adm1_name1": null, "adm1_name2": null, "adm1_name3": null, "adm1_pcode": "CI28", "adm0_name": "Côte d'Ivoire", "adm0_name1": null, "adm0_name2": null, "adm0_name3": null, "adm0_pcode": "CI", "valid_on": "2018-07-06", "valid_to": null, "cod_version": "V_01", "lang": "fr", "lang1": null, "lang2": null, "lang3": null }, "geometry": { "type": "Point", "coordinates": [ -6.074988162999887, 9.242462737000039 ] } },
{ "type": "Feature", "properties": { "admin_level": 3, "name": "Sohouo", "name1": null, "name2": null, "name3": null, "x_coord": -5.6499784, "y_coord": 9.65923639, "adm4_name": null, "adm4_name1": null, "adm4_name2": null, "adm4_name3": null, "adm4_pcode": null, "adm3_name": "Sohouo", "adm3_name1": null, "adm3_name2": null, "adm3_name3": null, "adm3_pcode": "CI280215", "adm2_name": "Korhogo", "adm2_name1": null, "adm2_name2": null, "adm2_name3": null, "adm2_pcode": "CI2802", "adm1_name": "Poro", "adm1_name1": null, "adm1_name2": null, "adm1_name3": null, "adm1_pcode": "CI28", "adm0_name": "Côte d'Ivoire", "adm0_name1": null, "adm0_name2": null, "adm0_name3": null, "adm0_pcode": "CI", "valid_on": "2018-07-06", "valid_to": null, "cod_version": "V_01", "lang": "fr", "lang1": null, "lang2": null, "lang3": null }, "geometry": { "type": "Point", "coordinates": [ -5.649978399999895, 9.659236386000089 ] } },
{ "type": "Feature", "properties": { "admin_level": 3, "name": "Sokala-Sobara", "name1": null, "name2": null, "name3": null, "x_coord": -4.49378455, "y_coord": 8.49238659, "adm4_name": null, "adm4_name1": null, "adm4_name2": null, "adm4_name3": null, "adm4_pcode": null, "adm3_name": "Sokala-Sobara", "adm3_name1": null, "adm3_name2": null, "adm3_name3": null, "adm3_pcode": "CI170108", "adm2_name": "Dabakala", "adm2_name1": null, "adm2_name2": null, "adm2_name3": null, "adm2_pcode": "CI1701", "adm1_name": "Hambol", "adm1_name1": null, "adm1_name2": null, "adm1_name3": null, "adm1_pcode": "CI17", "adm0_name": "Côte d'Ivoire", "adm0_name1": null, "adm0_name2": null, "adm0_name3": null, "adm0_pcode": "CI", "valid_on": "2018-07-06", "valid_to": null, "cod_version": "V_01", "lang": "fr", "lang1": null, "lang2": null, "lang3": null }, "geometry": { "type": "Point", "coordinates": [ -4.493784547999894, 8.492386593000106 ] } },
{ "type": "Feature", "properties": { "admin_level": 3, "name": "Sokoro", "name1": null, "name2": null, "name3": null, "x_coord": -7.72706942, "y_coord": 10.17802857, "adm4_name": null, "adm4_name1": null, "adm4_name2": null, "adm4_name3": null, "adm4_pcode": null, "adm3_name": "Sokoro", "adm3_name1": null, "adm3_name2": null, "adm3_name3": null, "adm3_pcode": "CI100203", "adm2_name": "Minignan", "adm2_name1": null, "adm2_name2": null, "adm2_name3": null, "adm2_pcode": "CI1002", "adm1_name": "Folon", "adm1_name1": null, "adm1_name2": null, "adm1_name3": null, "adm1_pcode": "CI10", "adm0_name": "Côte d'Ivoire", "adm0_name1": null, "adm0_name2": null, "adm0_name3": null, "adm0_pcode": "CI", "valid_on": "2018-07-06", "valid_to": null, "cod_version": "V_01", "lang": "fr", "lang1": null, "lang2": null, "lang3": null }, "geometry": { "type": "Point", "coordinates": [ -7.727069421999943, 10.178028565000091 ] } },
{ "type": "Feature", "properties": { "admin_level": 3, "name": "Sominassé", "name1": null, "name2": null, "name3": null, "x_coord": -3.77892067, "y_coord": 8.40005841, "adm4_name": null, "adm4_name1": null, "adm4_name2": null, "adm4_name3": null, "adm4_pcode": null, "adm3_name": "Sominassé", "adm3_name1": null, "adm3_name2": null, "adm3_name3": null, "adm3_pcode": "CI080305", "adm2_name": "Nassian", "adm2_name1": null, "adm2_name2": null, "adm2_name3": null, "adm2_pcode": "CI0803", "adm1_name": "Bounkani", "adm1_name1": null, "adm1_name2": null, "adm1_name3": null, "adm1_pcode": "CI08", "adm0_name": "Côte d'Ivoire", "adm0_name1": null, "adm0_name2": null, "adm0_name3": null, "adm0_pcode": "CI", "valid_on": "2018-07-06", "valid_to": null, "cod_version": "V_01", "lang": "fr", "lang1": null, "lang2": null, "lang3": null }, "geometry": { "type": "Point", "coordinates": [ -3.778920668999945, 8.400058409000053 ] } },
{ "type": "Feature", "properties": { "admin_level": 3, "name": "Songon", "name1": null, "name2": null, "name3": null, "x_coord": -4.27240192, "y_coord": 5.41025771, "adm4_name": null, "adm4_name1": null, "adm4_name2": null, "adm4_name3": null, "adm4_pcode": null, "adm3_name": "Songon", "adm3_name1": null, "adm3_name2": null, "adm3_name3": null, "adm3_pcode": "CI010105", "adm2_name": "Abidjan", "adm2_name1": null, "adm2_name2": null, "adm2_name3": null, "adm2_pcode": "CI0101", "adm1_name": "District Autonome D'Abidjan", "adm1_name1": null, "adm1_name2": null, "adm1_name3": null, "adm1_pcode": "CI01", "adm0_name": "Côte d'Ivoire", "adm0_name1": null, "adm0_name2": null, "adm0_name3": null, "adm0_pcode": "CI", "valid_on": "2018-07-06", "valid_to": null, "cod_version": "V_01", "lang": "fr", "lang1": null, "lang2": null, "lang3": null }, "geometry": { "type": "Point", "coordinates": [ -4.272401918999947, 5.410257708000188 ] } },
{ "type": "Feature", "properties": { "admin_level": 3, "name": "Sorobango", "name1": null, "name2": null, "name3": null, "x_coord": -2.69869346, "y_coord": 8.26778994, "adm4_name": null, "adm4_name1": null, "adm4_name2": null, "adm4_name3": null, "adm4_pcode": null, "adm3_name": "Sorobango", "adm3_name1": null, "adm3_name2": null, "adm3_name3": null, "adm3_pcode": "CI140108", "adm2_name": "Bondoukou", "adm2_name1": null, "adm2_name2": null, "adm2_name3": null, "adm2_pcode": "CI1401", "adm1_name": "Gontougo", "adm1_name1": null, "adm1_name2": null, "adm1_name3": null, "adm1_pcode": "CI14", "adm0_name": "Côte d'Ivoire", "adm0_name1": null, "adm0_name2": null, "adm0_name3": null, "adm0_pcode": "CI", "valid_on": "2018-07-06", "valid_to": null, "cod_version": "V_01", "lang": "fr", "lang1": null, "lang2": null, "lang3": null }, "geometry": { "type": "Point", "coordinates": [ -2.698693463999916, 8.267789941999979 ] } },
{ "type": "Feature", "properties": { "admin_level": 3, "name": "Soubre", "name1": null, "name2": null, "name3": null, "x_coord": -6.61779726, "y_coord": 5.87046978, "adm4_name": null, "adm4_name1": null, "adm4_name2": null, "adm4_name3": null, "adm4_pcode": null, "adm3_name": "Soubre", "adm3_name1": null, "adm3_name2": null, "adm3_name3": null, "adm3_pcode": "CI260401", "adm2_name": "Soubré", "adm2_name1": null, "adm2_name2": null, "adm2_name3": null, "adm2_pcode": "CI2604", "adm1_name": "Nawa", "adm1_name1": null, "adm1_name2": null, "adm1_name3": null, "adm1_pcode": "CI26", "adm0_name": "Côte d'Ivoire", "adm0_name1": null, "adm0_name2": null, "adm0_name3": null, "adm0_pcode": "CI", "valid_on": "2018-07-06", "valid_to": null, "cod_version": "V_01", "lang": "fr", "lang1": null, "lang2": null, "lang3": null }, "geometry": { "type": "Point", "coordinates": [ -6.617797258999929, 5.870469777000039 ] } },
{ "type": "Feature", "properties": { "admin_level": 3, "name": "Taabo", "name1": null, "name2": null, "name3": null, "x_coord": -5.0729519, "y_coord": 6.19181653, "adm4_name": null, "adm4_name1": null, "adm4_name2": null, "adm4_name3": null, "adm4_pcode": null, "adm3_name": "Taabo", "adm3_name1": null, "adm3_name2": null, "adm3_name3": null, "adm3_pcode": "CI030301", "adm2_name": "Taabo", "adm2_name1": null, "adm2_name2": null, "adm2_name3": null, "adm2_pcode": "CI0303", "adm1_name": "Agneby-Tiassa", "adm1_name1": null, "adm1_name2": null, "adm1_name3": null, "adm1_pcode": "CI03", "adm0_name": "Côte d'Ivoire", "adm0_name1": null, "adm0_name2": null, "adm0_name3": null, "adm0_pcode": "CI", "valid_on": "2018-07-06", "valid_to": null, "cod_version": "V_01", "lang": "fr", "lang1": null, "lang2": null, "lang3": null }, "geometry": { "type": "Point", "coordinates": [ -5.072951904999911, 6.191816527000071 ] } },
{ "type": "Feature", "properties": { "admin_level": 3, "name": "Tabagne", "name1": null, "name2": null, "name3": null, "x_coord": -3.0725682, "y_coord": 8.06659255, "adm4_name": null, "adm4_name1": null, "adm4_name2": null, "adm4_name3": null, "adm4_pcode": null, "adm3_name": "Tabagne", "adm3_name1": null, "adm3_name2": null, "adm3_name3": null, "adm3_pcode": "CI140109", "adm2_name": "Bondoukou", "adm2_name1": null, "adm2_name2": null, "adm2_name3": null, "adm2_pcode": "CI1401", "adm1_name": "Gontougo", "adm1_name1": null, "adm1_name2": null, "adm1_name3": null, "adm1_pcode": "CI14", "adm0_name": "Côte d'Ivoire", "adm0_name1": null, "adm0_name2": null, "adm0_name3": null, "adm0_pcode": "CI", "valid_on": "2018-07-06", "valid_to": null, "cod_version": "V_01", "lang": "fr", "lang1": null, "lang2": null, "lang3": null }, "geometry": { "type": "Point", "coordinates": [ -3.072568197999828, 8.066592551999975 ] } },
{ "type": "Feature", "properties": { "admin_level": 3, "name": "Tabou", "name1": null, "name2": null, "name3": null, "x_coord": -7.30693308, "y_coord": 4.55859517, "adm4_name": null, "adm4_name1": null, "adm4_name2": null, "adm4_name3": null, "adm4_pcode": null, "adm3_name": "Tabou", "adm3_name1": null, "adm3_name2": null, "adm3_name3": null, "adm3_pcode": "CI290201", "adm2_name": "Tabou", "adm2_name1": null, "adm2_name2": null, "adm2_name3": null, "adm2_pcode": "CI2902", "adm1_name": "San Pedro", "adm1_name1": null, "adm1_name2": null, "adm1_name3": null, "adm1_pcode": "CI29", "adm0_name": "Côte d'Ivoire", "adm0_name1": null, "adm0_name2": null, "adm0_name3": null, "adm0_pcode": "CI", "valid_on": "2018-07-06", "valid_to": null, "cod_version": "V_01", "lang": "fr", "lang1": null, "lang2": null, "lang3": null }, "geometry": { "type": "Point", "coordinates": [ -7.306933083999922, 4.558595172000139 ] } },
{ "type": "Feature", "properties": { "admin_level": 3, "name": "Tafiré", "name1": null, "name2": null, "name3": null, "x_coord": -5.19047392, "y_coord": 9.0811121, "adm4_name": null, "adm4_name1": null, "adm4_name2": null, "adm4_name3": null, "adm4_pcode": null, "adm3_name": "Tafiré", "adm3_name1": null, "adm3_name2": null, "adm3_name3": null, "adm3_pcode": "CI170305", "adm2_name": "Niakaramandougou", "adm2_name1": null, "adm2_name2": null, "adm2_name3": null, "adm2_pcode": "CI1703", "adm1_name": "Hambol", "adm1_name1": null, "adm1_name2": null, "adm1_name3": null, "adm1_pcode": "CI17", "adm0_name": "Côte d'Ivoire", "adm0_name1": null, "adm0_name2": null, "adm0_name3": null, "adm0_pcode": "CI", "valid_on": "2018-07-06", "valid_to": null, "cod_version": "V_01", "lang": "fr", "lang1": null, "lang2": null, "lang3": null }, "geometry": { "type": "Point", "coordinates": [ -5.190473923999946, 9.081112100000155 ] } },
{ "type": "Feature", "properties": { "admin_level": 3, "name": "Tagadi", "name1": null, "name2": null, "name3": null, "x_coord": -2.72393455, "y_coord": 8.5496198, "adm4_name": null, "adm4_name1": null, "adm4_name2": null, "adm4_name3": null, "adm4_pcode": null, "adm3_name": "Tagadi", "adm3_name1": null, "adm3_name2": null, "adm3_name3": null, "adm3_pcode": "CI140110", "adm2_name": "Bondoukou", "adm2_name1": null, "adm2_name2": null, "adm2_name3": null, "adm2_pcode": "CI1401", "adm1_name": "Gontougo", "adm1_name1": null, "adm1_name2": null, "adm1_name3": null, "adm1_pcode": "CI14", "adm0_name": "Côte d'Ivoire", "adm0_name1": null, "adm0_name2": null, "adm0_name3": null, "adm0_pcode": "CI", "valid_on": "2018-07-06", "valid_to": null, "cod_version": "V_01", "lang": "fr", "lang1": null, "lang2": null, "lang3": null }, "geometry": { "type": "Point", "coordinates": [ -2.72393454999991, 8.549619795000012 ] } },
{ "type": "Feature", "properties": { "admin_level": 3, "name": "Taï", "name1": null, "name2": null, "name3": null, "x_coord": -7.26710778, "y_coord": 5.90150646, "adm4_name": null, "adm4_name1": null, "adm4_name2": null, "adm4_name3": null, "adm4_pcode": null, "adm3_name": "Taï", "adm3_name1": null, "adm3_name2": null, "adm3_name3": null, "adm3_pcode": "CI090301", "adm2_name": "Taï", "adm2_name1": null, "adm2_name2": null, "adm2_name3": null, "adm2_pcode": "CI0903", "adm1_name": "Cavally", "adm1_name1": null, "adm1_name2": null, "adm1_name3": null, "adm1_pcode": "CI09", "adm0_name": "Côte d'Ivoire", "adm0_name1": null, "adm0_name2": null, "adm0_name3": null, "adm0_pcode": "CI", "valid_on": "2018-07-06", "valid_to": null, "cod_version": "V_01", "lang": "fr", "lang1": null, "lang2": null, "lang3": null }, "geometry": { "type": "Point", "coordinates": [ -7.267107777999911, 5.901506459000132 ] } },
{ "type": "Feature", "properties": { "admin_level": 3, "name": "Tanda", "name1": null, "name2": null, "name3": null, "x_coord": -3.12259486, "y_coord": 7.78917761, "adm4_name": null, "adm4_name1": null, "adm4_name2": null, "adm4_name3": null, "adm4_pcode": null, "adm3_name": "Tanda", "adm3_name1": null, "adm3_name2": null, "adm3_name3": null, "adm3_pcode": "CI140401", "adm2_name": "Tanda", "adm2_name1": null, "adm2_name2": null, "adm2_name3": null, "adm2_pcode": "CI1404", "adm1_name": "Gontougo", "adm1_name1": null, "adm1_name2": null, "adm1_name3": null, "adm1_pcode": "CI14", "adm0_name": "Côte d'Ivoire", "adm0_name1": null, "adm0_name2": null, "adm0_name3": null, "adm0_pcode": "CI", "valid_on": "2018-07-06", "valid_to": null, "cod_version": "V_01", "lang": "fr", "lang1": null, "lang2": null, "lang3": null }, "geometry": { "type": "Point", "coordinates": [ -3.122594855999978, 7.789177613000049 ] } },
{ "type": "Feature", "properties": { "admin_level": 3, "name": "Tanguélan", "name1": null, "name2": null, "name3": null, "x_coord": -3.36583081, "y_coord": 7.15226008, "adm4_name": null, "adm4_name1": null, "adm4_name2": null, "adm4_name3": null, "adm4_pcode": null, "adm3_name": "Tanguélan", "adm3_name1": null, "adm3_name2": null, "adm3_name3": null, "adm3_pcode": "CI200205", "adm2_name": "Agnibilékrou", "adm2_name1": null, "adm2_name2": null, "adm2_name3": null, "adm2_pcode": "CI2002", "adm1_name": "Indenie-Djuablin", "adm1_name1": null, "adm1_name2": null, "adm1_name3": null, "adm1_pcode": "CI20", "adm0_name": "Côte d'Ivoire", "adm0_name1": null, "adm0_name2": null, "adm0_name3": null, "adm0_pcode": "CI", "valid_on": "2018-07-06", "valid_to": null, "cod_version": "V_01", "lang": "fr", "lang1": null, "lang2": null, "lang3": null }, "geometry": { "type": "Point", "coordinates": [ -3.365830810999967, 7.152260077000051 ] } },
{ "type": "Feature", "properties": { "admin_level": 3, "name": "Tankessé", "name1": null, "name2": null, "name3": null, "x_coord": -3.17340186, "y_coord": 7.29543404, "adm4_name": null, "adm4_name1": null, "adm4_name2": null, "adm4_name3": null, "adm4_pcode": null, "adm3_name": "Tankessé", "adm3_name1": null, "adm3_name2": null, "adm3_name3": null, "adm3_pcode": "CI140205", "adm2_name": "Koun Fao", "adm2_name1": null, "adm2_name2": null, "adm2_name3": null, "adm2_pcode": "CI1402", "adm1_name": "Gontougo", "adm1_name1": null, "adm1_name2": null, "adm1_name3": null, "adm1_pcode": "CI14", "adm0_name": "Côte d'Ivoire", "adm0_name1": null, "adm0_name2": null, "adm0_name3": null, "adm0_pcode": "CI", "valid_on": "2018-07-06", "valid_to": null, "cod_version": "V_01", "lang": "fr", "lang1": null, "lang2": null, "lang3": null }, "geometry": { "type": "Point", "coordinates": [ -3.173401863999914, 7.295434044000046 ] } },
{ "type": "Feature", "properties": { "admin_level": 3, "name": "Taoudi", "name1": null, "name2": null, "name3": null, "x_coord": -3.34372279, "y_coord": 8.13701053, "adm4_name": null, "adm4_name1": null, "adm4_name2": null, "adm4_name3": null, "adm4_pcode": null, "adm3_name": "Taoudi", "adm3_name1": null, "adm3_name2": null, "adm3_name3": null, "adm3_pcode": "CI140111", "adm2_name": "Bondoukou", "adm2_name1": null, "adm2_name2": null, "adm2_name3": null, "adm2_pcode": "CI1401", "adm1_name": "Gontougo", "adm1_name1": null, "adm1_name2": null, "adm1_name3": null, "adm1_pcode": "CI14", "adm0_name": "Côte d'Ivoire", "adm0_name1": null, "adm0_name2": null, "adm0_name3": null, "adm0_pcode": "CI", "valid_on": "2018-07-06", "valid_to": null, "cod_version": "V_01", "lang": "fr", "lang1": null, "lang2": null, "lang3": null }, "geometry": { "type": "Point", "coordinates": [ -3.343722788999969, 8.137010528000133 ] } },
{ "type": "Feature", "properties": { "admin_level": 3, "name": "Tapéguia", "name1": null, "name2": null, "name3": null, "x_coord": -6.46400787, "y_coord": 6.34953411, "adm4_name": null, "adm4_name1": null, "adm4_name2": null, "adm4_name3": null, "adm4_pcode": null, "adm3_name": "Tapéguia", "adm3_name1": null, "adm3_name2": null, "adm3_name3": null, "adm3_pcode": "CI180207", "adm2_name": "Issia", "adm2_name1": null, "adm2_name2": null, "adm2_name3": null, "adm2_pcode": "CI1802", "adm1_name": "Haut-Sassandra", "adm1_name1": null, "adm1_name2": null, "adm1_name3": null, "adm1_pcode": "CI18", "adm0_name": "Côte d'Ivoire", "adm0_name1": null, "adm0_name2": null, "adm0_name3": null, "adm0_pcode": "CI", "valid_on": "2018-07-06", "valid_to": null, "cod_version": "V_01", "lang": "fr", "lang1": null, "lang2": null, "lang3": null }, "geometry": { "type": "Point", "coordinates": [ -6.46400786699985, 6.349534107000011 ] } },
{ "type": "Feature", "properties": { "admin_level": 3, "name": "Tchèdio", "name1": null, "name2": null, "name3": null, "x_coord": -3.30342123, "y_coord": 7.94399951, "adm4_name": null, "adm4_name1": null, "adm4_name2": null, "adm4_name3": null, "adm4_pcode": null, "adm3_name": "Tchèdio", "adm3_name1": null, "adm3_name2": null, "adm3_name3": null, "adm3_pcode": "CI140404", "adm2_name": "Tanda", "adm2_name1": null, "adm2_name2": null, "adm2_name3": null, "adm2_pcode": "CI1404", "adm1_name": "Gontougo", "adm1_name1": null, "adm1_name2": null, "adm1_name3": null, "adm1_pcode": "CI14", "adm0_name": "Côte d'Ivoire", "adm0_name1": null, "adm0_name2": null, "adm0_name3": null, "adm0_pcode": "CI", "valid_on": "2018-07-06", "valid_to": null, "cod_version": "V_01", "lang": "fr", "lang1": null, "lang2": null, "lang3": null }, "geometry": { "type": "Point", "coordinates": [ -3.303421225999955, 7.943999514000097 ] } },
{ "type": "Feature", "properties": { "admin_level": 3, "name": "Téapleu", "name1": null, "name2": null, "name3": null, "x_coord": -8.13262844, "y_coord": 7.03344959, "adm4_name": null, "adm4_name1": null, "adm4_name2": null, "adm4_name3": null, "adm4_pcode": null, "adm3_name": "Téapleu", "adm3_name1": null, "adm3_name2": null, "adm3_name3": null, "adm3_pcode": "CI320505", "adm2_name": "Zouan-Hounien", "adm2_name1": null, "adm2_name2": null, "adm2_name3": null, "adm2_pcode": "CI3205", "adm1_name": "Tonkpi", "adm1_name1": null, "adm1_name2": null, "adm1_name3": null, "adm1_pcode": "CI32", "adm0_name": "Côte d'Ivoire", "adm0_name1": null, "adm0_name2": null, "adm0_name3": null, "adm0_pcode": "CI", "valid_on": "2018-07-06", "valid_to": null, "cod_version": "V_01", "lang": "fr", "lang1": null, "lang2": null, "lang3": null }, "geometry": { "type": "Point", "coordinates": [ -8.132628440999952, 7.033449593000171 ] } },
{ "type": "Feature", "properties": { "admin_level": 3, "name": "Téhini", "name1": null, "name2": null, "name3": null, "x_coord": -3.73411476, "y_coord": 9.72638369, "adm4_name": null, "adm4_name1": null, "adm4_name2": null, "adm4_name3": null, "adm4_pcode": null, "adm3_name": "Téhini", "adm3_name1": null, "adm3_name2": null, "adm3_name3": null, "adm3_pcode": "CI080401", "adm2_name": "Téhini", "adm2_name1": null, "adm2_name2": null, "adm2_name3": null, "adm2_pcode": "CI0804", "adm1_name": "Bounkani", "adm1_name1": null, "adm1_name2": null, "adm1_name3": null, "adm1_pcode": "CI08", "adm0_name": "Côte d'Ivoire", "adm0_name1": null, "adm0_name2": null, "adm0_name3": null, "adm0_pcode": "CI", "valid_on": "2018-07-06", "valid_to": null, "cod_version": "V_01", "lang": "fr", "lang1": null, "lang2": null, "lang3": null }, "geometry": { "type": "Point", "coordinates": [ -3.734114756999929, 9.726383692000127 ] } },
{ "type": "Feature", "properties": { "admin_level": 3, "name": "Tendéné-Bambarasso", "name1": null, "name2": null, "name3": null, "x_coord": -4.11902772, "y_coord": 8.49144066, "adm4_name": null, "adm4_name1": null, "adm4_name2": null, "adm4_name3": null, "adm4_pcode": null, "adm3_name": "Tendéné-Bambarasso", "adm3_name1": null, "adm3_name2": null, "adm3_name3": null, "adm3_pcode": "CI170109", "adm2_name": "Dabakala", "adm2_name1": null, "adm2_name2": null, "adm2_name3": null, "adm2_pcode": "CI1701", "adm1_name": "Hambol", "adm1_name1": null, "adm1_name2": null, "adm1_name3": null, "adm1_pcode": "CI17", "adm0_name": "Côte d'Ivoire", "adm0_name1": null, "adm0_name2": null, "adm0_name3": null, "adm0_pcode": "CI", "valid_on": "2018-07-06", "valid_to": null, "cod_version": "V_01", "lang": "fr", "lang1": null, "lang2": null, "lang3": null }, "geometry": { "type": "Point", "coordinates": [ -4.119027715999948, 8.491440656000123 ] } },
{ "type": "Feature", "properties": { "admin_level": 3, "name": "Tengrela", "name1": null, "name2": null, "name3": null, "x_coord": -6.45393716, "y_coord": 10.40082471, "adm4_name": null, "adm4_name1": null, "adm4_name2": null, "adm4_name3": null, "adm4_pcode": null, "adm3_name": "Tengrela", "adm3_name1": null, "adm3_name2": null, "adm3_name3": null, "adm3_pcode": "CI050301", "adm2_name": "Tengrela", "adm2_name1": null, "adm2_name2": null, "adm2_name3": null, "adm2_pcode": "CI0503", "adm1_name": "Bagoue", "adm1_name1": null, "adm1_name2": null, "adm1_name3": null, "adm1_pcode": "CI05", "adm0_name": "Côte d'Ivoire", "adm0_name1": null, "adm0_name2": null, "adm0_name3": null, "adm0_pcode": "CI", "valid_on": "2018-07-06", "valid_to": null, "cod_version": "V_01", "lang": "fr", "lang1": null, "lang2": null, "lang3": null }, "geometry": { "type": "Point", "coordinates": [ -6.453937156999871, 10.400824714000123 ] } },
{ "type": "Feature", "properties": { "admin_level": 3, "name": "Tiapoum", "name1": null, "name2": null, "name3": null, "x_coord": -3.01311026, "y_coord": 5.14955161, "adm4_name": null, "adm4_name1": null, "adm4_name2": null, "adm4_name3": null, "adm4_pcode": null, "adm3_name": "Tiapoum", "adm3_name1": null, "adm3_name2": null, "adm3_name3": null, "adm3_pcode": "CI300401", "adm2_name": "Tiapoum", "adm2_name1": null, "adm2_name2": null, "adm2_name3": null, "adm2_pcode": "CI3004", "adm1_name": "Sud-Comoe", "adm1_name1": null, "adm1_name2": null, "adm1_name3": null, "adm1_pcode": "CI30", "adm0_name": "Côte d'Ivoire", "adm0_name1": null, "adm0_name2": null, "adm0_name3": null, "adm0_pcode": "CI", "valid_on": "2018-07-06", "valid_to": null, "cod_version": "V_01", "lang": "fr", "lang1": null, "lang2": null, "lang3": null }, "geometry": { "type": "Point", "coordinates": [ -3.01311025699988, 5.14955160500017 ] } },
{ "type": "Feature", "properties": { "admin_level": 3, "name": "Tiassalé", "name1": null, "name2": null, "name3": null, "x_coord": -4.89800342, "y_coord": 5.90991987, "adm4_name": null, "adm4_name1": null, "adm4_name2": null, "adm4_name3": null, "adm4_pcode": null, "adm3_name": "Tiassalé", "adm3_name1": null, "adm3_name2": null, "adm3_name3": null, "adm3_pcode": "CI030401", "adm2_name": "Tiassalé", "adm2_name1": null, "adm2_name2": null, "adm2_name3": null, "adm2_pcode": "CI0304", "adm1_name": "Agneby-Tiassa", "adm1_name1": null, "adm1_name2": null, "adm1_name3": null, "adm1_pcode": "CI03", "adm0_name": "Côte d'Ivoire", "adm0_name1": null, "adm0_name2": null, "adm0_name3": null, "adm0_pcode": "CI", "valid_on": "2018-07-06", "valid_to": null, "cod_version": "V_01", "lang": "fr", "lang1": null, "lang2": null, "lang3": null }, "geometry": { "type": "Point", "coordinates": [ -4.898003417999973, 5.909919866 ] } },
{ "type": "Feature", "properties": { "admin_level": 3, "name": "Tibéita", "name1": null, "name2": null, "name3": null, "x_coord": -5.77110109, "y_coord": 7.28001804, "adm4_name": null, "adm4_name1": null, "adm4_name2": null, "adm4_name3": null, "adm4_pcode": null, "adm3_name": "Tibéita", "adm3_name1": null, "adm3_name2": null, "adm3_name3": null, "adm3_pcode": "CI230106", "adm2_name": "Bouaflé", "adm2_name1": null, "adm2_name2": null, "adm2_name3": null, "adm2_pcode": "CI2301", "adm1_name": "Marahoue", "adm1_name1": null, "adm1_name2": null, "adm1_name3": null, "adm1_pcode": "CI23", "adm0_name": "Côte d'Ivoire", "adm0_name1": null, "adm0_name2": null, "adm0_name3": null, "adm0_pcode": "CI", "valid_on": "2018-07-06", "valid_to": null, "cod_version": "V_01", "lang": "fr", "lang1": null, "lang2": null, "lang3": null }, "geometry": { "type": "Point", "coordinates": [ -5.771101089999945, 7.28001804000013 ] } },
{ "type": "Feature", "properties": { "admin_level": 3, "name": "Tie N'Diékro", "name1": null, "name2": null, "name3": null, "x_coord": -4.79147079, "y_coord": 7.44033255, "adm4_name": null, "adm4_name1": null, "adm4_name2": null, "adm4_name3": null, "adm4_pcode": null, "adm3_name": "Tie N'Diékro", "adm3_name1": null, "adm3_name2": null, "adm3_name3": null, "adm3_pcode": "CI060105", "adm2_name": "Didievi", "adm2_name1": null, "adm2_name2": null, "adm2_name3": null, "adm2_pcode": "CI0601", "adm1_name": "Belier", "adm1_name1": null, "adm1_name2": null, "adm1_name3": null, "adm1_pcode": "CI06", "adm0_name": "Côte d'Ivoire", "adm0_name1": null, "adm0_name2": null, "adm0_name3": null, "adm0_pcode": "CI", "valid_on": "2018-07-06", "valid_to": null, "cod_version": "V_01", "lang": "fr", "lang1": null, "lang2": null, "lang3": null }, "geometry": { "type": "Point", "coordinates": [ -4.791470792999974, 7.440332549000118 ] } },
{ "type": "Feature", "properties": { "admin_level": 3, "name": "Tiébissou", "name1": null, "name2": null, "name3": null, "x_coord": -5.14727855, "y_coord": 7.21806647, "adm4_name": null, "adm4_name1": null, "adm4_name2": null, "adm4_name3": null, "adm4_pcode": null, "adm3_name": "Tiébissou", "adm3_name1": null, "adm3_name2": null, "adm3_name3": null, "adm3_pcode": "CI060301", "adm2_name": "Tiébissou", "adm2_name1": null, "adm2_name2": null, "adm2_name3": null, "adm2_pcode": "CI0603", "adm1_name": "Belier", "adm1_name1": null, "adm1_name2": null, "adm1_name3": null, "adm1_pcode": "CI06", "adm0_name": "Côte d'Ivoire", "adm0_name1": null, "adm0_name2": null, "adm0_name3": null, "adm0_pcode": "CI", "valid_on": "2018-07-06", "valid_to": null, "cod_version": "V_01", "lang": "fr", "lang1": null, "lang2": null, "lang3": null }, "geometry": { "type": "Point", "coordinates": [ -5.147278547999974, 7.218066473000022 ] } },
{ "type": "Feature", "properties": { "admin_level": 3, "name": "Tiémé", "name1": null, "name2": null, "name3": null, "x_coord": -7.32957842, "y_coord": 9.53226147, "adm4_name": null, "adm4_name1": null, "adm4_name2": null, "adm4_name3": null, "adm4_pcode": null, "adm3_name": "Tiémé", "adm3_name1": null, "adm3_name2": null, "adm3_name3": null, "adm3_pcode": "CI210305", "adm2_name": "Odienne", "adm2_name1": null, "adm2_name2": null, "adm2_name3": null, "adm2_pcode": "CI2103", "adm1_name": "Kabadougou", "adm1_name1": null, "adm1_name2": null, "adm1_name3": null, "adm1_pcode": "CI21", "adm0_name": "Côte d'Ivoire", "adm0_name1": null, "adm0_name2": null, "adm0_name3": null, "adm0_pcode": "CI", "valid_on": "2018-07-06", "valid_to": null, "cod_version": "V_01", "lang": "fr", "lang1": null, "lang2": null, "lang3": null }, "geometry": { "type": "Point", "coordinates": [ -7.329578415999833, 9.532261475000155 ] } },
{ "type": "Feature", "properties": { "admin_level": 3, "name": "Tiémélékro", "name1": null, "name2": null, "name3": null, "x_coord": -4.60735127, "y_coord": 6.45659344, "adm4_name": null, "adm4_name1": null, "adm4_name2": null, "adm4_name3": null, "adm4_pcode": null, "adm3_name": "Tiémélékro", "adm3_name1": null, "adm3_name2": null, "adm3_name3": null, "adm3_pcode": "CI250304", "adm2_name": "M'Batto", "adm2_name1": null, "adm2_name2": null, "adm2_name3": null, "adm2_pcode": "CI2503", "adm1_name": "Moronou", "adm1_name1": null, "adm1_name2": null, "adm1_name3": null, "adm1_pcode": "CI25", "adm0_name": "Côte d'Ivoire", "adm0_name1": null, "adm0_name2": null, "adm0_name3": null, "adm0_pcode": "CI", "valid_on": "2018-07-06", "valid_to": null, "cod_version": "V_01", "lang": "fr", "lang1": null, "lang2": null, "lang3": null }, "geometry": { "type": "Point", "coordinates": [ -4.60735127199996, 6.456593441000166 ] } },
{ "type": "Feature", "properties": { "admin_level": 3, "name": "Tiéningboué", "name1": null, "name2": null, "name3": null, "x_coord": -5.84983795, "y_coord": 8.15563232, "adm4_name": null, "adm4_name1": null, "adm4_name2": null, "adm4_name3": null, "adm4_pcode": null, "adm3_name": "Tiéningboué", "adm3_name1": null, "adm3_name2": null, "adm3_name3": null, "adm3_pcode": "CI070305", "adm2_name": "Mankono", "adm2_name1": null, "adm2_name2": null, "adm2_name3": null, "adm2_pcode": "CI0703", "adm1_name": "Bere", "adm1_name1": null, "adm1_name2": null, "adm1_name3": null, "adm1_pcode": "CI07", "adm0_name": "Côte d'Ivoire", "adm0_name1": null, "adm0_name2": null, "adm0_name3": null, "adm0_pcode": "CI", "valid_on": "2018-07-06", "valid_to": null, "cod_version": "V_01", "lang": "fr", "lang1": null, "lang2": null, "lang3": null }, "geometry": { "type": "Point", "coordinates": [ -5.84983794599998, 8.15563231699997 ] } },
{ "type": "Feature", "properties": { "admin_level": 3, "name": "Tienko", "name1": null, "name2": null, "name3": null, "x_coord": -7.44230316, "y_coord": 10.19561815, "adm4_name": null, "adm4_name1": null, "adm4_name2": null, "adm4_name3": null, "adm4_pcode": null, "adm3_name": "Tienko", "adm3_name1": null, "adm3_name2": null, "adm3_name3": null, "adm3_pcode": "CI100204", "adm2_name": "Minignan", "adm2_name1": null, "adm2_name2": null, "adm2_name3": null, "adm2_pcode": "CI1002", "adm1_name": "Folon", "adm1_name1": null, "adm1_name2": null, "adm1_name3": null, "adm1_pcode": "CI10", "adm0_name": "Côte d'Ivoire", "adm0_name1": null, "adm0_name2": null, "adm0_name3": null, "adm0_pcode": "CI", "valid_on": "2018-07-06", "valid_to": null, "cod_version": "V_01", "lang": "fr", "lang1": null, "lang2": null, "lang3": null }, "geometry": { "type": "Point", "coordinates": [ -7.442303156999969, 10.195618147000118 ] } },
{ "type": "Feature", "properties": { "admin_level": 3, "name": "Tienkoikro", "name1": null, "name2": null, "name3": null, "x_coord": -3.09201526, "y_coord": 7.15705432, "adm4_name": null, "adm4_name1": null, "adm4_name2": null, "adm4_name3": null, "adm4_pcode": null, "adm3_name": "Tienkoikro", "adm3_name1": null, "adm3_name2": null, "adm3_name3": null, "adm3_pcode": "CI140206", "adm2_name": "Koun Fao", "adm2_name1": null, "adm2_name2": null, "adm2_name3": null, "adm2_pcode": "CI1402", "adm1_name": "Gontougo", "adm1_name1": null, "adm1_name2": null, "adm1_name3": null, "adm1_pcode": "CI14", "adm0_name": "Côte d'Ivoire", "adm0_name1": null, "adm0_name2": null, "adm0_name3": null, "adm0_pcode": "CI", "valid_on": "2018-07-06", "valid_to": null, "cod_version": "V_01", "lang": "fr", "lang1": null, "lang2": null, "lang3": null }, "geometry": { "type": "Point", "coordinates": [ -3.09201526499993, 7.157054321999965 ] } },
{ "type": "Feature", "properties": { "admin_level": 3, "name": "Tiény-Séably", "name1": null, "name2": null, "name3": null, "x_coord": -7.44693174, "y_coord": 7.3720728, "adm4_name": null, "adm4_name1": null, "adm4_name2": null, "adm4_name3": null, "adm4_pcode": null, "adm3_name": "Tiény-Séably", "adm3_name1": null, "adm3_name2": null, "adm3_name3": null, "adm3_pcode": "CI160305", "adm2_name": "Facobly", "adm2_name1": null, "adm2_name2": null, "adm2_name3": null, "adm2_pcode": "CI1603", "adm1_name": "Guemon", "adm1_name1": null, "adm1_name2": null, "adm1_name3": null, "adm1_pcode": "CI16", "adm0_name": "Côte d'Ivoire", "adm0_name1": null, "adm0_name2": null, "adm0_name3": null, "adm0_pcode": "CI", "valid_on": "2018-07-06", "valid_to": null, "cod_version": "V_01", "lang": "fr", "lang1": null, "lang2": null, "lang3": null }, "geometry": { "type": "Point", "coordinates": [ -7.446931740999958, 7.37207280400014 ] } },
{ "type": "Feature", "properties": { "admin_level": 3, "name": "Timbé", "name1": null, "name2": null, "name3": null, "x_coord": -4.89363368, "y_coord": 8.1238315, "adm4_name": null, "adm4_name1": null, "adm4_name2": null, "adm4_name3": null, "adm4_pcode": null, "adm3_name": "Timbé", "adm3_name1": null, "adm3_name2": null, "adm3_name3": null, "adm3_pcode": "CI170203", "adm2_name": "Katiola", "adm2_name1": null, "adm2_name2": null, "adm2_name3": null, "adm2_pcode": "CI1702", "adm1_name": "Hambol", "adm1_name1": null, "adm1_name2": null, "adm1_name3": null, "adm1_pcode": "CI17", "adm0_name": "Côte d'Ivoire", "adm0_name1": null, "adm0_name2": null, "adm0_name3": null, "adm0_pcode": "CI", "valid_on": "2018-07-06", "valid_to": null, "cod_version": "V_01", "lang": "fr", "lang1": null, "lang2": null, "lang3": null }, "geometry": { "type": "Point", "coordinates": [ -4.893633680999812, 8.123831499000119 ] } },
{ "type": "Feature", "properties": { "admin_level": 3, "name": "Tinhou", "name1": null, "name2": null, "name3": null, "x_coord": -8.20557716, "y_coord": 6.42006261, "adm4_name": null, "adm4_name1": null, "adm4_name2": null, "adm4_name3": null, "adm4_pcode": null, "adm3_name": "Tinhou", "adm3_name1": null, "adm3_name2": null, "adm3_name3": null, "adm3_pcode": "CI090104", "adm2_name": "Bloléquin", "adm2_name1": null, "adm2_name2": null, "adm2_name3": null, "adm2_pcode": "CI0901", "adm1_name": "Cavally", "adm1_name1": null, "adm1_name2": null, "adm1_name3": null, "adm1_pcode": "CI09", "adm0_name": "Côte d'Ivoire", "adm0_name1": null, "adm0_name2": null, "adm0_name3": null, "adm0_pcode": "CI", "valid_on": "2018-07-06", "valid_to": null, "cod_version": "V_01", "lang": "fr", "lang1": null, "lang2": null, "lang3": null }, "geometry": { "type": "Point", "coordinates": [ -8.20557716199994, 6.420062610000173 ] } },
{ "type": "Feature", "properties": { "admin_level": 3, "name": "Tiobly", "name1": null, "name2": null, "name3": null, "x_coord": -8.52064084, "y_coord": 6.50490556, "adm4_name": null, "adm4_name1": null, "adm4_name2": null, "adm4_name3": null, "adm4_pcode": null, "adm3_name": "Tiobly", "adm3_name1": null, "adm3_name2": null, "adm3_name3": null, "adm3_pcode": "CI090406", "adm2_name": "Toulepleu", "adm2_name1": null, "adm2_name2": null, "adm2_name3": null, "adm2_pcode": "CI0904", "adm1_name": "Cavally", "adm1_name1": null, "adm1_name2": null, "adm1_name3": null, "adm1_pcode": "CI09", "adm0_name": "Côte d'Ivoire", "adm0_name1": null, "adm0_name2": null, "adm0_name3": null, "adm0_pcode": "CI", "valid_on": "2018-07-06", "valid_to": null, "cod_version": "V_01", "lang": "fr", "lang1": null, "lang2": null, "lang3": null }, "geometry": { "type": "Point", "coordinates": [ -8.520640844999946, 6.504905561000044 ] } },
{ "type": "Feature", "properties": { "admin_level": 3, "name": "Tioroniaradougou", "name1": null, "name2": null, "name3": null, "x_coord": -5.68446933, "y_coord": 9.32779331, "adm4_name": null, "adm4_name1": null, "adm4_name2": null, "adm4_name3": null, "adm4_pcode": null, "adm3_name": "Tioroniaradougou", "adm3_name1": null, "adm3_name2": null, "adm3_name3": null, "adm3_pcode": "CI280216", "adm2_name": "Korhogo", "adm2_name1": null, "adm2_name2": null, "adm2_name3": null, "adm2_pcode": "CI2802", "adm1_name": "Poro", "adm1_name1": null, "adm1_name2": null, "adm1_name3": null, "adm1_pcode": "CI28", "adm0_name": "Côte d'Ivoire", "adm0_name1": null, "adm0_name2": null, "adm0_name3": null, "adm0_pcode": "CI", "valid_on": "2018-07-06", "valid_to": null, "cod_version": "V_01", "lang": "fr", "lang1": null, "lang2": null, "lang3": null }, "geometry": { "type": "Point", "coordinates": [ -5.684469324999952, 9.327793310000118 ] } },
{ "type": "Feature", "properties": { "admin_level": 3, "name": "Togoniéré", "name1": null, "name2": null, "name3": null, "x_coord": -4.87928279, "y_coord": 9.62571153, "adm4_name": null, "adm4_name1": null, "adm4_name2": null, "adm4_name3": null, "adm4_pcode": null, "adm3_name": "Togoniéré", "adm3_name1": null, "adm3_name2": null, "adm3_name3": null, "adm3_pcode": "CI310103", "adm2_name": "Ferkessédougou", "adm2_name1": null, "adm2_name2": null, "adm2_name3": null, "adm2_pcode": "CI3101", "adm1_name": "Tchologo", "adm1_name1": null, "adm1_name2": null, "adm1_name3": null, "adm1_pcode": "CI31", "adm0_name": "Côte d'Ivoire", "adm0_name1": null, "adm0_name2": null, "adm0_name3": null, "adm0_pcode": "CI", "valid_on": "2018-07-06", "valid_to": null, "cod_version": "V_01", "lang": "fr", "lang1": null, "lang2": null, "lang3": null }, "geometry": { "type": "Point", "coordinates": [ -4.879282793999892, 9.625711529000114 ] } },
{ "type": "Feature", "properties": { "admin_level": 3, "name": "Tonla", "name1": null, "name2": null, "name3": null, "x_coord": -5.66164678, "y_coord": 6.3324606, "adm4_name": null, "adm4_name1": null, "adm4_name2": null, "adm4_name3": null, "adm4_pcode": null, "adm3_name": "Tonla", "adm3_name1": null, "adm3_name2": null, "adm3_name3": null, "adm3_pcode": "CI130204", "adm2_name": "Oumé", "adm2_name1": null, "adm2_name2": null, "adm2_name3": null, "adm2_pcode": "CI1302", "adm1_name": "Goh", "adm1_name1": null, "adm1_name2": null, "adm1_name3": null, "adm1_pcode": "CI13", "adm0_name": "Côte d'Ivoire", "adm0_name1": null, "adm0_name2": null, "adm0_name3": null, "adm0_pcode": "CI", "valid_on": "2018-07-06", "valid_to": null, "cod_version": "V_01", "lang": "fr", "lang1": null, "lang2": null, "lang3": null }, "geometry": { "type": "Point", "coordinates": [ -5.661646777999977, 6.332460604000175 ] } },
{ "type": "Feature", "properties": { "admin_level": 3, "name": "Tortiya", "name1": null, "name2": null, "name3": null, "x_coord": -5.60672106, "y_coord": 8.70600453, "adm4_name": null, "adm4_name1": null, "adm4_name2": null, "adm4_name3": null, "adm4_pcode": null, "adm3_name": "Tortiya", "adm3_name1": null, "adm3_name2": null, "adm3_name3": null, "adm3_pcode": "CI170306", "adm2_name": "Niakaramandougou", "adm2_name1": null, "adm2_name2": null, "adm2_name3": null, "adm2_pcode": "CI1703", "adm1_name": "Hambol", "adm1_name1": null, "adm1_name2": null, "adm1_name3": null, "adm1_pcode": "CI17", "adm0_name": "Côte d'Ivoire", "adm0_name1": null, "adm0_name2": null, "adm0_name3": null, "adm0_pcode": "CI", "valid_on": "2018-07-06", "valid_to": null, "cod_version": "V_01", "lang": "fr", "lang1": null, "lang2": null, "lang3": null }, "geometry": { "type": "Point", "coordinates": [ -5.606721062999952, 8.706004526000129 ] } },
{ "type": "Feature", "properties": { "admin_level": 3, "name": "Totrodrou", "name1": null, "name2": null, "name3": null, "x_coord": -7.41466642, "y_coord": 7.24765925, "adm4_name": null, "adm4_name1": null, "adm4_name2": null, "adm4_name3": null, "adm4_pcode": null, "adm3_name": "Totrodrou", "adm3_name1": null, "adm3_name2": null, "adm3_name3": null, "adm3_pcode": "CI160404", "adm2_name": "Kouibly", "adm2_name1": null, "adm2_name2": null, "adm2_name3": null, "adm2_pcode": "CI1604", "adm1_name": "Guemon", "adm1_name1": null, "adm1_name2": null, "adm1_name3": null, "adm1_pcode": "CI16", "adm0_name": "Côte d'Ivoire", "adm0_name1": null, "adm0_name2": null, "adm0_name3": null, "adm0_pcode": "CI", "valid_on": "2018-07-06", "valid_to": null, "cod_version": "V_01", "lang": "fr", "lang1": null, "lang2": null, "lang3": null }, "geometry": { "type": "Point", "coordinates": [ -7.414666421999812, 7.247659254000098 ] } },
{ "type": "Feature", "properties": { "admin_level": 3, "name": "Touba", "name1": null, "name2": null, "name3": null, "x_coord": -7.57172411, "y_coord": 8.27021179, "adm4_name": null, "adm4_name1": null, "adm4_name2": null, "adm4_name3": null, "adm4_pcode": null, "adm3_name": "Touba", "adm3_name1": null, "adm3_name2": null, "adm3_name3": null, "adm3_pcode": "CI040301", "adm2_name": "Touba", "adm2_name1": null, "adm2_name2": null, "adm2_name3": null, "adm2_pcode": "CI0403", "adm1_name": "Bafing", "adm1_name1": null, "adm1_name2": null, "adm1_name3": null, "adm1_pcode": "CI04", "adm0_name": "Côte d'Ivoire", "adm0_name1": null, "adm0_name2": null, "adm0_name3": null, "adm0_pcode": "CI", "valid_on": "2018-07-06", "valid_to": null, "cod_version": "V_01", "lang": "fr", "lang1": null, "lang2": null, "lang3": null }, "geometry": { "type": "Point", "coordinates": [ -7.571724104999873, 8.270211794000033 ] } },
{ "type": "Feature", "properties": { "admin_level": 3, "name": "Tougbo", "name1": null, "name2": null, "name3": null, "x_coord": -4.05388331, "y_coord": 9.72194641, "adm4_name": null, "adm4_name1": null, "adm4_name2": null, "adm4_name3": null, "adm4_pcode": null, "adm3_name": "Tougbo", "adm3_name1": null, "adm3_name2": null, "adm3_name3": null, "adm3_pcode": "CI080403", "adm2_name": "Téhini", "adm2_name1": null, "adm2_name2": null, "adm2_name3": null, "adm2_pcode": "CI0804", "adm1_name": "Bounkani", "adm1_name1": null, "adm1_name2": null, "adm1_name3": null, "adm1_pcode": "CI08", "adm0_name": "Côte d'Ivoire", "adm0_name1": null, "adm0_name2": null, "adm0_name3": null, "adm0_pcode": "CI", "valid_on": "2018-07-06", "valid_to": null, "cod_version": "V_01", "lang": "fr", "lang1": null, "lang2": null, "lang3": null }, "geometry": { "type": "Point", "coordinates": [ -4.053883311999869, 9.72194641100009 ] } },
{ "type": "Feature", "properties": { "admin_level": 3, "name": "Toukouzou", "name1": null, "name2": null, "name3": null, "x_coord": -4.80444711, "y_coord": 5.15813505, "adm4_name": null, "adm4_name1": null, "adm4_name2": null, "adm4_name3": null, "adm4_pcode": null, "adm3_name": "Toukouzou", "adm3_name1": null, "adm3_name2": null, "adm3_name3": null, "adm3_pcode": "CI150205", "adm2_name": "Grand-Lahou", "adm2_name1": null, "adm2_name2": null, "adm2_name3": null, "adm2_pcode": "CI1502", "adm1_name": "Grands Ponts", "adm1_name1": null, "adm1_name2": null, "adm1_name3": null, "adm1_pcode": "CI15", "adm0_name": "Côte d'Ivoire", "adm0_name1": null, "adm0_name2": null, "adm0_name3": null, "adm0_pcode": "CI", "valid_on": "2018-07-06", "valid_to": null, "cod_version": "V_01", "lang": "fr", "lang1": null, "lang2": null, "lang3": null }, "geometry": { "type": "Point", "coordinates": [ -4.804447109999899, 5.15813504700003 ] } },
{ "type": "Feature", "properties": { "admin_level": 3, "name": "Toulepleu", "name1": null, "name2": null, "name3": null, "x_coord": -8.39209039, "y_coord": 6.59779089, "adm4_name": null, "adm4_name1": null, "adm4_name2": null, "adm4_name3": null, "adm4_pcode": null, "adm3_name": "Toulepleu", "adm3_name1": null, "adm3_name2": null, "adm3_name3": null, "adm3_pcode": "CI090401", "adm2_name": "Toulepleu", "adm2_name1": null, "adm2_name2": null, "adm2_name3": null, "adm2_pcode": "CI0904", "adm1_name": "Cavally", "adm1_name1": null, "adm1_name2": null, "adm1_name3": null, "adm1_pcode": "CI09", "adm0_name": "Côte d'Ivoire", "adm0_name1": null, "adm0_name2": null, "adm0_name3": null, "adm0_pcode": "CI", "valid_on": "2018-07-06", "valid_to": null, "cod_version": "V_01", "lang": "fr", "lang1": null, "lang2": null, "lang3": null }, "geometry": { "type": "Point", "coordinates": [ -8.39209038599995, 6.597790891000159 ] } },
{ "type": "Feature", "properties": { "admin_level": 3, "name": "Toumodi", "name1": null, "name2": null, "name3": null, "x_coord": -4.93380837, "y_coord": 6.53324954, "adm4_name": null, "adm4_name1": null, "adm4_name2": null, "adm4_name3": null, "adm4_pcode": null, "adm3_name": "Toumodi", "adm3_name1": null, "adm3_name2": null, "adm3_name3": null, "adm3_pcode": "CI060401", "adm2_name": "Toumodi", "adm2_name1": null, "adm2_name2": null, "adm2_name3": null, "adm2_pcode": "CI0604", "adm1_name": "Belier", "adm1_name1": null, "adm1_name2": null, "adm1_name3": null, "adm1_pcode": "CI06", "adm0_name": "Côte d'Ivoire", "adm0_name1": null, "adm0_name2": null, "adm0_name3": null, "adm0_pcode": "CI", "valid_on": "2018-07-06", "valid_to": null, "cod_version": "V_01", "lang": "fr", "lang1": null, "lang2": null, "lang3": null }, "geometry": { "type": "Point", "coordinates": [ -4.933808371999874, 6.533249541999965 ] } },
{ "type": "Feature", "properties": { "admin_level": 3, "name": "Toumodi-Sakassou", "name1": null, "name2": null, "name3": null, "x_coord": -5.52747964, "y_coord": 7.3546389, "adm4_name": null, "adm4_name1": null, "adm4_name2": null, "adm4_name3": null, "adm4_pcode": null, "adm3_name": "Toumodi-Sakassou", "adm3_name1": null, "adm3_name2": null, "adm3_name3": null, "adm3_pcode": "CI110404", "adm2_name": "Sakassou", "adm2_name1": null, "adm2_name2": null, "adm2_name3": null, "adm2_pcode": "CI1104", "adm1_name": "Gbeke", "adm1_name1": null, "adm1_name2": null, "adm1_name3": null, "adm1_pcode": "CI11", "adm0_name": "Côte d'Ivoire", "adm0_name1": null, "adm0_name2": null, "adm0_name3": null, "adm0_pcode": "CI", "valid_on": "2018-07-06", "valid_to": null, "cod_version": "V_01", "lang": "fr", "lang1": null, "lang2": null, "lang3": null }, "geometry": { "type": "Point", "coordinates": [ -5.527479637999932, 7.354638897000143 ] } },
{ "type": "Feature", "properties": { "admin_level": 3, "name": "Toumoukoro", "name1": null, "name2": null, "name3": null, "x_coord": -5.66166419, "y_coord": 10.35568185, "adm4_name": null, "adm4_name1": null, "adm4_name2": null, "adm4_name3": null, "adm4_pcode": null, "adm3_name": "Toumoukoro", "adm3_name1": null, "adm3_name2": null, "adm3_name3": null, "adm3_pcode": "CI310305", "adm2_name": "Ouangolodougou", "adm2_name1": null, "adm2_name2": null, "adm2_name3": null, "adm2_pcode": "CI3103", "adm1_name": "Tchologo", "adm1_name1": null, "adm1_name2": null, "adm1_name3": null, "adm1_pcode": "CI31", "adm0_name": "Côte d'Ivoire", "adm0_name1": null, "adm0_name2": null, "adm0_name3": null, "adm0_pcode": "CI", "valid_on": "2018-07-06", "valid_to": null, "cod_version": "V_01", "lang": "fr", "lang1": null, "lang2": null, "lang3": null }, "geometry": { "type": "Point", "coordinates": [ -5.661664192999979, 10.355681853000021 ] } },
{ "type": "Feature", "properties": { "admin_level": 3, "name": "Toupah", "name1": null, "name2": null, "name3": null, "x_coord": -4.67183393, "y_coord": 5.40080218, "adm4_name": null, "adm4_name1": null, "adm4_name2": null, "adm4_name3": null, "adm4_pcode": null, "adm3_name": "Toupah", "adm3_name1": null, "adm3_name2": null, "adm3_name3": null, "adm3_pcode": "CI150103", "adm2_name": "Dabou", "adm2_name1": null, "adm2_name2": null, "adm2_name3": null, "adm2_pcode": "CI1501", "adm1_name": "Grands Ponts", "adm1_name1": null, "adm1_name2": null, "adm1_name3": null, "adm1_pcode": "CI15", "adm0_name": "Côte d'Ivoire", "adm0_name1": null, "adm0_name2": null, "adm0_name3": null, "adm0_pcode": "CI", "valid_on": "2018-07-06", "valid_to": null, "cod_version": "V_01", "lang": "fr", "lang1": null, "lang2": null, "lang3": null }, "geometry": { "type": "Point", "coordinates": [ -4.671833928999831, 5.400802184000156 ] } },
{ "type": "Feature", "properties": { "admin_level": 3, "name": "Transua", "name1": null, "name2": null, "name3": null, "x_coord": -3.04042667, "y_coord": 7.55986995, "adm4_name": null, "adm4_name1": null, "adm4_name2": null, "adm4_name3": null, "adm4_pcode": null, "adm3_name": "Transua", "adm3_name1": null, "adm3_name2": null, "adm3_name3": null, "adm3_pcode": "CI140501", "adm2_name": "Transua", "adm2_name1": null, "adm2_name2": null, "adm2_name3": null, "adm2_pcode": "CI1405", "adm1_name": "Gontougo", "adm1_name1": null, "adm1_name2": null, "adm1_name3": null, "adm1_pcode": "CI14", "adm0_name": "Côte d'Ivoire", "adm0_name1": null, "adm0_name2": null, "adm0_name3": null, "adm0_pcode": "CI", "valid_on": "2018-07-06", "valid_to": null, "cod_version": "V_01", "lang": "fr", "lang1": null, "lang2": null, "lang3": null }, "geometry": { "type": "Point", "coordinates": [ -3.040426666999963, 7.559869954000021 ] } },
{ "type": "Feature", "properties": { "admin_level": 3, "name": "Vavoua", "name1": null, "name2": null, "name3": null, "x_coord": -6.50329018, "y_coord": 7.30286456, "adm4_name": null, "adm4_name1": null, "adm4_name2": null, "adm4_name3": null, "adm4_pcode": null, "adm3_name": "Vavoua", "adm3_name1": null, "adm3_name2": null, "adm3_name3": null, "adm3_pcode": "CI180301", "adm2_name": "Vavoua", "adm2_name1": null, "adm2_name2": null, "adm2_name3": null, "adm2_pcode": "CI1803", "adm1_name": "Haut-Sassandra", "adm1_name1": null, "adm1_name2": null, "adm1_name3": null, "adm1_pcode": "CI18", "adm0_name": "Côte d'Ivoire", "adm0_name1": null, "adm0_name2": null, "adm0_name3": null, "adm0_pcode": "CI", "valid_on": "2018-07-06", "valid_to": null, "cod_version": "V_01", "lang": "fr", "lang1": null, "lang2": null, "lang3": null }, "geometry": { "type": "Point", "coordinates": [ -6.503290177999872, 7.302864556000088 ] } },
{ "type": "Feature", "properties": { "admin_level": 3, "name": "Voueboufla", "name1": null, "name2": null, "name3": null, "x_coord": -5.95430941, "y_coord": 7.65696278, "adm4_name": null, "adm4_name1": null, "adm4_name2": null, "adm4_name3": null, "adm4_pcode": null, "adm3_name": "Voueboufla", "adm3_name1": null, "adm3_name2": null, "adm3_name3": null, "adm3_pcode": "CI230306", "adm2_name": "Zuénoula", "adm2_name1": null, "adm2_name2": null, "adm2_name3": null, "adm2_pcode": "CI2303", "adm1_name": "Marahoue", "adm1_name1": null, "adm1_name2": null, "adm1_name3": null, "adm1_pcode": "CI23", "adm0_name": "Côte d'Ivoire", "adm0_name1": null, "adm0_name2": null, "adm0_name3": null, "adm0_pcode": "CI", "valid_on": "2018-07-06", "valid_to": null, "cod_version": "V_01", "lang": "fr", "lang1": null, "lang2": null, "lang3": null }, "geometry": { "type": "Point", "coordinates": [ -5.954309413999965, 7.65696277800015 ] } },
{ "type": "Feature", "properties": { "admin_level": 3, "name": "Worofla", "name1": null, "name2": null, "name3": null, "x_coord": -6.91991941, "y_coord": 8.29562261, "adm4_name": null, "adm4_name1": null, "adm4_name2": null, "adm4_name3": null, "adm4_pcode": null, "adm3_name": "Worofla", "adm3_name1": null, "adm3_name2": null, "adm3_name3": null, "adm3_pcode": "CI330207", "adm2_name": "Séguéla", "adm2_name1": null, "adm2_name2": null, "adm2_name3": null, "adm2_pcode": "CI3302", "adm1_name": "Worodougou", "adm1_name1": null, "adm1_name2": null, "adm1_name3": null, "adm1_pcode": "CI33", "adm0_name": "Côte d'Ivoire", "adm0_name1": null, "adm0_name2": null, "adm0_name3": null, "adm0_pcode": "CI", "valid_on": "2018-07-06", "valid_to": null, "cod_version": "V_01", "lang": "fr", "lang1": null, "lang2": null, "lang3": null }, "geometry": { "type": "Point", "coordinates": [ -6.919919410999967, 8.295622614000024 ] } },
{ "type": "Feature", "properties": { "admin_level": 3, "name": "Yakasse-Attobrou", "name1": null, "name2": null, "name3": null, "x_coord": -3.55834561, "y_coord": 6.13923288, "adm4_name": null, "adm4_name1": null, "adm4_name2": null, "adm4_name3": null, "adm4_pcode": null, "adm3_name": "Yakasse-Attobrou", "adm3_name1": null, "adm3_name2": null, "adm3_name3": null, "adm3_pcode": "CI240401", "adm2_name": "Yakassé-Attobrou", "adm2_name1": null, "adm2_name2": null, "adm2_name3": null, "adm2_pcode": "CI2404", "adm1_name": "Me", "adm1_name1": null, "adm1_name2": null, "adm1_name3": null, "adm1_pcode": "CI24", "adm0_name": "Côte d'Ivoire", "adm0_name1": null, "adm0_name2": null, "adm0_name3": null, "adm0_pcode": "CI", "valid_on": "2018-07-06", "valid_to": null, "cod_version": "V_01", "lang": "fr", "lang1": null, "lang2": null, "lang3": null }, "geometry": { "type": "Point", "coordinates": [ -3.558345609999947, 6.139232876 ] } },
{ "type": "Feature", "properties": { "admin_level": 3, "name": "Yakasse-Féyassé", "name1": null, "name2": null, "name3": null, "x_coord": -3.4341887, "y_coord": 6.92260636, "adm4_name": null, "adm4_name1": null, "adm4_name2": null, "adm4_name3": null, "adm4_pcode": null, "adm3_name": "Yakasse-Féyassé", "adm3_name1": null, "adm3_name2": null, "adm3_name3": null, "adm3_pcode": "CI200106", "adm2_name": "Abengourou", "adm2_name1": null, "adm2_name2": null, "adm2_name3": null, "adm2_pcode": "CI2001", "adm1_name": "Indenie-Djuablin", "adm1_name1": null, "adm1_name2": null, "adm1_name3": null, "adm1_pcode": "CI20", "adm0_name": "Côte d'Ivoire", "adm0_name1": null, "adm0_name2": null, "adm0_name3": null, "adm0_pcode": "CI", "valid_on": "2018-07-06", "valid_to": null, "cod_version": "V_01", "lang": "fr", "lang1": null, "lang2": null, "lang3": null }, "geometry": { "type": "Point", "coordinates": [ -3.434188700999925, 6.922606358000053 ] } },
{ "type": "Feature", "properties": { "admin_level": 3, "name": "Yakassé-Mé", "name1": null, "name2": null, "name3": null, "x_coord": -3.9387764, "y_coord": 5.83103077, "adm4_name": null, "adm4_name1": null, "adm4_name2": null, "adm4_name3": null, "adm4_pcode": null, "adm3_name": "Yakassé-Mé", "adm3_name1": null, "adm3_name2": null, "adm3_name3": null, "adm3_pcode": "CI240106", "adm2_name": "Adzopé", "adm2_name1": null, "adm2_name2": null, "adm2_name3": null, "adm2_pcode": "CI2401", "adm1_name": "Me", "adm1_name1": null, "adm1_name2": null, "adm1_name3": null, "adm1_pcode": "CI24", "adm0_name": "Côte d'Ivoire", "adm0_name1": null, "adm0_name2": null, "adm0_name3": null, "adm0_pcode": "CI", "valid_on": "2018-07-06", "valid_to": null, "cod_version": "V_01", "lang": "fr", "lang1": null, "lang2": null, "lang3": null }, "geometry": { "type": "Point", "coordinates": [ -3.938776403999896, 5.831030774999988 ] } },
{ "type": "Feature", "properties": { "admin_level": 3, "name": "Yakpabo-Sakassou", "name1": null, "name2": null, "name3": null, "x_coord": -4.94988455, "y_coord": 6.95845122, "adm4_name": null, "adm4_name1": null, "adm4_name2": null, "adm4_name3": null, "adm4_pcode": null, "adm3_name": "Yakpabo-Sakassou", "adm3_name1": null, "adm3_name2": null, "adm3_name3": null, "adm3_pcode": "CI060304", "adm2_name": "Tiébissou", "adm2_name1": null, "adm2_name2": null, "adm2_name3": null, "adm2_pcode": "CI0603", "adm1_name": "Belier", "adm1_name1": null, "adm1_name2": null, "adm1_name3": null, "adm1_pcode": "CI06", "adm0_name": "Côte d'Ivoire", "adm0_name1": null, "adm0_name2": null, "adm0_name3": null, "adm0_pcode": "CI", "valid_on": "2018-07-06", "valid_to": null, "cod_version": "V_01", "lang": "fr", "lang1": null, "lang2": null, "lang3": null }, "geometry": { "type": "Point", "coordinates": [ -4.949884545999964, 6.958451223000111 ] } },
{ "type": "Feature", "properties": { "admin_level": 3, "name": "Yamoussoukro", "name1": null, "name2": null, "name3": null, "x_coord": -5.3097703, "y_coord": 6.75654649, "adm4_name": null, "adm4_name1": null, "adm4_name2": null, "adm4_name3": null, "adm4_pcode": null, "adm3_name": "Yamoussoukro", "adm3_name1": null, "adm3_name2": null, "adm3_name3": null, "adm3_pcode": "CI020201", "adm2_name": "Yamoussoukro", "adm2_name1": null, "adm2_name2": null, "adm2_name3": null, "adm2_pcode": "CI0202", "adm1_name": "District Autonome De Yamoussoukro", "adm1_name1": null, "adm1_name2": null, "adm1_name3": null, "adm1_pcode": "CI02", "adm0_name": "Côte d'Ivoire", "adm0_name1": null, "adm0_name2": null, "adm0_name3": null, "adm0_pcode": "CI", "valid_on": "2018-07-06", "valid_to": null, "cod_version": "V_01", "lang": "fr", "lang1": null, "lang2": null, "lang3": null }, "geometry": { "type": "Point", "coordinates": [ -5.30977030299988, 6.75654648800014 ] } },
{ "type": "Feature", "properties": { "admin_level": 3, "name": "Yaossédougou", "name1": null, "name2": null, "name3": null, "x_coord": -4.24851453, "y_coord": 8.22549473, "adm4_name": null, "adm4_name1": null, "adm4_name2": null, "adm4_name3": null, "adm4_pcode": null, "adm3_name": "Yaossédougou", "adm3_name1": null, "adm3_name2": null, "adm3_name3": null, "adm3_pcode": "CI170110", "adm2_name": "Dabakala", "adm2_name1": null, "adm2_name2": null, "adm2_name3": null, "adm2_pcode": "CI1701", "adm1_name": "Hambol", "adm1_name1": null, "adm1_name2": null, "adm1_name3": null, "adm1_pcode": "CI17", "adm0_name": "Côte d'Ivoire", "adm0_name1": null, "adm0_name2": null, "adm0_name3": null, "adm0_pcode": "CI", "valid_on": "2018-07-06", "valid_to": null, "cod_version": "V_01", "lang": "fr", "lang1": null, "lang2": null, "lang3": null }, "geometry": { "type": "Point", "coordinates": [ -4.248514526999884, 8.225494734000108 ] } },
{ "type": "Feature", "properties": { "admin_level": 3, "name": "Yaou", "name1": null, "name2": null, "name3": null, "x_coord": -3.23127755, "y_coord": 5.79135066, "adm4_name": null, "adm4_name1": null, "adm4_name2": null, "adm4_name3": null, "adm4_pcode": null, "adm3_name": "Yaou", "adm3_name1": null, "adm3_name2": null, "adm3_name3": null, "adm3_pcode": "CI300108", "adm2_name": "Aboisso", "adm2_name1": null, "adm2_name2": null, "adm2_name3": null, "adm2_pcode": "CI3001", "adm1_name": "Sud-Comoe", "adm1_name1": null, "adm1_name2": null, "adm1_name3": null, "adm1_pcode": "CI30", "adm0_name": "Côte d'Ivoire", "adm0_name1": null, "adm0_name2": null, "adm0_name3": null, "adm0_pcode": "CI", "valid_on": "2018-07-06", "valid_to": null, "cod_version": "V_01", "lang": "fr", "lang1": null, "lang2": null, "lang3": null }, "geometry": { "type": "Point", "coordinates": [ -3.231277546999934, 5.79135065600002 ] } },
{ "type": "Feature", "properties": { "admin_level": 3, "name": "Yapleu", "name1": null, "name2": null, "name3": null, "x_coord": -7.70556658, "y_coord": 7.08200792, "adm4_name": null, "adm4_name1": null, "adm4_name2": null, "adm4_name3": null, "adm4_pcode": null, "adm3_name": "Yapleu", "adm3_name1": null, "adm3_name2": null, "adm3_name3": null, "adm3_pcode": "CI320309", "adm2_name": "Man", "adm2_name1": null, "adm2_name2": null, "adm2_name3": null, "adm2_pcode": "CI3203", "adm1_name": "Tonkpi", "adm1_name1": null, "adm1_name2": null, "adm1_name3": null, "adm1_pcode": "CI32", "adm0_name": "Côte d'Ivoire", "adm0_name1": null, "adm0_name2": null, "adm0_name3": null, "adm0_pcode": "CI", "valid_on": "2018-07-06", "valid_to": null, "cod_version": "V_01", "lang": "fr", "lang1": null, "lang2": null, "lang3": null }, "geometry": { "type": "Point", "coordinates": [ -7.70556658199996, 7.082007919000148 ] } },
{ "type": "Feature", "properties": { "admin_level": 3, "name": "Yelleu", "name1": null, "name2": null, "name3": null, "x_coord": -8.04829436, "y_coord": 6.9728831, "adm4_name": null, "adm4_name1": null, "adm4_name2": null, "adm4_name3": null, "adm4_pcode": null, "adm3_name": "Yelleu", "adm3_name1": null, "adm3_name2": null, "adm3_name3": null, "adm3_pcode": "CI320506", "adm2_name": "Zouan-Hounien", "adm2_name1": null, "adm2_name2": null, "adm2_name3": null, "adm2_pcode": "CI3205", "adm1_name": "Tonkpi", "adm1_name1": null, "adm1_name2": null, "adm1_name3": null, "adm1_pcode": "CI32", "adm0_name": "Côte d'Ivoire", "adm0_name1": null, "adm0_name2": null, "adm0_name3": null, "adm0_pcode": "CI", "valid_on": "2018-07-06", "valid_to": null, "cod_version": "V_01", "lang": "fr", "lang1": null, "lang2": null, "lang3": null }, "geometry": { "type": "Point", "coordinates": [ -8.048294359999886, 6.972883104000061 ] } },
{ "type": "Feature", "properties": { "admin_level": 3, "name": "Yézimala", "name1": null, "name2": null, "name3": null, "x_coord": -2.96595253, "y_coord": 8.21267982, "adm4_name": null, "adm4_name1": null, "adm4_name2": null, "adm4_name3": null, "adm4_pcode": null, "adm3_name": "Yézimala", "adm3_name1": null, "adm3_name2": null, "adm3_name3": null, "adm3_pcode": "CI140112", "adm2_name": "Bondoukou", "adm2_name1": null, "adm2_name2": null, "adm2_name3": null, "adm2_pcode": "CI1401", "adm1_name": "Gontougo", "adm1_name1": null, "adm1_name2": null, "adm1_name3": null, "adm1_pcode": "CI14", "adm0_name": "Côte d'Ivoire", "adm0_name1": null, "adm0_name2": null, "adm0_name3": null, "adm0_pcode": "CI", "valid_on": "2018-07-06", "valid_to": null, "cod_version": "V_01", "lang": "fr", "lang1": null, "lang2": null, "lang3": null }, "geometry": { "type": "Point", "coordinates": [ -2.965952525999967, 8.212679819000186 ] } },
{ "type": "Feature", "properties": { "admin_level": 3, "name": "Yocoboué", "name1": null, "name2": null, "name3": null, "x_coord": -5.12944483, "y_coord": 5.29141639, "adm4_name": null, "adm4_name1": null, "adm4_name2": null, "adm4_name3": null, "adm4_pcode": null, "adm3_name": "Yocoboué", "adm3_name1": null, "adm3_name2": null, "adm3_name3": null, "adm3_pcode": "CI220204", "adm2_name": "Guitry", "adm2_name1": null, "adm2_name2": null, "adm2_name3": null, "adm2_pcode": "CI2202", "adm1_name": "Loh-Djiboua", "adm1_name1": null, "adm1_name2": null, "adm1_name3": null, "adm1_pcode": "CI22", "adm0_name": "Côte d'Ivoire", "adm0_name1": null, "adm0_name2": null, "adm0_name3": null, "adm0_pcode": "CI", "valid_on": "2018-07-06", "valid_to": null, "cod_version": "V_01", "lang": "fr", "lang1": null, "lang2": null, "lang3": null }, "geometry": { "type": "Point", "coordinates": [ -5.129444827999919, 5.291416390000052 ] } },
{ "type": "Feature", "properties": { "admin_level": 3, "name": "Yopohue", "name1": null, "name2": null, "name3": null, "x_coord": -5.81860254, "y_coord": 6.43643989, "adm4_name": null, "adm4_name1": null, "adm4_name2": null, "adm4_name3": null, "adm4_pcode": null, "adm3_name": "Yopohue", "adm3_name1": null, "adm3_name2": null, "adm3_name3": null, "adm3_pcode": "CI130112", "adm2_name": "Gagnoa", "adm2_name1": null, "adm2_name2": null, "adm2_name3": null, "adm2_pcode": "CI1301", "adm1_name": "Goh", "adm1_name1": null, "adm1_name2": null, "adm1_name3": null, "adm1_pcode": "CI13", "adm0_name": "Côte d'Ivoire", "adm0_name1": null, "adm0_name2": null, "adm0_name3": null, "adm0_pcode": "CI", "valid_on": "2018-07-06", "valid_to": null, "cod_version": "V_01", "lang": "fr", "lang1": null, "lang2": null, "lang3": null }, "geometry": { "type": "Point", "coordinates": [ -5.818602536999947, 6.436439885000141 ] } },
{ "type": "Feature", "properties": { "admin_level": 3, "name": "Yorobodi", "name1": null, "name2": null, "name3": null, "x_coord": -3.87440866, "y_coord": 8.19663971, "adm4_name": null, "adm4_name1": null, "adm4_name2": null, "adm4_name3": null, "adm4_pcode": null, "adm3_name": "Yorobodi", "adm3_name1": null, "adm3_name2": null, "adm3_name3": null, "adm3_pcode": "CI140304", "adm2_name": "Sandegue", "adm2_name1": null, "adm2_name2": null, "adm2_name3": null, "adm2_pcode": "CI1403", "adm1_name": "Gontougo", "adm1_name1": null, "adm1_name2": null, "adm1_name3": null, "adm1_pcode": "CI14", "adm0_name": "Côte d'Ivoire", "adm0_name1": null, "adm0_name2": null, "adm0_name3": null, "adm0_pcode": "CI", "valid_on": "2018-07-06", "valid_to": null, "cod_version": "V_01", "lang": "fr", "lang1": null, "lang2": null, "lang3": null }, "geometry": { "type": "Point", "coordinates": [ -3.874408660999961, 8.196639712000035 ] } },
{ "type": "Feature", "properties": { "admin_level": 3, "name": "Yorodougou", "name1": null, "name2": null, "name3": null, "x_coord": -7.84547698, "y_coord": 7.86058941, "adm4_name": null, "adm4_name1": null, "adm4_name2": null, "adm4_name3": null, "adm4_pcode": null, "adm3_name": "Yorodougou", "adm3_name1": null, "adm3_name2": null, "adm3_name3": null, "adm3_pcode": "CI320402", "adm2_name": "Sipilou", "adm2_name1": null, "adm2_name2": null, "adm2_name3": null, "adm2_pcode": "CI3204", "adm1_name": "Tonkpi", "adm1_name1": null, "adm1_name2": null, "adm1_name3": null, "adm1_pcode": "CI32", "adm0_name": "Côte d'Ivoire", "adm0_name1": null, "adm0_name2": null, "adm0_name3": null, "adm0_pcode": "CI", "valid_on": "2018-07-06", "valid_to": null, "cod_version": "V_01", "lang": "fr", "lang1": null, "lang2": null, "lang3": null }, "geometry": { "type": "Point", "coordinates": [ -7.845476977999965, 7.860589411000149 ] } },
{ "type": "Feature", "properties": { "admin_level": 3, "name": "Youndouo", "name1": null, "name2": null, "name3": null, "x_coord": -2.82423881, "y_coord": 8.83208127, "adm4_name": null, "adm4_name1": null, "adm4_name2": null, "adm4_name3": null, "adm4_pcode": null, "adm3_name": "Youndouo", "adm3_name1": null, "adm3_name2": null, "adm3_name3": null, "adm3_pcode": "CI080105", "adm2_name": "Bouna", "adm2_name1": null, "adm2_name2": null, "adm2_name3": null, "adm2_pcode": "CI0801", "adm1_name": "Bounkani", "adm1_name1": null, "adm1_name2": null, "adm1_name3": null, "adm1_pcode": "CI08", "adm0_name": "Côte d'Ivoire", "adm0_name1": null, "adm0_name2": null, "adm0_name3": null, "adm0_pcode": "CI", "valid_on": "2018-07-06", "valid_to": null, "cod_version": "V_01", "lang": "fr", "lang1": null, "lang2": null, "lang3": null }, "geometry": { "type": "Point", "coordinates": [ -2.824238808999894, 8.832081270000117 ] } },
{ "type": "Feature", "properties": { "admin_level": 3, "name": "Zagné", "name1": null, "name2": null, "name3": null, "x_coord": -7.59655718, "y_coord": 6.11448219, "adm4_name": null, "adm4_name1": null, "adm4_name2": null, "adm4_name3": null, "adm4_pcode": null, "adm3_name": "Zagné", "adm3_name1": null, "adm3_name2": null, "adm3_name3": null, "adm3_pcode": "CI090302", "adm2_name": "Taï", "adm2_name1": null, "adm2_name2": null, "adm2_name3": null, "adm2_pcode": "CI0903", "adm1_name": "Cavally", "adm1_name1": null, "adm1_name2": null, "adm1_name3": null, "adm1_pcode": "CI09", "adm0_name": "Côte d'Ivoire", "adm0_name1": null, "adm0_name2": null, "adm0_name3": null, "adm0_pcode": "CI", "valid_on": "2018-07-06", "valid_to": null, "cod_version": "V_01", "lang": "fr", "lang1": null, "lang2": null, "lang3": null }, "geometry": { "type": "Point", "coordinates": [ -7.596557179999934, 6.114482188000068 ] } },
{ "type": "Feature", "properties": { "admin_level": 3, "name": "Zagoué", "name1": null, "name2": null, "name3": null, "x_coord": -7.50726268, "y_coord": 7.4884098, "adm4_name": null, "adm4_name1": null, "adm4_name2": null, "adm4_name3": null, "adm4_pcode": null, "adm3_name": "Zagoué", "adm3_name1": null, "adm3_name2": null, "adm3_name3": null, "adm3_pcode": "CI320310", "adm2_name": "Man", "adm2_name1": null, "adm2_name2": null, "adm2_name3": null, "adm2_pcode": "CI3203", "adm1_name": "Tonkpi", "adm1_name1": null, "adm1_name2": null, "adm1_name3": null, "adm1_pcode": "CI32", "adm0_name": "Côte d'Ivoire", "adm0_name1": null, "adm0_name2": null, "adm0_name3": null, "adm0_pcode": "CI", "valid_on": "2018-07-06", "valid_to": null, "cod_version": "V_01", "lang": "fr", "lang1": null, "lang2": null, "lang3": null }, "geometry": { "type": "Point", "coordinates": [ -7.507262683999897, 7.488409803000081 ] } },
{ "type": "Feature", "properties": { "admin_level": 3, "name": "Zaguiéta", "name1": null, "name2": null, "name3": null, "x_coord": -5.98582876, "y_coord": 6.76552652, "adm4_name": null, "adm4_name1": null, "adm4_name2": null, "adm4_name3": null, "adm4_pcode": null, "adm3_name": "Zaguiéta", "adm3_name1": null, "adm3_name2": null, "adm3_name3": null, "adm3_pcode": "CI230107", "adm2_name": "Bouaflé", "adm2_name1": null, "adm2_name2": null, "adm2_name3": null, "adm2_pcode": "CI2301", "adm1_name": "Marahoue", "adm1_name1": null, "adm1_name2": null, "adm1_name3": null, "adm1_pcode": "CI23", "adm0_name": "Côte d'Ivoire", "adm0_name1": null, "adm0_name2": null, "adm0_name3": null, "adm0_pcode": "CI", "valid_on": "2018-07-06", "valid_to": null, "cod_version": "V_01", "lang": "fr", "lang1": null, "lang2": null, "lang3": null }, "geometry": { "type": "Point", "coordinates": [ -5.985828757999911, 6.765526520000094 ] } },
{ "type": "Feature", "properties": { "admin_level": 3, "name": "Zaibo", "name1": null, "name2": null, "name3": null, "x_coord": -6.68032675, "y_coord": 7.00216716, "adm4_name": null, "adm4_name1": null, "adm4_name2": null, "adm4_name3": null, "adm4_pcode": null, "adm3_name": "Zaibo", "adm3_name1": null, "adm3_name2": null, "adm3_name3": null, "adm3_pcode": "CI180106", "adm2_name": "Daloa", "adm2_name1": null, "adm2_name2": null, "adm2_name3": null, "adm2_pcode": "CI1801", "adm1_name": "Haut-Sassandra", "adm1_name1": null, "adm1_name2": null, "adm1_name3": null, "adm1_pcode": "CI18", "adm0_name": "Côte d'Ivoire", "adm0_name1": null, "adm0_name2": null, "adm0_name3": null, "adm0_pcode": "CI", "valid_on": "2018-07-06", "valid_to": null, "cod_version": "V_01", "lang": "fr", "lang1": null, "lang2": null, "lang3": null }, "geometry": { "type": "Point", "coordinates": [ -6.680326752999918, 7.00216715900018 ] } },
{ "type": "Feature", "properties": { "admin_level": 3, "name": "Zanzra", "name1": null, "name2": null, "name3": null, "x_coord": -6.22397306, "y_coord": 7.50340443, "adm4_name": null, "adm4_name1": null, "adm4_name2": null, "adm4_name3": null, "adm4_pcode": null, "adm3_name": "Zanzra", "adm3_name1": null, "adm3_name2": null, "adm3_name3": null, "adm3_pcode": "CI230307", "adm2_name": "Zuénoula", "adm2_name1": null, "adm2_name2": null, "adm2_name3": null, "adm2_pcode": "CI2303", "adm1_name": "Marahoue", "adm1_name1": null, "adm1_name2": null, "adm1_name3": null, "adm1_pcode": "CI23", "adm0_name": "Côte d'Ivoire", "adm0_name1": null, "adm0_name2": null, "adm0_name3": null, "adm0_pcode": "CI", "valid_on": "2018-07-06", "valid_to": null, "cod_version": "V_01", "lang": "fr", "lang1": null, "lang2": null, "lang3": null }, "geometry": { "type": "Point", "coordinates": [ -6.223973054999931, 7.503404425000156 ] } },
{ "type": "Feature", "properties": { "admin_level": 3, "name": "Zaranou", "name1": null, "name2": null, "name3": null, "x_coord": -3.45871925, "y_coord": 6.39148257, "adm4_name": null, "adm4_name1": null, "adm4_name2": null, "adm4_name3": null, "adm4_pcode": null, "adm3_name": "Zaranou", "adm3_name1": null, "adm3_name2": null, "adm3_name3": null, "adm3_pcode": "CI200107", "adm2_name": "Abengourou", "adm2_name1": null, "adm2_name2": null, "adm2_name3": null, "adm2_pcode": "CI2001", "adm1_name": "Indenie-Djuablin", "adm1_name1": null, "adm1_name2": null, "adm1_name3": null, "adm1_pcode": "CI20", "adm0_name": "Côte d'Ivoire", "adm0_name1": null, "adm0_name2": null, "adm0_name3": null, "adm0_pcode": "CI", "valid_on": "2018-07-06", "valid_to": null, "cod_version": "V_01", "lang": "fr", "lang1": null, "lang2": null, "lang3": null }, "geometry": { "type": "Point", "coordinates": [ -3.458719253999845, 6.391482566000093 ] } },
{ "type": "Feature", "properties": { "admin_level": 3, "name": "Zéaglo", "name1": null, "name2": null, "name3": null, "x_coord": -7.85458261, "y_coord": 6.51937126, "adm4_name": null, "adm4_name1": null, "adm4_name2": null, "adm4_name3": null, "adm4_pcode": null, "adm3_name": "Zéaglo", "adm3_name1": null, "adm3_name2": null, "adm3_name3": null, "adm3_pcode": "CI090105", "adm2_name": "Bloléquin", "adm2_name1": null, "adm2_name2": null, "adm2_name3": null, "adm2_pcode": "CI0901", "adm1_name": "Cavally", "adm1_name1": null, "adm1_name2": null, "adm1_name3": null, "adm1_pcode": "CI09", "adm0_name": "Côte d'Ivoire", "adm0_name1": null, "adm0_name2": null, "adm0_name3": null, "adm0_pcode": "CI", "valid_on": "2018-07-06", "valid_to": null, "cod_version": "V_01", "lang": "fr", "lang1": null, "lang2": null, "lang3": null }, "geometry": { "type": "Point", "coordinates": [ -7.854582606999941, 6.519371264000085 ] } },
{ "type": "Feature", "properties": { "admin_level": 3, "name": "Zégo", "name1": null, "name2": null, "name3": null, "x_coord": -5.12675133, "y_coord": 6.1098459, "adm4_name": null, "adm4_name1": null, "adm4_name2": null, "adm4_name3": null, "adm4_pcode": null, "adm3_name": "Zégo", "adm3_name1": null, "adm3_name2": null, "adm3_name3": null, "adm3_pcode": "CI220107", "adm2_name": "Divo", "adm2_name1": null, "adm2_name2": null, "adm2_name3": null, "adm2_pcode": "CI2201", "adm1_name": "Loh-Djiboua", "adm1_name1": null, "adm1_name2": null, "adm1_name3": null, "adm1_pcode": "CI22", "adm0_name": "Côte d'Ivoire", "adm0_name1": null, "adm0_name2": null, "adm0_name3": null, "adm0_pcode": "CI", "valid_on": "2018-07-06", "valid_to": null, "cod_version": "V_01", "lang": "fr", "lang1": null, "lang2": null, "lang3": null }, "geometry": { "type": "Point", "coordinates": [ -5.126751332999902, 6.109845902000188 ] } },
{ "type": "Feature", "properties": { "admin_level": 3, "name": "Zéo", "name1": null, "name2": null, "name3": null, "x_coord": -7.46766582, "y_coord": 7.12161266, "adm4_name": null, "adm4_name1": null, "adm4_name2": null, "adm4_name3": null, "adm4_pcode": null, "adm3_name": "Zéo", "adm3_name1": null, "adm3_name2": null, "adm3_name3": null, "adm3_pcode": "CI160108", "adm2_name": "Bangolo", "adm2_name1": null, "adm2_name2": null, "adm2_name3": null, "adm2_pcode": "CI1601", "adm1_name": "Guemon", "adm1_name1": null, "adm1_name2": null, "adm1_name3": null, "adm1_pcode": "CI16", "adm0_name": "Côte d'Ivoire", "adm0_name1": null, "adm0_name2": null, "adm0_name3": null, "adm0_pcode": "CI", "valid_on": "2018-07-06", "valid_to": null, "cod_version": "V_01", "lang": "fr", "lang1": null, "lang2": null, "lang3": null }, "geometry": { "type": "Point", "coordinates": [ -7.467665817999887, 7.121612664000111 ] } },
{ "type": "Feature", "properties": { "admin_level": 3, "name": "Zikisso", "name1": null, "name2": null, "name3": null, "x_coord": -5.70425408, "y_coord": 6.06269892, "adm4_name": null, "adm4_name1": null, "adm4_name2": null, "adm4_name3": null, "adm4_pcode": null, "adm3_name": "Zikisso", "adm3_name1": null, "adm3_name2": null, "adm3_name3": null, "adm3_pcode": "CI220306", "adm2_name": "Lakota", "adm2_name1": null, "adm2_name2": null, "adm2_name3": null, "adm2_pcode": "CI2203", "adm1_name": "Loh-Djiboua", "adm1_name1": null, "adm1_name2": null, "adm1_name3": null, "adm1_pcode": "CI22", "adm0_name": "Côte d'Ivoire", "adm0_name1": null, "adm0_name2": null, "adm0_name3": null, "adm0_pcode": "CI", "valid_on": "2018-07-06", "valid_to": null, "cod_version": "V_01", "lang": "fr", "lang1": null, "lang2": null, "lang3": null }, "geometry": { "type": "Point", "coordinates": [ -5.704254082999967, 6.062698925000177 ] } },
{ "type": "Feature", "properties": { "admin_level": 3, "name": "Ziogouiné", "name1": null, "name2": null, "name3": null, "x_coord": -7.65720026, "y_coord": 7.15481322, "adm4_name": null, "adm4_name1": null, "adm4_name2": null, "adm4_name3": null, "adm4_pcode": null, "adm3_name": "Ziogouiné", "adm3_name1": null, "adm3_name2": null, "adm3_name3": null, "adm3_pcode": "CI320311", "adm2_name": "Man", "adm2_name1": null, "adm2_name2": null, "adm2_name3": null, "adm2_pcode": "CI3203", "adm1_name": "Tonkpi", "adm1_name1": null, "adm1_name2": null, "adm1_name3": null, "adm1_pcode": "CI32", "adm0_name": "Côte d'Ivoire", "adm0_name1": null, "adm0_name2": null, "adm0_name3": null, "adm0_pcode": "CI", "valid_on": "2018-07-06", "valid_to": null, "cod_version": "V_01", "lang": "fr", "lang1": null, "lang2": null, "lang3": null }, "geometry": { "type": "Point", "coordinates": [ -7.657200256999886, 7.154813223000076 ] } },
{ "type": "Feature", "properties": { "admin_level": 3, "name": "Zonneu", "name1": null, "name2": null, "name3": null, "x_coord": -8.01518271, "y_coord": 7.10030562, "adm4_name": null, "adm4_name1": null, "adm4_name2": null, "adm4_name3": null, "adm4_pcode": null, "adm3_name": "Zonneu", "adm3_name1": null, "adm3_name2": null, "adm3_name3": null, "adm3_pcode": "CI320207", "adm2_name": "Danané", "adm2_name1": null, "adm2_name2": null, "adm2_name3": null, "adm2_pcode": "CI3202", "adm1_name": "Tonkpi", "adm1_name1": null, "adm1_name2": null, "adm1_name3": null, "adm1_pcode": "CI32", "adm0_name": "Côte d'Ivoire", "adm0_name1": null, "adm0_name2": null, "adm0_name3": null, "adm0_pcode": "CI", "valid_on": "2018-07-06", "valid_to": null, "cod_version": "V_01", "lang": "fr", "lang1": null, "lang2": null, "lang3": null }, "geometry": { "type": "Point", "coordinates": [ -8.015182713999934, 7.100305622 ] } },
{ "type": "Feature", "properties": { "admin_level": 3, "name": "Zou", "name1": null, "name2": null, "name3": null, "x_coord": -7.86402204, "y_coord": 7.01923077, "adm4_name": null, "adm4_name1": null, "adm4_name2": null, "adm4_name3": null, "adm4_pcode": null, "adm3_name": "Zou", "adm3_name1": null, "adm3_name2": null, "adm3_name3": null, "adm3_pcode": "CI160109", "adm2_name": "Bangolo", "adm2_name1": null, "adm2_name2": null, "adm2_name3": null, "adm2_pcode": "CI1601", "adm1_name": "Guemon", "adm1_name1": null, "adm1_name2": null, "adm1_name3": null, "adm1_pcode": "CI16", "adm0_name": "Côte d'Ivoire", "adm0_name1": null, "adm0_name2": null, "adm0_name3": null, "adm0_pcode": "CI", "valid_on": "2018-07-06", "valid_to": null, "cod_version": "V_01", "lang": "fr", "lang1": null, "lang2": null, "lang3": null }, "geometry": { "type": "Point", "coordinates": [ -7.864022039999952, 7.019230767000181 ] } },
{ "type": "Feature", "properties": { "admin_level": 3, "name": "Zouan Hounien", "name1": null, "name2": null, "name3": null, "x_coord": -8.21462015, "y_coord": 6.88984677, "adm4_name": null, "adm4_name1": null, "adm4_name2": null, "adm4_name3": null, "adm4_pcode": null, "adm3_name": "Zouan Hounien", "adm3_name1": null, "adm3_name2": null, "adm3_name3": null, "adm3_pcode": "CI320501", "adm2_name": "Zouan-Hounien", "adm2_name1": null, "adm2_name2": null, "adm2_name3": null, "adm2_pcode": "CI3205", "adm1_name": "Tonkpi", "adm1_name1": null, "adm1_name2": null, "adm1_name3": null, "adm1_pcode": "CI32", "adm0_name": "Côte d'Ivoire", "adm0_name1": null, "adm0_name2": null, "adm0_name3": null, "adm0_pcode": "CI", "valid_on": "2018-07-06", "valid_to": null, "cod_version": "V_01", "lang": "fr", "lang1": null, "lang2": null, "lang3": null }, "geometry": { "type": "Point", "coordinates": [ -8.214620150999963, 6.889846771000123 ] } },
{ "type": "Feature", "properties": { "admin_level": 3, "name": "Zoukougbeu", "name1": null, "name2": null, "name3": null, "x_coord": -6.87367778, "y_coord": 6.85611737, "adm4_name": null, "adm4_name1": null, "adm4_name2": null, "adm4_name3": null, "adm4_pcode": null, "adm3_name": "Zoukougbeu", "adm3_name1": null, "adm3_name2": null, "adm3_name3": null, "adm3_pcode": "CI180401", "adm2_name": "Zoukougbeu", "adm2_name1": null, "adm2_name2": null, "adm2_name3": null, "adm2_pcode": "CI1804", "adm1_name": "Haut-Sassandra", "adm1_name1": null, "adm1_name2": null, "adm1_name3": null, "adm1_pcode": "CI18", "adm0_name": "Côte d'Ivoire", "adm0_name1": null, "adm0_name2": null, "adm0_name3": null, "adm0_pcode": "CI", "valid_on": "2018-07-06", "valid_to": null, "cod_version": "V_01", "lang": "fr", "lang1": null, "lang2": null, "lang3": null }, "geometry": { "type": "Point", "coordinates": [ -6.873677780999913, 6.856117366000092 ] } },
{ "type": "Feature", "properties": { "admin_level": 3, "name": "Zuénoula", "name1": null, "name2": null, "name3": null, "x_coord": -6.06866024, "y_coord": 7.41972675, "adm4_name": null, "adm4_name1": null, "adm4_name2": null, "adm4_name3": null, "adm4_pcode": null, "adm3_name": "Zuénoula", "adm3_name1": null, "adm3_name2": null, "adm3_name3": null, "adm3_pcode": "CI230301", "adm2_name": "Zuénoula", "adm2_name1": null, "adm2_name2": null, "adm2_name3": null, "adm2_pcode": "CI2303", "adm1_name": "Marahoue", "adm1_name1": null, "adm1_name2": null, "adm1_name3": null, "adm1_pcode": "CI23", "adm0_name": "Côte d'Ivoire", "adm0_name1": null, "adm0_name2": null, "adm0_name3": null, "adm0_pcode": "CI", "valid_on": "2018-07-06", "valid_to": null, "cod_version": "V_01", "lang": "fr", "lang1": null, "lang2": null, "lang3": null }, "geometry": { "type": "Point", "coordinates": [ -6.068660234999868, 7.419726748000073 ] } }
]
}
